FECHA,MARGEN,PIEZOMETRO,LECTURA_CUERDA_VIBRANTE,TEMPERATURA_(°C),MCA_1_(FACTOR_G),MCA_2_(FACTOR_G_Y_K),COTA_NF,PRECIPITACIONES_(MM)
12/11/2020,MD,MD-PCG-PE1-B1,9040.22,10.9,-0.262285800000006,-0.10962980000000597,SIN NF,0.0
16/11/2020,MD,MD-PCG-PE1-B1,9037.01,10.9,-0.17375400000003008,-0.02109800000003007,SIN NF,0.0
19/11/2020,MD,MD-PCG-PE1-B1,9039.08,10.9,-0.23084460000002208,-0.07818860000002206,SIN NF,0.0
22/11/2020,MD,MD-PCG-PE1-B1,9043.59,10.9,-0.3552304000000281,-0.20257440000002805,SIN NF,0.0
05/12/2020,MD,MD-PCG-PE1-B1,9037.5,10.8,-0.1872682000000241,-0.03324920000002407,SIN NF,0.0
24/01/2021,MD,MD-PCG-PE1-B1,9045.44,10.9,-0.4062534000000381,-0.2535974000000381,SIN NF,0.0
03/02/2021,MD,MD-PCG-PE1-B1,9037.29,10.8,-0.18147640000004817,-0.02745740000004815,SIN NF,0.0
12/02/2021,MD,MD-PCG-PE1-B1,9041.09,10.9,-0.2862804000000281,-0.13362440000002804,SIN NF,0.0
22/02/2021,MD,MD-PCG-PE1-B1,9041.58,10.9,-0.29979460000002206,-0.14713860000002202,SIN NF,14.8
27/02/2021,MD,MD-PCG-PE1-B1,9041.36,10.9,-0.29372700000004015,-0.1410710000000401,SIN NF,1.8
03/03/2021,MD,MD-PCG-PE1-B1,9035.66,10.9,-0.13652100000002004,0.016134999999979964,SIN NF,0.0
12/03/2021,MD,MD-PCG-PE1-B1,9048.82,10.9,-0.499473800000016,-0.346817800000016,SIN NF,0.0
15/03/2021,MD,MD-PCG-PE1-B1,9040.87,10.9,-0.28021280000004617,-0.12755680000004613,SIN NF,0.0
21/03/2021,MD,MD-PCG-PE1-B1,9037.5,10.9,-0.1872682000000241,-0.03461220000002406,SIN NF,0.0
29/03/2021,MD,MD-PCG-PE1-B1,9040.87,10.9,-0.28021280000004617,-0.12755680000004613,SIN NF,0.0
05/04/2021,MD,MD-PCG-PE1-B1,9037.5,10.9,-0.1872682000000241,-0.03461220000002406,SIN NF,0.0
13/04/2021,MD,MD-PCG-PE1-B1,9044.08,10.9,-0.368744600000022,-0.21608860000002203,SIN NF,0.0
19/04/2021,MD,MD-PCG-PE1-B1,9043.81,10.9,-0.36129800000001,-0.20864200000001001,SIN NF,0.0
27/04/2021,MD,MD-PCG-PE1-B1,9048.16,10.9,-0.4812710000000201,-0.3286150000000201,SIN NF,0.0
05/05/2021,MD,MD-PCG-PE1-B1,9035.44,10.8,-0.13045340000003813,0.02356559999996189,SIN NF,0.0
17/05/2021,MD,MD-PCG-PE1-B1,9040.66,10.8,-0.27442100000002,-0.12040200000002002,SIN NF,0.0
23/05/2021,MD,MD-PCG-PE1-B1,9044.3,10.9,-0.374812200000004,-0.22215620000000397,SIN NF,0.0
02/06/2021,MD,MD-PCG-PE1-B1,9040.44,10.9,-0.2683534000000381,-0.1156974000000381,SIN NF,2.8
07/06/2021,MD,MD-PCG-PE1-B1,9044.08,10.9,-0.368744600000022,-0.21608860000002203,SIN NF,2.6
21/06/2021,MD,MD-PCG-PE1-B1,9045.88,10.8,-0.41838860000000194,-0.2643696000000019,SIN NF,0.3
03/07/2021,MD,MD-PCG-PE1-B1,9046.31,10.9,-0.43024800000000996,-0.27759200000000994,SIN NF,2.1
17/07/2021,MD,MD-PCG-PE1-B1,9035.66,10.9,-0.13652100000002004,0.016134999999979964,SIN NF,0.0
01/08/2021,MD,MD-PCG-PE1-B1,9043.37,10.9,-0.3491628000000462,-0.19650680000004614,SIN NF,0.0
14/08/2021,MD,MD-PCG-PE1-B1,9039.73,10.9,-0.24877160000001203,-0.096115600000012,SIN NF,0.5
21/08/2021,MD,MD-PCG-PE1-B1,9039.71,10.9,-0.24822,-0.09556399999999998,SIN NF,17.5
29/08/2021,MD,MD-PCG-PE1-B1,9040.87,10.9,-0.28021280000004617,-0.12755680000004613,SIN NF,1.3
03/09/2021,MD,MD-PCG-PE1-B1,9040.09,10.9,-0.2587004000000281,-0.10604440000002809,SIN NF,2.1
17/09/2021,MD,MD-PCG-PE1-B1,9042.45,10.9,-0.32378920000004413,-0.1711332000000441,SIN NF,0.8
27/09/2021,MD,MD-PCG-PE1-B1,9041.8,10.9,-0.30586220000000397,-0.15320620000000398,SIN NF,17.6
06/10/2021,MD,MD-PCG-PE1-B1,9040.87,10.9,-0.28021280000004617,-0.12755680000004613,SIN NF,0.0
13/10/2021,MD,MD-PCG-PE1-B1,9047.16,10.9,-0.45369100000002005,-0.30103500000002004,SIN NF,0.0
31/10/2021,MD,MD-PCG-PE1-B1,9036.36,10.9,-0.15582700000004013,-0.0031710000000401053,SIN NF,0.3
06/11/2021,MD,MD-PCG-PE1-B1,9042.01,10.9,-0.3116540000000301,-0.15899800000003006,SIN NF,0.0
14/11/2021,MD,MD-PCG-PE1-B1,9047.45,10.9,-0.46168920000004415,-0.30903320000004414,SIN NF,2.8
20/11/2021,MD,MD-PCG-PE1-B1,9045.44,10.9,-0.4062534000000381,-0.2535974000000381,SIN NF,0.0
27/11/2021,MD,MD-PCG-PE1-B1,9040.44,10.9,-0.2683534000000381,-0.1156974000000381,SIN NF,0.6
04/12/2021,MD,MD-PCG-PE1-B1,9041.58,10.6,-0.29979460000002206,-0.14304960000002198,SIN NF,
09/12/2021,MD,MD-PCG-PE1-B1,9040.0,10.9,-0.2562182000000241,-0.10356220000002406,SIN NF,
18/01/2022,MD,MD-PCG-PE1-B1,9038.86,10.9,-0.2247770000000401,-0.07212100000004011,SIN NF,6.1
26/01/2022,MD,MD-PCG-PE1-B1,9039.08,10.9,-0.23084460000002208,-0.07818860000002206,SIN NF,
04/02/2022,MD,MD-PCG-PE1-B1,9040.36,10.9,-0.2661470000000401,-0.1134910000000401,SIN NF,
14/02/2022,MD,MD-PCG-PE1-B1,9046.31,10.9,-0.43024800000000996,-0.27759200000000994,SIN NF,1.8
24/02/2022,MD,MD-PCG-PE1-B1,9044.95,10.9,-0.39273920000004414,-0.24008320000004413,SIN NF,
05/03/2022,MD,MD-PCG-PE1-B1,9044.95,10.9,-0.39273920000004414,-0.24008320000004413,SIN NF,21.1
12/03/2022,MD,MD-PCG-PE1-B1,9038.15,10.9,-0.205195200000014,-0.052539200000014004,SIN NF,
21/03/2022,MD,MD-PCG-PE1-B1,9046.31,10.9,-0.43024800000000996,-0.27759200000000994,SIN NF,
30/03/2022,MD,MD-PCG-PE1-B1,9040.48,10.9,-0.26945660000001204,-0.11680060000001202,SIN NF,22.4
05/04/2022,MD,MD-PCG-PE1-B1,9044.95,10.9,-0.39273920000004414,-0.24008320000004413,SIN NF,
13/04/2022,MD,MD-PCG-PE1-B1,9043.81,10.8,-0.36129800000001,-0.20727900000001004,SIN NF,0.0
23/04/2022,MD,MD-PCG-PE1-B1,9053.61,10.9,-0.6315820000000402,-0.4789260000000401,SIN NF,
29/04/2022,MD,MD-PCG-PE1-B1,9038.37,10.9,-0.21126280000004616,-0.05860680000004614,SIN NF,12.3
06/05/2022,MD,MD-PCG-PE1-B1,9042.72,10.9,-0.33123580000000596,-0.17857980000000598,SIN NF,
13/05/2022,MD,MD-PCG-PE1-B1,9042.94,10.6,-0.3373034000000381,-0.1805584000000381,SIN NF,9.8
20/05/2022,MD,MD-PCG-PE1-B1,9042.45,10.9,-0.32378920000004413,-0.1711332000000441,SIN NF,
28/05/2022,MD,MD-PCG-PE1-B1,9040.87,10.9,-0.28021280000004617,-0.12755680000004613,SIN NF,0.0
06/06/2022,MD,MD-PCG-PE1-B1,9048.16,10.9,-0.4812710000000201,-0.3286150000000201,SIN NF,
13/06/2022,MD,MD-PCG-PE1-B1,9045.17,10.9,-0.398806800000026,-0.246150800000026,SIN NF,2.5
21/06/2022,MD,MD-PCG-PE1-B1,9040.44,10.9,-0.2683534000000381,-0.1156974000000381,SIN NF,
27/06/2022,MD,MD-PCG-PE1-B1,9045.66,10.9,-0.4123210000000201,-0.2596650000000201,SIN NF,4.2
06/07/2022,MD,MD-PCG-PE1-B1,9046.8,10.9,-0.44376220000000394,-0.2911062000000039,SIN NF,
16/07/2022,MD,MD-PCG-PE1-B1,9045.84,10.9,-0.417285400000028,-0.264629400000028,SIN NF,1.0
23/07/2022,MD,MD-PCG-PE1-B1,9042.17,10.9,-0.31606680000002607,-0.16341080000002606,SIN NF,
29/07/2022,MD,MD-PCG-PE1-B1,9045.66,10.9,-0.4123210000000201,-0.2596650000000201,SIN NF,0.3
07/08/2022,MD,MD-PCG-PE1-B1,9034.57,10.9,-0.10645880000001605,0.04619719999998397,SIN NF,3.1
20/08/2022,MD,MD-PCG-PE1-B1,9038.37,10.9,-0.21126280000004616,-0.05860680000004614,SIN NF,8.6
29/08/2022,MD,MD-PCG-PE1-B1,9043.59,10.9,-0.3552304000000281,-0.20257440000002805,SIN NF,
01/03/2023,MD,MD-PCG-PE1-B1,9047.02,10.6,-0.44982980000003614,-0.29308480000003606,SIN NF,23.5
11/03/2023,MD,MD-PCG-PE1-B1,9046.8,10.9,-0.44376220000000394,-0.2911062000000039,SIN NF,
18/03/2023,MD,MD-PCG-PE1-B1,9041.8,10.9,-0.30586220000000397,-0.15320620000000398,SIN NF,
24/03/2023,MD,MD-PCG-PE1-B1,9046.53,10.9,-0.43631560000004216,-0.28365960000004214,SIN NF,
01/04/2023,MD,MD-PCG-PE1-B1,9041.09,10.9,-0.2862804000000281,-0.13362440000002804,SIN NF,1.6
08/04/2023,MD,MD-PCG-PE1-B1,9044.3,10.9,-0.374812200000004,-0.22215620000000397,SIN NF,
14/04/2023,MD,MD-PCG-PE1-B1,9040.22,10.9,-0.262285800000006,-0.10962980000000597,SIN NF,
22/04/2023,MD,MD-PCG-PE1-B1,9043.16,10.9,-0.34337100000002,-0.19071500000002,SIN NF,6.5
07/05/2023,MD,MD-PCG-PE1-B1,9040.44,10.9,-0.2683534000000381,-0.1156974000000381,SIN NF,
23/05/2023,MD,MD-PCG-PE1-B1,9050.74,10.9,-0.552427400000018,-0.399771400000018,SIN NF,13.8
07/06/2023,MD,MD-PCG-PE1-B1,9047.89,10.9,-0.473824400000008,-0.32116840000000796,SIN NF,
14/06/2023,MD,MD-PCG-PE1-B1,9044.08,10.9,-0.368744600000022,-0.21608860000002203,SIN NF,
21/06/2023,MD,MD-PCG-PE1-B1,9042.23,10.9,-0.31772160000001204,-0.165065600000012,SIN NF,
01/07/2023,MD,MD-PCG-PE1-B1,9050.88,10.9,-0.5562886000000019,-0.4036326000000019,SIN NF,25.4
06/07/2023,MD,MD-PCG-PE1-B1,9044.08,10.9,-0.368744600000022,-0.21608860000002203,SIN NF,
14/07/2023,MD,MD-PCG-PE1-B1,9043.16,10.9,-0.34337100000002,-0.19071500000002,SIN NF,
29/07/2023,MD,MD-PCG-PE1-B1,9054.97,10.9,-0.669090800000006,-0.516434800000006,SIN NF,17.5
06/08/2023,MD,MD-PCG-PE1-B1,9040.22,10.9,-0.262285800000006,-0.10962980000000597,SIN NF,
15/08/2023,MD,MD-PCG-PE1-B1,9042.72,10.9,-0.33123580000000596,-0.17857980000000598,SIN NF,
21/08/2023,MD,MD-PCG-PE1-B1,9052.25,10.9,-0.594073200000024,-0.44141720000002405,SIN NF,3.8
01/09/2023,MD,MD-PCG-PE1-B1,9050.18,10.9,-0.5369826000000321,-0.384326600000032,SIN NF,
08/09/2023,MD,MD-PCG-PE1-B1,9044.08,10.9,-0.368744600000022,-0.21608860000002203,SIN NF,
15/09/2023,MD,MD-PCG-PE1-B1,9051.54,10.9,-0.5744914000000482,-0.4218354000000481,SIN NF,
24/09/2023,MD,MD-PCG-PE1-B1,9041.8,10.9,-0.30586220000000397,-0.15320620000000398,SIN NF,22.1
01/10/2023,MD,MD-PCG-PE1-B1,9046.8,10.9,-0.44376220000000394,-0.2911062000000039,SIN NF,
08/10/2023,MD,MD-PCG-PE1-B1,9047.24,10.9,-0.455897400000018,-0.303241400000018,SIN NF,
15/10/2023,MD,MD-PCG-PE1-B1,9042.01,10.9,-0.3116540000000301,-0.15899800000003006,SIN NF,0.8
29/10/2023,MD,MD-PCG-PE1-B1,9049.25,10.9,-0.511333200000024,-0.358677200000024,SIN NF,5.6
05/11/2023,MD,MD-PCG-PE1-B1,9047.45,10.9,-0.46168920000004415,-0.30903320000004414,SIN NF,
11/11/2023,MD,MD-PCG-PE1-B1,9051.1,10.9,-0.5623562000000341,-0.40970020000003404,SIN NF,
18/11/2023,MD,MD-PCG-PE1-B1,9054.26,10.9,-0.6495090000000301,-0.4968530000000301,SIN NF,6.5
19/11/2020,MD,MD-PCG-PE2-B1,9014.45,11.1,0.056179499999955265,0.09117549999995526,156.82417949999996,0.0
22/11/2020,MD,MD-PCG-PE2-B1,9019.16,11.1,-0.07546500000002035,-0.04046900000002034,SIN NF,0.0
05/12/2020,MD,MD-PCG-PE2-B1,9013.1,11.1,0.09391199999996544,0.12890799999996544,156.86191199999996,0.0
24/01/2021,MD,MD-PCG-PE2-B1,9021.44,11.1,-0.13919100000003864,-0.10419500000003865,SIN NF,0.0
03/02/2021,MD,MD-PCG-PE2-B1,9013.53,11.0,0.08189349999995729,0.11776439999995729,156.84989349999995,0.0
12/02/2021,MD,MD-PCG-PE2-B1,9016.94,11.1,-0.013416000000038638,0.021579999999961363,156.75458399999997,0.0
22/02/2021,MD,MD-PCG-PE2-B1,9017.59,11.1,-0.03158350000002848,0.0034124999999715264,156.73641649999996,14.8
27/02/2021,MD,MD-PCG-PE2-B1,9017.16,11.1,-0.019565000000020337,0.015430999999979664,156.74843499999997,1.8
03/03/2021,MD,MD-PCG-PE2-B1,9011.26,11.1,0.1453399999999695,0.18033599999996952,156.91333999999998,0.0
12/03/2021,MD,MD-PCG-PE2-B1,9023.72,11.1,-0.2029170000000061,-0.1679210000000061,SIN NF,0.0
15/03/2021,MD,MD-PCG-PE2-B1,9016.46,11.1,0.0,0.034996,156.768,0.0
21/03/2021,MD,MD-PCG-PE2-B1,9013.32,11.1,0.08776299999998374,0.12275899999998373,156.855763,0.0
29/03/2021,MD,MD-PCG-PE2-B1,9016.67,11.1,-0.005869500000026438,0.029126499999973562,156.76213049999998,0.0
05/04/2021,MD,MD-PCG-PE2-B1,9013.1,11.1,0.09391199999996544,0.12890799999996544,156.86191199999996,0.0
13/04/2021,MD,MD-PCG-PE2-B1,9019.87,11.1,-0.09530950000004677,-0.06031350000004678,SIN NF,0.0
19/04/2021,MD,MD-PCG-PE2-B1,9019.16,11.1,-0.07546500000002035,-0.04046900000002034,SIN NF,0.0
27/04/2021,MD,MD-PCG-PE2-B1,9023.23,11.1,-0.1892215000000122,-0.1542255000000122,SIN NF,0.0
05/05/2021,MD,MD-PCG-PE2-B1,9010.18,11.1,0.17552599999996749,0.21052199999996749,156.94352599999996,0.0
17/05/2021,MD,MD-PCG-PE2-B1,9015.32,11.1,0.03186299999998374,0.06685899999998374,156.799863,0.0
23/05/2021,MD,MD-PCG-PE2-B1,9019.65,11.1,-0.08916050000001424,-0.054164500000014236,SIN NF,0.0
02/06/2021,MD,MD-PCG-PE2-B1,9015.81,11.1,0.018167499999989834,0.05316349999998983,156.78616749999998,2.8
07/06/2021,MD,MD-PCG-PE2-B1,9019.87,11.1,-0.09530950000004677,-0.06031350000004678,SIN NF,2.6
21/06/2021,MD,MD-PCG-PE2-B1,9021.44,11.0,-0.13919100000003864,-0.10332010000003865,SIN NF,0.3
03/07/2021,MD,MD-PCG-PE2-B1,9021.87,11.1,-0.1512095000000468,-0.11621350000004678,SIN NF,2.1
17/07/2021,MD,MD-PCG-PE2-B1,9011.53,11.1,0.1377934999999573,0.17278949999995732,156.90579349999996,0.0
01/08/2021,MD,MD-PCG-PE2-B1,9018.95,11.1,-0.06959550000004475,-0.03459950000004474,SIN NF,0.0
14/08/2021,MD,MD-PCG-PE2-B1,9014.24,11.1,0.0620489999999817,0.0970449999999817,156.83004899999997,0.5
21/08/2021,MD,MD-PCG-PE2-B1,9014.24,11.1,0.0620489999999817,0.0970449999999817,156.83004899999997,17.5
29/08/2021,MD,MD-PCG-PE2-B1,9016.02,11.1,0.012297999999963397,0.0472939999999634,156.78029799999996,1.3
03/09/2021,MD,MD-PCG-PE2-B1,9016.02,11.1,0.012297999999963397,0.0472939999999634,156.78029799999996,2.1
17/09/2021,MD,MD-PCG-PE2-B1,9017.59,11.1,-0.03158350000002848,0.0034124999999715264,156.73641649999996,0.8
27/09/2021,MD,MD-PCG-PE2-B1,9016.67,11.1,-0.005869500000026438,0.029126499999973562,156.76213049999998,17.6
06/10/2021,MD,MD-PCG-PE2-B1,9015.59,11.1,0.02431649999997153,0.05931249999997153,156.79231649999997,0.0
13/10/2021,MD,MD-PCG-PE2-B1,9023.01,11.1,-0.1830725000000305,-0.1480765000000305,SIN NF,0.0
31/10/2021,MD,MD-PCG-PE2-B1,9011.53,11.1,0.1377934999999573,0.17278949999995732,156.90579349999996,0.3
06/11/2021,MD,MD-PCG-PE2-B1,9016.24,11.1,0.006148999999981699,0.041144999999981696,156.774149,0.0
14/11/2021,MD,MD-PCG-PE2-B1,9022.8,11.1,-0.17720300000000408,-0.14220700000000405,SIN NF,2.8
20/11/2021,MD,MD-PCG-PE2-B1,9020.32,11.1,-0.10788700000001629,-0.07289100000001628,SIN NF,0.0
27/11/2021,MD,MD-PCG-PE2-B1,9014.67,11.1,0.05003049999997356,0.08502649999997357,156.81803049999996,0.6
04/12/2021,MD,MD-PCG-PE2-B1,9016.94,11.1,-0.013416000000038638,0.021579999999961363,156.75458399999997,
09/12/2021,MD,MD-PCG-PE2-B1,9014.45,11.1,0.056179499999955265,0.09117549999995526,156.82417949999996,
18/01/2022,MD,MD-PCG-PE2-B1,9013.63,11.1,0.07909849999999798,0.11409449999999798,156.8470985,6.1
26/01/2022,MD,MD-PCG-PE2-B1,9013.75,11.1,0.0757444999999756,0.1107404999999756,156.84374449999999,
04/02/2022,MD,MD-PCG-PE2-B1,9010.46,11.1,0.16770000000000002,0.202696,156.9357,
14/02/2022,MD,MD-PCG-PE2-B1,9021.44,11.1,-0.13919100000003864,-0.10419500000003865,SIN NF,1.8
24/02/2022,MD,MD-PCG-PE2-B1,9019.87,11.1,-0.09530950000004677,-0.06031350000004678,SIN NF,
05/03/2022,MD,MD-PCG-PE2-B1,9019.87,11.1,-0.09530950000004677,-0.06031350000004678,SIN NF,21.1
12/03/2022,MD,MD-PCG-PE2-B1,9013.1,11.1,0.09391199999996544,0.12890799999996544,156.86191199999996,
21/03/2022,MD,MD-PCG-PE2-B1,9021.01,11.1,-0.12717250000003053,-0.0921765000000305,SIN NF,
30/03/2022,MD,MD-PCG-PE2-B1,9015.1,11.1,0.038011999999965435,0.07300799999996543,156.80601199999995,22.4
05/04/2022,MD,MD-PCG-PE2-B1,9019.65,11.1,-0.08916050000001424,-0.054164500000014236,SIN NF,
13/04/2022,MD,MD-PCG-PE2-B1,9018.73,11.1,-0.0634465000000122,-0.028450500000012202,SIN NF,0.0
23/04/2022,MD,MD-PCG-PE2-B1,9028.22,11.1,-0.3286920000000061,-0.2936960000000061,SIN NF,
29/04/2022,MD,MD-PCG-PE2-B1,9013.1,11.1,0.09391199999996544,0.12890799999996544,156.86191199999996,12.3
06/05/2022,MD,MD-PCG-PE2-B1,9017.38,11.1,-0.025714000000002037,0.009281999999997964,156.742286,
13/05/2022,MD,MD-PCG-PE2-B1,9018.03,11.1,-0.043881500000042706,-0.008885500000042706,SIN NF,9.8
20/05/2022,MD,MD-PCG-PE2-B1,9016.46,11.1,0.0,0.034996,156.768,
28/05/2022,MD,MD-PCG-PE2-B1,9015.59,11.1,0.02431649999997153,0.05931249999997153,156.79231649999997,0.0
06/06/2022,MD,MD-PCG-PE2-B1,9022.58,11.1,-0.17105400000002238,-0.13605800000002236,SIN NF,
13/06/2022,MD,MD-PCG-PE2-B1,9020.09,11.1,-0.10145850000002848,-0.06646250000002848,SIN NF,2.5
21/06/2022,MD,MD-PCG-PE2-B1,9015.1,11.1,0.038011999999965435,0.07300799999996543,156.80601199999995,
27/06/2022,MD,MD-PCG-PE2-B1,9020.52,11.1,-0.1134770000000366,-0.07848100000003659,SIN NF,4.2
06/07/2022,MD,MD-PCG-PE2-B1,9021.66,11.1,-0.14534000000002034,-0.11034400000002034,SIN NF,
16/07/2022,MD,MD-PCG-PE2-B1,9020.22,11.1,-0.1050920000000061,-0.0700960000000061,SIN NF,1.0
23/07/2022,MD,MD-PCG-PE2-B1,9020.03,11.1,-0.09978150000004271,-0.06478550000004271,SIN NF,
29/07/2022,MD,MD-PCG-PE2-B1,9020.09,11.1,-0.10145850000002848,-0.06646250000002848,SIN NF,0.3
07/08/2022,MD,MD-PCG-PE2-B1,9009.48,11.1,0.1950909999999878,0.2300869999999878,156.963091,3.1
20/08/2022,MD,MD-PCG-PE2-B1,9012.88,11.1,0.10006099999999797,0.13505699999999798,156.868061,8.6
29/08/2022,MD,MD-PCG-PE2-B1,9018.73,11.1,-0.0634465000000122,-0.028450500000012202,SIN NF,
01/03/2023,MD,MD-PCG-PE2-B1,9021.66,11.1,-0.14534000000002034,-0.11034400000002034,SIN NF,23.5
11/03/2023,MD,MD-PCG-PE2-B1,9021.87,11.1,-0.1512095000000468,-0.11621350000004678,SIN NF,
18/03/2023,MD,MD-PCG-PE2-B1,9016.46,11.1,0.0,0.034996,156.768,
24/03/2023,MD,MD-PCG-PE2-B1,9021.87,11.1,-0.1512095000000468,-0.11621350000004678,SIN NF,
01/04/2023,MD,MD-PCG-PE2-B1,9016.02,11.1,0.012297999999963397,0.0472939999999634,156.78029799999996,1.6
08/04/2023,MD,MD-PCG-PE2-B1,9018.95,11.1,-0.06959550000004475,-0.03459950000004474,SIN NF,
14/04/2023,MD,MD-PCG-PE2-B1,9015.1,11.1,0.038011999999965435,0.07300799999996543,156.80601199999995,
22/04/2023,MD,MD-PCG-PE2-B1,9018.03,11.1,-0.043881500000042706,-0.008885500000042706,SIN NF,6.5
07/05/2023,MD,MD-PCG-PE2-B1,9015.81,11.1,0.018167499999989834,0.05316349999998983,156.78616749999998,
23/05/2023,MD,MD-PCG-PE2-B1,9024.8,11.1,-0.23310300000000408,-0.19810700000000409,SIN NF,13.8
07/06/2023,MD,MD-PCG-PE2-B1,9022.8,11.1,-0.17720300000000408,-0.14220700000000405,SIN NF,
14/06/2023,MD,MD-PCG-PE2-B1,9018.73,11.1,-0.0634465000000122,-0.028450500000012202,SIN NF,
21/06/2023,MD,MD-PCG-PE2-B1,9017.59,11.1,-0.03158350000002848,0.0034124999999715264,156.73641649999996,
01/07/2023,MD,MD-PCG-PE2-B1,9025.94,11.1,-0.26496600000003867,-0.2299700000000387,SIN NF,25.4
06/07/2023,MD,MD-PCG-PE2-B1,9019.16,11.1,-0.07546500000002035,-0.04046900000002034,SIN NF,
14/07/2023,MD,MD-PCG-PE2-B1,9018.03,11.1,-0.043881500000042706,-0.008885500000042706,SIN NF,
29/07/2023,MD,MD-PCG-PE2-B1,9030.23,11.1,-0.38487150000001225,-0.3498755000000122,SIN NF,17.5
06/08/2023,MD,MD-PCG-PE2-B1,9015.32,11.1,0.03186299999998374,0.06685899999998374,156.799863,
15/08/2023,MD,MD-PCG-PE2-B1,9017.81,11.1,-0.037732500000010175,-0.0027365000000101705,SIN NF,
21/08/2023,MD,MD-PCG-PE2-B1,9028.0,11.1,-0.32254300000002445,-0.2875470000000244,SIN NF,3.8
01/09/2023,MD,MD-PCG-PE2-B1,9025.51,11.1,-0.2529475000000305,-0.21795150000003052,SIN NF,
08/09/2023,MD,MD-PCG-PE2-B1,9019.16,11.1,-0.07546500000002035,-0.04046900000002034,SIN NF,
15/09/2023,MD,MD-PCG-PE2-B1,9027.3,11.1,-0.3029780000000041,-0.2679820000000041,SIN NF,
24/09/2023,MD,MD-PCG-PE2-B1,9016.67,11.1,-0.005869500000026438,0.029126499999973562,156.76213049999998,22.1
01/10/2023,MD,MD-PCG-PE2-B1,9021.44,11.1,-0.13919100000003864,-0.10419500000003865,SIN NF,
08/10/2023,MD,MD-PCG-PE2-B1,9021.87,11.1,-0.1512095000000468,-0.11621350000004678,SIN NF,
15/10/2023,MD,MD-PCG-PE2-B1,9017.16,11.1,-0.019565000000020337,0.015430999999979664,156.74843499999997,0.8
29/10/2023,MD,MD-PCG-PE2-B1,9024.58,11.1,-0.2269540000000224,-0.19195800000002236,SIN NF,5.6
05/11/2023,MD,MD-PCG-PE2-B1,9022.8,11.1,-0.17720300000000408,-0.14220700000000405,SIN NF,
11/10/2023,MD,MD-PCG-PE2-B1,9026.43,11.1,-0.27866150000003254,-0.24366550000003256,SIN NF,
18/11/2023,MD,MD-PCG-PE2-B1,9029.57,11.1,-0.3664245000000163,-0.33142850000001634,SIN NF,6.5
02/03/2021,MD,MD-PCG-PE1-A1,8932.68,11.4,-0.245381399999996,-0.20224739999999602,SIN NF,0.0
12/03/2021,MD,MD-PCG-PE1-A1,8943.37,11.6,-0.53978400000001,-0.49788240000001005,SIN NF,0.0
15/03/2021,MD,MD-PCG-PE1-A1,8938.02,11.6,-0.39244500000000004,-0.35054340000000006,SIN NF,0.0
21/03/2021,MD,MD-PCG-PE1-A1,8934.44,11.6,-0.293851800000002,-0.251950200000002,SIN NF,0.0
29/03/2021,MD,MD-PCG-PE1-A1,8938.02,11.6,-0.39244500000000004,-0.35054340000000006,SIN NF,0.0
05/04/2021,MD,MD-PCG-PE1-A1,8934.02,11.6,-0.28228500000000006,-0.24038340000000005,SIN NF,0.0
13/04/2021,MD,MD-PCG-PE1-A1,8941.12,11.6,-0.47781900000001004,-0.4359174000000101,SIN NF,0.0
19/04/2021,MD,MD-PCG-PE1-A1,8940.48,11.6,-0.460193399999976,-0.41829179999997596,SIN NF,0.0
27/04/2021,MD,MD-PCG-PE1-A1,8944.28,11.6,-0.564845400000006,-0.5229438000000061,SIN NF,0.0
05/05/2021,MD,MD-PCG-PE1-A1,8933.11,11.6,-0.257223600000004,-0.21532200000000404,SIN NF,0.0
17/05/2021,MD,MD-PCG-PE1-A1,8938.02,11.6,-0.39244500000000004,-0.35054340000000006,SIN NF,0.0
23/05/2021,MD,MD-PCG-PE1-A1,8940.91,11.6,-0.47203559999998396,-0.4301339999999839,SIN NF,0.0
02/06/2021,MD,MD-PCG-PE1-A1,8938.24,11.7,-0.39850379999998203,-0.35721839999998206,SIN NF,2.8
07/06/2021,MD,MD-PCG-PE1-A1,8942.46,11.6,-0.514722599999964,-0.4728209999999639,SIN NF,2.6
21/06/2021,MD,MD-PCG-PE1-A1,8942.94,11.6,-0.5279418000000021,-0.48604020000000203,SIN NF,0.3
03/07/2021,MD,MD-PCG-PE1-A1,8945.35,11.6,-0.594313199999998,-0.552411599999998,SIN NF,2.1
17/07/2021,MD,MD-PCG-PE1-A1,8934.66,11.7,-0.299910599999984,-0.258625199999984,SIN NF,0.0
01/08/2021,MD,MD-PCG-PE1-A1,8942.68,11.6,-0.5207813999999961,-0.478879799999996,SIN NF,0.0
14/08/2021,MD,MD-PCG-PE1-A1,8939.57,11.6,-0.43513199999998003,-0.39323039999998,SIN NF,0.5
21/08/2021,MD,MD-PCG-PE1-A1,8939.93,11.6,-0.44504639999999607,-0.40314479999999603,SIN NF,17.5
29/08/2021,MD,MD-PCG-PE1-A1,8939.79,11.6,-0.44119080000001204,-0.3992892000000121,SIN NF,1.3
03/09/2021,MD,MD-PCG-PE1-A1,8940.7,11.6,-0.46625220000000805,-0.42435060000000807,SIN NF,2.1
17/09/2021,MD,MD-PCG-PE1-A1,8941.82,11.6,-0.49709699999998,-0.4551953999999801,SIN NF,0.8
27/09/2021,MD,MD-PCG-PE1-A1,8941.34,11.6,-0.48387779999999203,-0.4419761999999921,SIN NF,17.6
06/10/2021,MD,MD-PCG-PE1-A1,8940.0,11.6,-0.446974199999988,-0.40507259999998796,SIN NF,0.0
13/10/2021,MD,MD-PCG-PE1-A1,8947.38,11.6,-0.650219399999966,-0.6083177999999659,SIN NF,0.0
31/10/2021,MD,MD-PCG-PE1-A1,8936.9,11.6,-0.361600199999978,-0.31969859999997796,SIN NF,0.3
06/11/2021,MD,MD-PCG-PE1-A1,8942.46,11.6,-0.514722599999964,-0.4728209999999639,SIN NF,0.0
14/11/2021,MD,MD-PCG-PE1-A1,8946.96,11.6,-0.638652599999964,-0.596750999999964,SIN NF,2.8
20/11/2021,MD,MD-PCG-PE1-A1,8945.35,11.6,-0.594313199999998,-0.552411599999998,SIN NF,0.0
27/11/2021,MD,MD-PCG-PE1-A1,8940.0,11.6,-0.446974199999988,-0.40507259999998796,SIN NF,0.6
04/12/2021,MD,MD-PCG-PE1-A1,8942.46,11.6,-0.514722599999964,-0.4728209999999639,SIN NF,
09/12/2021,MD,MD-PCG-PE1-A1,8940.0,11.6,-0.446974199999988,-0.40507259999998796,SIN NF,
18/01/2022,MD,MD-PCG-PE1-A1,8940.0,11.6,-0.446974199999988,-0.40507259999998796,SIN NF,6.1
26/01/2022,MD,MD-PCG-PE1-A1,8941.12,11.6,-0.47781900000001004,-0.4359174000000101,SIN NF,
04/02/2022,MD,MD-PCG-PE1-A1,8941.34,11.7,-0.48387779999999203,-0.44259239999999206,SIN NF,
14/02/2022,MD,MD-PCG-PE1-A1,8946.96,11.6,-0.638652599999964,-0.596750999999964,SIN NF,1.8
24/02/2022,MD,MD-PCG-PE1-A1,8944.92,11.6,-0.5824709999999901,-0.54056939999999,SIN NF,
05/03/2022,MD,MD-PCG-PE1-A1,8946.96,11.6,-0.638652599999964,-0.596750999999964,SIN NF,21.1
12/03/2022,MD,MD-PCG-PE1-A1,8940.27,11.6,-0.45441000000000004,-0.4125084000000001,SIN NF,
21/03/2022,MD,MD-PCG-PE1-A1,8945.62,11.6,-0.6017490000000101,-0.5598474000000101,SIN NF,
30/03/2022,MD,MD-PCG-PE1-A1,8942.46,11.6,-0.514722599999964,-0.4728209999999639,SIN NF,22.4
05/04/2022,MD,MD-PCG-PE1-A1,8946.96,11.6,-0.638652599999964,-0.596750999999964,SIN NF,
13/04/2022,MD,MD-PCG-PE1-A1,8946.26,11.6,-0.619374599999994,-0.577472999999994,SIN NF,0.0
23/04/2022,MD,MD-PCG-PE1-A1,8954.08,11.6,-0.8347373999999861,-0.7928357999999861,SIN NF,
29/04/2022,MD,MD-PCG-PE1-A1,8940.7,11.6,-0.46625220000000805,-0.42435060000000807,SIN NF,12.3
06/05/2022,MD,MD-PCG-PE1-A1,8945.14,11.6,-0.588529799999972,-0.546628199999972,SIN NF,
13/05/2022,MD,MD-PCG-PE1-A1,8944.28,11.6,-0.564845400000006,-0.5229438000000061,SIN NF,9.8
20/05/2022,MD,MD-PCG-PE1-A1,8944.01,11.6,-0.5574095999999941,-0.5155079999999941,SIN NF,
28/05/2022,MD,MD-PCG-PE1-A1,8942.46,11.6,-0.514722599999964,-0.4728209999999639,SIN NF,0.0
06/06/2022,MD,MD-PCG-PE1-A1,8949.63,11.6,-0.7121843999999661,-0.6702827999999661,SIN NF,
13/06/2022,MD,MD-PCG-PE1-A1,8946.26,11.6,-0.619374599999994,-0.577472999999994,SIN NF,2.5
24/06/2022,MD,MD-PCG-PE1-A1,8937.6,11.6,-0.380878199999998,-0.338976599999998,SIN NF,
27/06/2022,MD,MD-PCG-PE1-A1,8946.96,11.6,-0.638652599999964,-0.596750999999964,SIN NF,4.2
06/07/2022,MD,MD-PCG-PE1-A1,8948.94,11.6,-0.6931818000000021,-0.6512802000000021,SIN NF,
16/07/2022,MD,MD-PCG-PE1-A1,8944.14,11.6,-0.560989799999972,-0.519088199999972,SIN NF,1.0
23/07/2022,MD,MD-PCG-PE1-A1,8943.37,11.6,-0.53978400000001,-0.49788240000001005,SIN NF,
29/07/2022,MD,MD-PCG-PE1-A1,8946.64,11.6,-0.629839799999972,-0.587938199999972,SIN NF,0.3
07/08/2022,MD,MD-PCG-PE1-A1,8936.69,11.6,-0.35581680000000204,-0.31391520000000206,SIN NF,3.1
20/08/2022,MD,MD-PCG-PE1-A1,8941.82,11.6,-0.49709699999998,-0.4551953999999801,SIN NF,8.6
29/08/2022,MD,MD-PCG-PE1-A1,8944.92,11.6,-0.5824709999999901,-0.54056939999999,SIN NF,
01/03/2023,MD,MD-PCG-PE1-A1,8950.28,11.6,-0.7300854000000061,-0.688183800000006,SIN NF,23.5
11/03/2023,MD,MD-PCG-PE1-A1,8950.97,11.6,-0.74908799999997,-0.70718639999997,SIN NF,
18/03/2023,MD,MD-PCG-PE1-A1,8944.01,11.5,-0.5574095999999941,-0.5148917999999941,SIN NF,
24/03/2023,MD,MD-PCG-PE1-A1,8948.51,11.5,-0.681339599999994,-0.638821799999994,SIN NF,
01/04/2023,MD,MD-PCG-PE1-A1,8945.14,11.5,-0.588529799999972,-0.5460119999999721,SIN NF,1.6
08/04/2023,MD,MD-PCG-PE1-A1,8948.03,11.6,-0.668120400000006,-0.6262188000000061,SIN NF,
14/04/2023,MD,MD-PCG-PE1-A1,8943.8,11.5,-0.551626199999968,-0.509108399999968,SIN NF,
22/04/2023,MD,MD-PCG-PE1-A1,8947.17,11.5,-0.6444359999999901,-0.6019181999999901,SIN NF,6.5
07/05/2023,MD,MD-PCG-PE1-A1,8944.28,11.5,-0.564845400000006,-0.522327600000006,SIN NF,
23/05/2023,MD,MD-PCG-PE1-A1,8952.95,11.5,-0.8036172000000081,-0.7610994000000081,SIN NF,13.8
07/06/2023,MD,MD-PCG-PE1-A1,8951.61,11.5,-0.7667136000000041,-0.724195800000004,SIN NF,
14/06/2023,MD,MD-PCG-PE1-A1,8946.69,11.5,-0.631216800000002,-0.5886990000000021,SIN NF,
21/06/2023,MD,MD-PCG-PE1-A1,8944.49,11.6,-0.570628799999982,-0.5287271999999821,SIN NF,
01/07/2023,MD,MD-PCG-PE1-A1,8952.31,11.6,-0.7859915999999739,-0.744089999999974,SIN NF,25.4
06/07/2023,MD,MD-PCG-PE1-A1,8948.29,11.6,-0.675280800000012,-0.6333792000000121,SIN NF,
14/07/2023,MD,MD-PCG-PE1-A1,8945.83,11.5,-0.607532399999986,-0.565014599999986,SIN NF,
29/07/2023,MD,MD-PCG-PE1-A1,8956.54,11.5,-0.9024858000000122,-0.8599680000000122,SIN NF,17.5
06/08/2023,MD,MD-PCG-PE1-A1,8944.28,11.5,-0.564845400000006,-0.522327600000006,SIN NF,
15/08/2023,MD,MD-PCG-PE1-A1,8947.38,11.5,-0.650219399999966,-0.607701599999966,SIN NF,
21/08/2023,MD,MD-PCG-PE1-A1,8954.51,11.5,-0.846579599999994,-0.804061799999994,SIN NF,3.8
01/09/2023,MD,MD-PCG-PE1-A1,8954.08,11.5,-0.8347373999999861,-0.792219599999986,SIN NF,
08/09/2023,MD,MD-PCG-PE1-A1,8947.17,11.5,-0.6444359999999901,-0.6019181999999901,SIN NF,
15/09/2023,MD,MD-PCG-PE1-A1,8954.51,11.5,-0.846579599999994,-0.804061799999994,SIN NF,
24/09/2023,MD,MD-PCG-PE1-A1,8945.83,11.5,-0.607532399999986,-0.565014599999986,SIN NF,22.1
01/10/2023,MD,MD-PCG-PE1-A1,8949.36,11.5,-0.7047486000000042,-0.6622308000000041,SIN NF,
08/10/2023,MD,MD-PCG-PE1-A1,8950.97,11.5,-0.74908799999997,-0.70657019999997,SIN NF,
15/10/2023,MD,MD-PCG-PE1-A1,8945.95,11.5,-0.6108372000000081,-0.568319400000008,SIN NF,0.8
29/10/2023,MD,MD-PCG-PE1-A1,8952.95,11.5,-0.8036172000000081,-0.7610994000000081,SIN NF,5.6
05/11/2023,MD,MD-PCG-PE1-A1,8950.06,11.5,-0.724026599999974,-0.681508799999974,SIN NF,
11/11/2023,MD,MD-PCG-PE1-A1,8953.17,11.5,-0.8096759999999901,-0.7671581999999901,SIN NF,
18/11/2023,MD,MD-PCG-PE1-A1,8956.33,11.5,-0.896702399999986,-0.854184599999986,SIN NF,6.5
15/03/2021,MD,MD-PCG-PE2-A1,8944.92,11.7,-0.20840039999999171,-0.1254083999999917,SIN NF,0.0
21/03/2021,MD,MD-PCG-PE2-A1,8941.61,11.7,-0.1141647000000062,-0.031172700000006184,SIN NF,0.0
29/03/2021,MD,MD-PCG-PE2-A1,8944.71,11.7,-0.2024216999999648,-0.11942969999996478,SIN NF,0.0
05/04/2021,MD,MD-PCG-PE2-A1,8942.46,11.7,-0.13836419999996477,-0.055372199999964754,SIN NF,0.0
13/04/2021,MD,MD-PCG-PE2-A1,8942.36,11.7,-0.1355172000000062,-0.052525200000006184,SIN NF,0.0
19/04/2021,MD,MD-PCG-PE2-A1,8948.94,11.7,-0.32284980000000413,-0.23985780000000415,SIN NF,0.0
27/04/2021,MD,MD-PCG-PE2-A1,8952.31,11.7,-0.4187936999999751,-0.3358016999999751,SIN NF,0.0
05/05/2021,MD,MD-PCG-PE2-A1,8938.93,11.7,-0.037865099999997924,0.045126900000002086,148.5161349,0.0
17/05/2021,MD,MD-PCG-PE2-A1,8944.71,11.7,-0.2024216999999648,-0.11942969999996478,SIN NF,0.0
23/05/2021,MD,MD-PCG-PE2-A1,8949.63,11.7,-0.34249409999996683,-0.2595020999999668,SIN NF,0.0
02/06/2021,MD,MD-PCG-PE2-A1,8944.71,11.7,-0.2024216999999648,-0.11942969999996478,SIN NF,2.8
07/06/2021,MD,MD-PCG-PE2-A1,8949.63,11.7,-0.34249409999996683,-0.2595020999999668,SIN NF,2.6
21/06/2021,MD,MD-PCG-PE2-A1,8950.49,11.7,-0.36697829999998344,-0.2839862999999834,SIN NF,0.3
03/07/2021,MD,MD-PCG-PE2-A1,8950.49,11.7,-0.36697829999998344,-0.2839862999999834,SIN NF,2.1
17/07/2021,MD,MD-PCG-PE2-A1,8941.25,11.7,-0.10391549999998963,-0.020923499999989614,SIN NF,0.0
01/08/2021,MD,MD-PCG-PE2-A1,8949.63,11.7,-0.34249409999996683,-0.2595020999999668,SIN NF,0.0
14/08/2021,MD,MD-PCG-PE2-A1,8944.92,11.7,-0.20840039999999171,-0.1254083999999917,SIN NF,0.5
21/08/2021,MD,MD-PCG-PE2-A1,8944.92,11.7,-0.20840039999999171,-0.1254083999999917,SIN NF,17.5
29/08/2021,MD,MD-PCG-PE2-A1,8946.69,11.7,-0.25879230000000414,-0.17580030000000413,SIN NF,1.3
03/09/2021,MD,MD-PCG-PE2-A1,8947.17,11.7,-0.2724578999999917,-0.18946589999999172,SIN NF,2.1
17/09/2021,MD,MD-PCG-PE2-A1,8949.15,11.7,-0.32882849999997926,-0.24583649999997925,SIN NF,0.8
27/09/2021,MD,MD-PCG-PE2-A1,8948.72,11.7,-0.316586399999971,-0.23359439999997098,SIN NF,17.6
06/10/2021,MD,MD-PCG-PE2-A1,8947.17,11.7,-0.2724578999999917,-0.18946589999999172,SIN NF,0.0
13/10/2021,MD,MD-PCG-PE2-A1,8954.51,11.7,-0.4814276999999958,-0.39843569999999573,SIN NF,0.0
31/10/2021,MD,MD-PCG-PE2-A1,8943.58,11.7,-0.17025059999998757,-0.08725859999998754,SIN NF,0.3
06/11/2021,MD,MD-PCG-PE2-A1,8948.94,11.7,-0.32284980000000413,-0.23985780000000415,SIN NF,0.0
14/11/2021,MD,MD-PCG-PE2-A1,8954.51,11.7,-0.4814276999999958,-0.39843569999999573,SIN NF,2.8
20/11/2021,MD,MD-PCG-PE2-A1,8950.49,11.7,-0.36697829999998344,-0.2839862999999834,SIN NF,0.0
27/11/2021,MD,MD-PCG-PE2-A1,8947.6,11.7,-0.28469999999999995,-0.20170799999999997,SIN NF,0.6
04/12/2021,MD,MD-PCG-PE2-A1,8949.15,11.7,-0.32882849999997926,-0.24583649999997925,SIN NF,
09/12/2021,MD,MD-PCG-PE2-A1,8946.26,11.7,-0.24655019999999583,-0.16355819999999582,SIN NF,
18/01/2022,MD,MD-PCG-PE2-A1,8944.92,11.7,-0.20840039999999171,-0.1254083999999917,SIN NF,6.1
26/01/2022,MD,MD-PCG-PE2-A1,8944.49,11.7,-0.1961582999999834,-0.11316629999998341,SIN NF,
04/02/2022,MD,MD-PCG-PE2-A1,8948.94,11.7,-0.32284980000000413,-0.23985780000000415,SIN NF,
14/02/2022,MD,MD-PCG-PE2-A1,8953.65,11.7,-0.4569434999999793,-0.3739514999999793,SIN NF,1.8
24/02/2022,MD,MD-PCG-PE2-A1,8951.61,11.7,-0.39886470000000623,-0.3158727000000062,SIN NF,
05/03/2022,MD,MD-PCG-PE2-A1,8952.04,11.7,-0.4111068000000145,-0.3281148000000145,SIN NF,21.1
12/03/2022,MD,MD-PCG-PE2-A1,8944.28,11.7,-0.19017960000000828,-0.10718760000000827,SIN NF,
21/03/2022,MD,MD-PCG-PE2-A1,8945.62,11.7,-0.2283294000000124,-0.14533740000001238,SIN NF,
30/03/2022,MD,MD-PCG-PE2-A1,8948.51,11.7,-0.3106076999999958,-0.22761569999999584,SIN NF,22.4
05/04/2022,MD,MD-PCG-PE2-A1,8952.04,11.7,-0.4111068000000145,-0.3281148000000145,SIN NF,
13/04/2022,MD,MD-PCG-PE2-A1,8950.06,11.7,-0.35473619999997513,-0.2717441999999751,SIN NF,0.0
23/04/2022,MD,MD-PCG-PE2-A1,8960.78,11.7,-0.6599346000000083,-0.5769426000000082,SIN NF,
29/04/2022,MD,MD-PCG-PE2-A1,8944.71,11.7,-0.2024216999999648,-0.11942969999996478,SIN NF,12.3
06/05/2022,MD,MD-PCG-PE2-A1,8949.85,11.7,-0.34875749999999994,-0.2657655,SIN NF,
13/05/2022,MD,MD-PCG-PE2-A1,8949.63,11.7,-0.34249409999996683,-0.2595020999999668,SIN NF,9.8
20/05/2022,MD,MD-PCG-PE2-A1,8950.06,11.7,-0.35473619999997513,-0.2717441999999751,SIN NF,
28/05/2022,MD,MD-PCG-PE2-A1,8949.15,11.7,-0.32882849999997926,-0.24583649999997925,SIN NF,0.0
06/06/2022,MD,MD-PCG-PE2-A1,8955.2,11.7,-0.5010720000000103,-0.4180800000000102,SIN NF,
13/06/2022,MD,MD-PCG-PE2-A1,8953.86,11.7,-0.4629222000000062,-0.3799302000000062,SIN NF,2.5
24/06/2022,MD,MD-PCG-PE2-A1,8943.8,11.7,-0.17651399999996892,-0.0935219999999689,SIN NF,
27/06/2022,MD,MD-PCG-PE2-A1,8954.08,11.7,-0.46918559999998755,-0.38619359999998754,SIN NF,4.2
06/07/2022,MD,MD-PCG-PE2-A1,8954.99,11.7,-0.49509329999998336,-0.41210129999998335,SIN NF,
16/07/2022,MD,MD-PCG-PE2-A1,8953.99,11.7,-0.4666232999999834,-0.3836312999999834,SIN NF,1.0
23/07/2022,MD,MD-PCG-PE2-A1,8948.72,11.7,-0.316586399999971,-0.23359439999997098,SIN NF,
29/07/2022,MD,MD-PCG-PE2-A1,8954.08,11.7,-0.46918559999998755,-0.38619359999998754,SIN NF,0.3
07/08/2022,MD,MD-PCG-PE2-A1,8943.8,11.7,-0.17651399999996892,-0.0935219999999689,SIN NF,3.1
20/08/2022,MD,MD-PCG-PE2-A1,8946.96,11.7,-0.2664791999999648,-0.1834871999999648,SIN NF,8.6
29/08/2022,MD,MD-PCG-PE2-A1,8951.83,11.7,-0.40512809999998756,-0.32213609999998755,SIN NF,
01/03/2023,MD,MD-PCG-PE2-A1,8955.2,11.7,-0.5010720000000103,-0.4180800000000102,SIN NF,23.5
11/03/2023,MD,MD-PCG-PE2-A1,8954.99,11.7,-0.49509329999998336,-0.41210129999998335,SIN NF,
18/03/2023,MD,MD-PCG-PE2-A1,8949.63,11.7,-0.34249409999996683,-0.2595020999999668,SIN NF,
24/03/2023,MD,MD-PCG-PE2-A1,8954.99,11.7,-0.49509329999998336,-0.41210129999998335,SIN NF,
01/04/2023,MD,MD-PCG-PE2-A1,8950.49,11.7,-0.36697829999998344,-0.2839862999999834,SIN NF,1.6
08/04/2023,MD,MD-PCG-PE2-A1,8953.17,11.7,-0.44327789999999173,-0.3602858999999917,SIN NF,
14/04/2023,MD,MD-PCG-PE2-A1,8949.63,11.7,-0.34249409999996683,-0.2595020999999668,SIN NF,
22/04/2023,MD,MD-PCG-PE2-A1,8952.95,11.7,-0.4370145000000103,-0.3540225000000103,SIN NF,6.5
07/05/2023,MD,MD-PCG-PE2-A1,8949.15,11.7,-0.32882849999997926,-0.24583649999997925,SIN NF,
23/05/2023,MD,MD-PCG-PE2-A1,8959.44,11.7,-0.6217848000000041,-0.5387928000000041,SIN NF,13.8
07/06/2023,MD,MD-PCG-PE2-A1,8955.63,11.7,-0.5133140999999669,-0.4303220999999668,SIN NF,
14/06/2023,MD,MD-PCG-PE2-A1,8953.65,11.7,-0.4569434999999793,-0.3739514999999793,SIN NF,
21/06/2023,MD,MD-PCG-PE2-A1,8950.28,11.7,-0.36099960000000825,-0.27800760000000824,SIN NF,
01/07/2023,MD,MD-PCG-PE2-A1,8960.08,11.7,-0.6400055999999875,-0.5570135999999875,SIN NF,25.4
06/07/2023,MD,MD-PCG-PE2-A1,8953.86,11.7,-0.4629222000000062,-0.3799302000000062,SIN NF,
14/07/2023,MD,MD-PCG-PE2-A1,8952.52,11.7,-0.42477240000000205,-0.34178040000000204,SIN NF,
29/07/2023,MD,MD-PCG-PE2-A1,8964.11,11.7,-0.7547397000000061,-0.671747700000006,SIN NF,17.5
06/08/2023,MD,MD-PCG-PE2-A1,8949.36,11.7,-0.3348072000000062,-0.25181520000000623,SIN NF,
15/08/2023,MD,MD-PCG-PE2-A1,8951.4,11.7,-0.3928859999999793,-0.3098939999999793,SIN NF,
21/08/2023,MD,MD-PCG-PE2-A1,8961.21,11.7,-0.6721766999999647,-0.5891846999999647,SIN NF,3.8
01/09/2023,MD,MD-PCG-PE2-A1,8959.65,11.7,-0.6277634999999793,-0.5447714999999792,SIN NF,
08/09/2023,MD,MD-PCG-PE2-A1,8953.65,11.7,-0.4569434999999793,-0.3739514999999793,SIN NF,
15/09/2023,MD,MD-PCG-PE2-A1,8959.65,11.7,-0.6277634999999793,-0.5447714999999792,SIN NF,
24/09/2023,MD,MD-PCG-PE2-A1,8949.85,11.7,-0.34875749999999994,-0.2657655,SIN NF,22.1
01/10/2023,MD,MD-PCG-PE2-A1,8954.72,11.7,-0.48740639999997093,-0.4044143999999709,SIN NF,
08/10/2023,MD,MD-PCG-PE2-A1,8955.2,11.7,-0.5010720000000103,-0.4180800000000102,SIN NF,
15/10/2023,MD,MD-PCG-PE2-A1,8950.49,11.7,-0.36697829999998344,-0.2839862999999834,SIN NF,0.8
29/10/2023,MD,MD-PCG-PE2-A1,8959.01,11.7,-0.6095426999999958,-0.5265506999999957,SIN NF,5.6
05/11/2023,MD,MD-PCG-PE2-A1,8955.2,11.7,-0.5010720000000103,-0.4180800000000102,SIN NF,
11/11/2023,MD,MD-PCG-PE2-A1,8959.87,11.6,-0.6340269000000124,-0.5499429000000124,SIN NF,
18/11/2023,MD,MD-PCG-PE2-A1,8963.46,11.7,-0.7362341999999646,-0.6532421999999647,SIN NF,6.5
05/04/2021,MD,MD-PCG-PE5-B1,8891.87,12.1,0.0,0.06333599999999999,164.496,0.0
13/04/2021,MD,MD-PCG-PE5-B1,8899.19,11.9,-0.20840039999999171,-0.14288039999999172,SIN NF,0.0
19/04/2021,MD,MD-PCG-PE5-B1,8898.29,11.8,-0.18277740000000206,-0.11616540000000206,SIN NF,0.0
27/04/2021,MD,MD-PCG-PE5-B1,8903.39,11.7,-0.3279743999999606,-0.2602703999999606,SIN NF,0.0
05/05/2021,MD,MD-PCG-PE5-B1,8889.91,11.6,0.05580120000002693,0.1245972000000269,164.55180120000003,0.0
17/05/2021,MD,MD-PCG-PE5-B1,8895.63,11.6,-0.10704719999995442,-0.03825119999995444,SIN NF,0.0
23/05/2021,MD,MD-PCG-PE5-B1,8900.94,11.6,-0.2582228999999917,-0.1894268999999917,SIN NF,0.0
02/06/2021,MD,MD-PCG-PE5-B1,8896.75,11.6,-0.1389335999999772,-0.07013759999997722,SIN NF,2.8
07/06/2021,MD,MD-PCG-PE5-B1,8897.65,11.6,-0.16455659999996686,-0.09576059999996686,SIN NF,2.6
21/06/2021,MD,MD-PCG-PE5-B1,8901.16,11.5,-0.2644862999999731,-0.19459829999997308,SIN NF,0.3
03/07/2021,MD,MD-PCG-PE5-B1,8902.48,11.5,-0.30206669999996477,-0.2321786999999648,SIN NF,2.1
17/07/2021,MD,MD-PCG-PE5-B1,8896.32,11.6,-0.12669149999996893,-0.057895499999968944,SIN NF,0.0
04/08/2021,MD,MD-PCG-PE5-B1,8899.83,11.5,-0.22662119999997513,-0.15673319999997515,SIN NF,0.0
14/08/2021,MD,MD-PCG-PE5-B1,8897.17,11.6,-0.15089099999997926,-0.0820949999999793,SIN NF,0.5
21/08/2021,MD,MD-PCG-PE5-B1,8897.65,11.6,-0.16455659999996686,-0.09576059999996686,SIN NF,17.5
29/08/2021,MD,MD-PCG-PE5-B1,8898.71,11.6,-0.19473479999995233,-0.12593879999995236,SIN NF,1.3
03/09/2021,MD,MD-PCG-PE5-B1,8898.29,11.6,-0.18277740000000206,-0.11398140000000206,SIN NF,2.1
17/09/2021,MD,MD-PCG-PE5-B1,8900.94,11.6,-0.2582228999999917,-0.1894268999999917,SIN NF,0.8
27/09/2021,MD,MD-PCG-PE5-B1,8900.52,11.6,-0.24626549999998962,-0.17746949999998962,SIN NF,17.6
06/10/2021,MD,MD-PCG-PE5-B1,8899.4,11.6,-0.21437909999996685,-0.14558309999996688,SIN NF,0.0
13/10/2021,MD,MD-PCG-PE5-B1,8904.02,11.6,-0.3459104999999896,-0.2771144999999896,SIN NF,0.0
31/10/2021,MD,MD-PCG-PE5-B1,8895.85,11.6,-0.11331059999998756,-0.044514599999987574,SIN NF,0.3
06/11/2021,MD,MD-PCG-PE5-B1,8898.71,11.6,-0.19473479999995233,-0.12593879999995236,SIN NF,0.0
14/11/2021,MD,MD-PCG-PE5-B1,8902.27,11.6,-0.29608799999998964,-0.2272919999999896,SIN NF,2.8
20/11/2021,MD,MD-PCG-PE5-B1,8900.52,11.6,-0.24626549999998962,-0.17746949999998962,SIN NF,0.0
27/11/2021,MD,MD-PCG-PE5-B1,8898.08,11.6,-0.17679869999997513,-0.10800269999997514,SIN NF,0.6
04/12/2021,MD,MD-PCG-PE5-B1,8898.71,11.6,-0.19473479999995233,-0.12593879999995236,SIN NF,
09/12/2021,MD,MD-PCG-PE5-B1,8897.39,11.6,-0.15715439999996061,-0.08835839999996065,SIN NF,
18/01/2022,MD,MD-PCG-PE5-B1,8897.17,11.6,-0.15089099999997926,-0.0820949999999793,SIN NF,6.1
20/01/2022,MD,MD-PCG-PE5-B1,8897.65,11.6,-0.16455659999996686,-0.09576059999996686,SIN NF,
21/01/2022,MD,MD-PCG-PE5-B1,8903.39,11.6,-0.3279743999999606,-0.2591783999999606,SIN NF,
23/01/2022,MD,MD-PCG-PE5-B1,8904.93,11.6,-0.37181819999998544,-0.30302219999998553,SIN NF,
24/01/2022,MD,MD-PCG-PE5-B1,8902.27,11.6,-0.29608799999998964,-0.2272919999999896,SIN NF,
25/01/2022,MD,MD-PCG-PE5-B1,8898.98,11.6,-0.2024216999999648,-0.1336256999999648,SIN NF,
26/01/2022,MD,MD-PCG-PE5-B1,8896.32,11.6,-0.12669149999996893,-0.057895499999968944,SIN NF,
28/01/2022,MD,MD-PCG-PE5-B1,8904.65,11.6,-0.3638465999999668,-0.2950505999999668,SIN NF,
29/01/2022,MD,MD-PCG-PE5-B1,8903.81,11.6,-0.33993179999996265,-0.2711357999999627,SIN NF,
04/02/2022,MD,MD-PCG-PE5-B1,8898.98,11.6,-0.2024216999999648,-0.1336256999999648,SIN NF,
14/02/2022,MD,MD-PCG-PE5-B1,8903.6,11.6,-0.3339530999999875,-0.26515709999998754,SIN NF,1.8
24/02/2022,MD,MD-PCG-PE5-B1,8902.48,11.6,-0.30206669999996477,-0.23327069999996478,SIN NF,
05/03/2022,MD,MD-PCG-PE5-B1,8903.39,11.6,-0.3279743999999606,-0.2591783999999606,SIN NF,21.1
12/03/2022,MD,MD-PCG-PE5-B1,8897.86,11.6,-0.17053529999999378,-0.10173929999999379,SIN NF,
21/03/2022,MD,MD-PCG-PE5-B1,8904.02,11.6,-0.3459104999999896,-0.2771144999999896,SIN NF,
30/03/2022,MD,MD-PCG-PE5-B1,8899.4,11.5,-0.21437909999996685,-0.14449109999996687,SIN NF,22.4
05/04/2022,MD,MD-PCG-PE5-B1,8903.85,11.5,-0.34107059999998757,-0.27118259999998756,SIN NF,
13/04/2022,MD,MD-PCG-PE5-B1,8902.27,11.5,-0.29608799999998964,-0.22619999999998966,SIN NF,0.0
23/04/2022,MD,MD-PCG-PE5-B1,8910.46,11.5,-0.5292572999999523,-0.4593692999999523,SIN NF,
29/04/2022,MD,MD-PCG-PE5-B1,8899.19,11.5,-0.20840039999999171,-0.13851239999999174,SIN NF,12.3
06/05/2022,MD,MD-PCG-PE5-B1,8902.27,11.5,-0.29608799999998964,-0.22619999999998966,SIN NF,
13/05/2022,MD,MD-PCG-PE5-B1,8902.27,11.5,-0.29608799999998964,-0.22619999999998966,SIN NF,9.8
20/05/2022,MD,MD-PCG-PE5-B1,8901.16,11.6,-0.2644862999999731,-0.19569029999997306,SIN NF,
30/05/2022,MD,MD-PCG-PE5-B1,8898.29,11.6,-0.18277740000000206,-0.11398140000000206,SIN NF,0.0
06/06/2022,MD,MD-PCG-PE5-B1,8906.26,11.6,-0.4096832999999834,-0.3408872999999834,SIN NF,
13/06/2022,MD,MD-PCG-PE5-B1,8904.02,11.6,-0.3459104999999896,-0.2771144999999896,SIN NF,2.5
21/06/2022,MD,MD-PCG-PE5-B1,8899.83,11.6,-0.22662119999997513,-0.15782519999997513,SIN NF,
27/06/2022,MD,MD-PCG-PE5-B1,8904.5,11.6,-0.3595760999999772,-0.29078009999997717,SIN NF,4.2
06/07/2022,MD,MD-PCG-PE5-B1,8905.35,11.6,-0.38377559999998756,-0.3149795999999876,SIN NF,
16/07/2022,MD,MD-PCG-PE5-B1,8899.13,11.6,-0.20669219999995442,-0.13789619999995445,SIN NF,1.0
23/07/2022,MD,MD-PCG-PE5-B1,8900.31,11.6,-0.2402867999999627,-0.1714907999999627,SIN NF,
29/07/2022,MD,MD-PCG-PE5-B1,8904.29,11.6,-0.353597400000002,-0.28480140000000204,SIN NF,0.3
07/08/2022,MD,MD-PCG-PE5-B1,8896.06,11.6,-0.1192892999999627,-0.05049329999996272,SIN NF,3.1
20/08/2022,MD,MD-PCG-PE5-B1,8905.35,11.6,-0.38377559999998756,-0.3149795999999876,SIN NF,8.6
29/08/2022,MD,MD-PCG-PE5-B1,8902.7,11.6,-0.30833009999999794,-0.23953409999999797,SIN NF,
01/03/2023,MD,MD-PCG-PE5-B1,8906.47,11.6,-0.4156619999999585,-0.34686599999995854,SIN NF,23.5
11/03/2023,MD,MD-PCG-PE5-B1,8906.68,11.6,-0.42164069999998544,-0.35284469999998547,SIN NF,
18/03/2023,MD,MD-PCG-PE5-B1,8901.16,11.6,-0.2644862999999731,-0.19569029999997306,SIN NF,
24/03/2023,MD,MD-PCG-PE5-B1,8906.04,11.6,-0.40341990000000205,-0.3346239000000021,SIN NF,
01/04/2023,MD,MD-PCG-PE5-B1,8901.85,11.6,-0.2841305999999876,-0.21533459999998755,SIN NF,1.6
08/04/2023,MD,MD-PCG-PE5-B1,8904.02,11.6,-0.3459104999999896,-0.2771144999999896,SIN NF,
14/04/2023,MD,MD-PCG-PE5-B1,8901.16,11.6,-0.2644862999999731,-0.19569029999997306,SIN NF,
22/04/2023,MD,MD-PCG-PE5-B1,8904.93,11.6,-0.37181819999998544,-0.30302219999998553,SIN NF,6.5
07/05/2023,MD,MD-PCG-PE5-B1,8902.48,11.6,-0.30206669999996477,-0.23327069999996478,SIN NF,
23/05/2023,MD,MD-PCG-PE5-B1,8909.61,11.6,-0.5050577999999938,-0.4362617999999938,SIN NF,13.8
07/06/2023,MD,MD-PCG-PE5-B1,8908.01,11.6,-0.4595057999999834,-0.39070979999998345,SIN NF,
14/06/2023,MD,MD-PCG-PE5-B1,8904.02,11.6,-0.3459104999999896,-0.2771144999999896,SIN NF,
21/06/2023,MD,MD-PCG-PE5-B1,8903.17,11.6,-0.32171099999997926,-0.25291499999997924,SIN NF,
01/07/2023,MD,MD-PCG-PE5-B1,8910.24,11.6,-0.5229938999999709,-0.454197899999971,SIN NF,25.4
06/07/2023,MD,MD-PCG-PE5-B1,8905.83,11.6,-0.3974411999999751,-0.32864519999997516,SIN NF,
14/07/2023,MD,MD-PCG-PE5-B1,8902.06,11.6,-0.2901092999999627,-0.2213132999999627,SIN NF,
29/07/2023,MD,MD-PCG-PE5-B1,8914.66,11.6,-0.648831299999973,-0.580035299999973,SIN NF,17.5
06/08/2023,MD,MD-PCG-PE5-B1,8910.14,11.6,-0.5201468999999607,-0.4513508999999607,SIN NF,
15/08/2023,MD,MD-PCG-PE5-B1,8905.62,11.6,-0.3914625,-0.3226665,SIN NF,
21/08/2023,MD,MD-PCG-PE5-B1,8912.0,11.6,-0.5731010999999773,-0.5043050999999773,SIN NF,3.8
01/09/2023,MD,MD-PCG-PE5-B1,8910.67,11.6,-0.5352359999999792,-0.46643999999997926,SIN NF,
08/09/2023,MD,MD-PCG-PE5-B1,8904.5,11.6,-0.3595760999999772,-0.29078009999997717,SIN NF,
15/09/2023,MD,MD-PCG-PE5-B1,8911.79,11.6,-0.567122400000002,-0.4983264000000021,SIN NF,
24/09/2023,MD,MD-PCG-PE5-B1,8903.34,11.6,-0.3265508999999813,-0.25775489999998136,SIN NF,22.1
01/10/2023,MD,MD-PCG-PE5-B1,8906.47,11.6,-0.4156619999999585,-0.34686599999995854,SIN NF,
08/10/2023,MD,MD-PCG-PE5-B1,8908.01,11.6,-0.4595057999999834,-0.39070979999998345,SIN NF,
15/10/2023,MD,MD-PCG-PE5-B1,8903.6,11.6,-0.3339530999999875,-0.26515709999998754,SIN NF,0.8
29/10/2023,MD,MD-PCG-PE5-B1,8912.27,11.6,-0.5807879999999896,-0.5119919999999897,SIN NF,5.6
05/11/2023,MD,MD-PCG-PE5-B1,8908.01,11.6,-0.4595057999999834,-0.39070979999998345,SIN NF,
11/11/2023,MD,MD-PCG-PE5-B1,8911.15,11.6,-0.5489015999999668,-0.4801055999999668,SIN NF,
18/11/2023,MD,MD-PCG-PE5-B1,8914.45,11.6,-0.6428525999999979,-0.5740565999999979,SIN NF,6.5
13/04/2021,MD,MD-PCG-PE1-C1,9012.18,11.8,-0.1679831999999859,-0.1494611999999859,SIN NF,0.0
19/04/2021,MD,MD-PCG-PE1-C1,9012.88,11.8,-0.18738719999995562,-0.1688651999999556,SIN NF,0.0
27/04/2021,MD,MD-PCG-PE1-C1,9016.02,11.8,-0.27442799999998996,-0.25590599999999,SIN NF,0.0
05/05/2021,MD,MD-PCG-PE1-C1,9009.48,11.7,-0.09313919999996571,-0.0736910999999657,SIN NF,0.0
17/05/2021,MD,MD-PCG-PE1-C1,9008.83,11.7,-0.0751211999999758,-0.055673099999975786,SIN NF,0.0
23/05/2021,MD,MD-PCG-PE1-C1,9009.91,11.7,-0.10505879999997379,-0.08561069999997378,SIN NF,0.0
02/06/2021,MD,MD-PCG-PE1-C1,9011.04,11.7,-0.136382400000002,-0.11693430000000202,SIN NF,2.8
07/06/2021,MD,MD-PCG-PE1-C1,9013.1,11.7,-0.1934855999999879,-0.17403749999998788,SIN NF,2.6
21/06/2021,MD,MD-PCG-PE1-C1,9013.97,11.7,-0.21760199999995966,-0.19815389999995964,SIN NF,0.3
03/07/2021,MD,MD-PCG-PE1-C1,9015.1,11.7,-0.2489255999999879,-0.22947749999998787,SIN NF,2.1
17/07/2021,MD,MD-PCG-PE1-C1,9010.83,11.7,-0.1305611999999758,-0.1111130999999758,SIN NF,0.0
01/08/2021,MD,MD-PCG-PE1-C1,9012.4,11.6,-0.17408159999996775,-0.15370739999996774,SIN NF,0.0
14/08/2021,MD,MD-PCG-PE1-C1,9010.83,11.6,-0.1305611999999758,-0.1101869999999758,SIN NF,0.5
21/08/2021,MD,MD-PCG-PE1-C1,9011.53,11.6,-0.14996519999999597,-0.12959099999999596,SIN NF,17.5
29/08/2021,MD,MD-PCG-PE1-C1,9012.18,11.6,-0.1679831999999859,-0.1476089999999859,SIN NF,1.3
03/09/2021,MD,MD-PCG-PE1-C1,9011.53,11.6,-0.14996519999999597,-0.12959099999999596,SIN NF,2.1
17/09/2021,MD,MD-PCG-PE1-C1,9013.32,11.6,-0.19958399999996979,-0.17920979999996978,SIN NF,0.8
27/09/2021,MD,MD-PCG-PE1-C1,9012.61,11.6,-0.17990279999999395,-0.15952859999999394,SIN NF,17.6
06/10/2021,MD,MD-PCG-PE1-C1,9012.61,11.6,-0.17990279999999395,-0.15952859999999394,SIN NF,0.0
13/10/2021,MD,MD-PCG-PE1-C1,9016.94,11.6,-0.29993039999999194,-0.27955619999999193,SIN NF,0.0
31/10/2021,MD,MD-PCG-PE1-C1,9007.47,11.6,-0.03742199999995967,-0.017047799999959656,SIN NF,0.3
06/11/2021,MD,MD-PCG-PE1-C1,9011.04,11.6,-0.136382400000002,-0.11600820000000202,SIN NF,0.0
14/11/2021,MD,MD-PCG-PE1-C1,9016.94,11.6,-0.29993039999999194,-0.27955619999999193,SIN NF,2.8
20/11/2021,MD,MD-PCG-PE1-C1,9014.45,11.6,-0.230907599999998,-0.21053339999999796,SIN NF,0.0
27/11/2021,MD,MD-PCG-PE1-C1,9011.04,11.6,-0.136382400000002,-0.11600820000000202,SIN NF,0.6
04/12/2021,MD,MD-PCG-PE1-C1,9011.75,11.6,-0.15606359999997782,-0.1356893999999778,SIN NF,
09/12/2021,MD,MD-PCG-PE1-C1,9011.04,11.6,-0.136382400000002,-0.11600820000000202,SIN NF,
17/01/2022,MD,MD-PCG-PE1-C1,9011.96,11.6,-0.16188479999995362,-0.1415105999999536,SIN NF,6.1
26/01/2022,MD,MD-PCG-PE1-C1,9011.75,11.6,-0.15606359999997782,-0.1356893999999778,SIN NF,
04/02/2022,MD,MD-PCG-PE1-C1,9012.61,11.6,-0.17990279999999395,-0.15952859999999394,SIN NF,
14/02/2022,MD,MD-PCG-PE1-C1,9015.59,11.6,-0.2625083999999818,-0.24213419999998181,SIN NF,1.8
24/02/2022,MD,MD-PCG-PE1-C1,9013.97,11.6,-0.21760199999995966,-0.19722779999995962,SIN NF,
05/03/2022,MD,MD-PCG-PE1-C1,9014.89,11.6,-0.2431043999999617,-0.22273019999996166,SIN NF,21.1
12/03/2022,MD,MD-PCG-PE1-C1,9011.96,11.6,-0.16188479999995362,-0.1415105999999536,SIN NF,
21/03/2022,MD,MD-PCG-PE1-C1,9015.32,11.6,-0.2550239999999698,-0.23464979999996977,SIN NF,
30/03/2022,MD,MD-PCG-PE1-C1,9012.88,11.5,-0.18738719999995562,-0.16608689999995563,SIN NF,22.4
05/04/2022,MD,MD-PCG-PE1-C1,9014.89,11.6,-0.2431043999999617,-0.22273019999996166,SIN NF,
13/04/2022,MD,MD-PCG-PE1-C1,9013.75,11.5,-0.2115035999999778,-0.19020329999997782,SIN NF,0.0
23/04/2022,MD,MD-PCG-PE1-C1,9022.8,11.5,-0.4623695999999577,-0.4410692999999577,SIN NF,
29/04/2022,MD,MD-PCG-PE1-C1,9013.53,11.6,-0.20540519999999599,-0.18503099999999598,SIN NF,12.3
06/05/2022,MD,MD-PCG-PE1-C1,9014.67,11.5,-0.23700599999997984,-0.21570569999997982,SIN NF,
13/05/2022,MD,MD-PCG-PE1-C1,9014.24,11.5,-0.22508639999997176,-0.20378609999997174,SIN NF,9.8
20/05/2022,MD,MD-PCG-PE1-C1,9013.1,11.6,-0.1934855999999879,-0.1731113999999879,SIN NF,
28/05/2022,MD,MD-PCG-PE1-C1,9013.53,11.6,-0.20540519999999599,-0.18503099999999598,SIN NF,0.0
06/06/2022,MD,MD-PCG-PE1-C1,9017.16,11.6,-0.3060287999999738,-0.2856545999999738,SIN NF,
13/06/2022,MD,MD-PCG-PE1-C1,9016.02,11.6,-0.27442799999998996,-0.2540537999999899,SIN NF,2.5
21/06/2022,MD,MD-PCG-PE1-C1,9014.45,11.6,-0.230907599999998,-0.21053339999999796,SIN NF,
27/06/2022,MD,MD-PCG-PE1-C1,9015.59,11.6,-0.2625083999999818,-0.24213419999998181,SIN NF,4.2
06/07/2022,MD,MD-PCG-PE1-C1,9016.94,11.5,-0.29993039999999194,-0.2786300999999919,SIN NF,
16/07/2022,MD,MD-PCG-PE1-C1,9016.44,11.6,-0.28607039999999195,-0.2656961999999919,SIN NF,1.0
23/07/2022,MD,MD-PCG-PE1-C1,9014.89,11.6,-0.2431043999999617,-0.22273019999996166,SIN NF,
29/07/2022,MD,MD-PCG-PE1-C1,9015.32,11.5,-0.2550239999999698,-0.23372369999996975,SIN NF,0.3
07/08/2022,MD,MD-PCG-PE1-C1,9010.83,11.5,-0.1305611999999758,-0.1092608999999758,SIN NF,3.1
20/08/2022,MD,MD-PCG-PE1-C1,9016.46,11.5,-0.28662479999995366,-0.2653244999999536,SIN NF,8.6
29/08/2022,MD,MD-PCG-PE1-C1,9015.59,11.5,-0.2625083999999818,-0.24120809999998183,SIN NF,
01/03/2023,MD,MD-PCG-PE1-C1,9018.03,11.5,-0.330145199999996,-0.308844899999996,SIN NF,23.5
11/03/2023,MD,MD-PCG-PE1-C1,9018.51,11.5,-0.3434507999999839,-0.32215049999998385,SIN NF,
18/03/2023,MD,MD-PCG-PE1-C1,9016.67,11.5,-0.29244599999997983,-0.27114569999997984,SIN NF,
24/03/2023,MD,MD-PCG-PE1-C1,9018.03,11.5,-0.330145199999996,-0.308844899999996,SIN NF,
01/04/2023,MD,MD-PCG-PE1-C1,9016.67,11.5,-0.29244599999997983,-0.27114569999997984,SIN NF,1.6
08/04/2023,MD,MD-PCG-PE1-C1,9017.81,11.5,-0.3240467999999637,-0.3027464999999637,SIN NF,
14/04/2023,MD,MD-PCG-PE1-C1,9014.89,11.5,-0.2431043999999617,-0.22180409999996167,SIN NF,
22/04/2023,MD,MD-PCG-PE1-C1,9016.46,11.5,-0.28662479999995366,-0.2653244999999536,SIN NF,6.5
07/05/2023,MD,MD-PCG-PE1-C1,9016.94,11.6,-0.29993039999999194,-0.27955619999999193,SIN NF,
23/05/2023,MD,MD-PCG-PE1-C1,9021.22,11.5,-0.4185719999999597,-0.3972716999999597,SIN NF,13.8
07/06/2023,MD,MD-PCG-PE1-C1,9020.52,11.5,-0.3991679999999899,-0.3778676999999899,SIN NF,
07/06/2023,MD,MD-PCG-PE1-C1,9020.52,11.5,-0.3991679999999899,-0.3778676999999899,SIN NF,
14/06/2023,MD,MD-PCG-PE1-C1,9015.59,11.5,-0.2625083999999818,-0.24120809999998183,SIN NF,
21/06/2023,MD,MD-PCG-PE1-C1,9015.32,11.6,-0.2550239999999698,-0.23464979999996977,SIN NF,
01/07/2023,MD,MD-PCG-PE1-C1,9016.46,11.6,-0.28662479999995366,-0.2662505999999536,SIN NF,25.4
06/07/2023,MD,MD-PCG-PE1-C1,9017.81,11.6,-0.3240467999999637,-0.3036725999999637,SIN NF,
14/07/2023,MD,MD-PCG-PE1-C1,9016.02,11.6,-0.27442799999998996,-0.2540537999999899,SIN NF,
29/07/2023,MD,MD-PCG-PE1-C1,9025.72,11.5,-0.5433119999999597,-0.5220116999999598,SIN NF,17.5
06/08/2023,MD,MD-PCG-PE1-C1,9016.24,11.6,-0.28052639999997175,-0.26015219999997174,SIN NF,
15/08/2023,MD,MD-PCG-PE1-C1,9017.59,11.6,-0.31794839999998187,-0.2975741999999818,SIN NF,3.8
01/09/2023,MD,MD-PCG-PE1-C1,9021.44,11.5,-0.42467039999999195,-0.403370099999992,SIN NF,
08/09/2023,MD,MD-PCG-PE1-C1,9016.46,11.5,-0.28662479999995366,-0.2653244999999536,SIN NF,
15/09/2023,MD,MD-PCG-PE1-C1,9022.58,11.6,-0.4562711999999758,-0.43589699999997583,SIN NF,
24/09/2023,MD,MD-PCG-PE1-C1,9015.32,11.6,-0.2550239999999698,-0.23464979999996977,SIN NF,22.1
01/10/2023,MD,MD-PCG-PE1-C1,9016.94,11.5,-0.29993039999999194,-0.2786300999999919,SIN NF,
08/10/2023,MD,MD-PCG-PE1-C1,9019.16,11.5,-0.36146879999997383,-0.3401684999999738,SIN NF,
15/10/2023,MD,MD-PCG-PE1-C1,9016.94,11.6,-0.29993039999999194,-0.27955619999999193,SIN NF,0.8
29/10/2023,MD,MD-PCG-PE1-C1,9027.78,11.5,-0.6004151999999959,-0.579114899999996,SIN NF,5.6
05/11/2023,MD,MD-PCG-PE1-C1,9019.65,11.6,-0.37505159999996773,-0.3546773999999677,SIN NF,
11/11/2023,MD,MD-PCG-PE1-C1,9021.87,11.5,-0.4365900000000001,-0.4152897000000001,SIN NF,
18/11/2023,MD,MD-PCG-PE1-C1,9016.16,11.5,-0.2783087999999738,-0.25700849999997377,SIN NF,6.5
19/04/2021,MD,MD-PCG-PE2-C1,8827.47,10.8,1.9303856000000335,1.9821948000000336,165.00738560000002,0.0
27/04/2021,MD,MD-PCG-PE2-C1,8836.24,10.8,1.6932448000000218,1.7450540000000219,164.77024480000003,0.0
05/05/2021,MD,MD-PCG-PE2-C1,8825.74,10.8,1.9771648000000217,2.028974000000022,165.05416480000002,0.0
17/05/2021,MD,MD-PCG-PE2-C1,8827.94,10.7,1.9176768000000022,1.9702479000000022,164.9946768,0.0
23/05/2021,MD,MD-PCG-PE2-C1,8837.76,10.8,1.6521440000000098,1.70395320000001,164.72914400000002,0.0
02/06/2021,MD,MD-PCG-PE2-C1,8833.61,10.8,1.7643600000000002,1.8161692000000003,164.84136,2.8
07/06/2021,MD,MD-PCG-PE2-C1,8837.34,10.8,1.6635008000000118,1.7153100000000119,164.7405008,2.6
21/06/2021,MD,MD-PCG-PE2-C1,8839.28,10.7,1.611043199999998,1.663614299999998,164.6880432,0.3
03/07/2021,MD,MD-PCG-PE2-C1,8840.6,10.8,1.575350400000006,1.6271596000000061,164.65235040000002,2.1
17/07/2021,MD,MD-PCG-PE2-C1,8830.57,10.8,1.8465616000000236,1.898370800000024,164.92356160000003,0.0
01/08/2021,MD,MD-PCG-PE2-C1,8837.76,10.8,1.6521440000000098,1.70395320000001,164.72914400000002,0.0
14/08/2021,MD,MD-PCG-PE2-C1,8834.29,10.8,1.745972799999992,1.7977819999999922,164.8229728,0.5
21/08/2021,MD,MD-PCG-PE2-C1,8835.13,10.8,1.7232592000000375,1.7750684000000376,164.80025920000003,17.5
29/08/2021,MD,MD-PCG-PE2-C1,8835.61,10.8,1.71028,1.7620892000000004,164.78728,1.3
03/09/2021,MD,MD-PCG-PE2-C1,8835.34,10.8,1.717580800000012,1.769390000000012,164.7945808,2.1
27/09/2021,MD,MD-PCG-PE2-C1,8836.66,10.8,1.6818880000000198,1.73369720000002,164.758888,18.400000000000002
06/10/2021,MD,MD-PCG-PE2-C1,8835.82,10.8,1.7046016000000237,1.7564108000000238,164.78160160000002,0.0
13/10/2021,MD,MD-PCG-PE2-C1,8842.6,10.8,1.521270400000006,1.573079600000006,164.5982704,0.0
31/10/2021,MD,MD-PCG-PE2-C1,8831.41,10.8,1.82384800000002,1.87565720000002,164.90084800000002,0.3
06/11/2021,MD,MD-PCG-PE2-C1,8836.92,10.8,1.674857600000014,1.726666800000014,164.75185760000002,0.0
14/11/2021,MD,MD-PCG-PE2-C1,8843.23,10.8,1.5042352000000276,1.5560444000000275,164.58123520000004,2.8
20/11/2021,MD,MD-PCG-PE2-C1,8841.7,10.8,1.5456063999999963,1.5974155999999962,164.6226064,0.0
27/11/2021,MD,MD-PCG-PE2-C1,8835.61,10.8,1.71028,1.7620892000000004,164.78728,0.6
04/12/2021,MD,MD-PCG-PE2-C1,8837.13,10.8,1.6691792000000376,1.7209884000000377,164.74617920000003,
09/12/2021,MD,MD-PCG-PE2-C1,8839.82,10.8,1.5964416000000239,1.648250800000024,164.67344160000002,
17/01/2022,MD,MD-PCG-PE2-C1,8834.29,10.8,1.745972799999992,1.7977819999999922,164.8229728,6.1
26/01/2022,MD,MD-PCG-PE2-C1,8834.92,10.8,1.7289376000000138,1.780746800000014,164.80593760000002,
04/02/2022,MD,MD-PCG-PE2-C1,8837.13,10.8,1.6691792000000376,1.7209884000000377,164.74617920000003,
14/02/2022,MD,MD-PCG-PE2-C1,8841.91,10.8,1.5399280000000197,1.5917372000000196,164.61692800000003,1.8
24/02/2022,MD,MD-PCG-PE2-C1,8840.6,10.8,1.575350400000006,1.6271596000000061,164.65235040000002,
05/03/2022,MD,MD-PCG-PE2-C1,8841.28,10.8,1.556963199999998,1.608772399999998,164.63396319999998,21.1
12/03/2022,MD,MD-PCG-PE2-C1,8834.71,10.9,1.7346160000000395,1.7856633000000395,164.81161600000004,
21/03/2022,MD,MD-PCG-PE2-C1,8842.39,10.8,1.5269488000000315,1.5787580000000314,164.60394880000004,
30/03/2022,MD,MD-PCG-PE2-C1,8836.45,10.7,1.6875663999999961,1.7401374999999961,164.7645664,22.4
05/04/2022,MD,MD-PCG-PE2-C1,8841.49,10.8,1.5512848000000217,1.603094000000022,164.62828480000002,
13/04/2022,MD,MD-PCG-PE2-C1,8840.18,10.7,1.586707200000008,1.6392783000000082,164.6637072,0.0
23/04/2022,MD,MD-PCG-PE2-C1,8850.28,10.8,1.3136031999999982,1.365412399999998,164.3906032,
29/04/2022,MD,MD-PCG-PE2-C1,8834.71,10.8,1.7346160000000395,1.7864252000000396,164.81161600000004,12.3
06/05/2022,MD,MD-PCG-PE2-C1,8839.07,10.8,1.6167216000000237,1.6685308000000239,164.69372160000003,
13/05/2022,MD,MD-PCG-PE2-C1,8839.97,10.8,1.5923856000000336,1.6441948000000337,164.66938560000003,9.8
20/05/2022,MD,MD-PCG-PE2-C1,8839.28,10.8,1.611043199999998,1.6628523999999982,164.6880432,
28/05/2022,MD,MD-PCG-PE2-C1,8837.34,10.8,1.6635008000000118,1.7153100000000119,164.7405008,0.0
06/06/2022,MD,MD-PCG-PE2-C1,8844.54,10.8,1.4688127999999923,1.5206219999999921,164.5458128,
13/06/2022,MD,MD-PCG-PE2-C1,8842.39,10.8,1.5269488000000315,1.5787580000000314,164.60394880000004,2.5
24/06/2022,MD,MD-PCG-PE2-C1,8832.09,10.8,1.8054608000000119,1.857270000000012,164.88246080000002,
27/06/2022,MD,MD-PCG-PE2-C1,8842.39,10.8,1.5269488000000315,1.5787580000000314,164.60394880000004,4.2
06/07/2022,MD,MD-PCG-PE2-C1,8843.91,10.8,1.4858480000000198,1.5376572000000197,164.56284800000003,
16/07/2022,MD,MD-PCG-PE2-C1,8842.09,10.8,1.5350608000000119,1.586870000000012,164.61206080000002,1.0
23/07/2022,MD,MD-PCG-PE2-C1,8839.55,10.8,1.6037424000000355,1.6555516000000357,164.68074240000004,
29/07/2022,MD,MD-PCG-PE2-C1,8842.39,10.8,1.5269488000000315,1.5787580000000314,164.60394880000004,0.3
07/08/2022,MD,MD-PCG-PE2-C1,8831.41,10.8,1.82384800000002,1.87565720000002,164.90084800000002,3.1
20/08/2022,MD,MD-PCG-PE2-C1,8843.49,10.9,1.4972048000000218,1.5482521000000218,164.57420480000002,8.6
29/08/2022,MD,MD-PCG-PE2-C1,8840.5,10.7,1.5780544000000156,1.6306255000000158,164.6550544,
01/03/2023,MD,MD-PCG-PE2-C1,8845.02,10.8,1.455833600000004,1.507642800000004,164.5328336,23.5
11/03/2023,MD,MD-PCG-PE2-C1,8844.81,10.8,1.4615120000000295,1.5133212000000296,164.53851200000003,
18/03/2023,MD,MD-PCG-PE2-C1,8839.55,10.7,1.6037424000000355,1.6563135000000357,164.68074240000004,
24/03/2023,MD,MD-PCG-PE2-C1,8844.33,10.7,1.4744912000000177,1.5270623000000176,164.55149120000002,
01/04/2023,MD,MD-PCG-PE2-C1,8839.28,10.7,1.611043199999998,1.663614299999998,164.6880432,1.6
08/04/2023,MD,MD-PCG-PE2-C1,8841.91,10.8,1.5399280000000197,1.5917372000000196,164.61692800000003,
14/04/2023,MD,MD-PCG-PE2-C1,8838.23,10.8,1.6394352000000274,1.6912444000000275,164.71643520000003,
22/04/2023,MD,MD-PCG-PE2-C1,8841.49,10.7,1.5512848000000217,1.6038559000000219,164.62828480000002,6.5
07/05/2023,MD,MD-PCG-PE2-C1,8838.86,10.8,1.6224000000000003,1.6742092000000004,164.6994,
23/05/2023,MD,MD-PCG-PE2-C1,8848.75,10.7,1.354974400000016,1.4075455000000159,164.4319744,13.8
07/06/2023,MD,MD-PCG-PE2-C1,8845.65,10.8,1.4387984000000256,1.4906076000000257,164.51579840000002,
14/06/2023,MD,MD-PCG-PE2-C1,8841.91,10.7,1.5399280000000197,1.5924991000000197,164.61692800000003,
21/06/2023,MD,MD-PCG-PE2-C1,8840.18,10.8,1.586707200000008,1.638516400000008,164.6637072,
01/07/2023,MD,MD-PCG-PE2-C1,8848.49,10.8,1.3620048000000218,1.4138140000000217,164.43900480000002,25.4
06/07/2023,MD,MD-PCG-PE2-C1,8842.18,10.8,1.532627200000008,1.584436400000008,164.6096272,
14/07/2023,MD,MD-PCG-PE2-C1,8841.28,10.7,1.556963199999998,1.609534299999998,164.63396319999998,
29/07/2023,MD,MD-PCG-PE2-C1,8853.55,10.7,1.2251824000000355,1.2777535000000355,164.30218240000002,17.5
06/08/2023,MD,MD-PCG-PE2-C1,8838.44,10.8,1.633756800000002,1.6855660000000023,164.7107568,
15/08/2023,MD,MD-PCG-PE2-C1,8841.7,10.8,1.5456063999999963,1.5974155999999962,164.6226064,
21/08/2023,MD,MD-PCG-PE2-C1,8851.39,10.7,1.2835888000000315,1.3361599000000315,164.36058880000002,3.8
01/09/2023,MD,MD-PCG-PE2-C1,8849.17,10.7,1.3436176000000137,1.3961887000000137,164.4206176,
08/09/2023,MD,MD-PCG-PE2-C1,8842.39,10.7,1.5269488000000315,1.5795199000000315,164.60394880000004,
15/09/2023,MD,MD-PCG-PE2-C1,8850.7,10.7,1.302246399999996,1.354817499999996,164.3792464,
24/09/2023,MD,MD-PCG-PE2-C1,8840.39,10.8,1.5810288000000314,1.6328380000000315,164.65802880000004,22.1
01/10/2023,MD,MD-PCG-PE2-C1,8844.54,10.7,1.4688127999999923,1.5213838999999922,164.5458128,
08/10/2023,MD,MD-PCG-PE2-C1,8845.86,10.7,1.43312,1.4856911,164.51012,
15/10/2023,MD,MD-PCG-PE2-C1,8840.6,10.8,1.575350400000006,1.6271596000000061,164.65235040000002,0.8
29/10/2023,MD,MD-PCG-PE2-C1,8848.96,10.7,1.3492960000000394,1.4018671000000393,164.42629600000004,5.6
05/11/2023,MD,MD-PCG-PE2-C1,8846.33,10.8,1.4204112000000177,1.4722204000000179,164.49741120000002,
11/11/2023,MD,MD-PCG-PE2-C1,8850.81,10.7,1.2992720000000295,1.3518431000000295,164.37627200000003,
18/11/2023,MD,MD-PCG-PE2-C1,8853.34,10.7,1.2308608000000119,1.2834319000000118,164.30786080000001,6.5
03/05/2021,MD,MD-PCG-PE4-B1 ,7928.05,11.4,29.82063599999998,29.770915999999982,168.120636,0.0
05/05/2021,MD,MD-PCG-PE4-B1 ,7927.88,11.4,29.82537899999998,29.775658999999983,168.12537899999998,0.0
17/05/2021,MD,MD-PCG-PE4-B1 ,7931.22,11.4,29.732192999999977,29.68247299999998,168.03219299999998,0.0
23/05/2021,MD,MD-PCG-PE4-B1 ,7935.05,11.5,29.62533599999998,29.57448599999998,167.925336,0.0
02/06/2021,MD,MD-PCG-PE4-B1 ,7935.69,11.5,29.607479999999995,29.556629999999995,167.90748000000002,2.8
07/06/2021,MD,MD-PCG-PE4-B1 ,7938.29,11.5,29.534939999999988,29.484089999999984,167.83494,2.6
21/06/2021,MD,MD-PCG-PE4-B1 ,7939.63,11.5,29.49755399999998,29.44670399999998,167.797554,0.3
03/07/2021,MD,MD-PCG-PE4-B1 ,7940.93,11.5,29.461283999999978,29.410433999999974,167.761284,2.1
17/07/2021,MD,MD-PCG-PE4-B1 ,7935.16,11.5,29.62226699999999,29.57141699999999,167.922267,0.0
01/08/2021,MD,MD-PCG-PE4-B1 ,7939.99,11.5,29.48750999999999,29.436659999999986,167.78751,0.0
14/08/2021,MD,MD-PCG-PE4-B1 ,7938.51,11.5,29.528801999999978,29.477951999999974,167.828802,0.5
21/08/2021,MD,MD-PCG-PE4-B1 ,7938.11,11.5,29.539961999999992,29.489111999999988,167.839962,17.5
29/08/2021,MD,MD-PCG-PE4-B1 ,7939.23,11.5,29.508713999999998,29.457863999999994,167.808714,1.3
03/09/2021,MD,MD-PCG-PE4-B1 ,7938.05,11.5,29.541635999999976,29.490785999999975,167.841636,2.1
17/09/2021,MD,MD-PCG-PE4-B1 ,7940.75,11.5,29.466305999999985,29.415455999999985,167.766306,0.8
27/09/2021,MD,MD-PCG-PE4-B1 ,7940.35,11.5,29.477465999999975,29.42661599999997,167.77746599999998,17.6
06/10/2021,MD,MD-PCG-PE4-B1 ,7939.99,11.5,29.48750999999999,29.436659999999986,167.78751,0.0
13/10/2021,MD,MD-PCG-PE4-B1 ,7944.11,11.5,29.37256199999999,29.321711999999987,167.672562,0.0
31/10/2021,MD,MD-PCG-PE4-B1 ,7937.17,11.5,29.566187999999983,29.51533799999998,167.866188,0.3
06/11/2021,MD,MD-PCG-PE4-B1 ,7940.91,11.5,29.461841999999987,29.410991999999986,167.761842,0.0
14/11/2021,MD,MD-PCG-PE4-B1 ,7944.82,11.5,29.352752999999993,29.30190299999999,167.65275300000002,2.8
20/11/2021,MD,MD-PCG-PE4-B1 ,7943.88,11.5,29.378978999999983,29.32812899999998,167.678979,0.0
27/11/2021,MD,MD-PCG-PE4-B1 ,7940.52,11.5,29.472722999999974,29.42187299999997,167.77272299999998,0.6
04/12/2021,MD,MD-PCG-PE4-B1 ,7942.05,11.5,29.43003599999998,29.37918599999998,167.73003599999998,
09/12/2021,MD,MD-PCG-PE4-B1 ,7940.17,11.5,29.482487999999986,29.43163799999998,167.782488,
17/01/2022,MD,MD-PCG-PE4-B1 ,7940.17,11.5,29.482487999999986,29.43163799999998,167.782488,6.1
26/01/2022,MD,MD-PCG-PE4-B1 ,7940.75,11.5,29.466305999999985,29.415455999999985,167.766306,
04/02/2022,MD,MD-PCG-PE4-B1 ,7942.76,11.5,29.410226999999978,29.359376999999974,167.71022699999997,
14/02/2022,MD,MD-PCG-PE4-B1 ,7946.12,11.5,29.316482999999987,29.265632999999987,167.616483,1.8
24/02/2022,MD,MD-PCG-PE4-B1 ,7944.82,11.5,29.352752999999993,29.30190299999999,167.65275300000002,
05/03/2022,MD,MD-PCG-PE4-B1 ,7945.23,11.5,29.341313999999997,29.290463999999993,167.64131400000002,21.1
12/03/2022,MD,MD-PCG-PE4-B1 ,7940.75,11.5,29.466305999999985,29.415455999999985,167.766306,
21/03/2022,MD,MD-PCG-PE4-B1 ,7945.94,11.4,29.321505,29.271785,167.621505,
30/03/2022,MD,MD-PCG-PE4-B1 ,7942.76,11.5,29.410226999999978,29.359376999999974,167.71022699999997,22.4
05/04/2022,MD,MD-PCG-PE4-B1 ,7945.58,11.5,29.331548999999985,29.28069899999998,167.631549,
13/04/2022,MD,MD-PCG-PE4-B1 ,7944.82,11.4,29.352752999999993,29.303032999999996,167.65275300000002,0.0
23/04/2022,MD,MD-PCG-PE4-B1 ,7951.19,11.4,29.175029999999996,29.12531,167.47503,
29/04/2022,MD,MD-PCG-PE4-B1 ,7942.29,11.5,29.423339999999985,29.372489999999985,167.72334,12.3
06/05/2022,MD,MD-PCG-PE4-B1 ,7944.28,11.4,29.36781899999999,29.318098999999993,167.667819,
13/05/2022,MD,MD-PCG-PE4-B1 ,7944.64,11.4,29.357774999999975,29.308054999999978,167.657775,9.8
20/05/2022,MD,MD-PCG-PE4-B1 ,7944.11,11.5,29.37256199999999,29.321711999999987,167.672562,
28/05/2022,MD,MD-PCG-PE4-B1 ,7942.99,11.5,29.403809999999993,29.35295999999999,167.70381,0.0
06/06/2022,MD,MD-PCG-PE4-B1 ,7947.64,11.5,29.27407499999998,29.223224999999974,167.574075,
13/06/2022,MD,MD-PCG-PE4-B1 ,7946.35,11.5,29.310065999999974,29.25921599999997,167.610066,2.5
24/06/2022,MD,MD-PCG-PE4-B1 ,7939.41,11.5,29.503691999999987,29.452841999999986,167.803692,
27/06/2022,MD,MD-PCG-PE4-B1 ,7946.35,11.5,29.310065999999974,29.25921599999997,167.610066,4.2
06/07/2022,MD,MD-PCG-PE4-B1 ,7943.52,11.4,29.38902299999997,29.339302999999973,167.689023,
16/07/2022,MD,MD-PCG-PE4-B1 ,7944.11,11.5,29.37256199999999,29.321711999999987,167.672562,1.0
23/07/2022,MD,MD-PCG-PE4-B1 ,7943.99,11.5,29.375909999999987,29.325059999999986,167.67591,
29/07/2022,MD,MD-PCG-PE4-B1 ,7945.76,11.4,29.32652699999998,29.276806999999984,167.62652699999998,0.3
07/08/2022,MD,MD-PCG-PE4-B1 ,7934.22,11.4,29.648492999999977,29.59877299999998,167.94849299999998,3.1
20/08/2022,MD,MD-PCG-PE4-B1 ,7939.99,11.4,29.48750999999999,29.437789999999993,167.78751,8.6
29/08/2022,MD,MD-PCG-PE4-B1 ,7943.52,11.4,29.38902299999997,29.339302999999973,167.689023,
01/03/2023,MD,MD-PCG-PE4-B1 ,7956.43,11.4,29.028833999999975,28.979113999999978,167.32883399999997,23.5
11/03/2023,MD,MD-PCG-PE4-B1 ,7956.43,11.4,29.028833999999975,28.979113999999978,167.32883399999997,
18/03/2023,MD,MD-PCG-PE4-B1 ,7953.25,11.4,29.117555999999983,29.067835999999986,167.417556,
24/03/2023,MD,MD-PCG-PE4-B1 ,7956.61,11.4,29.023811999999992,28.974091999999995,167.323812,
01/04/2023,MD,MD-PCG-PE4-B1 ,7953.61,11.4,29.107511999999993,29.057791999999992,167.407512,1.6
08/04/2023,MD,MD-PCG-PE4-B1 ,7955.49,11.4,29.055059999999987,29.00533999999999,167.35506,
14/04/2023,MD,MD-PCG-PE4-B1 ,7950.25,11.4,29.201255999999987,29.15153599999999,167.501256,
22/04/2023,MD,MD-PCG-PE4-B1 ,7955.31,11.4,29.06008199999997,29.010361999999972,167.36008199999998,6.5
07/05/2023,MD,MD-PCG-PE4-B1 ,7953.97,11.4,29.097467999999978,29.047747999999977,167.397468,
23/05/2023,MD,MD-PCG-PE4-B1 ,7960.52,11.4,28.91472299999997,28.865002999999973,167.214723,13.8
07/06/2023,MD,MD-PCG-PE4-B1 ,7959.22,11.4,28.950992999999976,28.90127299999998,167.250993,
14/06/2023,MD,MD-PCG-PE4-B1 ,7956.61,11.4,29.023811999999992,28.974091999999995,167.323812,
21/06/2023,MD,MD-PCG-PE4-B1 ,7955.49,11.4,29.055059999999987,29.00533999999999,167.35506,
01/07/2023,MD,MD-PCG-PE4-B1 ,7960.7,11.4,28.909700999999988,28.85998099999999,167.209701,25.4
06/07/2023,MD,MD-PCG-PE4-B1 ,7956.79,11.4,29.01878999999998,28.969069999999984,167.31878999999998,
14/07/2023,MD,MD-PCG-PE4-B1 ,7956.21,11.4,29.034971999999982,28.985251999999985,167.334972,
29/07/2023,MD,MD-PCG-PE4-B1 ,7964.07,11.4,28.815677999999995,28.765957999999998,167.115678,17.5
06/08/2023,MD,MD-PCG-PE4-B1 ,7954.55,11.4,29.081285999999977,29.03156599999998,167.381286,
15/08/2023,MD,MD-PCG-PE4-B1 ,7956.43,11.4,29.028833999999975,28.979113999999978,167.32883399999997,
21/08/2023,MD,MD-PCG-PE4-B1 ,7962.77,11.4,28.85194799999997,28.802227999999975,167.15194799999998,3.8
01/09/2023,MD,MD-PCG-PE4-B1 ,7961.82,11.4,28.878452999999993,28.828732999999996,167.178453,
08/09/2023,MD,MD-PCG-PE4-B1 ,7957.33,11.4,29.003723999999988,28.95400399999999,167.303724,
15/09/2023,MD,MD-PCG-PE4-B1 ,7962.59,11.4,28.856969999999983,28.807249999999986,167.15697,
24/09/2023,MD,MD-PCG-PE4-B1 ,7955.85,11.4,29.045015999999972,28.995295999999975,167.345016,22.1
01/10/2023,MD,MD-PCG-PE4-B1 ,7958.86,11.4,28.961036999999994,28.911316999999997,167.26103700000002,
08/10/2023,MD,MD-PCG-PE4-B1 ,7959.8,11.4,28.93481099999998,28.885090999999978,167.23481099999998,
15/10/2023,MD,MD-PCG-PE4-B1 ,7959.61,11.4,28.940111999999996,28.890392,167.240112,0.8
29/10/2023,MD,MD-PCG-PE4-B1 ,7962.59,11.4,28.856969999999983,28.807249999999986,167.15697,5.6
05/11/2023,MD,MD-PCG-PE4-B1 ,7960.93,11.4,28.903283999999974,28.853563999999977,167.203284,
11/11/2023,MD,MD-PCG-PE4-B1 ,7963.71,11.4,28.82572199999998,28.776001999999984,167.125722,
18/11/2023,MD,MD-PCG-PE4-B1 ,7965.96,11.4,28.762946999999983,28.713226999999986,167.062947,6.5
03/05/2021,MD,MD-PCG-PE1-D1,8245.51,11.3,23.529911100000017,23.503267100000016,164.22791110000003,0.0
05/05/2021,MD,MD-PCG-PE1-D1,8267.29,11.6,22.915932899999998,22.887290599999996,163.6139329,0.0
17/05/2021,MD,MD-PCG-PE1-D1,8374.1,11.7,19.904959000000012,19.87565060000001,160.60295900000003,0.0
23/05/2021,MD,MD-PCG-PE1-D1,8410.76,11.8,18.871513600000014,18.841539100000016,159.56951360000002,0.0
02/06/2021,MD,MD-PCG-PE1-D1,8430.9,11.8,18.303767000000033,18.273792500000035,159.00176700000003,2.8
07/06/2021,MD,MD-PCG-PE1-D1,8444.62,11.8,17.9170002,17.8870257,158.6150002,2.6
21/06/2021,MD,MD-PCG-PE1-D1,8462.61,11.8,17.409862100000005,17.379887600000007,158.1078621,0.3
03/07/2021,MD,MD-PCG-PE1-D1,8472.07,11.9,17.14318470000003,17.11254410000003,157.84118470000004,2.1
17/07/2021,MD,MD-PCG-PE1-D1,8470.84,11.9,17.17785840000002,17.147217800000018,157.87585840000003,0.0
01/08/2021,MD,MD-PCG-PE1-D1,8480.51,11.9,16.905261100000015,16.874620500000013,157.60326110000003,0.0
14/08/2021,MD,MD-PCG-PE1-D1,8479.87,11.9,16.923302699999997,16.892662099999995,157.6213027,0.5
21/08/2021,MD,MD-PCG-PE1-D1,8481.11,11.9,16.888347100000008,16.857706500000006,157.5863471,17.5
29/08/2021,MD,MD-PCG-PE1-D1,8484.42,11.9,16.795038200000022,16.76439760000002,157.49303820000003,1.3
03/09/2021,MD,MD-PCG-PE1-D1,8484.62,11.8,16.7894002,16.7594257,157.4874002,2.1
17/09/2021,MD,MD-PCG-PE1-D1,8487.48,11.9,16.708776800000035,16.678136200000033,157.40677680000005,0.8
27/09/2021,MD,MD-PCG-PE1-D1,8489.36,11.9,16.655779600000006,16.625139000000004,157.35377960000002,17.6
06/10/2021,MD,MD-PCG-PE1-D1,8490.2,11.8,16.6321,16.602125500000003,157.33010000000002,0.0
13/10/2021,MD,MD-PCG-PE1-D1,8495.15,11.9,16.49255950000003,16.46191890000003,157.19055950000003,0.0
31/10/2021,MD,MD-PCG-PE1-D1,8490.4,11.9,16.626462000000032,16.59582140000003,157.32446200000004,0.3
06/11/2021,MD,MD-PCG-PE1-D1,8495.55,11.9,16.481283500000043,16.45064290000004,157.17928350000005,0.0
14/11/2021,MD,MD-PCG-PE1-D1,8499.86,11.9,16.359784600000005,16.329144000000003,157.05778460000002,2.8
20/11/2021,MD,MD-PCG-PE1-D1,8499.46,11.9,16.371060600000046,16.340420000000044,157.06906060000006,0.0
27/11/2021,MD,MD-PCG-PE1-D1,8496.39,11.9,16.457603900000038,16.426963300000036,157.15560390000005,0.6
04/12/2021,MD,MD-PCG-PE1-D1,8500.11,11.9,16.352737100000006,16.322096500000004,157.05073710000002,
09/12/2021,MD,MD-PCG-PE1-D1,8495.95,11.9,16.4700075,16.4393669,157.16800750000002,
17/01/2022,MD,MD-PCG-PE1-D1,8499.27,11.9,16.37641670000001,16.34577610000001,157.07441670000003,6.1
26/01/2022,MD,MD-PCG-PE1-D1,8500.35,11.9,16.34597150000001,16.31533090000001,157.04397150000003,
04/02/2022,MD,MD-PCG-PE1-D1,8501.55,11.8,16.312143500000044,16.282169000000042,157.01014350000005,
14/02/2022,MD,MD-PCG-PE1-D1,8505.26,11.8,16.207558600000016,16.17758410000002,156.90555860000003,1.8
24/02/2022,MD,MD-PCG-PE1-D1,8505.07,11.8,16.21291470000003,16.182940200000033,156.91091470000003,
05/03/2022,MD,MD-PCG-PE1-D1,8506.06,11.8,16.185006600000033,16.155032100000035,156.88300660000004,21.1
12/03/2022,MD,MD-PCG-PE1-D1,8500.9,11.8,16.33046700000003,16.300492500000033,157.02846700000003,
21/03/2022,MD,MD-PCG-PE1-D1,8507.75,11.8,16.137365500000023,16.107391000000025,156.83536550000002,
30/03/2022,MD,MD-PCG-PE1-D1,8504.02,11.8,16.24251420000001,16.21253970000001,156.94051420000002,22.4
05/04/2022,MD,MD-PCG-PE1-D1,8508.14,11.8,16.12637140000004,16.09639690000004,156.82437140000005,
13/04/2022,MD,MD-PCG-PE1-D1,8506.7,11.8,16.166965,16.136990500000003,156.864965,0.0
23/04/2022,MD,MD-PCG-PE1-D1,8514.35,11.8,15.951311500000012,15.921337000000014,156.6493115,
29/04/2022,MD,MD-PCG-PE1-D1,8503.58,11.9,16.254917800000023,16.224277200000024,156.95291780000002,12.3
06/05/2022,MD,MD-PCG-PE1-D1,8507.3,11.8,16.150051000000044,16.120076500000042,156.84805100000005,
13/05/2022,MD,MD-PCG-PE1-D1,8507.3,11.8,16.150051000000044,16.120076500000042,156.84805100000005,9.8
20/05/2022,MD,MD-PCG-PE1-D1,8506.7,11.9,16.166965,16.136324400000003,156.864965,
28/05/2022,MD,MD-PCG-PE1-D1,8506.5,11.9,16.17260300000002,16.141962400000022,156.87060300000002,0.0
06/06/2022,MD,MD-PCG-PE1-D1,8511.87,11.9,16.0212227,15.990582099999997,156.71922270000002,
13/06/2022,MD,MD-PCG-PE1-D1,8510.43,11.9,16.061816300000014,16.031175700000013,156.7598163,2.5
24/06/2022,MD,MD-PCG-PE1-D1,8503.18,11.9,16.266193800000014,16.235553200000012,156.96419380000003,
27/06/2022,MD,MD-PCG-PE1-D1,8511.02,11.9,16.04518420000001,16.01454360000001,156.74318420000003,4.2
06/07/2022,MD,MD-PCG-PE1-D1,8512.07,11.8,16.01558470000003,15.98561020000003,156.71358470000004,
16/07/2022,MD,MD-PCG-PE1-D1,8510.74,11.9,16.053077400000028,16.02243680000003,156.75107740000004,1.0
23/07/2022,MD,MD-PCG-PE1-D1,8510.13,11.8,16.070273300000043,16.040298800000045,156.76827330000006,
29/07/2022,MD,MD-PCG-PE1-D1,8511.47,11.8,16.03249870000004,16.00252420000004,156.73049870000006,0.3
07/08/2022,MD,MD-PCG-PE1-D1,8502.98,11.9,16.271831800000033,16.24119120000003,156.96983180000004,3.1
20/08/2022,MD,MD-PCG-PE1-D1,8511.47,11.8,16.03249870000004,16.00252420000004,156.73049870000006,8.6
29/08/2022,MD,MD-PCG-PE1-D1,8510.62,11.8,16.0564602,16.026485700000002,156.7544602,
01/03/2023,MD,MD-PCG-PE1-D1,8516.44,11.8,15.892394400000006,15.862419900000008,156.5903944,23.5
11/03/2023,MD,MD-PCG-PE1-D1,8516.64,11.8,15.886756400000039,15.856781900000039,156.58475640000006,
18/03/2023,MD,MD-PCG-PE1-D1,8513.11,11.8,15.986267100000005,15.956292600000005,156.6842671,
24/03/2023,MD,MD-PCG-PE1-D1,8515.99,11.8,15.905079900000027,15.875105400000027,156.60307990000004,
01/04/2023,MD,MD-PCG-PE1-D1,8512.71,11.8,15.997543100000048,15.967568600000048,156.69554310000007,1.6
08/04/2023,MD,MD-PCG-PE1-D1,8514.75,11.8,15.940035500000022,15.910061000000022,156.63803550000003,
14/04/2023,MD,MD-PCG-PE1-D1,8510.23,11.8,16.067454300000033,16.037479800000035,156.76545430000004,
22/04/2023,MD,MD-PCG-PE1-D1,8514.35,11.8,15.951311500000012,15.921337000000014,156.6493115,6.5
07/05/2023,MD,MD-PCG-PE1-D1,8512.07,11.8,16.01558470000003,15.98561020000003,156.71358470000004,
23/05/2023,MD,MD-PCG-PE1-D1,8518.92,11.8,15.82248320000002,15.792508700000022,156.52048320000003,13.8
07/06/2023,MD,MD-PCG-PE1-D1,8517.88,11.8,15.851800800000044,15.821826300000044,156.54980080000004,
14/06/2023,MD,MD-PCG-PE1-D1,8515.39,11.8,15.92199390000004,15.89201940000004,156.61999390000005,
21/06/2023,MD,MD-PCG-PE1-D1,8512.71,11.8,15.997543100000048,15.967568600000048,156.69554310000007,
01/07/2023,MD,MD-PCG-PE1-D1,8515.0,11.8,15.932988000000023,15.903013500000023,156.63098800000003,25.4
06/07/2023,MD,MD-PCG-PE1-D1,8515.39,11.8,15.92199390000004,15.89201940000004,156.61999390000005,
14/07/2023,MD,MD-PCG-PE1-D1,8514.75,11.8,15.940035500000022,15.910061000000022,156.63803550000003,
29/07/2023,MD,MD-PCG-PE1-D1,8523.9,11.8,15.68209700000003,15.652122500000033,156.38009700000003,17.5
06/08/2023,MD,MD-PCG-PE1-D1,8512.91,11.8,15.991905100000025,15.961930600000027,156.68990510000003,
15/08/2023,MD,MD-PCG-PE1-D1,8515.39,11.8,15.92199390000004,15.89201940000004,156.61999390000005,3.8
01/09/2023,MD,MD-PCG-PE1-D1,8520.96,11.8,15.764975600000048,15.735001100000048,156.46297560000005,
08/09/2023,MD,MD-PCG-PE1-D1,8515.0,11.5,15.932988000000023,15.905011800000024,156.63098800000003,
15/09/2023,MD,MD-PCG-PE1-D1,8521.41,11.8,15.752290100000026,15.722315600000028,156.45029010000005,
24/09/2023,MD,MD-PCG-PE1-D1,8514.55,11.8,15.945673500000042,15.915699000000044,156.64367350000006,22.1
01/10/2023,MD,MD-PCG-PE1-D1,8517.68,11.8,15.857438800000011,15.827464300000013,156.55543880000002,
08/10/2023,MD,MD-PCG-PE1-D1,8519.12,11.8,15.8168452,15.7868707,156.5148452,
15/10/2023,MD,MD-PCG-PE1-D1,8515.0,11.5,15.932988000000023,15.905011800000024,156.63098800000003,0.8
29/10/2023,MD,MD-PCG-PE1-D1,8521.21,11.8,15.757928100000045,15.727953600000047,156.45592810000005,5.6
05/11/2023,MD,MD-PCG-PE1-D1,8519.12,11.8,15.8168452,15.7868707,156.5148452,
11/11/2023,MD,MD-PCG-PE1-D1,8521.61,11.8,15.746652100000006,15.716677600000006,156.4446521,
18/11/2023,MD,MD-PCG-PE1-D1,8524.3,11.8,15.670821000000043,15.640846500000045,156.36882100000005,6.5
18/05/2021,MD,MD-PCG-PE7-B1,8861.24,11.2,2.469483400000004,2.456918900000004,138.2644834,0.0
20/05/2021,MD,MD-PCG-PE7-B1,8870.69,11.3,2.2118763999999844,2.1983453999999845,138.00687639999998,0.0
23/05/2021,MD,MD-PCG-PE7-B1,8882.6,11.4,1.8872097999999882,1.8727122999999883,137.68220979999998,0.0
02/06/2021,MD,MD-PCG-PE7-B1,8884.82,11.5,1.826692600000006,1.811228600000006,137.6216926,2.8
07/06/2021,MD,MD-PCG-PE7-B1,8884.82,11.5,1.826692600000006,1.811228600000006,137.6216926,2.6
21/06/2021,MD,MD-PCG-PE7-B1,8882.81,11.5,1.8814852000000122,1.866021200000012,137.6764852,0.3
03/07/2021,MD,MD-PCG-PE7-B1,8886.36,11.5,1.7847121999999822,1.7692481999999823,137.57971219999996,2.1
17/07/2021,MD,MD-PCG-PE7-B1,8883.71,11.5,1.856951200000022,1.8414872000000218,137.6519512,0.0
01/08/2021,MD,MD-PCG-PE7-B1,8882.81,11.5,1.8814852000000122,1.866021200000012,137.6764852,0.0
14/08/2021,MD,MD-PCG-PE7-B1,8883.28,11.5,1.86867299999998,1.85320899999998,137.66367299999996,0.5
21/08/2021,MD,MD-PCG-PE7-B1,8884.61,11.5,1.8324171999999823,1.8169531999999822,137.62741719999997,17.5
29/08/2021,MD,MD-PCG-PE7-B1,8885.24,11.5,1.815243400000004,1.7997794000000038,137.6102434,1.3
03/09/2021,MD,MD-PCG-PE7-B1,8882.81,11.5,1.8814852000000122,1.866021200000012,137.6764852,2.1
17/09/2021,MD,MD-PCG-PE7-B1,8885.93,11.5,1.79643399999999,1.7809699999999902,137.59143399999996,0.8
27/09/2021,MD,MD-PCG-PE7-B1,8885.03,11.5,1.8209679999999802,1.80550399999998,137.61596799999998,17.6
06/10/2021,MD,MD-PCG-PE7-B1,8884.4,11.5,1.838141800000008,1.822677800000008,137.6331418,0.0
13/10/2021,MD,MD-PCG-PE7-B1,8885.72,11.5,1.8021586000000158,1.7866946000000157,137.5971586,0.0
31/10/2021,MD,MD-PCG-PE7-B1,8883.71,11.5,1.856951200000022,1.8414872000000218,137.6519512,0.3
06/11/2021,MD,MD-PCG-PE7-B1,8885.03,11.5,1.8209679999999802,1.80550399999998,137.61596799999998,0.0
14/11/2021,MD,MD-PCG-PE7-B1,8885.03,11.5,1.8209679999999802,1.80550399999998,137.61596799999998,2.8
20/11/2021,MD,MD-PCG-PE7-B1,8885.46,11.5,1.8092462000000218,1.7937822000000219,137.6042462,0.0
27/11/2021,MD,MD-PCG-PE7-B1,8885.93,11.5,1.79643399999999,1.7809699999999902,137.59143399999996,0.6
04/12/2021,MD,MD-PCG-PE7-B1,8884.82,11.5,1.826692600000006,1.811228600000006,137.6216926,
09/12/2021,MD,MD-PCG-PE7-B1,8883.28,11.5,1.86867299999998,1.85320899999998,137.66367299999996,
18/01/2022,MD,MD-PCG-PE7-B1,8884.4,11.5,1.838141800000008,1.822677800000008,137.6331418,6.1
20/01/2022,MD,MD-PCG-PE7-B1,8883.28,11.5,1.86867299999998,1.85320899999998,137.66367299999996,
21/01/2022,MD,MD-PCG-PE7-B1,8884.13,11.5,1.84550200000002,1.83003800000002,137.640502,
23/01/2022,MD,MD-PCG-PE7-B1,8887.04,11.5,1.766175399999974,1.750711399999974,137.56117539999997,
24/01/2022,MD,MD-PCG-PE7-B1,8887.68,11.5,1.7487289999999902,1.73326499999999,137.54372899999998,
25/01/2022,MD,MD-PCG-PE7-B1,8887.04,11.5,1.766175399999974,1.750711399999974,137.56117539999997,
26/01/2022,MD,MD-PCG-PE7-B1,8886.14,11.5,1.790709400000014,1.775245400000014,137.5857094,
28/01/2022,MD,MD-PCG-PE7-B1,8887.27,11.5,1.7599055999999864,1.7444415999999863,137.55490559999998,
29/01/2022,MD,MD-PCG-PE7-B1,8885.72,11.5,1.8021586000000158,1.7866946000000157,137.5971586,
04/02/2022,MD,MD-PCG-PE7-B1,8887.04,11.5,1.766175399999974,1.750711399999974,137.56117539999997,
14/02/2022,MD,MD-PCG-PE7-B1,8885.72,11.5,1.8021586000000158,1.7866946000000157,137.5971586,1.8
24/02/2022,MD,MD-PCG-PE7-B1,8883.71,11.5,1.856951200000022,1.8414872000000218,137.6519512,
05/03/2022,MD,MD-PCG-PE7-B1,8889.01,11.5,1.712473199999992,1.697009199999992,137.5074732,21.1
12/03/2022,MD,MD-PCG-PE7-B1,8885.03,11.5,1.8209679999999802,1.80550399999998,137.61596799999998,
21/03/2022,MD,MD-PCG-PE7-B1,8886.14,11.5,1.790709400000014,1.775245400000014,137.5857094,
30/03/2022,MD,MD-PCG-PE7-B1,8886.78,11.5,1.77326299999998,1.7577989999999801,137.56826299999997,22.4
05/04/2022,MD,MD-PCG-PE7-B1,8887.89,11.5,1.743004400000014,1.727540400000014,137.5380044,
13/04/2022,MD,MD-PCG-PE7-B1,8886.36,11.5,1.7847121999999822,1.7692481999999823,137.57971219999996,0.0
23/04/2022,MD,MD-PCG-PE7-B1,8889.69,11.5,1.6939363999999841,1.6784723999999842,137.48893639999997,
29/04/2022,MD,MD-PCG-PE7-B1,8887.47,11.5,1.754453600000016,1.7389896000000158,137.5494536,12.3
06/05/2022,MD,MD-PCG-PE7-B1,8888.1,11.5,1.737279799999988,1.721815799999988,137.53227979999997,
13/05/2022,MD,MD-PCG-PE7-B1,8885.93,11.5,1.79643399999999,1.7809699999999902,137.59143399999996,9.8
20/05/2022,MD,MD-PCG-PE7-B1,8883.5,11.5,1.8626757999999979,1.8472117999999977,137.6576758,
30/05/2022,MD,MD-PCG-PE7-B1,8884.61,11.5,1.8324171999999823,1.8169531999999822,137.62741719999997,0.0
06/06/2022,MD,MD-PCG-PE7-B1,8887.89,11.5,1.743004400000014,1.727540400000014,137.5380044,
13/06/2022,MD,MD-PCG-PE7-B1,8887.26,11.5,1.760178199999992,1.744714199999992,137.55517819999997,2.5
21/06/2022,MD,MD-PCG-PE7-B1,8886.14,11.5,1.790709400000014,1.775245400000014,137.5857094,
27/06/2022,MD,MD-PCG-PE7-B1,8885.82,11.5,1.799432600000006,1.783968600000006,137.5944326,4.2
06/07/2022,MD,MD-PCG-PE7-B1,8889.69,11.5,1.6939363999999841,1.6784723999999842,137.48893639999997,
16/07/2022,MD,MD-PCG-PE7-B1,8888.51,11.5,1.7261031999999923,1.7106391999999921,137.52110319999997,1.0
23/07/2022,MD,MD-PCG-PE7-B1,8888.17,11.5,1.735371599999996,1.719907599999996,137.5303716,
29/07/2022,MD,MD-PCG-PE7-B1,8886.36,11.6,1.7847121999999822,1.7682816999999824,137.57971219999996,0.3
07/08/2022,MD,MD-PCG-PE7-B1,8882.6,11.5,1.8872097999999882,1.8717457999999882,137.68220979999998,3.1
20/08/2022,MD,MD-PCG-PE7-B1,8889.01,11.5,1.712473199999992,1.697009199999992,137.5074732,8.6
29/08/2022,MD,MD-PCG-PE7-B1,8886.57,11.5,1.7789876000000058,1.7635236000000059,137.57398759999998,
01/03/2023,MD,MD-PCG-PE7-B1,8890.33,11.5,1.6764899999999998,1.661026,137.47149,23.5
11/03/2023,MD,MD-PCG-PE7-B1,8890.75,11.5,1.665040799999998,1.649576799999998,137.46004079999997,
18/03/2023,MD,MD-PCG-PE7-B1,8887.04,11.5,1.766175399999974,1.750711399999974,137.56117539999997,
24/03/2023,MD,MD-PCG-PE7-B1,8886.78,11.5,1.77326299999998,1.7577989999999801,137.56826299999997,
01/04/2023,MD,MD-PCG-PE7-B1,8887.67,11.5,1.7490015999999962,1.7335375999999962,137.54400159999997,1.6
08/04/2023,MD,MD-PCG-PE7-B1,8888.79,11.5,1.7184703999999742,1.703006399999974,137.51347039999996,
14/04/2023,MD,MD-PCG-PE7-B1,8884.4,11.5,1.838141800000008,1.822677800000008,137.6331418,
22/04/2023,MD,MD-PCG-PE7-B1,8889.01,11.5,1.712473199999992,1.697009199999992,137.5074732,6.5
07/05/2023,MD,MD-PCG-PE7-B1,8888.37,11.5,1.7299195999999764,1.7144555999999762,137.52491959999998,
23/05/2023,MD,MD-PCG-PE7-B1,8890.75,11.5,1.665040799999998,1.649576799999998,137.46004079999997,13.8
07/06/2023,MD,MD-PCG-PE7-B1,8891.44,11.5,1.6462313999999842,1.630767399999984,137.44123139999996,
14/06/2023,MD,MD-PCG-PE7-B1,8886.14,11.5,1.790709400000014,1.775245400000014,137.5857094,
21/06/2023,MD,MD-PCG-PE7-B1,8884.61,11.5,1.8324171999999823,1.8169531999999822,137.62741719999997,
01/07/2023,MD,MD-PCG-PE7-B1,8888.1,11.5,1.737279799999988,1.721815799999988,137.53227979999997,25.4
06/07/2023,MD,MD-PCG-PE7-B1,8890.54,11.5,1.6707653999999743,1.6553013999999742,137.46576539999995,
14/07/2023,MD,MD-PCG-PE7-B1,8884.61,11.5,1.8324171999999823,1.8169531999999822,137.62741719999997,
29/07/2023,MD,MD-PCG-PE7-B1,8890.54,11.5,1.6707653999999743,1.6553013999999742,137.46576539999995,17.5
06/08/2023,MD,MD-PCG-PE7-B1,8890.78,11.5,1.6642229999999802,1.64875899999998,137.45922299999998,
15/08/2023,MD,MD-PCG-PE7-B1,8891.02,11.5,1.6576805999999862,1.642216599999986,137.45268059999998,
21/08/2023,MD,MD-PCG-PE7-B1,8890.54,11.5,1.6707653999999743,1.6553013999999742,137.46576539999995,3.8
01/09/2023,MD,MD-PCG-PE7-B1,8894.52,11.5,1.5622705999999862,1.5468065999999863,137.35727059999996,
08/09/2023,MD,MD-PCG-PE7-B1,8888.79,11.5,1.7184703999999742,1.703006399999974,137.51347039999996,
15/09/2023,MD,MD-PCG-PE7-B1,8894.31,11.5,1.567995200000012,1.552531200000012,137.3629952,
24/09/2023,MD,MD-PCG-PE7-B1,8889.01,11.5,1.712473199999992,1.697009199999992,137.5074732,22.1
08/10/2023,MD,MD-PCG-PE7-B1,8892.56,11.5,1.6157002000000118,1.6002362000000117,137.4107002,
15/10/2023,MD,MD-PCG-PE7-B1,8889.22,11.5,1.706748600000016,1.691284600000016,137.5017486,0.8
29/10/2023,MD,MD-PCG-PE7-B1,8898.29,11.5,1.4595003999999743,1.4440363999999744,137.25450039999996,5.6
05/11/2023,MD,MD-PCG-PE7-B1,8893.88,11.5,1.57971700000002,1.5642530000000199,137.374717,
11/11/2023,MD,MD-PCG-PE7-B1,8894.1,11.5,1.5737197999999883,1.5582557999999884,137.36871979999998,
18/11/2023,MD,MD-PCG-PE7-B1,8898.29,11.5,1.4595003999999743,1.4440363999999744,137.25450039999996,6.5
27/05/2021,MD,MD-PCG-PE3-B1,8867.42,9.8,0.0799425000000102,0.0839280000000102,179.22294250000002,0.0
02/06/2021,MD,MD-PCG-PE3-B1,8867.63,9.8,0.07405200000003469,0.07803750000003469,179.21705200000002,2.8
07/06/2021,MD,MD-PCG-PE3-B1,8872.23,9.8,-0.05497799999997551,-0.050992499999975516,SIN NF,2.6
21/06/2021,MD,MD-PCG-PE3-B1,8873.34,9.7,-0.08611349999999184,-0.08186229999999182,SIN NF,0.3
03/07/2021,MD,MD-PCG-PE3-B1,8874.66,9.8,-0.12313949999998366,-0.11915399999998366,SIN NF,2.1
17/07/2021,MD,MD-PCG-PE3-B1,8864.3,9.8,0.16745850000003265,0.17144400000003265,179.31045850000004,0.0
01/08/2021,MD,MD-PCG-PE3-B1,8871.8,9.8,-0.04291649999996734,-0.038930999999967346,SIN NF,0.0
14/08/2021,MD,MD-PCG-PE3-B1,8868.05,9.8,0.062271000000032654,0.06625650000003265,179.20527100000004,0.5
21/08/2021,MD,MD-PCG-PE3-B1,8868.53,9.8,0.048806999999993876,0.05279249999999388,179.19180699999998,17.5
29/08/2021,MD,MD-PCG-PE3-B1,8869.85,9.8,0.011781000000002042,0.015766500000002043,179.154781,1.3
03/09/2021,MD,MD-PCG-PE3-B1,8869.37,9.8,0.025244999999989796,0.029230499999989796,179.16824499999998,2.1
17/09/2021,MD,MD-PCG-PE3-B1,8871.8,9.8,-0.04291649999996734,-0.038930999999967346,SIN NF,0.8
27/09/2021,MD,MD-PCG-PE3-B1,8871.8,9.8,-0.04291649999996734,-0.038930999999967346,SIN NF,17.6
06/10/2021,MD,MD-PCG-PE3-B1,8870.48,9.8,-0.005890499999975509,-0.0019049999999755087,SIN NF,0.0
13/10/2021,MD,MD-PCG-PE3-B1,8877.78,9.8,-0.2106555000000061,-0.2066700000000061,SIN NF,0.0
31/10/2021,MD,MD-PCG-PE3-B1,8866.94,9.8,0.09340649999999796,0.09739199999999795,179.2364065,0.3
06/11/2021,MD,MD-PCG-PE3-B1,8872.23,9.8,-0.05497799999997551,-0.050992499999975516,SIN NF,0.0
14/11/2021,MD,MD-PCG-PE3-B1,8878.2,9.8,-0.22243650000000814,-0.21845100000000814,SIN NF,2.8
20/11/2021,MD,MD-PCG-PE3-B1,8875.98,9.8,-0.1601654999999755,-0.15617999999997548,SIN NF,0.0
27/11/2021,MD,MD-PCG-PE3-B1,8871.8,9.8,-0.04291649999996734,-0.038930999999967346,SIN NF,0.6
04/12/2021,MD,MD-PCG-PE3-B1,8874.45,9.8,-0.11724900000000815,-0.11326350000000815,SIN NF,
09/12/2021,MD,MD-PCG-PE3-B1,8873.13,9.8,-0.0802229999999653,-0.07623749999996529,SIN NF,
17/01/2022,MD,MD-PCG-PE3-B1,8873.55,9.8,-0.09200399999996735,-0.08801849999996735,SIN NF,6.1
26/01/2022,MD,MD-PCG-PE3-B1,8874.45,9.8,-0.11724900000000815,-0.11326350000000815,SIN NF,
04/02/2022,MD,MD-PCG-PE3-B1,8877.3,9.8,-0.19719149999996732,-0.19320599999996732,SIN NF,
14/02/2022,MD,MD-PCG-PE3-B1,8882.6,9.7,-0.34585649999999796,-0.34160529999999795,SIN NF,1.8
24/02/2022,MD,MD-PCG-PE3-B1,8881.27,9.7,-0.30855,-0.3042987999999999,SIN NF,
05/03/2022,MD,MD-PCG-PE3-B1,8881.75,9.7,-0.32201399999998775,-0.31776279999998774,SIN NF,21.1
12/03/2022,MD,MD-PCG-PE3-B1,8875.56,9.5,-0.14838449999997347,-0.14360189999997347,SIN NF,
21/03/2022,MD,MD-PCG-PE3-B1,8883.28,9.7,-0.3649305000000061,-0.3606793000000061,SIN NF,
30/03/2022,MD,MD-PCG-PE3-B1,8877.51,9.7,-0.20308199999999388,-0.19883079999999387,SIN NF,22.4
05/04/2022,MD,MD-PCG-PE3-B1,8882.6,9.7,-0.34585649999999796,-0.34160529999999795,SIN NF,
13/04/2022,MD,MD-PCG-PE3-B1,8881.48,9.7,-0.3144404999999755,-0.31018929999997547,SIN NF,0.0
23/04/2022,MD,MD-PCG-PE3-B1,8891.02,9.7,-0.5820375,-0.5777863,SIN NF,
29/04/2022,MD,MD-PCG-PE3-B1,8874.24,9.8,-0.11135849999998161,-0.10737299999998161,SIN NF,12.3
06/05/2022,MD,MD-PCG-PE3-B1,8876.88,9.7,-0.1854104999999653,-0.1811592999999653,SIN NF,
13/05/2022,MD,MD-PCG-PE3-B1,8876.67,9.7,-0.1795199999999898,-0.1752687999999898,SIN NF,9.8
20/05/2022,MD,MD-PCG-PE3-B1,8875.56,9.8,-0.14838449999997347,-0.14439899999997347,SIN NF,
28/05/2022,MD,MD-PCG-PE3-B1,8874.02,9.8,-0.10518749999999999,-0.10120199999999997,SIN NF,0.0
06/06/2022,MD,MD-PCG-PE3-B1,8880.85,9.8,-0.29676899999999795,-0.2927834999999979,SIN NF,
13/06/2022,MD,MD-PCG-PE3-B1,8878.41,9.8,-0.22832699999998365,-0.22434149999998365,SIN NF,2.5
24/06/2022,MD,MD-PCG-PE3-B1,8868.74,9.8,0.04291650000001837,0.046902000000018366,179.18591650000002,
27/06/2022,MD,MD-PCG-PE3-B1,8878.63,9.8,-0.2344979999999653,-0.2305124999999653,SIN NF,4.2
06/07/2022,MD,MD-PCG-PE3-B1,8879.94,9.8,-0.271243500000002,-0.26725800000000205,SIN NF,
16/07/2022,MD,MD-PCG-PE3-B1,8878.15,9.8,-0.22103399999997753,-0.21704849999997752,SIN NF,1.0
23/07/2022,MD,MD-PCG-PE3-B1,8878.56,9.8,-0.23253449999997344,-0.22854899999997344,SIN NF,
29/07/2022,MD,MD-PCG-PE3-B1,8878.63,9.7,-0.2344979999999653,-0.23024679999996528,SIN NF,0.3
07/08/2022,MD,MD-PCG-PE3-B1,8868.53,9.8,0.048806999999993876,0.05279249999999388,179.19180699999998,3.1
20/08/2022,MD,MD-PCG-PE3-B1,8872.02,9.7,-0.0490875,-0.044836299999999996,SIN NF,8.6
29/08/2022,MD,MD-PCG-PE3-B1,8877.09,9.7,-0.1913009999999918,-0.18704979999999183,SIN NF,
01/03/2023,MD,MD-PCG-PE3-B1,8882.38,9.7,-0.3396854999999653,-0.33543429999996527,SIN NF,23.5
11/03/2023,MD,MD-PCG-PE3-B1,8882.17,9.7,-0.3337949999999898,-0.3295437999999898,SIN NF,
18/03/2023,MD,MD-PCG-PE3-B1,8877.09,9.7,-0.1913009999999918,-0.18704979999999183,SIN NF,
24/03/2023,MD,MD-PCG-PE3-B1,8881.99,9.7,-0.3287459999999816,-0.3244947999999816,SIN NF,
01/04/2023,MD,MD-PCG-PE3-B1,8876.88,9.7,-0.1854104999999653,-0.1811592999999653,SIN NF,1.6
08/04/2023,MD,MD-PCG-PE3-B1,8879.74,9.7,-0.26563349999998165,-0.2613822999999816,SIN NF,
14/04/2023,MD,MD-PCG-PE3-B1,8876.46,9.7,-0.17362949999996324,-0.16937829999996326,SIN NF,
22/04/2023,MD,MD-PCG-PE3-B1,8878.63,9.7,-0.2344979999999653,-0.23024679999996528,SIN NF,6.5
07/05/2023,MD,MD-PCG-PE3-B1,8876.46,9.7,-0.17362949999996324,-0.16937829999996326,SIN NF,
23/05/2023,MD,MD-PCG-PE3-B1,8884.61,9.7,-0.40223700000000406,-0.3979858000000041,SIN NF,13.8
07/06/2023,MD,MD-PCG-PE3-B1,8882.6,9.7,-0.34585649999999796,-0.34160529999999795,SIN NF,
14/06/2023,MD,MD-PCG-PE3-B1,8878.63,9.7,-0.2344979999999653,-0.23024679999996528,SIN NF,
21/06/2023,MD,MD-PCG-PE3-B1,8877.09,9.8,-0.1913009999999918,-0.1873154999999918,SIN NF,
01/07/2023,MD,MD-PCG-PE3-B1,8884.82,9.7,-0.4081274999999796,-0.4038762999999796,SIN NF,25.4
06/07/2023,MD,MD-PCG-PE3-B1,8878.63,9.7,-0.2344979999999653,-0.23024679999996528,SIN NF,
14/07/2023,MD,MD-PCG-PE3-B1,8877.99,9.7,-0.21654599999998161,-0.2122947999999816,SIN NF,
29/07/2023,MD,MD-PCG-PE3-B1,8889.69,9.7,-0.5447310000000021,-0.5404798000000021,SIN NF,17.5
06/08/2023,MD,MD-PCG-PE3-B1,8875.13,9.7,-0.1363229999999653,-0.1320717999999653,SIN NF,
15/08/2023,MD,MD-PCG-PE3-B1,8887.99,9.8,-0.49704599999998167,-0.49306049999998164,SIN NF,
21/08/2023,MD,MD-PCG-PE3-B1,8887.47,9.7,-0.4824599999999694,-0.4782087999999694,SIN NF,3.8
01/09/2023,MD,MD-PCG-PE3-B1,8885.24,9.7,-0.4199084999999816,-0.41565729999998163,SIN NF,
08/09/2023,MD,MD-PCG-PE3-B1,8878.63,9.7,-0.2344979999999653,-0.23024679999996528,SIN NF,
15/09/2023,MD,MD-PCG-PE3-B1,8886.78,9.7,-0.4631055000000061,-0.4588543000000061,SIN NF,
24/09/2023,MD,MD-PCG-PE3-B1,8876.88,9.7,-0.1854104999999653,-0.1811592999999653,SIN NF,22.1
01/10/2023,MD,MD-PCG-PE3-B1,8880.41,9.7,-0.28442699999998367,-0.28017579999998365,SIN NF,
08/10/2023,MD,MD-PCG-PE3-B1,8882.38,9.7,-0.3396854999999653,-0.33543429999996527,SIN NF,
15/10/2023,MD,MD-PCG-PE3-B1,8877.09,9.7,-0.1913009999999918,-0.18704979999999183,SIN NF,0.8
29/10/2023,MD,MD-PCG-PE3-B1,8884.61,9.7,-0.40223700000000406,-0.3979858000000041,SIN NF,5.6
05/11/2023,MD,MD-PCG-PE3-B1,8882.38,9.7,-0.3396854999999653,-0.33543429999996527,SIN NF,
11/11/2023,MD,MD-PCG-PE3-B1,8885.46,9.7,-0.42607949999996325,-0.4218282999999633,SIN NF,
18/11/2023,MD,MD-PCG-PE3-B1,8889.01,9.7,-0.5256569999999938,-0.5214057999999939,SIN NF,6.5
27/06/2021,MD,MD-PCG-PE6-B1,8608.49,11.8,10.203562600000028,10.190397400000029,144.60356260000006,0.0
03/07/2021,MD,MD-PCG-PE6-B1,8597.99,12.0,10.487272600000027,10.473535000000028,144.88727260000007,2.1
17/07/2021,MD,MD-PCG-PE6-B1,8628.32,12.1,9.66775600000003,9.65373220000003,144.06775600000006,0.0
01/08/2021,MD,MD-PCG-PE6-B1,8643.15,12.1,9.267049400000031,9.253025600000031,143.66704940000005,0.0
14/08/2021,MD,MD-PCG-PE6-B1,8638.67,12.2,9.38809900000002,9.373789000000022,143.78809900000005,0.5
21/08/2021,MD,MD-PCG-PE6-B1,8641.21,12.1,9.319468200000045,9.305444400000045,143.71946820000008,17.5
29/08/2021,MD,MD-PCG-PE6-B1,8644.16,12.2,9.239759200000027,9.225449200000027,143.63975920000007,1.3
03/09/2021,MD,MD-PCG-PE6-B1,8643.96,12.2,9.245163200000045,9.230853200000046,143.64516320000007,2.1
17/09/2021,MD,MD-PCG-PE6-B1,8645.69,12.2,9.198418600000007,9.184108600000009,143.59841860000003,0.8
27/09/2021,MD,MD-PCG-PE6-B1,8646.09,12.2,9.187610600000017,9.173300600000019,143.58761060000006,17.6
06/10/2021,MD,MD-PCG-PE6-B1,8645.69,12.2,9.198418600000007,9.184108600000009,143.59841860000003,0.0
13/10/2021,MD,MD-PCG-PE6-B1,8650.32,12.2,9.07331600000003,9.05900600000003,143.47331600000007,0.0
31/10/2021,MD,MD-PCG-PE6-B1,8645.43,12.2,9.205443800000014,9.191133800000015,143.60544380000005,0.3
06/11/2021,MD,MD-PCG-PE6-B1,8648.23,12.2,9.129787800000033,9.115477800000034,143.52978780000007,0.0
14/11/2021,MD,MD-PCG-PE6-B1,8651.38,12.2,9.044674800000044,9.030364800000044,143.4446748000001,2.8
20/11/2021,MD,MD-PCG-PE6-B1,8650.52,12.2,9.06791200000001,9.05360200000001,143.46791200000004,0.0
27/11/2021,MD,MD-PCG-PE6-B1,8647.77,12.2,9.14221700000001,9.12790700000001,143.54221700000005,0.6
04/12/2021,MD,MD-PCG-PE6-B1,8648.84,12.2,9.113305600000018,9.09899560000002,143.51330560000005,
09/12/2021,MD,MD-PCG-PE6-B1,8647.36,12.2,9.153295200000006,9.138985200000006,143.55329520000004,
17/01/2022,MD,MD-PCG-PE6-B1,8645.23,11.2,9.210847800000034,9.199399800000034,143.61084780000007,6.1
26/01/2022,MD,MD-PCG-PE6-B1,8646.3,12.2,9.181936400000042,9.167626400000042,143.58193640000007,
04/02/2022,MD,MD-PCG-PE6-B1,8647.77,12.2,9.14221700000001,9.12790700000001,143.54221700000005,
14/02/2022,MD,MD-PCG-PE6-B1,8650.32,12.2,9.07331600000003,9.05900600000003,143.47331600000007,1.8
24/02/2022,MD,MD-PCG-PE6-B1,8650.52,12.2,9.06791200000001,9.05360200000001,143.46791200000004,
05/03/2022,MD,MD-PCG-PE6-B1,8646.09,12.2,9.187610600000017,9.173300600000019,143.58761060000006,21.1
12/03/2022,MD,MD-PCG-PE6-B1,8645.03,12.2,9.216251800000004,9.201941800000006,143.61625180000004,
21/03/2022,MD,MD-PCG-PE6-B1,8650.11,12.2,9.078990200000007,9.064680200000007,143.47899020000006,
30/03/2022,MD,MD-PCG-PE6-B1,8646.09,12.2,9.187610600000017,9.173300600000019,143.58761060000006,22.4
05/04/2022,MD,MD-PCG-PE6-B1,8649.5,12.2,9.095472400000022,9.081162400000023,143.49547240000007,
13/04/2022,MD,MD-PCG-PE6-B1,8648.43,12.1,9.124383800000015,9.110360000000014,143.52438380000004,0.0
23/04/2022,MD,MD-PCG-PE6-B1,8645.43,12.2,9.205443800000014,9.191133800000015,143.60544380000005,
29/04/2022,MD,MD-PCG-PE6-B1,8648.43,12.2,9.124383800000015,9.110073800000015,143.52438380000004,12.3
06/05/2022,MD,MD-PCG-PE6-B1,8650.52,12.2,9.06791200000001,9.05360200000001,143.46791200000004,
13/05/2022,MD,MD-PCG-PE6-B1,8649.25,12.2,9.102227400000022,9.087917400000023,143.50222740000007,9.8
20/05/2022,MD,MD-PCG-PE6-B1,8649.7,12.2,9.090068400000002,9.075758400000003,143.49006840000004,
28/05/2022,MD,MD-PCG-PE6-B1,8648.04,12.2,9.134921599999998,9.120611599999998,143.53492160000002,0.0
06/06/2022,MD,MD-PCG-PE6-B1,8634.0,12.2,9.514282400000022,9.499972400000022,143.91428240000005,
13/06/2022,MD,MD-PCG-PE6-B1,8645.89,12.2,9.193014600000037,9.178704600000039,143.59301460000006,2.5
24/06/2022,MD,MD-PCG-PE6-B1,8640.6,12.2,9.335950400000012,9.321640400000012,143.73595040000004,
27/06/2022,MD,MD-PCG-PE6-B1,8638.67,12.2,9.38809900000002,9.373789000000022,143.78809900000005,4.2
06/07/2022,MD,MD-PCG-PE6-B1,8641.62,12.2,9.30839,9.294080000000001,143.70839000000004,
16/07/2022,MD,MD-PCG-PE6-B1,8640.21,12.2,9.346488200000046,9.332178200000046,143.74648820000007,1.0
23/07/2022,MD,MD-PCG-PE6-B1,8635.93,12.2,9.462133800000014,9.447823800000014,143.86213380000004,
29/07/2022,MD,MD-PCG-PE6-B1,8648.43,12.2,9.124383800000015,9.110073800000015,143.52438380000004,0.3
07/08/2022,MD,MD-PCG-PE6-B1,8642.28,12.2,9.290556800000003,9.276246800000004,143.69055680000002,3.1
20/08/2022,MD,MD-PCG-PE6-B1,8643.15,12.1,9.267049400000031,9.253025600000031,143.66704940000005,8.6
29/08/2022,MD,MD-PCG-PE6-B1,8645.23,12.1,9.210847800000034,9.196824000000033,143.61084780000007,
01/03/2023,MD,MD-PCG-PE6-B1,8640.35,12.2,9.342705400000012,9.328395400000012,143.74270540000003,23.5
11/03/2023,MD,MD-PCG-PE6-B1,8640.6,12.1,9.335950400000012,9.321926600000012,143.73595040000004,
18/03/2023,MD,MD-PCG-PE6-B1,8645.43,12.1,9.205443800000014,9.191420000000013,143.60544380000005,
24/03/2023,MD,MD-PCG-PE6-B1,8640.35,12.1,9.342705400000012,9.328681600000012,143.74270540000003,
01/04/2023,MD,MD-PCG-PE6-B1,8643.15,12.1,9.267049400000031,9.253025600000031,143.66704940000005,1.6
08/04/2023,MD,MD-PCG-PE6-B1,8641.62,12.1,9.30839,9.294366199999999,143.70839000000004,
14/04/2023,MD,MD-PCG-PE6-B1,8640.81,12.1,9.330276200000036,9.316252400000035,143.73027620000008,
22/04/2023,MD,MD-PCG-PE6-B1,8637.61,12.1,9.416740200000007,9.402716400000006,143.81674020000003,6.5
07/05/2023,MD,MD-PCG-PE6-B1,8642.89,12.1,9.274074600000038,9.260050800000037,143.67407460000007,
23/05/2023,MD,MD-PCG-PE6-B1,8635.07,12.1,9.485371000000029,9.47134720000003,143.88537100000008,13.8
07/06/2023,MD,MD-PCG-PE6-B1,8640.81,12.2,9.330276200000036,9.315966200000037,143.73027620000008,
14/06/2023,MD,MD-PCG-PE6-B1,8646.3,12.1,9.181936400000042,9.167912600000042,143.58193640000007,
21/06/2023,MD,MD-PCG-PE6-B1,8640.6,12.2,9.335950400000012,9.321640400000012,143.73595040000004,
01/07/2023,MD,MD-PCG-PE6-B1,8637.81,12.2,9.411336200000035,9.397026200000036,143.81133620000006,25.4
06/07/2023,MD,MD-PCG-PE6-B1,8640.6,12.2,9.335950400000012,9.321640400000012,143.73595040000004,
14/07/2023,MD,MD-PCG-PE6-B1,8638.67,12.1,9.38809900000002,9.374075200000021,143.78809900000005,
29/07/2023,MD,MD-PCG-PE6-B1,8635.73,12.1,9.467537800000034,9.453514000000034,143.86753780000006,17.5
06/08/2023,MD,MD-PCG-PE6-B1,8639.54,12.2,9.364591599999999,9.350281599999999,143.76459160000005,
15/08/2023,MD,MD-PCG-PE6-B1,8638.27,12.2,9.39890700000001,9.384597000000012,143.79890700000004,
21/08/2023,MD,MD-PCG-PE6-B1,8641.01,12.1,9.324872200000016,9.310848400000015,143.72487220000005,3.8
01/09/2023,MD,MD-PCG-PE6-B1,8640.6,12.1,9.335950400000012,9.321926600000012,143.73595040000004,
08/09/2023,MD,MD-PCG-PE6-B1,8639.08,12.1,9.377020800000025,9.362997000000025,143.77702080000006,
15/09/2023,MD,MD-PCG-PE6-B1,8639.08,12.1,9.377020800000025,9.362997000000025,143.77702080000006,
24/09/2023,MD,MD-PCG-PE6-B1,8636.54,12.2,9.445651599999998,9.431341599999998,143.84565160000002,22.1
01/10/2023,MD,MD-PCG-PE6-B1,8639.08,12.1,9.377020800000025,9.362997000000025,143.77702080000006,
08/10/2023,MD,MD-PCG-PE6-B1,8638.47,12.1,9.39350300000004,9.37947920000004,143.79350300000007,
15/10/2023,MD,MD-PCG-PE6-B1,8635.27,12.1,9.47996700000001,9.46594320000001,143.87996700000005,0.8
29/10/2023,MD,MD-PCG-PE6-B1,8626.22,12.1,9.72449800000004,9.71047420000004,144.12449800000007,5.6
05/11/2023,MD,MD-PCG-PE6-B1,8639.08,12.1,9.377020800000025,9.362997000000025,143.77702080000006,
11/11/2023,MD,MD-PCG-PE6-B1,8642.48,12.1,9.285152800000034,9.271129000000034,143.68515280000008,
18/11/2023,MD,MD-PCG-PE6-B1,8645.69,12.1,9.198418600000007,9.184394800000009,143.59841860000003,6.5
05/05/2022,MD,MD-PCG-PE3-C1,8856.39,11.6,-0.23466899999997134,-0.24101619999997134,SIN NF,
06/05/2022,MD,MD-PCG-PE3-C1,8855.76,11.6,-0.21815039999999236,-0.22449759999999233,SIN NF,
09/05/2022,MD,MD-PCG-PE3-C1,8855.97,11.7,-0.22365659999996945,-0.23079719999996945,SIN NF,
13/05/2022,MD,MD-PCG-PE3-C1,8854.23,11.7,-0.17803379999997518,-0.18517439999997518,SIN NF,9.8
20/05/2022,MD,MD-PCG-PE3-C1,8852.23,11.8,-0.12559379999997516,-0.1335277999999752,SIN NF,
28/05/2022,MD,MD-PCG-PE3-C1,8852.91,11.8,-0.14342339999998283,-0.15135739999998282,SIN NF,
30/05/2022,MD,MD-PCG-PE3-C1,8852.44,11.8,-0.1311,-0.139034,SIN NF,0.0
06/06/2022,MD,MD-PCG-PE3-C1,8859.03,11.8,-0.30388980000000376,-0.31182380000000376,SIN NF,
13/06/2022,MD,MD-PCG-PE3-C1,8857.08,11.8,-0.2527607999999847,-0.2606947999999847,SIN NF,2.5
21/06/2022,MD,MD-PCG-PE3-C1,8854.86,11.8,-0.1945524000000019,-0.2024864000000019,SIN NF,
27/06/2022,MD,MD-PCG-PE3-C1,8856.18,11.8,-0.22916279999999428,-0.23709679999999425,SIN NF,4.2
06/07/2022,MD,MD-PCG-PE3-C1,8859.92,11.8,-0.3272255999999885,-0.3351595999999885,SIN NF,
16/07/2022,MD,MD-PCG-PE3-C1,8858.64,11.8,-0.2936639999999714,-0.30159799999997133,SIN NF,1.0
23/07/2022,MD,MD-PCG-PE3-C1,8856.66,11.8,-0.2417483999999828,-0.24968239999998276,SIN NF,
29/07/2022,MD,MD-PCG-PE3-C1,8857.29,11.8,-0.2582670000000095,-0.26620100000000946,SIN NF,0.3
07/08/2022,MD,MD-PCG-PE3-C1,8850.7,11.8,-0.08547720000000572,-0.09341120000000572,SIN NF,3.1
20/08/2022,MD,MD-PCG-PE3-C1,8860.14,11.8,-0.33299399999997137,-0.34092799999997137,SIN NF,8.6
29/08/2022,MD,MD-PCG-PE3-C1,8856.87,11.8,-0.24725460000000762,-0.2551886000000076,SIN NF,
01/03/2023,MD,MD-PCG-PE3-C1,8862.98,11.8,-0.40745879999997514,-0.41539279999997514,SIN NF,23.5
11/03/2023,MD,MD-PCG-PE3-C1,8863.67,11.8,-0.42555059999998857,-0.43348459999998856,SIN NF,
18/03/2023,MD,MD-PCG-PE3-C1,8857.5,11.8,-0.2637731999999866,-0.2717071999999866,SIN NF,
24/03/2023,MD,MD-PCG-PE3-C1,8860.61,11.8,-0.3453174000000019,-0.3532514000000019,SIN NF,
01/04/2023,MD,MD-PCG-PE3-C1,8858.4,11.8,-0.28737119999997707,-0.29530519999997706,SIN NF,1.6
08/04/2023,MD,MD-PCG-PE3-C1,8860.82,11.8,-0.350823599999979,-0.35875759999997897,SIN NF,
14/04/2023,MD,MD-PCG-PE3-C1,8856.87,11.8,-0.24725460000000762,-0.2551886000000076,SIN NF,
22/04/2023,MD,MD-PCG-PE3-C1,8861.03,11.8,-0.35632980000000375,-0.36426380000000375,SIN NF,6.5
07/05/2023,MD,MD-PCG-PE3-C1,8858.82,11.8,-0.298383599999979,-0.306317599999979,SIN NF,
23/05/2023,MD,MD-PCG-PE3-C1,8864.3,11.8,-0.4420691999999675,-0.4500031999999675,SIN NF,13.8
07/06/2023,MD,MD-PCG-PE3-C1,8863.67,11.8,-0.42555059999998857,-0.43348459999998856,SIN NF,
14/06/2023,MD,MD-PCG-PE3-C1,8858.18,11.8,-0.28160279999999427,-0.28953679999999427,SIN NF,
21/06/2023,MD,MD-PCG-PE3-C1,8856.66,11.8,-0.2417483999999828,-0.24968239999998276,SIN NF,
01/07/2023,MD,MD-PCG-PE3-C1,8864.99,11.8,-0.4601609999999809,-0.4680949999999809,SIN NF,25.4
06/07/2023,MD,MD-PCG-PE3-C1,8866.1,11.8,-0.4892651999999962,-0.4971991999999962,SIN NF,
14/07/2023,MD,MD-PCG-PE3-C1,8860.82,11.9,-0.350823599999979,-0.35955099999997897,SIN NF,
29/07/2023,MD,MD-PCG-PE3-C1,8875.98,11.8,-0.7483187999999751,-0.7562527999999751,SIN NF,17.5
06/08/2023,MD,MD-PCG-PE3-C1,8867.63,11.8,-0.5293817999999656,-0.5373157999999656,SIN NF,
15/08/2023,MD,MD-PCG-PE3-C1,8870.91,11.8,-0.6153833999999828,-0.6233173999999828,SIN NF,
21/08/2023,MD,MD-PCG-PE3-C1,8875.77,11.8,-0.742812599999998,-0.750746599999998,SIN NF,3.8
01/09/2023,MD,MD-PCG-PE3-C1,8877.78,11.8,-0.7955148000000036,-0.8034488000000037,SIN NF,
08/09/2023,MD,MD-PCG-PE3-C1,8870.27,11.8,-0.598602599999998,-0.606536599999998,SIN NF,
15/09/2023,MD,MD-PCG-PE3-C1,8878.63,11.8,-0.8178017999999655,-0.8257357999999656,SIN NF,
24/09/2023,MD,MD-PCG-PE3-C1,8870.48,11.8,-0.6041087999999751,-0.6120427999999751,SIN NF,22.1
01/10/2023,MD,MD-PCG-PE3-C1,8872.49,11.8,-0.6568109999999808,-0.6647449999999808,SIN NF,
08/10/2023,MD,MD-PCG-PE3-C1,8876.19,11.8,-0.7538249999999999,-0.7617589999999999,SIN NF,
16/10/2023,MD,MD-PCG-PE3-C1,8871.17,11.8,-0.6222005999999886,-0.6301345999999884,SIN NF,0.8
29/10/2023,MD,MD-PCG-PE3-C1,8881.48,11.8,-0.8925287999999751,-0.9004627999999752,SIN NF,5.6
05/11/2023,MD,MD-PCG-PE3-C1,8877.09,11.8,-0.7774229999999904,-0.7853569999999903,SIN NF,
11/11/2023,MD,MD-PCG-PE3-C1,8878.84,11.8,-0.8233079999999903,-0.8312419999999904,SIN NF,
18/11/2023,MD,MD-PCG-PE3-C1,8884.13,11.8,-0.9620117999999656,-0.9699457999999656,SIN NF,6.5
23/05/2022,MD,MD-PCG-PE3-A1,8723.28,11.5,7.669556399999965,7.605978599999965,146.57255639999997,
28/05/2022,MD,MD-PCG-PE3-A1,8904.14,11.6,2.47164,2.40742,141.37464,
30/05/2022,MD,MD-PCG-PE3-A1,8924.0,11.6,1.9008635999999832,1.8366435999999833,140.80386359999997,0.0
06/06/2022,MD,MD-PCG-PE3-A1,8947.38,11.6,1.2289224000000063,1.1647024000000061,140.1319224,
13/06/2022,MD,MD-PCG-PE3-A1,8965.02,11.6,0.7219487999999707,0.6577287999999707,139.62494879999997,2.5
24/06/2022,MD,MD-PCG-PE3-A1,8961.69,11.7,0.8176529999999685,0.7527907999999686,139.72065299999997,
27/06/2022,MD,MD-PCG-PE3-A1,8972.43,11.6,0.5089853999999749,0.4447653999999749,139.41198539999996,4.2
06/07/2022,MD,MD-PCG-PE3-A1,8973.29,11.6,0.48426899999995815,0.42004899999995815,139.38726899999995,
16/07/2022,MD,MD-PCG-PE3-A1,8970.88,11.6,0.5535324000000063,0.4893124000000063,139.4565324,1.0
23/07/2022,MD,MD-PCG-PE3-A1,8938.93,11.6,1.4717753999999748,1.4075553999999748,140.37477539999998,
29/07/2022,MD,MD-PCG-PE3-A1,8966.79,11.6,0.6710789999999581,0.6068589999999582,139.57407899999995,0.3
07/08/2022,MD,MD-PCG-PE3-A1,8961.69,11.6,0.8176529999999685,0.7534329999999686,139.72065299999997,3.1
20/08/2022,MD,MD-PCG-PE3-A1,8953.17,11.6,1.062517799999981,0.9982977999999811,139.9655178,8.6
29/08/2022,MD,MD-PCG-PE3-A1,8968.4,11.6,0.6248075999999938,0.5605875999999937,139.5278076,
01/03/2023,MD,MD-PCG-PE3-A1,8980.23,11.6,0.2848133999999958,0.2205933999999958,139.18781339999998,23.5
11/03/2023,MD,MD-PCG-PE3-A1,8976.47,11.6,0.3928758000000021,0.3286558000000021,139.2958758,
18/03/2023,MD,MD-PCG-PE3-A1,8971.73,11.6,0.5291033999999959,0.46488339999999584,139.4321034,
24/03/2023,MD,MD-PCG-PE3-A1,8978.03,11.6,0.3480413999999645,0.2838213999999645,139.25104139999996,
01/04/2023,MD,MD-PCG-PE3-A1,8965.72,11.6,0.7018308000000021,0.6376108000000021,139.6048308,1.6
08/04/2023,MD,MD-PCG-PE3-A1,8973.08,11.6,0.4903043999999854,0.4260843999999854,139.39330439999998,
14/04/2023,MD,MD-PCG-PE3-A1,8971.52,11.6,0.5351387999999707,0.4709187999999707,139.43813879999996,
22/04/2023,MD,MD-PCG-PE3-A1,8974.85,11.6,0.4394345999999728,0.3752145999999728,139.34243459999996,6.5
07/05/2023,MD,MD-PCG-PE3-A1,8968.4,11.6,0.6248075999999938,0.5605875999999937,139.5278076,
23/05/2023,MD,MD-PCG-PE3-A1,8979.37,11.6,0.3095297999999603,0.24530979999996028,139.21252979999994,13.8
07/06/2023,MD,MD-PCG-PE3-A1,8962.55,11.6,0.7929366000000042,0.7287166000000042,139.69593659999998,
14/06/2023,MD,MD-PCG-PE3-A1,8971.09,11.6,0.5474969999999791,0.4832769999999791,139.45049699999998,
21/06/2023,MD,MD-PCG-PE3-A1,8973.08,11.6,0.4903043999999854,0.4260843999999854,139.39330439999998,
01/07/2023,MD,MD-PCG-PE3-A1,8981.58,11.6,0.24601439999998534,0.18179439999998534,139.14901439999997,25.4
06/07/2023,MD,MD-PCG-PE3-A1,8970.82,11.6,0.5552567999999917,0.49103679999999167,139.4582568,
14/07/2023,MD,MD-PCG-PE3-A1,8974.21,11.6,0.45782820000000835,0.3936082000000084,139.3608282,
29/07/2023,MD,MD-PCG-PE3-A1,8944.49,11.6,1.3119809999999894,1.2477609999999895,140.214981,17.5
06/08/2023,MD,MD-PCG-PE3-A1,8960.78,11.6,0.8438063999999644,0.7795863999999645,139.74680639999997,
15/08/2023,MD,MD-PCG-PE3-A1,8972.65,11.6,0.5026625999999936,0.4384425999999937,139.40566259999997,
21/08/2023,MD,MD-PCG-PE3-A1,8984.06,11.6,0.1747391999999979,0.1105191999999979,139.0777392,3.8
01/09/2023,MD,MD-PCG-PE3-A1,8973.29,11.6,0.48426899999995815,0.42004899999995815,139.38726899999995,
08/09/2023,MD,MD-PCG-PE3-A1,8974.64,11.6,0.44547,0.38125,139.34847,
15/09/2023,MD,MD-PCG-PE3-A1,8979.59,11.6,0.3032069999999791,0.23898699999997908,139.20620699999998,
24/09/2023,MD,MD-PCG-PE3-A1,8973.51,11.6,0.477946199999977,0.413726199999977,139.38094619999998,22.1
01/10/2023,MD,MD-PCG-PE3-A1,8979.16,11.6,0.31556519999998744,0.25134519999998745,139.21856519999997,
08/10/2023,MD,MD-PCG-PE3-A1,8980.23,11.6,0.2848133999999958,0.2205933999999958,139.18781339999998,
15/10/2023,MD,MD-PCG-PE3-A1,8973.51,11.6,0.477946199999977,0.413726199999977,139.38094619999998,0.8
29/10/2023,MD,MD-PCG-PE3-A1,8970.47,11.6,0.5653158000000021,0.5010958000000021,139.4683158,5.6
05/11/2023,MD,MD-PCG-PE3-A1,8972.16,11.6,0.5167451999999875,0.45252519999998747,139.41974519999997,
11/11/2023,MD,MD-PCG-PE3-A1,8980.72,11.6,0.27073080000000205,0.20651080000000205,139.1737308,
18/11/2023,MD,MD-PCG-PE3-A1,8950.97,11.6,1.125745800000002,1.061525800000002,140.0287458,6.5
06/06/2022,MD,MD-PCG-PE9-B1,8651.38,11.6,11.427490800000047,11.398722300000049,161.05749080000004,
10/06/2022,MD,MD-PCG-PE9-B1,8866.31,11.8,5.3277774000000395,5.2977303000000395,154.95777740000003,
13/06/2022,MD,MD-PCG-PE9-B1,8990.14,11.9,1.8134820000000413,1.7827956000000411,151.44348200000005,2.5
21/06/2022,MD,MD-PCG-PE9-B1,9000.02,11.9,1.5330876000000124,1.5024012000000124,151.1630876,
27/06/2022,MD,MD-PCG-PE9-B1,9006.12,11.9,1.359969600000002,1.329283200000002,150.9899696,4.2
06/07/2022,MD,MD-PCG-PE9-B1,9004.29,11.9,1.4119050000000002,1.3812186,151.04190499999999,
16/07/2022,MD,MD-PCG-PE9-B1,9003.78,11.9,1.4263788000000062,1.3956924000000062,151.0563788,1.0
23/07/2022,MD,MD-PCG-PE9-B1,8986.47,11.9,1.9176366000000433,1.8869502000000433,151.54763660000003,
29/07/2022,MD,MD-PCG-PE9-B1,9003.15,12.0,1.444258200000035,1.412932500000035,151.07425820000003,0.3
07/08/2022,MD,MD-PCG-PE9-B1,8995.97,12.0,1.6480266000000434,1.6167009000000434,151.27802660000003,3.1
20/08/2022,MD,MD-PCG-PE9-B1,9002.5,12.0,1.4627052000000247,1.4313795000000247,151.0927052,8.6
29/08/2022,MD,MD-PCG-PE9-B1,9000.45,12.0,1.5208842000000042,1.489558500000004,151.1508842,
01/03/2023,MD,MD-PCG-PE9-B1,8995.97,12.0,1.6480266000000434,1.6167009000000434,151.27802660000003,23.5
11/03/2023,MD,MD-PCG-PE9-B1,8995.97,12.0,1.6480266000000434,1.6167009000000434,151.27802660000003,
18/03/2023,MD,MD-PCG-PE9-B1,8992.14,12.0,1.7567220000000414,1.7253963000000414,151.38672200000005,
24/03/2023,MD,MD-PCG-PE9-B1,8996.89,12.0,1.6219170000000414,1.5905913000000413,151.25191700000005,
01/04/2023,MD,MD-PCG-PE9-B1,8991.49,12.0,1.7751690000000309,1.7438433000000308,151.40516900000003,1.6
08/04/2023,MD,MD-PCG-PE9-B1,8992.84,12.0,1.7368560000000206,1.7055303000000206,151.366856,
14/04/2023,MD,MD-PCG-PE9-B1,8990.36,12.0,1.8072384000000083,1.7759127000000083,151.4372384,
22/04/2023,MD,MD-PCG-PE9-B1,8994.4,12.0,1.6925832000000351,1.6612575000000351,151.32258320000003,6.5
07/05/2023,MD,MD-PCG-PE9-B1,8991.71,12.0,1.7689254000000498,1.7375997000000496,151.39892540000005,
07/06/2023,MD,MD-PCG-PE9-B1,8994.62,12.0,1.686339600000002,1.655013900000002,151.3163396,13.8
14/06/2023,MD,MD-PCG-PE9-B1,8993.06,12.0,1.7306124000000396,1.6992867000000393,151.36061240000004,
21/06/2023,MD,MD-PCG-PE9-B1,8990.79,12.0,1.795035,1.7637093,151.425035,
01/07/2023,MD,MD-PCG-PE9-B1,8997.53,12.0,1.6037538000000062,1.5724281000000062,151.2337538,25.4
06/07/2023,MD,MD-PCG-PE9-B1,8989.93,12.0,1.8194418000000168,1.7881161000000165,151.44944180000002,
14/07/2023,MD,MD-PCG-PE9-B1,8989.44,12.0,1.8333480000000104,1.8020223000000102,151.463348,
29/07/2023,MD,MD-PCG-PE9-B1,8990.5,11.9,1.8032652000000249,1.7725788000000249,151.43326520000002,17.5
06/08/2023,MD,MD-PCG-PE9-B1,8988.52,12.0,1.8594576000000127,1.8281319000000125,151.4894576,
15/08/2023,MD,MD-PCG-PE9-B1,8986.53,12.0,1.9159338000000063,1.8846081000000063,151.5459338,
21/08/2023,MD,MD-PCG-PE9-B1,8993.84,12.0,1.7084760000000205,1.6771503000000205,151.338476,3.8
01/09/2023,MD,MD-PCG-PE9-B1,8991.92,12.0,1.762965600000023,1.7316399000000229,151.39296560000003,
08/09/2023,MD,MD-PCG-PE9-B1,8989.44,12.0,1.8333480000000104,1.8020223000000102,151.463348,
15/09/2023,MD,MD-PCG-PE9-B1,8991.49,12.0,1.7751690000000309,1.7438433000000308,151.40516900000003,
24/09/2023,MD,MD-PCG-PE9-B1,8986.32,12.0,1.9218936000000333,1.890567900000033,151.55189360000003,22.1
01/10/2023,MD,MD-PCG-PE9-B1,8990.14,12.0,1.8134820000000413,1.782156300000041,151.44348200000005,
08/10/2023,MD,MD-PCG-PE9-B1,8986.96,12.0,1.9037304000000497,1.8724047000000497,151.53373040000005,
15/10/2023,MD,MD-PCG-PE9-B1,8985.62,12.0,1.9417596000000024,1.9104339000000021,151.5717596,0.8
29/10/2023,MD,MD-PCG-PE9-B1,8984.76,12.0,1.9661664000000185,1.9348407000000185,151.59616640000002,5.6
05/11/2023,MD,MD-PCG-PE9-B1,8988.58,12.0,1.857754800000027,1.826429100000027,151.48775480000003,
11/11/2023,MD,MD-PCG-PE9-B1,8990.79,11.9,1.795035,1.7643486,151.425035,
18/11/2023,MD,MD-PCG-PE9-B1,8988.58,11.9,1.857754800000027,1.827068400000027,151.48775480000003,6.5
11/07/2022,MD,MD-PCG-PE6-A1,7905.6,12.3,31.776802200000017,31.71668220000001,167.21880220000003,
16/07/2022,MD,MD-PCG-PE6-A1,7904.67,12.4,31.803195600000024,31.74207360000002,167.24519560000005,1.0
23/07/2022,MD,MD-PCG-PE6-A1,7899.69,12.4,31.944528000000037,31.883406000000036,167.38652800000006,
29/07/2022,MD,MD-PCG-PE6-A1,7900.98,12.4,31.907917800000043,31.846795800000038,167.34991780000004,0.3
07/08/2022,MD,MD-PCG-PE6-A1,7886.74,12.5,32.31204900000003,32.249925000000026,167.75404900000004,3.1
20/08/2022,MD,MD-PCG-PE6-A1,7898.18,12.4,31.98738180000002,31.926259800000018,167.42938180000002,8.6
29/08/2022,MD,MD-PCG-PE6-A1,7903.73,12.4,31.829872800000036,31.768750800000035,167.27187280000004,
01/03/2023,MD,MD-PCG-PE6-A1,7926.58,12.4,31.181389800000026,31.120267800000022,166.62338980000004,23.5
11/03/2023,MD,MD-PCG-PE6-A1,7926.94,12.4,31.171173000000035,31.110051000000034,166.61317300000005,
18/03/2023,MD,MD-PCG-PE6-A1,7923.77,12.4,31.261137600000016,31.200015600000015,166.70313760000002,
24/03/2023,MD,MD-PCG-PE6-A1,7927.34,12.4,31.159821000000022,31.098699000000018,166.60182100000003,
01/04/2023,MD,MD-PCG-PE6-A1,7924.35,12.4,31.244677200000016,31.18355520000001,166.68667720000002,1.6
08/04/2023,MD,MD-PCG-PE6-A1,7926.0,12.5,31.197850200000026,31.135726200000025,166.63985020000004,
14/04/2023,MD,MD-PCG-PE6-A1,7923.99,12.4,31.254894000000032,31.19377200000003,166.69689400000004,
22/04/2023,MD,MD-PCG-PE6-A1,7927.34,12.5,31.159821000000022,31.097697000000018,166.60182100000003,6.5
07/05/2023,MD,MD-PCG-PE6-A1,7925.11,12.4,31.223108400000037,31.161986400000036,166.66510840000004,
23/05/2023,MD,MD-PCG-PE6-A1,7931.58,12.4,31.03948980000003,30.97836780000003,166.48148980000005,13.8
07/06/2023,MD,MD-PCG-PE6-A1,7930.69,12.4,31.064748000000037,31.003626000000033,166.50674800000004,
14/06/2023,MD,MD-PCG-PE6-A1,7928.05,12.4,31.13967120000002,31.078549200000015,166.58167120000002,
21/06/2023,MD,MD-PCG-PE6-A1,7927.12,12.4,31.16606460000003,31.10494260000003,166.60806460000003,
01/07/2023,MD,MD-PCG-PE6-A1,7932.7,12.4,31.00770420000003,30.946582200000027,166.44970420000004,25.4
06/07/2023,MD,MD-PCG-PE6-A1,7928.46,12.4,31.128035400000027,31.066913400000022,166.57003540000002,
14/07/2023,MD,MD-PCG-PE6-A1,7927.88,12.4,31.144495800000023,31.083373800000018,166.58649580000002,
29/07/2023,MD,MD-PCG-PE6-A1,7935.34,12.4,30.93278100000002,30.87165900000002,166.37478100000004,17.5
06/08/2023,MD,MD-PCG-PE6-A1,7926.58,12.4,31.181389800000026,31.120267800000022,166.62338980000004,
15/08/2023,MD,MD-PCG-PE6-A1,7928.23,12.4,31.134562800000037,31.073440800000036,166.57656280000003,
21/08/2023,MD,MD-PCG-PE6-A1,7933.82,12.4,30.975918600000035,30.914796600000034,166.41791860000004,3.8
01/09/2023,MD,MD-PCG-PE6-A1,7933.46,12.4,30.986135400000027,30.925013400000022,166.42813540000003,
08/09/2023,MD,MD-PCG-PE6-A1,7929.35,12.4,31.102777200000016,31.04165520000001,166.54477720000003,
15/09/2023,MD,MD-PCG-PE6-A1,7933.28,12.4,30.991243800000035,30.93012180000003,166.43324380000004,
24/09/2023,MD,MD-PCG-PE6-A1,7926.76,12.4,31.176281400000022,31.11515940000002,166.61828140000003,22.1
01/10/2023,MD,MD-PCG-PE6-A1,7929.75,12.4,31.091425200000028,31.030303200000027,166.53342520000004,
08/10/2023,MD,MD-PCG-PE6-A1,7930.87,12.4,31.05963960000003,30.998517600000024,166.50163960000003,
15/10/2023,MD,MD-PCG-PE6-A1,7917.88,12.4,31.428295800000022,31.36717380000002,166.87029580000004,0.8
29/10/2023,MD,MD-PCG-PE6-A1,7932.52,12.4,31.01281260000001,30.95169060000001,166.45481260000003,5.6
05/11/2023,MD,MD-PCG-PE6-A1,7931.89,12.4,31.030692000000016,30.96957000000001,166.47269200000002,
11/11/2023,MD,MD-PCG-PE6-A1,7934.93,12.4,30.94441680000002,30.883294800000016,166.38641680000003,6.5
18/11/2023,MD,MD-PCG-PE6-A1,,,,,,
18/08/2022,nan,MD-PCG-PE2-160,8437.85,11.0,10.90749700000001,10.87876070000001,117.44949700000001,3.1
20/08/2022,nan,MD-PCG-PE2-160,8440.7,11.0,10.832200000000002,10.803463700000002,117.3742,8.6
29/08/2022,nan,MD-PCG-PE2-160,8438.69,11.1,10.885304200000007,10.856139000000006,117.42730420000001,
01/03/2023,nan,MD-PCG-PE2-160,8445.41,11.2,10.707761800000023,10.678167700000024,117.24976180000003,23.5
11/03/2023,nan,MD-PCG-PE2-160,8445.21,11.2,10.713045800000042,10.683451700000044,117.25504580000005,
18/03/2023,nan,MD-PCG-PE2-160,8439.47,11.2,10.864696600000038,10.835102500000037,117.40669660000003,
24/03/2023,nan,MD-PCG-PE2-160,8445.41,11.2,10.707761800000023,10.678167700000024,117.24976180000003,
01/04/2023,nan,MD-PCG-PE2-160,8439.47,11.2,10.864696600000038,10.835102500000037,117.40669660000003,1.6
08/04/2023,nan,MD-PCG-PE2-160,8441.92,11.2,10.799967600000018,10.77037350000002,117.34196760000002,
14/04/2023,nan,MD-PCG-PE2-160,8438.05,11.2,10.90221300000004,10.87261890000004,117.44421300000005,
22/04/2023,nan,MD-PCG-PE2-160,8443.39,11.2,10.761130200000036,10.731536100000035,117.30313020000004,6.5
07/05/2023,nan,MD-PCG-PE2-160,8438.05,11.2,10.90221300000004,10.87261890000004,117.44421300000005,
23/05/2023,nan,MD-PCG-PE2-160,8447.66,11.2,10.648316800000025,10.618722700000024,117.19031680000003,13.8
07/06/2023,nan,MD-PCG-PE2-160,8446.04,11.2,10.691117199999997,10.661523099999998,117.2331172,
14/06/2023,nan,MD-PCG-PE2-160,8441.53,11.2,10.810271400000003,10.780677300000004,117.3522714,
21/06/2023,nan,MD-PCG-PE2-160,8440.3,11.2,10.84276800000004,10.813173900000042,117.38476800000004,
01/07/2023,nan,MD-PCG-PE2-160,8449.73,11.2,10.593627400000031,10.564033300000032,117.13562740000003,25.4
06/07/2023,nan,MD-PCG-PE2-160,8441.33,11.3,10.815555400000022,10.785532400000022,117.35755540000002,
14/07/2023,nan,MD-PCG-PE2-160,8437.46,11.3,10.917800800000045,10.887777800000045,117.45980080000004,
29/07/2023,nan,MD-PCG-PE2-160,8451.55,11.2,10.54554300000004,10.51594890000004,117.08754300000004,17.5
06/08/2023,nan,MD-PCG-PE2-160,8435.4,11.2,10.97222600000003,10.94263190000003,117.51422600000004,
15/08/2023,nan,MD-PCG-PE2-160,8437.85,11.2,10.90749700000001,10.877902900000011,117.44949700000001,
21/08/2023,nan,MD-PCG-PE2-160,8448.3,11.2,10.63140800000004,10.60181390000004,117.17340800000004,3.8
01/09/2023,nan,MD-PCG-PE2-160,8445.21,11.2,10.713045800000042,10.683451700000044,117.25504580000005,
08/09/2023,nan,MD-PCG-PE2-160,8438.69,11.2,10.885304200000007,10.855710100000007,117.42730420000001,
15/09/2023,nan,MD-PCG-PE2-160,8446.83,11.2,10.670245400000022,10.640651300000023,117.21224540000003,
24/09/2023,nan,MD-PCG-PE2-160,8435.79,11.2,10.961922199999998,10.932328099999998,117.5039222,22.1
01/10/2023,nan,MD-PCG-PE2-160,8440.94,11.2,10.825859200000007,10.796265100000008,117.36785920000001,
08/10/2023,nan,MD-PCG-PE2-160,8441.14,11.2,10.820575200000036,10.790981100000037,117.36257520000004,
15/10/2023,nan,MD-PCG-PE2-160,8436.04,11.2,10.955317199999998,10.925723099999999,117.4973172,0.8
29/10/2023,nan,MD-PCG-PE2-160,8442.95,11.2,10.772755,10.743160900000001,117.314755,5.6
05/11/2023,nan,MD-PCG-PE2-160,8441.14,11.2,10.820575200000036,10.790981100000037,117.36257520000004,
11/11/2023,nan,MD-PCG-PE2-160,8445.01,11.2,10.718329800000015,10.688735700000015,117.26032980000002,
18/11/2023,nan,MD-PCG-PE2-160,8448.06,11.2,10.637748800000034,10.608154700000034,117.17974880000004,6.5
02/09/2022,nan,MD-PCG-PE1-160 ,8638.27,11.3,8.43952400000001,8.43936120000001,116.832524,
01/03/2023,nan,MD-PCG-PE1-160 ,8641.21,11.4,8.356498400000048,8.356172800000047,116.74949840000005,23.5
11/03/2023,nan,MD-PCG-PE1-160 ,8641.42,11.4,8.350568000000019,8.35024240000002,116.74356800000002,
19/03/2023,nan,MD-PCG-PE1-160 ,8636.14,11.4,8.499675200000038,8.49934960000004,116.89267520000004,
24/03/2023,nan,MD-PCG-PE1-160 ,8641.62,11.4,8.344919999999998,8.3445944,116.73792,
01/04/2023,nan,MD-PCG-PE1-160 ,8635.73,11.4,8.511253600000035,8.510928000000035,116.90425360000003,1.6
08/04/2023,nan,MD-PCG-PE1-160 ,8638.27,11.4,8.43952400000001,8.43919840000001,116.832524,
14/04/2023,nan,MD-PCG-PE1-160 ,8634.46,11.4,8.547118400000047,8.546792800000047,116.94011840000005,
22/04/2023,nan,MD-PCG-PE1-160 ,8639.54,11.4,8.403659199999998,8.403333599999998,116.7966592,6.5
07/05/2023,nan,MD-PCG-PE1-160 ,8634.66,11.4,8.541470400000026,8.541144800000026,116.93447040000002,
23/05/2023,nan,MD-PCG-PE1-160 ,8643.35,11.4,8.296064800000012,8.295739200000012,116.68906480000001,13.8
07/06/2023,nan,MD-PCG-PE1-160 ,8641.62,11.4,8.344919999999998,8.3445944,116.73792,
14/06/2023,nan,MD-PCG-PE1-160 ,8637.41,11.4,8.463810400000025,8.463484800000026,116.85681040000003,
21/06/2023,nan,MD-PCG-PE1-160 ,8636.8,11.4,8.481036800000043,8.480711200000043,116.87403680000004,
01/07/2023,nan,MD-PCG-PE1-160 ,8645.23,11.4,8.242973600000033,8.242648000000035,116.63597360000003,25.4
06/07/2023,nan,MD-PCG-PE1-160 ,8637.41,11.5,8.463810400000025,8.463322000000026,116.85681040000003,
14/07/2023,nan,MD-PCG-PE1-160 ,8633.6,11.5,8.57140480000001,8.570916400000012,116.96440480000001,
29/07/2023,nan,MD-PCG-PE1-160 ,8646.7,11.4,8.201460800000001,8.201135200000003,116.59446080000001,17.5
06/08/2023,nan,MD-PCG-PE1-160 ,8631.72,11.5,8.62449600000004,8.62400760000004,117.01749600000004,
15/08/2023,nan,MD-PCG-PE1-160 ,8683.8,11.4,7.153756800000043,7.1534312000000435,115.54675680000004,
21/08/2023,nan,MD-PCG-PE1-160 ,8643.76,11.4,8.284486400000016,8.284160800000016,116.67748640000002,3.8
01/09/2023,nan,MD-PCG-PE1-160 ,8641.01,11.4,8.362146400000016,8.361820800000016,116.75514640000002,
08/09/2023,nan,MD-PCG-PE1-160 ,8634.66,11.4,8.541470400000026,8.541144800000026,116.93447040000002,
15/09/2023,nan,MD-PCG-PE1-160 ,8642.28,11.4,8.326281600000003,8.325956000000003,116.7192816,
24/09/2023,nan,MD-PCG-PE1-160 ,8632.33,11.5,8.607269600000024,8.606781200000025,117.00026960000002,22.1
01/10/2023,nan,MD-PCG-PE1-160 ,8637.41,11.4,8.463810400000025,8.463484800000026,116.85681040000003,
08/10/2023,nan,MD-PCG-PE1-160 ,8637.41,11.4,8.463810400000025,8.463484800000026,116.85681040000003,
15/10/2023,nan,MD-PCG-PE1-160 ,8632.13,11.5,8.612917600000044,8.612429200000046,117.00591760000005,0.8
29/10/2023,nan,MD-PCG-PE1-160 ,8638.67,11.4,8.42822800000002,8.42790240000002,116.82122800000002,5.6
05/11/2023,nan,MD-PCG-PE1-160 ,8636.8,11.5,8.481036800000043,8.480548400000043,116.87403680000004,
11/11/2023,nan,MD-PCG-PE1-160 ,8640.81,11.4,8.367794400000037,8.367468800000037,116.76079440000004,
18/11/2023,nan,MD-PCG-PE1-160 ,8643.76,11.4,8.284486400000016,8.284160800000016,116.67748640000002,6.5
01/03/2023,nan,MD-PCG-PE5-C1,8091.44,13.1,24.193380599999998,24.133320599999998,150.3333806,23.5
11/03/2023,nan,MD-PCG-PE5-C1,8092.82,13.1,24.155251199999995,24.095191199999995,150.2952512,
18/03/2023,nan,MD-PCG-PE5-C1,8091.44,13.1,24.193380599999998,24.133320599999998,150.3333806,
24/03/2023,nan,MD-PCG-PE5-C1,8094.34,13.1,24.113253599999982,24.053193599999982,150.2532536,
01/04/2023,nan,MD-PCG-PE5-C1,8091.85,13.1,24.182052299999977,24.121992299999974,150.32205229999997,1.6
08/04/2023,nan,MD-PCG-PE5-C1,8093.97,13.1,24.12347669999998,24.06341669999998,150.26347669999998,
14/04/2023,nan,MD-PCG-PE5-C1,8092.04,13.1,24.176802599999984,24.116742599999984,150.3168026,
22/04/2023,nan,MD-PCG-PE5-C1,8093.74,13.1,24.12983159999999,24.06977159999999,150.26983159999997,6.5
07/05/2023,nan,MD-PCG-PE5-C1,8094.71,13.1,24.103030499999985,24.04297049999998,150.24303049999997,
23/05/2023,nan,MD-PCG-PE5-C1,8099.13,13.1,23.980905899999982,23.920845899999982,150.12090589999997,13.8
07/06/2023,nan,MD-PCG-PE5-C1,8099.13,13.1,23.980905899999982,23.920845899999982,150.12090589999997,
14/06/2023,nan,MD-PCG-PE5-C1,8098.16,13.1,24.00770699999999,23.94764699999999,150.147707,
21/06/2023,nan,MD-PCG-PE5-C1,8097.43,13.1,24.027876899999978,23.967816899999978,150.16787689999998,
01/07/2023,nan,MD-PCG-PE5-C1,8098.55,13.1,23.99693129999998,23.93687129999998,150.1369313,25.4
06/07/2023,nan,MD-PCG-PE5-C1,8098.95,13.1,23.98587929999999,23.92581929999999,150.12587929999998,
14/07/2023,nan,MD-PCG-PE5-C1,8100.29,13.1,23.948855099999985,23.888795099999985,150.0888551,
29/07/2023,nan,MD-PCG-PE5-C1,8105.87,13.1,23.79467969999999,23.734619699999985,149.9346797,17.5
06/08/2023,nan,MD-PCG-PE5-C1,8100.47,13.1,23.943881699999977,23.883821699999977,150.08388169999998,3.8
01/09/2023,nan,MD-PCG-PE5-C1,8106.42,13.1,23.779483199999984,23.719423199999984,149.91948319999997,
08/09/2023,nan,MD-PCG-PE5-C1,8105.68,13.1,23.79992939999998,23.73986939999998,149.93992939999998,
15/09/2023,nan,MD-PCG-PE5-C1,8109.51,13.1,23.69410649999998,23.63404649999998,149.8341065,
24/09/2023,nan,MD-PCG-PE5-C1,8105.5,13.1,23.804902799999986,23.744842799999986,149.9449028,22.1
01/10/2023,nan,MD-PCG-PE5-C1,8108.36,13.1,23.725880999999994,23.665820999999994,149.865881,
08/10/2023,nan,MD-PCG-PE5-C1,8109.33,13.1,23.699079899999987,23.639019899999987,149.8390799,
15/10/2023,nan,MD-PCG-PE5-C1,8108.18,13.1,23.730854399999977,23.670794399999977,149.87085439999998,0.8
29/10/2023,nan,MD-PCG-PE5-C1,8112.61,13.1,23.608453499999996,23.548393499999996,149.74845349999998,5.6
05/11/2023,nan,MD-PCG-PE5-C1,8112.8,13.1,23.60320379999998,23.54314379999998,149.74320379999997,
11/11/2023,nan,MD-PCG-PE5-C1,8115.29,13.0,23.534405099999987,23.475885099999985,149.6744051,
18/11/2023,nan,MD-PCG-PE5-C1,8117.05,13.0,23.48577629999998,23.42725629999998,149.62577629999998,6.5
20/09/2022,nan,MD-PCG-PE8-B1,7883.5,12.4,27.48465160000001,27.490138400000006,159.4476516,
01/03/2023,nan,MD-PCG-PE8-B1,8060.46,12.5,22.545698000000005,22.551312400000008,154.508698,23.5
11/03/2023,nan,MD-PCG-PE8-B1,8057.62,12.5,22.62496240000001,22.63057680000001,154.5879624,
18/03/2023,nan,MD-PCG-PE8-B1,8053.6,12.5,22.7371606,22.742774999999998,154.7001606,
24/03/2023,nan,MD-PCG-PE8-B1,8058.58,12.5,22.59816880000001,22.60378320000001,154.56116880000002,
01/04/2023,nan,MD-PCG-PE8-B1,8055.52,12.5,22.683573399999997,22.689187799999996,154.6465734,1.6
08/04/2023,nan,MD-PCG-PE8-B1,8056.11,12.5,22.667106500000017,22.67272090000002,154.6301065,
14/04/2023,nan,MD-PCG-PE8-B1,8054.74,12.5,22.705343200000012,22.710957600000015,154.6683432,
22/04/2023,nan,MD-PCG-PE8-B1,8054.74,12.5,22.705343200000012,22.710957600000015,154.6683432,6.5
07/05/2023,nan,MD-PCG-PE8-B1,8053.82,12.5,22.731020400000016,22.736634800000015,154.6940204,
23/05/2023,nan,MD-PCG-PE8-B1,8061.83,12.5,22.50746130000001,22.51307570000001,154.4704613,13.8
07/06/2023,nan,MD-PCG-PE8-B1,8061.05,12.5,22.529231100000004,22.534845500000003,154.4922311,
14/06/2023,nan,MD-PCG-PE8-B1,8057.99,12.5,22.61463570000001,22.620250100000014,154.5776357,
21/06/2023,nan,MD-PCG-PE8-B1,8057.44,12.5,22.62998620000002,22.635600600000018,154.5929862,
01/07/2023,nan,MD-PCG-PE8-B1,8063.16,12.5,22.470341000000012,22.47595540000001,154.433341,25.4
06/07/2023,nan,MD-PCG-PE8-B1,8058.58,12.6,22.59816880000001,22.60391080000001,154.56116880000002,
14/07/2023,nan,MD-PCG-PE8-B1,8058.58,12.5,22.59816880000001,22.60378320000001,154.56116880000002,
29/07/2023,nan,MD-PCG-PE8-B1,8066.96,12.5,22.364283000000007,22.369897400000006,154.327283,17.5
06/08/2023,nan,MD-PCG-PE8-B1,8057.25,12.5,22.635289100000005,22.640903500000007,154.5982891,
15/08/2023,nan,MD-PCG-PE8-B1,8060.69,12.5,22.53927870000002,22.544893100000017,154.5022787,
21/08/2023,nan,MD-PCG-PE8-B1,8066.18,12.5,22.386052799999998,22.391667199999997,154.34905279999998,3.8
01/09/2023,nan,MD-PCG-PE8-B1,8065.26,12.5,22.411730000000002,22.4173444,154.37473,
08/09/2023,nan,MD-PCG-PE8-B1,8060.46,12.5,22.545698000000005,22.551312400000008,154.508698,
15/09/2023,nan,MD-PCG-PE8-B1,8066.18,12.5,22.386052799999998,22.391667199999997,154.34905279999998,
24/09/2023,nan,MD-PCG-PE8-B1,8060.27,12.5,22.551000899999995,22.556615299999997,154.51400089999998,22.1
01/10/2023,nan,MD-PCG-PE8-B1,8063.71,12.5,22.454990500000005,22.460604900000007,154.4179905,
08/10/2023,nan,MD-PCG-PE8-B1,8066.0,12.5,22.391076600000005,22.396691000000008,154.35407659999998,
15/10/2023,nan,MD-PCG-PE8-B1,8062.38,12.5,22.492110800000003,22.497725200000005,154.4551108,0.8
29/10/2023,nan,MD-PCG-PE8-B1,8071.73,12.5,22.23115230000002,22.236766700000018,154.1941523,5.6
05/11/2023,nan,MD-PCG-PE8-B1,8070.58,12.5,22.26324880000001,22.268863200000013,154.2262488,
11/11/2023,nan,MD-PCG-PE8-B1,8074.2,12.5,22.162214600000013,22.167829000000015,154.1252146,
18/11/2023,nan,MD-PCG-PE8-B1,8078.24,12.5,22.049458200000014,22.055072600000013,154.0124582,6.5
04/10/2022,nan,MD-PCG-PE4-A1 ,7756.76,11.8,33.7879822,33.7699462,171.93298220000003,
01/03/2023,nan,MD-PCG-PE4-A1 ,7888.78,11.9,30.146870600000014,30.127832600000016,168.29187060000004,23.5
11/03/2023,nan,MD-PCG-PE4-A1 ,7891.35,11.9,30.075989999999997,30.056952,168.22099,
18/03/2023,nan,MD-PCG-PE4-A1 ,7888.96,11.9,30.141906200000008,30.122868200000006,168.28690620000003,
24/03/2023,nan,MD-PCG-PE4-A1 ,7894.5,11.9,29.989113000000007,29.97007500000001,168.134113,
01/04/2023,nan,MD-PCG-PE4-A1 ,7891.35,11.9,30.075989999999997,30.056952,168.22099,1.6
08/04/2023,nan,MD-PCG-PE4-A1 ,7894.68,11.9,29.984148599999997,29.9651106,168.1291486,
14/04/2023,nan,MD-PCG-PE4-A1 ,7893.21,11.9,30.02469120000001,30.00565320000001,168.16969120000002,
22/04/2023,nan,MD-PCG-PE4-A1 ,7898.0,11.9,29.892583000000005,29.873545000000007,168.037583,6.5
07/05/2023,nan,MD-PCG-PE4-A1 ,7897.29,11.9,29.912164800000006,29.893126800000008,168.0571648,
23/05/2023,nan,MD-PCG-PE4-A1 ,7905.96,11.9,29.67304620000001,29.65400820000001,167.81804620000003,13.8
07/06/2023,nan,MD-PCG-PE4-A1 ,7905.6,11.9,29.682975,29.663937,167.827975,
14/06/2023,nan,MD-PCG-PE4-A1 ,7903.96,11.9,29.728206200000006,29.709168200000008,167.87320620000003,
21/06/2023,nan,MD-PCG-PE4-A1 ,7903.73,11.9,29.734549600000022,29.71551160000002,167.87954960000002,
01/07/2023,nan,MD-PCG-PE4-A1 ,7910.88,11.9,29.537352600000006,29.518314600000007,167.6823526,25.4
06/07/2023,nan,MD-PCG-PE4-A1 ,7904.67,11.9,29.708624400000005,29.689586400000007,167.8536244,
14/07/2023,nan,MD-PCG-PE4-A1 ,7903.73,11.9,29.734549600000022,29.71551160000002,167.87954960000002,
29/07/2023,nan,MD-PCG-PE4-A1 ,7913.96,11.8,29.45240620000001,29.43437020000001,167.59740620000002,17.5
06/08/2023,nan,MD-PCG-PE4-A1 ,7901.51,11.9,29.7957772,29.7767392,167.9407772,
15/08/2023,nan,MD-PCG-PE4-A1 ,7904.67,11.9,29.708624400000005,29.689586400000007,167.8536244,
21/08/2023,nan,MD-PCG-PE4-A1 ,7914.5,11.9,29.43751300000001,29.41847500000001,167.582513,3.8
01/09/2023,nan,MD-PCG-PE4-A1 ,7914.14,11.9,29.4474418,29.4284038,167.59244180000002,
08/09/2023,nan,MD-PCG-PE4-A1 ,7910.05,11.8,29.560244,29.542208000000002,167.70524400000002,
15/09/2023,nan,MD-PCG-PE4-A1 ,7916.9,11.9,29.371321000000016,29.352283000000018,167.51632100000003,
24/09/2023,nan,MD-PCG-PE4-A1 ,7909.51,11.9,29.5751372,29.556099200000002,167.7201372,22.1
01/10/2023,nan,MD-PCG-PE4-A1 ,7914.5,11.9,29.43751300000001,29.41847500000001,167.582513,
08/10/2023,nan,MD-PCG-PE4-A1 ,7915.26,11.8,29.4165522,29.398516200000003,167.56155220000002,
15/10/2023,nan,MD-PCG-PE4-A1 ,7912.09,11.9,29.5039808,29.484942800000002,167.6489808,0.8
29/10/2023,nan,MD-PCG-PE4-A1 ,7918.78,11.9,29.319470600000013,29.300432600000015,167.46447060000003,5.6
05/11/2023,nan,MD-PCG-PE4-A1 ,7918.78,11.9,29.319470600000013,29.300432600000015,167.46447060000003,
11/11/2023,nan,MD-PCG-PE4-A1 ,7922.48,11.8,29.21742460000002,29.19938860000002,167.36242460000003,
18/11/2023,nan,MD-PCG-PE4-A1 ,7925.29,11.8,29.13992480000001,29.12188880000001,167.28492480000003,6.5
14/10/2022,nan,MD-PCG-PE5-A1,8880.16,10.2,0.40691280000000396,0.39295580000000396,177.6329128,
01/03/2023,nan,MD-PCG-PE5-A1,8888.1,10.2,0.18919799999999,0.17524099999999002,177.41519799999998,23.5
11/03/2023,nan,MD-PCG-PE5-A1,8888.1,10.2,0.18919799999999,0.17524099999999002,177.41519799999998,
18/03/2023,nan,MD-PCG-PE5-A1,8882.6,10.2,0.34000799999999,0.32605099999999,177.56600799999998,
24/03/2023,nan,MD-PCG-PE5-A1,8887.89,10.2,0.19495620000001596,0.18099920000001596,177.4209562,
01/04/2023,nan,MD-PCG-PE5-A1,8882.6,10.2,0.34000799999999,0.32605099999999,177.56600799999998,1.6
08/04/2023,nan,MD-PCG-PE5-A1,8885.46,10.2,0.26158680000002393,0.24762980000002394,177.48758680000003,
14/04/2023,nan,MD-PCG-PE5-A1,8881.96,10.2,0.35755680000002393,0.34359980000002394,177.58355680000003,
22/04/2023,nan,MD-PCG-PE5-A1,8886.78,10.2,0.22539239999998206,0.21143539999998207,177.45139239999997,6.5
07/05/2023,nan,MD-PCG-PE5-A1,8882.38,10.2,0.34604040000002195,0.33208340000002196,177.57204040000002,
23/05/2023,nan,MD-PCG-PE5-A1,8892.08,10.2,0.080066400000002,0.066109400000002,177.3060664,13.8
07/06/2023,nan,MD-PCG-PE5-A1,8889.69,10.2,0.14560019999998605,0.13164319999998605,177.3716002,
14/06/2023,nan,MD-PCG-PE5-A1,8885.93,10.2,0.24869939999999205,0.23474239999999205,177.4746994,
21/06/2023,nan,MD-PCG-PE5-A1,8884.61,10.3,0.28489379999998404,0.270526299999984,177.5108938,
01/07/2023,nan,MD-PCG-PE5-A1,8892.56,10.3,0.06690480000001396,0.05253730000001396,177.2929048,25.4
06/07/2023,nan,MD-PCG-PE5-A1,8886.14,10.3,0.24294120000001598,0.22857370000001595,177.46894120000002,
14/07/2023,nan,MD-PCG-PE5-A1,8885.46,10.2,0.26158680000002393,0.24762980000002394,177.48758680000003,
29/07/2023,nan,MD-PCG-PE5-A1,8887.39,10.2,0.20866620000001596,0.19470920000001596,177.4346662,17.5
06/08/2023,nan,MD-PCG-PE5-A1,8882.81,10.2,0.334249800000014,0.320292800000014,177.5602498,
15/08/2023,nan,MD-PCG-PE5-A1,8885.72,10.3,0.25445760000001794,0.2400901000000179,177.48045760000002,
21/08/2023,nan,MD-PCG-PE5-A1,8885.63,10.2,0.25692540000002195,0.24296840000002196,177.48292540000003,3.8
01/09/2023,nan,MD-PCG-PE5-A1,8893.19,10.2,0.04963019999998604,0.035673199999986034,177.2756302,
08/09/2023,nan,MD-PCG-PE5-A1,8886.36,10.2,0.23690879999998404,0.22295179999998407,177.46290879999998,
15/09/2023,nan,MD-PCG-PE5-A1,8895.0,10.2,0.0,-0.013956999999999999,SIN NF,
24/09/2023,nan,MD-PCG-PE5-A1,8884.61,10.2,0.28489379999998404,0.27093679999998405,177.5108938,22.1
01/10/2023,nan,MD-PCG-PE5-A1,8889.22,10.2,0.15848760000001796,0.14453060000001794,177.38448760000003,
08/10/2023,nan,MD-PCG-PE5-A1,8890.12,10.2,0.13380959999997805,0.11985259999997806,177.35980959999998,
15/10/2023,nan,MD-PCG-PE5-A1,8885.03,10.2,0.27337739999998206,0.25942039999998207,177.4993774,0.8
29/10/2023,nan,MD-PCG-PE5-A1,8893.0,10.2,0.05484,0.040883,177.28084,5.6
05/11/2023,nan,MD-PCG-PE5-A1,8890.75,10.2,0.11653499999999999,0.102578,177.342535,
11/11/2023,nan,MD-PCG-PE5-A1,8894.73,10.2,0.00740340000001197,-0.006553599999988029,SIN NF,
18/11/2023,nan,MD-PCG-PE5-A1,8897.86,10.2,-0.07842120000001596,-0.09237820000001595,SIN NF,6.5
28/10/2023,nan,MD-PCG-PE4-C1,8270.05,11.6,17.962026600000012,17.89671460000001,159.1460266,
29/10/2023,nan,MD-PCG-PE4-C1,8266.48,11.6,18.060487200000004,17.995175200000002,159.2444872,5.6
05/11/2023,nan,MD-PCG-PE4-C1,8275.81,11.6,17.803165800000002,17.737853800000003,158.9871658,
11/11/2023,nan,MD-PCG-PE4-C1,8281.76,11.6,17.639064799999986,17.573752799999983,158.8230648,
18/11/2023,nan,MD-PCG-PE4-C1,8287.54,11.6,17.479652399999967,17.41434039999997,158.66365239999996,6.5
29/06/2021,MI,PCG-PE2-B2 ,8762.94,10.2,0.025071199999977197,0.03938419999997721,161.4190712,0.0
03/07/2021,MI,PCG-PE2-B2 ,8768.34,10.3,-0.12877480000001243,-0.11556280000001244,SIN NF,0.0
16/07/2021,MI,PCG-PE2-B2 ,8768.34,10.3,-0.12877480000001243,-0.11556280000001244,SIN NF,2.1
28/07/2021,MI,PCG-PE2-B2 ,8766.83,10.3,-0.08575490000000621,-0.07254290000000622,SIN NF,0.0
09/08/2021,MI,PCG-PE2-B2 ,8769.84,10.3,-0.17150980000001242,-0.15829780000001242,SIN NF,0.0
14/08/2021,MI,PCG-PE2-B2 ,8770.73,10.3,-0.19686589999999585,-0.18365389999999587,SIN NF,0.5
21/08/2021,MI,PCG-PE2-B2 ,8772.23,10.3,-0.23960089999999584,-0.22638889999999587,SIN NF,17.5
29/08/2021,MI,PCG-PE2-B2 ,8773.95,10.3,-0.28860370000002905,-0.27539170000002905,SIN NF,1.3
03/09/2021,MI,PCG-PE2-B2 ,8773.33,10.3,-0.2709399000000062,-0.2577279000000062,SIN NF,2.1
17/09/2021,MI,PCG-PE2-B2 ,8775.04,10.3,-0.3196578000000332,-0.3064458000000332,SIN NF,0.8
27/09/2021,MI,PCG-PE2-B2 ,8774.63,10.3,-0.30797689999998545,-0.2947648999999855,SIN NF,17.6
06/10/2021,MI,PCG-PE2-B2 ,8773.74,10.3,-0.28262080000000206,-0.26940880000000206,SIN NF,0.0
13/10/2021,MI,PCG-PE2-B2 ,8777.85,10.3,-0.3997147000000186,-0.38650270000001863,SIN NF,0.0
31/10/2021,MI,PCG-PE2-B2 ,8773.12,10.3,-0.2649570000000311,-0.2517450000000311,SIN NF,0.3
06/11/2021,MI,PCG-PE2-B2 ,8775.92,10.2,-0.3447290000000104,-0.33041600000001037,SIN NF,0.0
14/11/2021,MI,PCG-PE2-B2 ,8777.02,10.4,-0.3760680000000207,-0.36395700000002074,SIN NF,2.8
23/11/2021,MI,PCG-PE2-B2 ,8777.43,10.3,-0.38774890000001655,-0.3745369000000166,SIN NF,0.0
27/11/2021,MI,PCG-PE2-B2 ,8775.04,10.3,-0.3196578000000332,-0.3064458000000332,SIN NF,0.6
05/12/2021,MI,PCG-PE2-B2 ,8774.42,10.4,-0.30199400000001037,-0.2898830000000104,SIN NF,
10/12/2021,MI,PCG-PE2-B2 ,8774.42,10.3,-0.30199400000001037,-0.28878200000001036,SIN NF,
17/01/2022,MI,PCG-PE2-B2 ,8775.25,10.3,-0.3256407000000083,-0.3124287000000083,SIN NF,6.1
27/01/2022,MI,PCG-PE2-B2 ,8775.51,10.3,-0.3330481000000145,-0.3198361000000145,SIN NF,
04/02/2022,MI,PCG-PE2-B2 ,8775.51,10.3,-0.3330481000000145,-0.3198361000000145,SIN NF,
14/02/2022,MI,PCG-PE2-B2 ,8777.64,10.3,-0.3937317999999917,-0.38051979999999175,SIN NF,1.8
24/02/2022,MI,PCG-PE2-B2 ,8776.34,10.3,-0.3566948000000124,-0.34348280000001247,SIN NF,
05/03/2022,MI,PCG-PE2-B2 ,8778.94,10.3,-0.43076880000002277,-0.41755680000002277,SIN NF,21.1
13/03/2022,MI,PCG-PE2-B2 ,8777.22,10.3,-0.3817659999999896,-0.3685539999999896,SIN NF,
21/02/2022,MI,PCG-PE2-B2 ,8777.85,10.3,-0.3997147000000186,-0.38650270000001863,SIN NF,
30/03/2022,MI,PCG-PE2-B2 ,8777.02,10.3,-0.3760680000000207,-0.3628560000000207,SIN NF,22.4
06/04/2022,MI,PCG-PE2-B2 ,8777.64,10.3,-0.3937317999999917,-0.38051979999999175,SIN NF,
14/04/2022,MI,PCG-PE2-B2 ,8778.32,10.3,-0.413105,-0.39989299999999994,SIN NF,0.0
21/04/2022,MI,PCG-PE2-B2 ,8778.94,10.3,-0.43076880000002277,-0.41755680000002277,SIN NF,
30/04/2022,MI,PCG-PE2-B2 ,8777.85,10.3,-0.3997147000000186,-0.38650270000001863,SIN NF,12.3
06/05/2022,MI,PCG-PE2-B2 ,8778.94,10.3,-0.43076880000002277,-0.41755680000002277,SIN NF,
13/05/2022,MI,PCG-PE2-B2 ,8777.85,10.3,-0.3997147000000186,-0.38650270000001863,SIN NF,9.8
20/05/2022,MI,PCG-PE2-B2 ,8776.13,10.3,-0.3507118999999855,-0.3374998999999855,SIN NF,
30/05/2022,MI,PCG-PE2-B2 ,8776.34,10.3,-0.3566948000000124,-0.34348280000001247,SIN NF,0.0
06/06/2022,MI,PCG-PE2-B2 ,8779.41,10.3,-0.44415910000000414,-0.43094710000000414,SIN NF,
13/06/2022,MI,PCG-PE2-B2 ,8780.46,10.3,-0.4740735999999834,-0.4608615999999834,SIN NF,2.5
21/06/2022,MI,PCG-PE2-B2 ,8776.55,10.3,-0.36267769999998756,-0.34946569999998756,SIN NF,
27/06/2022,MI,PCG-PE2-B2 ,8778.94,10.3,-0.43076880000002277,-0.41755680000002277,SIN NF,4.2
06/07/2022,MI,PCG-PE2-B2 ,8781.31,10.3,-0.49829009999999374,-0.4850780999999937,SIN NF,
16/07/2022,MI,PCG-PE2-B2 ,8780.8,10.3,-0.4837601999999875,-0.4705481999999875,SIN NF,1.0
22/07/2022,MI,PCG-PE2-B2 ,8781.75,10.3,-0.5108257000000083,-0.49761370000000826,SIN NF,
29/07/2022,MI,PCG-PE2-B2 ,8779.15,10.3,-0.43675169999999786,-0.42353969999999785,SIN NF,0.3
07/08/2022,MI,PCG-PE2-B2 ,8775.72,10.3,-0.3390309999999896,-0.3258189999999896,SIN NF,3.1
20/08/2022,MI,PCG-PE2-B2 ,8778.94,10.3,-0.43076880000002277,-0.41755680000002277,SIN NF,8.6
29/08/2022,MI,PCG-PE2-B2 ,8779.83,10.3,-0.4561249000000062,-0.4429129000000062,SIN NF,
28/02/2023,MI,PCG-PE2-B2 ,8777.8,10.3,-0.3982901999999875,-0.3850781999999875,SIN NF,23.5
10/03/2023,MI,PCG-PE2-B2 ,8784.82,10.3,-0.59829,-0.5850779999999999,SIN NF,
18/03/2023,MI,PCG-PE2-B2 ,8782.22,10.0,-0.5242159999999896,-0.5077009999999895,SIN NF,
26/03/2023,MI,PCG-PE2-B2 ,8782.43,10.3,-0.5301989000000166,-0.5169869000000166,SIN NF,
01/04/2023,MI,PCG-PE2-B2 ,8783.05,10.3,-0.5478626999999876,-0.5346506999999876,SIN NF,1.6
08/04/2023,MI,PCG-PE2-B2 ,8783.05,10.3,-0.5478626999999876,-0.5346506999999876,SIN NF,
14/04/2023,MI,PCG-PE2-B2 ,8780.45,10.3,-0.47378870000002904,-0.460576700000029,SIN NF,
23/04/2023,MI,PCG-PE2-B2 ,8782.64,10.3,-0.5361817999999917,-0.5229697999999916,SIN NF,6.5
07/05/2023,MI,PCG-PE2-B2 ,8782.43,10.3,-0.5301989000000166,-0.5169869000000166,SIN NF,
27/05/2023,MI,PCG-PE2-B2 ,8783.94,10.3,-0.5732188000000228,-0.5600068000000228,SIN NF,13.8
07/06/2023,MI,PCG-PE2-B2 ,8785.66,10.3,-0.622221600000004,-0.609009600000004,SIN NF,
14/06/2023,MI,PCG-PE2-B2 ,8782.64,10.3,-0.5361817999999917,-0.5229697999999916,SIN NF,
21/06/2023,MI,PCG-PE2-B2 ,8782.43,10.3,-0.5301989000000166,-0.5169869000000166,SIN NF,
01/07/2023,MI,PCG-PE2-B2 ,8783.52,10.3,-0.5612530000000208,-0.5480410000000208,SIN NF,25.4
07/07/2023,MI,PCG-PE2-B2 ,8783.73,10.3,-0.5672358999999958,-0.5540238999999958,SIN NF,
14/07/2023,MI,PCG-PE2-B2 ,8781.33,10.3,-0.49885990000000624,-0.4856479000000062,SIN NF,
30/07/2023,MI,PCG-PE2-B2 ,8782.2,10.3,-0.5236462000000289,-0.5104342000000289,SIN NF,17.5
06/08/2023,MI,PCG-PE2-B2 ,8784.82,10.3,-0.59829,-0.5850779999999999,SIN NF,
16/08/2023,MI,PCG-PE2-B2 ,8784.64,10.3,-0.5931617999999917,-0.5799497999999916,SIN NF,
22/08/2023,MI,PCG-PE2-B2 ,8784.61,10.3,-0.5923071000000248,-0.5790951000000248,SIN NF,
24/08/2023,MI,PCG-PE2-B2 ,8785.82,10.3,-0.62678,-0.6135679999999999,SIN NF,3.8
01/09/2023,MI,PCG-PE2-B2 ,8785.92,10.3,-0.6296290000000103,-0.6164170000000103,SIN NF,
08/09/2023,MI,PCG-PE2-B2 ,8782.22,10.3,-0.5242159999999896,-0.5110039999999896,SIN NF,
16/09/2023,MI,PCG-PE2-B2 ,8785.66,10.3,-0.622221600000004,-0.609009600000004,SIN NF,
23/09/2023,MI,PCG-PE2-B2 ,8782.01,10.3,-0.5182331000000145,-0.5050211000000144,SIN NF,22.1
01/10/2023,MI,PCG-PE2-B2 ,8782.01,10.3,-0.5182331000000145,-0.5050211000000144,SIN NF,
08/10/2023,MI,PCG-PE2-B2 ,8785.24,10.3,-0.610255800000002,-0.597043800000002,SIN NF,
16/10/2023,MI,PCG-PE2-B2 ,8782.22,10.3,-0.5242159999999896,-0.5110039999999896,SIN NF,0.8
31/10/2023,MI,PCG-PE2-B2 ,8783.31,10.3,-0.5552700999999938,-0.5420580999999938,SIN NF,5.6
03/11/2023,MI,PCG-PE2-B2 ,8783.05,10.3,-0.5478626999999876,-0.5346506999999876,SIN NF,
12/11/2023,MI,PCG-PE2-B2 ,8784.82,10.3,-0.59829,-0.5850779999999999,SIN NF,
20/11/2023,MI,PCG-PE2-B2 ,8787.43,10.3,-0.6726489000000165,-0.6594369000000165,SIN NF,6.5
03/07/2021,MI,PCG-PE2-B1,8484.22,11.1,10.639462199999992,10.688518199999992,172.7284622,0.0
16/07/2021,MI,PCG-PE2-B1,8493.27,11.2,10.388053199999963,10.435065199999963,172.47705319999997,2.1
28/07/2021,MI,PCG-PE2-B1,8495.55,11.2,10.324714799999995,10.371726799999996,172.41371479999998,0.0
09/08/2021,MI,PCG-PE2-B1,8497.38,11.2,10.273877399999998,10.320889399999999,172.3628774,0.0
14/08/2021,MI,PCG-PE2-B1,8496.79,11.2,10.290267599999952,10.337279599999952,172.37926759999996,0.5
21/08/2021,MI,PCG-PE2-B1,8506.9,11.2,10.009411799999985,10.056423799999985,172.09841179999998,17.5
29/08/2021,MI,PCG-PE2-B1,8513.75,11.2,9.819118799999975,9.866130799999976,171.90811879999998,1.3
03/09/2021,MI,PCG-PE2-B1,8511.27,11.2,9.888013199999962,9.935025199999963,171.97701319999996,2.1
17/09/2021,MI,PCG-PE2-B1,8523.05,11.2,9.560764799999994,9.607776799999995,171.64976479999999,0.8
27/09/2021,MI,PCG-PE2-B1,8532.62,11.2,9.294910199999954,9.341922199999955,171.38391019999995,17.6
06/10/2021,MI,PCG-PE2-B1,8532.42,11.2,9.300466199999972,9.347478199999973,171.38946619999996,0.0
13/10/2021,MI,PCG-PE2-B1,8541.35,11.2,9.052390799999966,9.099402799999966,171.14139079999995,0.0
31/10/2021,MI,PCG-PE2-B1,8557.79,11.2,8.59568759999995,8.64269959999995,170.68468759999996,0.3
06/11/2021,MI,PCG-PE2-B1,8561.35,11.2,8.496790799999964,8.543802799999964,170.58579079999996,0.0
14/11/2021,MI,PCG-PE2-B1,8569.27,11.2,8.276773199999964,8.323785199999964,170.36577319999995,2.8
23/11/2021,MI,PCG-PE2-B1,8566.36,11.2,8.357612999999958,8.404624999999958,170.44661299999996,0.0
27/11/2021,MI,PCG-PE2-B1,8566.56,11.2,8.35205699999999,8.39906899999999,170.441057,0.6
05/12/2021,MI,PCG-PE2-B1,8569.27,11.2,8.276773199999964,8.323785199999964,170.36577319999995,
10/12/2021,MI,PCG-PE2-B1,8574.69,11.2,8.126205599999961,8.173217599999962,170.21520559999996,
17/01/2022,MI,PCG-PE2-B1,8564.91,11.2,8.39789399999998,8.44490599999998,170.48689399999998,6.1
27/01/2022,MI,PCG-PE2-B1,8560.7,11.2,8.514847799999954,8.561859799999954,170.60384779999995,
04/02/2022,MI,PCG-PE2-B1,8565.11,11.2,8.39233799999996,8.43934999999996,170.48133799999997,
14/02/2022,MI,PCG-PE2-B1,8569.27,11.2,8.276773199999964,8.323785199999964,170.36577319999995,1.8
24/02/2022,MI,PCG-PE2-B1,8577.2,11.2,8.056477799999955,8.103489799999956,170.14547779999995,
05/03/2022,MI,PCG-PE2-B1,8595.07,11.2,7.560049199999984,7.607061199999984,169.64904919999998,21.1
13/03/2022,MI,PCG-PE2-B1,8586.66,11.2,7.79367899999998,7.84069099999998,169.88267899999997,
21/03/2022,MI,PCG-PE2-B1,8586.66,11.2,7.79367899999998,7.84069099999998,169.88267899999997,
30/03/2022,MI,PCG-PE2-B1,8580.37,11.2,7.968415199999952,8.015427199999953,170.05741519999995,22.4
06/04/2022,MI,PCG-PE2-B1,8581.23,11.2,7.944524399999987,7.991536399999988,170.03352439999998,
14/04/2022,MI,PCG-PE2-B1,8580.17,11.2,7.973971199999973,8.020983199999973,170.06297119999996,0.0
21/04/2022,MI,PCG-PE2-B1,8580.77,11.2,7.957303199999963,8.004315199999963,170.04630319999995,
30/04/2022,MI,PCG-PE2-B1,8588.97,11.2,7.729507199999993,7.776519199999994,169.8185072,12.3
06/05/2022,MI,PCG-PE2-B1,8596.33,11.2,7.525046399999977,7.572058399999977,169.61404639999998,
13/05/2022,MI,PCG-PE2-B1,8579.72,11.2,7.986472199999993,8.033484199999993,170.07547219999998,9.8
20/05/2022,MI,PCG-PE2-B1,8575.75,11.2,8.096758799999975,8.143770799999976,170.18575879999997,
30/05/2022,MI,PCG-PE2-B1,8578.71,11.2,8.014529999999999,8.061542,170.10353,0.0
06/06/2022,MI,PCG-PE2-B1,8583.29,11.2,7.887297599999951,7.934309599999952,169.97629759999995,
13/06/2022,MI,PCG-PE2-B1,8592.55,11.2,7.6300547999999955,7.677066799999996,169.71905479999998,2.5
21/06/2022,MI,PCG-PE2-B1,8588.77,11.2,7.735063199999963,7.782075199999963,169.82406319999996,
27/06/2022,MI,PCG-PE2-B1,8590.43,11.2,7.688948399999967,7.735960399999968,169.77794839999996,4.2
06/07/2022,MI,PCG-PE2-B1,8588.52,11.2,7.742008199999963,7.789020199999963,169.83100819999996,
16/07/2022,MI,PCG-PE2-B1,8589.11,11.2,7.725617999999959,7.7726299999999595,169.81461799999997,1.0
22/07/2022,MI,PCG-PE2-B1,8601.77,11.2,7.373923199999963,7.420935199999963,169.46292319999995,
29/07/2022,MI,PCG-PE2-B1,8597.13,11.2,7.502822399999998,7.549834399999998,169.59182239999998,0.3
07/08/2022,MI,PCG-PE2-B1,8581.23,11.2,7.944524399999987,7.991536399999988,170.03352439999998,3.1
20/08/2022,MI,PCG-PE2-B1,8590.63,11.2,7.683392399999997,7.730404399999998,169.7723924,8.6
29/08/2022,MI,PCG-PE2-B1,8594.41,11.2,7.578383999999979,7.62539599999998,169.66738399999997,
28/02/2023,MI,PCG-PE2-B1,8580.0,11.2,7.978693799999975,8.025705799999976,170.06769379999997,23.5
10/03/2023,MI,PCG-PE2-B1,8600.51,11.2,7.408925999999968,7.455937999999969,169.49792599999998,
18/03/2023,MI,PCG-PE2-B1,8597.99,11.2,7.4789315999999815,7.525943599999982,169.56793159999998,
26/03/2023,MI,PCG-PE2-B1,8597.13,11.2,7.502822399999998,7.549834399999998,169.59182239999998,
01/04/2023,MI,PCG-PE2-B1,8599.66,11.2,7.43253899999998,7.47955099999998,169.521539,1.6
08/04/2023,MI,PCG-PE2-B1,8597.34,11.2,7.496988599999971,7.544000599999971,169.58598859999998,
14/04/2023,MI,PCG-PE2-B1,8592.95,11.2,7.618942799999955,7.665954799999955,169.70794279999996,
23/04/2023,MI,PCG-PE2-B1,8597.34,11.2,7.496988599999971,7.544000599999971,169.58598859999998,6.5
07/05/2023,MI,PCG-PE2-B1,8596.53,11.2,7.519490399999956,7.5665023999999566,169.60849039999997,
27/05/2023,MI,PCG-PE2-B1,8601.37,11.2,7.385035199999952,7.4320471999999524,169.47403519999995,13.8
07/06/2023,MI,PCG-PE2-B1,8601.98,11.2,7.368089399999987,7.415101399999988,169.45708939999997,
14/06/2023,MI,PCG-PE2-B1,8601.57,11.2,7.379479199999983,7.426491199999983,169.4684792,
21/06/2023,MI,PCG-PE2-B1,8600.31,11.2,7.414481999999989,7.461493999999989,169.503482,
01/07/2023,MI,PCG-PE2-B1,8598.19,11.2,7.473375599999961,7.520387599999961,169.56237559999997,25.4
07/07/2023,MI,PCG-PE2-B1,8597.99,11.2,7.4789315999999815,7.525943599999982,169.56793159999998,
14/07/2023,MI,PCG-PE2-B1,8596.73,11.2,7.513934399999987,7.560946399999987,169.60293439999998,
30/07/2023,MI,PCG-PE2-B1,8596.2,11.1,7.528657799999955,7.577713799999955,169.61765779999996,17.5
06/08/2023,MI,PCG-PE2-B1,8598.85,11.2,7.455040799999965,7.502052799999966,169.54404079999998,
16/08/2023,MI,PCG-PE2-B1,8596.08,11.2,7.531991399999977,7.579003399999977,169.62099139999998,
22/08/2023,MI,PCG-PE2-B1,8601.98,11.2,7.368089399999987,7.415101399999988,169.45708939999997,
24/08/2023,MI,PCG-PE2-B1,8600.71,11.2,7.40337,7.450381999999999,169.49237,3.8
01/09/2023,MI,PCG-PE2-B1,8602.83,11.2,7.344476399999977,7.391488399999978,169.4334764,
08/09/2023,MI,PCG-PE2-B1,8598.19,11.2,7.473375599999961,7.520387599999961,169.56237559999997,
16/09/2023,MI,PCG-PE2-B1,8601.77,11.2,7.373923199999963,7.420935199999963,169.46292319999995,
23/09/2023,MI,PCG-PE2-B1,8596.73,11.2,7.513934399999987,7.560946399999987,169.60293439999998,22.1
01/10/2023,MI,PCG-PE2-B1,8596.33,11.2,7.525046399999977,7.572058399999977,169.61404639999998,
08/10/2023,MI,PCG-PE2-B1,8599.05,11.2,7.449484799999995,7.496496799999995,169.5384848,
16/10/2023,MI,PCG-PE2-B1,8596.53,11.2,7.519490399999956,7.5665023999999566,169.60849039999997,0.8
31/10/2023,MI,PCG-PE2-B1,8594.61,11.2,7.5728279999999595,7.61983999999996,169.66182799999996,5.6
03/11/2023,MI,PCG-PE2-B1,8596.33,11.2,7.525046399999977,7.572058399999977,169.61404639999998,
12/11/2023,MI,PCG-PE2-B1,8597.34,11.2,7.496988599999971,7.544000599999971,169.58598859999998,
20/11/2023,MI,PCG-PE2-B1,8601.57,11.2,7.379479199999983,7.426491199999983,169.4684792,6.5
13/07/2021,MI,PCG-PE1-B1,8848.75,9.3,0.3608684000000079,0.3335174000000079,209.42886840000003,0.0
15/07/2021,MI,PCG-PE1-B1,8849.6,9.3,0.337595399999998,0.310244399999998,209.4055954,2.1
28/07/2021,MI,PCG-PE1-B1,8846.12,9.2,0.43287779999998605,0.4065397999999861,209.5008778,0.0
09/08/2021,MI,PCG-PE1-B1,8848.07,9.2,0.3794868000000159,0.3531488000000159,209.44748680000004,0.0
14/08/2021,MI,PCG-PE1-B1,8850.07,9.2,0.3247268000000159,0.29838880000001594,209.39272680000002,0.5
21/08/2021,MI,PCG-PE1-B1,8848.75,9.2,0.3608684000000079,0.33453040000000794,209.42886840000003,17.5
29/08/2021,MI,PCG-PE1-B1,8851.12,9.2,0.295977799999986,0.26963979999998605,209.3639778,1.3
03/09/2021,MI,PCG-PE1-B1,8850.91,9.2,0.3017276000000119,0.27538960000001195,209.36972760000003,2.1
17/09/2021,MI,PCG-PE1-B1,8852.12,9.2,0.268597799999986,0.242259799999986,209.3365978,0.8
27/09/2021,MI,PCG-PE1-B1,8852.23,9.2,0.2655860000000199,0.2392480000000199,209.33358600000003,17.6
06/10/2021,MI,PCG-PE1-B1,8850.07,9.2,0.3247268000000159,0.29838880000001594,209.39272680000002,0.0
13/10/2021,MI,PCG-PE1-B1,8859.5,9.2,0.06653340000000796,0.040195400000007965,209.1345334,0.0
31/10/2021,MI,PCG-PE1-B1,8845.23,9.2,0.4572460000000199,0.43090800000001994,209.52524600000004,0.3
06/11/2021,MI,PCG-PE1-B1,8852.23,9.2,0.2655860000000199,0.2392480000000199,209.33358600000003,0.0
14/11/2021,MI,PCG-PE1-B1,8857.08,9.2,0.13279300000000996,0.10645500000000996,209.20079300000003,2.8
23/11/2021,MI,PCG-PE1-B1,8855.07,9.2,0.18782680000001595,0.16148880000001595,209.25582680000002,0.0
27/11/2021,MI,PCG-PE1-B1,8849.81,9.2,0.3318456000000219,0.30550760000002186,209.39984560000002,0.6
03/12/2021,MI,PCG-PE1-B1,8848.96,9.2,0.35511860000003187,0.32878060000003184,209.42311860000004,
10/12/2021,MI,PCG-PE1-B1,8849.81,9.2,0.3318456000000219,0.30550760000002186,209.39984560000002,
17/01/2022,MI,PCG-PE1-B1,8846.75,9.2,0.41562840000000795,0.3892904000000079,209.48362840000001,6.1
27/01/2022,MI,PCG-PE1-B1,8848.75,9.2,0.3608684000000079,0.33453040000000794,209.42886840000003,
04/02/2022,MI,PCG-PE1-B1,8847.65,9.2,0.39098640000001794,0.3646484000000179,209.45898640000004,
14/02/2022,MI,PCG-PE1-B1,8855.34,9.2,0.18043420000000396,0.15409620000000399,209.24843420000002,1.8
24/02/2022,MI,PCG-PE1-B1,8854.86,9.2,0.19357659999999202,0.16723859999999202,209.2615766,
05/03/2022,MI,PCG-PE1-B1,8854.44,9.2,0.205076199999994,0.17873819999999402,209.27307620000002,21.1
13/03/2022,MI,PCG-PE1-B1,8852.7,9.2,0.25271739999998805,0.22637939999998802,209.3207174,
21/03/2022,MI,PCG-PE1-B1,8854.65,9.2,0.19932640000001794,0.17298840000001794,209.26732640000003,
30/03/2022,MI,PCG-PE1-B1,8848.49,9.2,0.36798720000001395,0.3416492000000139,209.43598720000003,22.4
06/04/2022,MI,PCG-PE1-B1,8850.07,9.2,0.3247268000000159,0.29838880000001594,209.39272680000002,
14/04/2022,MI,PCG-PE1-B1,8853.34,9.2,0.23519420000000396,0.20885620000000393,209.3031942,0.0
21/04/2022,MI,PCG-PE1-B1,8855.07,9.2,0.18782680000001595,0.16148880000001595,209.25582680000002,
30/04/2022,MI,PCG-PE1-B1,8850.28,9.2,0.31897699999999,0.29263899999999005,209.386977,12.3
06/05/2022,MI,PCG-PE1-B1,8852.23,9.2,0.2655860000000199,0.2392480000000199,209.33358600000003,
13/05/2022,MI,PCG-PE1-B1,8852.02,9.2,0.271335799999996,0.244997799999996,209.33933580000001,9.8
20/05/2022,MI,PCG-PE1-B1,8851.6,9.2,0.282835399999998,0.256497399999998,209.35083540000002,
30/05/2022,MI,PCG-PE1-B1,8848.28,9.2,0.37373699999999,0.34739899999999,209.441737,0.0
06/06/2022,MI,PCG-PE1-B1,8856.87,9.2,0.13854279999998606,0.11220479999998606,209.2065428,
13/06/2022,MI,PCG-PE1-B1,8855.55,9.2,0.17468440000002788,0.14834640000002788,209.24268440000003,2.5
21/06/2022,MI,PCG-PE1-B1,8846.12,9.2,0.43287779999998605,0.4065397999999861,209.5008778,
27/06/2022,MI,PCG-PE1-B1,8856.39,9.2,0.1516852000000239,0.1253472000000239,209.21968520000004,4.2
06/07/2022,MI,PCG-PE1-B1,8856.39,9.2,0.1516852000000239,0.1253472000000239,209.21968520000004,
16/07/2022,MI,PCG-PE1-B1,8854.93,9.2,0.19166,0.165322,209.25966000000003,1.0
22/07/2022,MI,PCG-PE1-B1,8856.18,9.2,0.157435,0.13109700000000002,209.225435,
29/07/2022,MI,PCG-PE1-B1,8855.34,9.2,0.18043420000000396,0.15409620000000399,209.24843420000002,0.3
07/08/2022,MI,PCG-PE1-B1,8845.85,9.2,0.44027039999999795,0.413932399999998,209.50827040000001,3.1
20/08/2022,MI,PCG-PE1-B1,8847.44,9.2,0.39673619999999404,0.370398199999994,209.4647362,8.6
29/08/2022,MI,PCG-PE1-B1,8853.12,9.2,0.24121779999998605,0.21487979999998602,209.3092178,
28/02/2023,MI,PCG-PE1-B1,8854.86,9.2,0.19357659999999202,0.16723859999999202,209.2615766,23.5
10/03/2023,MI,PCG-PE1-B1,8858.61,9.2,0.09090159999999203,0.06456359999999205,209.1589016,
18/03/2023,MI,PCG-PE1-B1,8850.28,9.2,0.31897699999999,0.29263899999999005,209.386977,
26/03/2023,MI,PCG-PE1-B1,8853.12,9.2,0.24121779999998605,0.21487979999998602,209.3092178,
01/04/2023,MI,PCG-PE1-B1,8858.18,9.2,0.10267499999999999,0.076337,209.17067500000002,1.6
08/04/2023,MI,PCG-PE1-B1,8854.02,9.2,0.216575799999996,0.19023779999999602,209.2845758,
14/04/2023,MI,PCG-PE1-B1,8850.28,9.2,0.31897699999999,0.29263899999999005,209.386977,
23/04/2023,MI,PCG-PE1-B1,8854.44,9.2,0.205076199999994,0.17873819999999402,209.27307620000002,6.5
07/05/2023,MI,PCG-PE1-B1,8850.91,9.2,0.3017276000000119,0.27538960000001195,209.36972760000003,
27/05/2023,MI,PCG-PE1-B1,8850.7,9.2,0.307477399999988,0.28113939999998805,209.3754774,13.8
07/06/2023,MI,PCG-PE1-B1,8857.08,9.2,0.13279300000000996,0.10645500000000996,209.20079300000003,
14/06/2023,MI,PCG-PE1-B1,8854.02,9.2,0.216575799999996,0.19023779999999602,209.2845758,
21/06/2023,MI,PCG-PE1-B1,8857.97,9.2,0.1084248000000259,0.08208680000002591,209.17642480000004,
01/07/2023,MI,PCG-PE1-B1,8857.71,9.2,0.11554360000003187,0.08920560000003187,209.18354360000004,25.4
07/07/2023,MI,PCG-PE1-B1,8852.23,9.2,0.2655860000000199,0.2392480000000199,209.33358600000003,
14/07/2023,MI,PCG-PE1-B1,8852.91,9.2,0.24696760000001194,0.22062960000001192,209.31496760000002,
30/07/2023,MI,PCG-PE1-B1,8853.1,9.2,0.241765399999998,0.215427399999998,209.3097654,17.5
06/08/2023,MI,PCG-PE1-B1,8857.71,9.2,0.11554360000003187,0.08920560000003187,209.18354360000004,
16/08/2023,MI,PCG-PE1-B1,8849.39,9.2,0.3433452000000239,0.3170072000000239,209.41134520000003,
22/08/2023,MI,PCG-PE1-B1,8852.56,9.2,0.2565506000000219,0.2302126000000219,209.32455060000004,
24/08/2023,MI,PCG-PE1-B1,8856.66,9.2,0.14429260000001196,0.11795460000001196,209.2122926,3.8
01/09/2023,MI,PCG-PE1-B1,8858.82,9.2,0.08515180000001593,0.05881380000001594,209.15315180000002,
08/09/2023,MI,PCG-PE1-B1,8853.55,9.2,0.2294444000000279,0.2031064000000279,209.29744440000005,
16/09/2023,MI,PCG-PE1-B1,8858.61,9.2,0.09090159999999203,0.06456359999999205,209.1589016,
23/09/2023,MI,PCG-PE1-B1,8853.55,9.2,0.2294444000000279,0.2031064000000279,209.29744440000005,22.1
01/10/2023,MI,PCG-PE1-B1,8850.91,9.2,0.3017276000000119,0.27538960000001195,209.36972760000003,
08/10/2023,MI,PCG-PE1-B1,8859.71,9.2,0.06078360000003187,0.03444560000003188,209.12878360000005,
16/10/2023,MI,PCG-PE1-B1,8853.61,9.2,0.227801599999992,0.201463599999992,209.2958016,0.8
31/10/2023,MI,PCG-PE1-B1,8848.28,9.2,0.37373699999999,0.34739899999999,209.441737,5.6
03/11/2023,MI,PCG-PE1-B1,8854.44,9.2,0.205076199999994,0.17873819999999402,209.27307620000002,
12/11/2023,MI,PCG-PE1-B1,8855.76,9.2,0.168934600000002,0.14259660000000202,209.2369346,
20/11/2023,MI,PCG-PE1-B1,8852.35,9.2,0.262300399999998,0.235962399999998,209.3303004,6.5
06/07/2021,MI,PCG-PE1-B2,8962.12,10.0,-0.11914400000004498,-0.06532400000004497,SIN NF,0.0
16/07/2021,MI,PCG-PE1-B2,8961.21,10.0,-0.09357299999999796,-0.039752999999997964,SIN NF,2.1
28/07/2021,MI,PCG-PE1-B2,8955.42,10.0,0.06912599999997546,0.12294599999997545,171.12212599999998,0.0
09/08/2021,MI,PCG-PE1-B2,8958.1,10.0,-0.006182000000032713,0.04763799999996728,171.04681799999997,0.0
14/08/2021,MI,PCG-PE1-B2,8958.1,10.0,-0.006182000000032713,0.04763799999996728,171.04681799999997,0.5
21/08/2021,MI,PCG-PE1-B2,8958.74,10.0,-0.024166000000016355,0.029653999999983638,171.028834,17.5
29/08/2021,MI,PCG-PE1-B2,8961.91,10.0,-0.11324300000001838,-0.05942300000001839,SIN NF,1.3
03/09/2021,MI,PCG-PE1-B2,8959.87,10.0,-0.05591900000004498,-0.0020990000000449863,SIN NF,2.1
17/09/2021,MI,PCG-PE1-B2,8962.77,10.0,-0.13740900000003475,-0.08358900000003475,SIN NF,0.8
27/09/2021,MI,PCG-PE1-B2,8960.78,10.0,-0.08149000000004089,-0.02767000000004089,SIN NF,17.6
06/10/2021,MI,PCG-PE1-B2,8957.88,10.0,0.0,0.05381999999999999,171.053,0.0
13/10/2021,MI,PCG-PE1-B2,8966.36,10.0,-0.23828800000003886,-0.18446800000003885,SIN NF,0.0
31/10/2021,MI,PCG-PE1-B2,8955.85,10.0,0.057042999999967293,0.11086299999996728,171.11004299999996,0.3
06/11/2021,MI,PCG-PE1-B2,8962.12,10.0,-0.11914400000004498,-0.06532400000004497,SIN NF,0.0
14/11/2021,MI,PCG-PE1-B2,8965.02,10.0,-0.20063400000003476,-0.14681400000003475,SIN NF,2.8
23/11/2021,MI,PCG-PE1-B2,8965.02,10.0,-0.20063400000003476,-0.14681400000003475,SIN NF,0.0
27/11/2021,MI,PCG-PE1-B2,8961.69,10.0,-0.10706100000003681,-0.05324100000003681,SIN NF,0.6
05/12/2021,MI,PCG-PE1-B2,8960.08,10.0,-0.06182000000002044,-0.008000000000020447,SIN NF,
10/12/2021,MI,PCG-PE1-B2,8959.44,10.0,-0.043836000000036804,0.009983999999963192,171.00916399999997,
17/01/2022,MI,PCG-PE1-B2,8958.1,10.0,-0.006182000000032713,0.04763799999996728,171.04681799999997,6.1
27/01/2022,MI,PCG-PE1-B2,8959.23,10.0,-0.037935000000010224,0.015884999999989775,171.015065,
04/02/2022,MI,PCG-PE1-B2,8959.23,10.0,-0.037935000000010224,0.015884999999989775,171.015065,
14/02/2022,MI,PCG-PE1-B2,8965.45,10.0,-0.21271700000004293,-0.15889700000004292,SIN NF,
24/02/2022,MI,PCG-PE1-B2,8962.34,10.0,-0.12532600000002658,-0.07150600000002659,SIN NF,
05/03/2022,MI,PCG-PE1-B2,8964.59,10.0,-0.1885510000000266,-0.13473100000002658,SIN NF,21.1
13/03/2022,MI,PCG-PE1-B2,8959.65,10.0,-0.049737000000012264,0.004082999999987732,171.00326299999998,
21/03/2022,MI,PCG-PE1-B2,8962.55,10.0,-0.13122700000000206,-0.07740700000000206,SIN NF,
30/03/2022,MI,PCG-PE1-B2,8956.33,10.0,0.043554999999979555,0.09737499999997955,171.09655499999997,22.4
06/04/2022,MI,PCG-PE1-B2,8957.88,10.0,0.0,0.05381999999999999,171.053,
14/04/2022,MI,PCG-PE1-B2,8961.42,10.1,-0.09947400000002453,-0.04685000000002453,SIN NF,0.0
21/04/2022,MI,PCG-PE1-B2,8962.77,10.1,-0.13740900000003475,-0.08478500000003475,SIN NF,
30/04/2022,MI,PCG-PE1-B2,8957.67,10.0,0.005900999999975466,0.05972099999997546,171.05890099999996,12.3
06/05/2022,MI,PCG-PE1-B2,8960.08,10.0,-0.06182000000002044,-0.008000000000020447,SIN NF,
13/05/2022,MI,PCG-PE1-B2,8960.08,10.0,-0.06182000000002044,-0.008000000000020447,SIN NF,9.8
20/05/2022,MI,PCG-PE1-B2,8959.23,10.0,-0.037935000000010224,0.015884999999989775,171.015065,
30/05/2022,MI,PCG-PE1-B2,8956.33,10.0,0.043554999999979555,0.09737499999997955,171.09655499999997,0.0
06/06/2022,MI,PCG-PE1-B2,8964.81,10.0,-0.19473300000000818,-0.14091300000000817,SIN NF,
13/06/2022,MI,PCG-PE1-B2,8963.46,10.0,-0.15679799999999794,-0.10297799999999795,SIN NF,2.5
21/06/2022,MI,PCG-PE1-B2,8954.51,10.0,0.09469699999997137,0.1485169999999714,171.14769699999997,
27/06/2022,MI,PCG-PE1-B2,8964.59,10.0,-0.1885510000000266,-0.13473100000002658,SIN NF,4.2
06/07/2022,MI,PCG-PE1-B2,8964.38,10.0,-0.18265,-0.12883,SIN NF,
16/07/2022,MI,PCG-PE1-B2,8960.69,10.0,-0.07896100000003681,-0.025141000000036808,SIN NF,1.0
22/07/2022,MI,PCG-PE1-B2,8964.11,10.0,-0.17506300000003885,-0.12124300000003886,SIN NF,
29/07/2022,MI,PCG-PE1-B2,8963.46,10.0,-0.15679799999999794,-0.10297799999999795,SIN NF,0.3
07/08/2022,MI,PCG-PE1-B2,8954.51,10.0,0.09469699999997137,0.1485169999999714,171.14769699999997,3.1
20/08/2022,MI,PCG-PE1-B2,8956.54,10.0,0.037653999999952975,0.09147399999995297,171.09065399999994,8.6
29/08/2022,MI,PCG-PE1-B2,8961.91,10.0,-0.11324300000001838,-0.05942300000001839,SIN NF,
28/02/2023,MI,PCG-PE1-B2,8961.9,10.0,-0.11296200000001227,-0.05914200000001228,SIN NF,23.5
10/03/2023,MI,PCG-PE1-B2,8968.4,10.0,-0.29561200000001225,-0.24179200000001227,SIN NF,
18/03/2023,MI,PCG-PE1-B2,8960.08,10.0,-0.06182000000002044,-0.008000000000020447,SIN NF,
26/03/2023,MI,PCG-PE1-B2,8965.72,10.0,-0.2203040000000041,-0.1664840000000041,SIN NF,
01/04/2023,MI,PCG-PE1-B2,8968.13,10.0,-0.288025,-0.234205,SIN NF,1.6
08/04/2023,MI,PCG-PE1-B2,8964.11,10.0,-0.17506300000003885,-0.12124300000003886,SIN NF,
14/04/2023,MI,PCG-PE1-B2,8960.57,10.0,-0.07558900000001431,-0.021769000000014322,SIN NF,
23/04/2023,MI,PCG-PE1-B2,8964.11,10.0,-0.17506300000003885,-0.12124300000003886,SIN NF,6.5
07/05/2023,MI,PCG-PE1-B2,8961.21,10.0,-0.09357299999999796,-0.039752999999997964,SIN NF,
27/05/2023,MI,PCG-PE1-B2,8961.0,10.0,-0.08767200000002248,-0.03385200000002249,SIN NF,13.8
07/06/2023,MI,PCG-PE1-B2,8967.71,10.0,-0.27622299999999794,-0.22240299999999796,SIN NF,
14/06/2023,MI,PCG-PE1-B2,8964.38,10.0,-0.18265,-0.12883,SIN NF,
21/06/2023,MI,PCG-PE1-B2,8968.13,10.0,-0.288025,-0.234205,SIN NF,
01/07/2023,MI,PCG-PE1-B2,8968.4,10.0,-0.29561200000001225,-0.24179200000001227,SIN NF,25.4
07/07/2023,MI,PCG-PE1-B2,8962.55,10.0,-0.13122700000000206,-0.07740700000000206,SIN NF,
14/07/2023,MI,PCG-PE1-B2,8963.46,10.0,-0.15679799999999794,-0.10297799999999795,SIN NF,
30/07/2023,MI,PCG-PE1-B2,8963.46,10.0,-0.15679799999999794,-0.10297799999999795,SIN NF,17.5
06/08/2023,MI,PCG-PE1-B2,8968.4,10.0,-0.29561200000001225,-0.24179200000001227,SIN NF,
16/08/2023,MI,PCG-PE1-B2,8960.08,10.0,-0.06182000000002044,-0.008000000000020447,SIN NF,
22/08/2023,MI,PCG-PE1-B2,8972.65,10.0,-0.41503700000001226,-0.3612170000000123,SIN NF,
24/08/2023,MI,PCG-PE1-B2,8967.71,10.0,-0.27622299999999794,-0.22240299999999796,SIN NF,3.8
01/09/2023,MI,PCG-PE1-B2,8969.26,10.0,-0.3197780000000286,-0.2659580000000286,SIN NF,
08/09/2023,MI,PCG-PE1-B2,8964.11,10.0,-0.17506300000003885,-0.12124300000003886,SIN NF,
16/09/2023,MI,PCG-PE1-B2,8969.05,10.0,-0.313877000000002,-0.26005700000000204,SIN NF,
23/09/2023,MI,PCG-PE1-B2,8964.11,10.0,-0.17506300000003885,-0.12124300000003886,SIN NF,22.1
01/10/2023,MI,PCG-PE1-B2,8961.69,10.0,-0.10706100000003681,-0.05324100000003681,SIN NF,
08/10/2023,MI,PCG-PE1-B2,8970.39,10.0,-0.35153100000000614,-0.29771100000000617,SIN NF,
16/10/2023,MI,PCG-PE1-B2,8964.59,10.0,-0.1885510000000266,-0.13473100000002658,SIN NF,0.8
31/10/2023,MI,PCG-PE1-B2,8959.14,10.0,-0.035406000000006134,0.018413999999993866,171.017594,5.6
03/11/2023,MI,PCG-PE1-B2,8965.02,10.0,-0.20063400000003476,-0.14681400000003475,SIN NF,
12/11/2023,MI,PCG-PE1-B2,8967.06,10.0,-0.2579580000000082,-0.20413800000000817,SIN NF,
20/11/2023,MI,PCG-PE1-B2,8973.08,10.0,-0.4271200000000205,-0.3733000000000205,SIN NF,6.5
19/07/2021,MI,PCG-PE1-A1,8896.96,9.4,-0.1513031999999621,-0.0947531999999621,SIN NF,0.0
28/07/2021,MI,PCG-PE1-A1,8892.08,9.5,-0.017542399999984044,0.037876600000015956,163.8724576,0.0
09/08/2021,MI,PCG-PE1-A1,8897.17,9.6,-0.15705929999998802,-0.10277129999998803,SIN NF,0.0
14/08/2021,MI,PCG-PE1-A1,8898.5,9.6,-0.19351459999998605,-0.13922659999998604,SIN NF,0.5
21/08/2021,MI,PCG-PE1-A1,8897.65,9.6,-0.17021609999997606,-0.11592809999997605,SIN NF,17.5
29/08/2021,MI,PCG-PE1-A1,8898.98,9.6,-0.20667139999997405,-0.15238339999997405,SIN NF,1.3
03/09/2021,MI,PCG-PE1-A1,8898.29,9.6,-0.18775850000000996,-0.13347050000000996,SIN NF,2.1
17/09/2021,MI,PCG-PE1-A1,8899.83,9.6,-0.22996989999998405,-0.17568189999998407,SIN NF,0.8
27/09/2021,MI,PCG-PE1-A1,8899.4,9.6,-0.21818359999997605,-0.16389559999997605,SIN NF,17.6
06/10/2021,MI,PCG-PE1-A1,8897.17,9.6,-0.15705929999998802,-0.10277129999998803,SIN NF,0.0
13/10/2021,MI,PCG-PE1-A1,8905.62,9.6,-0.38867380000000795,-0.33438580000000795,SIN NF,0.0
31/10/2021,MI,PCG-PE1-A1,8893.67,9.6,-0.06112429999998803,-0.00683629999998803,SIN NF,0.3
06/11/2021,MI,PCG-PE1-A1,8900.73,9.6,-0.2546388999999741,-0.20035089999997407,SIN NF,0.0
14/11/2021,MI,PCG-PE1-A1,8904.72,9.6,-0.36400479999996804,-0.3097167999999681,SIN NF,2.8
23/11/2021,MI,PCG-PE1-A1,8903.39,9.6,-0.3275494999999701,-0.2732614999999701,SIN NF,0.0
27/11/2021,MI,PCG-PE1-A1,8898.08,9.6,-0.18200239999998402,-0.12771439999998405,SIN NF,0.6
05/12/2021,MI,PCG-PE1-A1,8896.75,9.6,-0.14554709999998605,-0.09125909999998603,SIN NF,
10/12/2021,MI,PCG-PE1-A1,8897.86,9.6,-0.175972200000002,-0.121684200000002,SIN NF,
17/01/2022,MI,PCG-PE1-A1,8895.0,9.6,-0.09757959999998604,-0.04329159999998603,SIN NF,6.1
27/01/2022,MI,PCG-PE1-A1,8896.54,9.6,-0.13979100000001,-0.08550300000000997,SIN NF,
04/02/2022,MI,PCG-PE1-A1,8895.42,9.6,-0.10909179999998803,-0.05480379999998802,SIN NF,
14/02/2022,MI,PCG-PE1-A1,8903.6,9.6,-0.33330559999999604,-0.27901759999999604,SIN NF,1.8
24/02/2022,MI,PCG-PE1-A1,8902.06,9.6,-0.2910941999999721,-0.2368061999999721,SIN NF,
05/03/2022,MI,PCG-PE1-A1,8902.06,9.6,-0.2910941999999721,-0.2368061999999721,SIN NF,21.1
13/03/2022,MI,PCG-PE1-A1,8901.63,9.6,-0.2793078999999641,-0.2250198999999641,SIN NF,
21/03/2022,MI,PCG-PE1-A1,8902.48,9.6,-0.3026063999999741,-0.2483183999999741,SIN NF,
30/03/2022,MI,PCG-PE1-A1,8896.54,9.6,-0.13979100000001,-0.08550300000000997,SIN NF,22.4
06/04/2022,MI,PCG-PE1-A1,8898.08,9.6,-0.18200239999998402,-0.12771439999998405,SIN NF,
14/04/2022,MI,PCG-PE1-A1,8903.17,9.6,-0.321519299999988,-0.267231299999988,SIN NF,0.0
21/04/2022,MI,PCG-PE1-A1,8904.74,9.6,-0.3645529999999801,-0.3102649999999801,SIN NF,
30/04/2022,MI,PCG-PE1-A1,8895.21,9.6,-0.10333569999996212,-0.049047699999962106,SIN NF,12.3
06/05/2022,MI,PCG-PE1-A1,8897.17,9.6,-0.15705929999998802,-0.10277129999998803,SIN NF,
13/05/2022,MI,PCG-PE1-A1,8897.39,9.6,-0.16308949999997008,-0.10880149999997006,SIN NF,9.8
20/05/2022,MI,PCG-PE1-A1,8896.96,9.6,-0.1513031999999621,-0.0970151999999621,SIN NF,
30/05/2022,MI,PCG-PE1-A1,8894.31,9.6,-0.07866669999997208,-0.02437869999997208,SIN NF,0.0
06/06/2022,MI,PCG-PE1-A1,8903.39,9.6,-0.3275494999999701,-0.2732614999999701,SIN NF,
13/06/2022,MI,PCG-PE1-A1,8903.39,9.6,-0.3275494999999701,-0.2732614999999701,SIN NF,2.5
21/06/2022,MI,PCG-PE1-A1,8896.75,9.6,-0.14554709999998605,-0.09125909999998603,SIN NF,
27/06/2022,MI,PCG-PE1-A1,8904.93,9.6,-0.369760899999994,-0.31547289999999406,SIN NF,4.2
06/07/2022,MI,PCG-PE1-A1,8901.63,9.6,-0.2793078999999641,-0.2250198999999641,SIN NF,
16/07/2022,MI,PCG-PE1-A1,8900.63,9.6,-0.2518978999999641,-0.19760989999996412,SIN NF,1.0
22/07/2022,MI,PCG-PE1-A1,8901.63,9.6,-0.2793078999999641,-0.2250198999999641,SIN NF,
29/07/2022,MI,PCG-PE1-A1,8900.94,9.6,-0.260395,-0.20610699999999998,SIN NF,0.3
07/08/2022,MI,PCG-PE1-A1,8891.87,9.6,-0.011786300000007978,0.04250169999999203,163.87821369999998,3.1
20/08/2022,MI,PCG-PE1-A1,8893.19,9.6,-0.047967499999999996,0.006320500000000004,163.8420325,8.6
29/08/2022,MI,PCG-PE1-A1,8889.62,9.6,0.04988619999999202,0.10417419999999203,163.9398862,
28/02/2023,MI,PCG-PE1-A1,8902.06,9.6,-0.2910941999999721,-0.2368061999999721,SIN NF,23.5
10/03/2023,MI,PCG-PE1-A1,8908.49,9.6,-0.46734049999998006,-0.41305249999998006,SIN NF,
18/03/2023,MI,PCG-PE1-A1,8900.73,9.6,-0.2546388999999741,-0.20035089999997407,SIN NF,
26/03/2023,MI,PCG-PE1-A1,8906.47,9.6,-0.41197229999996804,-0.35768429999996804,SIN NF,
01/04/2023,MI,PCG-PE1-A1,8908.41,9.6,-0.46514769999998207,-0.41085969999998206,SIN NF,1.6
08/04/2023,MI,PCG-PE1-A1,8906.26,9.6,-0.40621619999999203,-0.35192819999999203,SIN NF,
14/04/2023,MI,PCG-PE1-A1,8900.94,9.6,-0.260395,-0.20610699999999998,SIN NF,
23/04/2023,MI,PCG-PE1-A1,8905.83,9.6,-0.39442989999998407,-0.34014189999998407,SIN NF,6.5
07/05/2023,MI,PCG-PE1-A1,8902.06,9.6,-0.2910941999999721,-0.2368061999999721,SIN NF,
27/05/2023,MI,PCG-PE1-A1,8897.65,9.6,-0.17021609999997606,-0.11592809999997605,SIN NF,13.8
07/06/2023,MI,PCG-PE1-A1,8904.5,9.6,-0.35797459999998604,-0.30368659999998604,SIN NF,
14/06/2023,MI,PCG-PE1-A1,8901.63,9.6,-0.2793078999999641,-0.2250198999999641,SIN NF,
21/06/2023,MI,PCG-PE1-A1,8905.83,9.6,-0.39442989999998407,-0.34014189999998407,SIN NF,
01/07/2023,MI,PCG-PE1-A1,8905.62,9.6,-0.38867380000000795,-0.33438580000000795,SIN NF,25.4
07/07/2023,MI,PCG-PE1-A1,8899.4,9.6,-0.21818359999997605,-0.16389559999997605,SIN NF,
14/07/2023,MI,PCG-PE1-A1,8900.04,9.6,-0.23572600000000996,-0.18143800000000998,SIN NF,
30/07/2023,MI,PCG-PE1-A1,8899.63,9.6,-0.2244878999999641,-0.1701998999999641,SIN NF,17.5
06/08/2023,MI,PCG-PE1-A1,8905.14,9.6,-0.37551699999997007,-0.32122899999997007,SIN NF,
16/08/2023,MI,PCG-PE1-A1,8896.96,9.6,-0.1513031999999621,-0.0970151999999621,SIN NF,
22/08/2023,MI,PCG-PE1-A1,8910.24,9.6,-0.51530799999998,-0.46101999999998006,SIN NF,3.8
01/09/2023,MI,PCG-PE1-A1,8906.26,9.6,-0.40621619999999203,-0.35192819999999203,SIN NF,
08/09/2023,MI,PCG-PE1-A1,8901.16,9.6,-0.26642519999998204,-0.21213719999998207,SIN NF,
16/09/2023,MI,PCG-PE1-A1,8906.47,9.6,-0.41197229999996804,-0.35768429999996804,SIN NF,
23/09/2023,MI,PCG-PE1-A1,8901.63,9.6,-0.2793078999999641,-0.2250198999999641,SIN NF,22.1
01/10/2023,MI,PCG-PE1-A1,8900.01,9.6,-0.23490369999999203,-0.18061569999999202,SIN NF,
08/10/2023,MI,PCG-PE1-A1,8910.46,9.6,-0.5213381999999621,-0.4670501999999621,SIN NF,
16/10/2023,MI,PCG-PE1-A1,8905.35,9.6,-0.381273099999996,-0.326985099999996,SIN NF,0.8
31/10/2023,MI,PCG-PE1-A1,8897.65,9.6,-0.17021609999997606,-0.11592809999997605,SIN NF,5.6
03/11/2023,MI,PCG-PE1-A1,8903.81,9.6,-0.33906169999997204,-0.28477369999997204,SIN NF,
12/11/2023,MI,PCG-PE1-A1,8907.8,9.6,-0.44842759999996606,-0.39413959999996606,SIN NF,
20/11/2023,MI,PCG-PE1-A1,8913.33,9.6,-0.6000048999999841,-0.5457168999999841,SIN NF,6.5
28/07/2021,MI,PCG-PE2-A1,8801.16,8.7,3.053056800000029,3.0178397000000294,190.94305680000002,0.0
09/08/2021,MI,PCG-PE2-A1,8902.7,8.7,0.09722740000000422,0.06201030000000423,187.9872274,0.0
14/08/2021,MI,PCG-PE2-A1,8904.29,8.7,0.0509425,0.0157254,187.94094249999998,0.5
21/08/2021,MI,PCG-PE2-A1,8903.6,8.7,0.07102840000001481,0.03581130000001482,187.9610284,17.5
29/08/2021,MI,PCG-PE2-A1,8906.04,8.7,0.0,-0.035217099999999994,SIN NF,1.3
03/09/2021,MI,PCG-PE2-A1,8904.93,8.7,0.03231210000001694,-0.0029049999999830566,SIN NF,2.1
17/09/2021,MI,PCG-PE2-A1,8907.16,8.7,-0.03260319999997034,-0.06782029999997034,SIN NF,0.8
27/09/2021,MI,PCG-PE2-A1,8906.26,8.7,-0.006404199999980938,-0.04162129999998094,SIN NF,17.6
06/10/2021,MI,PCG-PE2-A1,8904.02,8.7,0.058802200000012704,0.02358510000001271,187.9488022,0.0
13/10/2021,MI,PCG-PE2-A1,8911.57,8.7,-0.1609782999999661,-0.1961953999999661,SIN NF,0.0
31/10/2021,MI,PCG-PE2-A1,8901.63,8.7,0.1283751000000487,0.09315800000004872,188.01837510000004,0.3
06/11/2021,MI,PCG-PE2-A1,8907.16,8.7,-0.03260319999997034,-0.06782029999997034,SIN NF,0.0
14/11/2021,MI,PCG-PE2-A1,8910.94,8.7,-0.1426389999999894,-0.1778560999999894,SIN NF,2.8
23/11/2021,MI,PCG-PE2-A1,8910.03,8.7,-0.11614889999999364,-0.15136599999999362,SIN NF,0.0
27/11/2021,MI,PCG-PE2-A1,8905.83,8.7,0.006113100000027534,-0.02910399999997246,SIN NF,0.6
05/12/2021,MI,PCG-PE2-A1,8904.72,8.7,0.03842520000004448,0.0032081000000444785,187.92842520000002,
10/12/2021,MI,PCG-PE2-A1,8904.93,8.7,0.03231210000001694,-0.0029049999999830566,SIN NF,
17/01/2022,MI,PCG-PE2-A1,8903.39,8.7,0.07714150000004236,0.041924400000042356,187.96714150000003,6.1
27/01/2022,MI,PCG-PE2-A1,8904.29,8.7,0.0509425,0.0157254,187.94094249999998,
04/02/2022,MI,PCG-PE2-A1,8903.6,8.7,0.07102840000001481,0.03581130000001482,187.9610284,
14/02/2022,MI,PCG-PE2-A1,8910.03,8.7,-0.11614889999999364,-0.15136599999999362,SIN NF,1.8
24/02/2022,MI,PCG-PE2-A1,8909.13,8.7,-0.08994989999995127,-0.1251669999999513,SIN NF,
05/03/2022,MI,PCG-PE2-A1,8909.34,8.7,-0.09606299999997882,-0.1312800999999788,SIN NF,21.1
13/03/2022,MI,PCG-PE2-A1,8907.59,8.7,-0.045120499999978816,-0.0803375999999788,SIN NF,
21/03/2022,MI,PCG-PE2-A1,8909.13,8.7,-0.08994989999995127,-0.1251669999999513,SIN NF,
30/03/2022,MI,PCG-PE2-A1,8904.93,8.7,0.03231210000001694,-0.0029049999999830566,SIN NF,22.4
06/04/2022,MI,PCG-PE2-A1,8906.04,8.7,0.0,-0.035217099999999994,SIN NF,
14/04/2022,MI,PCG-PE2-A1,8908.49,8.7,-0.07131949999996823,-0.10653659999996822,SIN NF,0.0
21/04/2022,MI,PCG-PE2-A1,8909.61,8.7,-0.10392269999999151,-0.13913979999999154,SIN NF,
30/04/2022,MI,PCG-PE2-A1,8904.02,8.7,0.058802200000012704,0.02358510000001271,187.9488022,12.3
06/05/2022,MI,PCG-PE2-A1,8906.04,8.7,0.0,-0.035217099999999994,SIN NF,
13/05/2022,MI,PCG-PE2-A1,8906.04,8.7,0.0,-0.035217099999999994,SIN NF,9.8
20/05/2022,MI,PCG-PE2-A1,8905.35,8.7,0.020085900000014825,-0.015131199999985172,SIN NF,
30/05/2022,MI,PCG-PE2-A1,8902.48,8.7,0.10363160000003813,0.06841450000003813,187.99363160000001,0.0
06/06/2022,MI,PCG-PE2-A1,8910.24,8.7,-0.12226199999996822,-0.1574790999999682,SIN NF,
13/06/2022,MI,PCG-PE2-A1,8909.13,8.7,-0.08994989999995127,-0.1251669999999513,SIN NF,2.5
21/06/2022,MI,PCG-PE2-A1,8900.31,8.7,0.16680030000004023,0.13158320000004023,188.05680030000002,
27/06/2022,MI,PCG-PE2-A1,8910.03,8.7,-0.11614889999999364,-0.15136599999999362,SIN NF,4.2
06/07/2022,MI,PCG-PE2-A1,8910.03,8.7,-0.11614889999999364,-0.15136599999999362,SIN NF,
16/07/2022,MI,PCG-PE2-A1,8907.22,8.7,-0.034349799999955515,-0.06956689999995551,SIN NF,1.0
22/07/2022,MI,PCG-PE2-A1,8909.61,8.7,-0.10392269999999151,-0.13913979999999154,SIN NF,
29/07/2022,MI,PCG-PE2-A1,8908.7,8.7,-0.07743259999999576,-0.11264969999999577,SIN NF,0.3
07/08/2022,MI,PCG-PE2-A1,8900.04,8.7,0.17465999999999998,0.1394429,188.06465999999998,3.1
20/08/2022,MI,PCG-PE2-A1,8901.85,8.7,0.12197090000001481,0.08675380000001481,188.0119709,8.6
29/08/2022,MI,PCG-PE2-A1,8907.37,8.7,-0.03871629999999788,-0.07393339999999787,SIN NF,
28/02/2023,MI,PCG-PE2-A1,8909.3,8.7,-0.0948985999999534,-0.1301156999999534,SIN NF,23.5
10/03/2023,MI,PCG-PE2-A1,8913.12,8.7,-0.20609879999999783,-0.24131589999999786,SIN NF,
18/03/2023,MI,PCG-PE2-A1,8905.14,8.7,0.02619900000004236,-0.00901809999995764,SIN NF,
26/03/2023,MI,PCG-PE2-A1,8910.46,8.7,-0.12866619999994916,-0.16388329999994913,SIN NF,
01/04/2023,MI,PCG-PE2-A1,8912.91,8.7,-0.19998569999997032,-0.23520279999997032,SIN NF,1.6
08/04/2023,MI,PCG-PE2-A1,8908.92,8.7,-0.08383679999997669,-0.11905389999997669,SIN NF,
14/04/2023,MI,PCG-PE2-A1,8905.62,8.7,0.012226200000002116,-0.022990899999997882,SIN NF,
23/04/2023,MI,PCG-PE2-A1,8909.13,8.7,-0.08994989999995127,-0.1251669999999513,SIN NF,6.5
07/05/2023,MI,PCG-PE2-A1,8905.83,8.7,0.006113100000027534,-0.02910399999997246,SIN NF,
27/05/2023,MI,PCG-PE2-A1,8905.83,8.7,0.006113100000027534,-0.02910399999997246,SIN NF,13.8
07/06/2023,MI,PCG-PE2-A1,8912.0,8.7,-0.17349559999997455,-0.20871269999997458,SIN NF,
14/06/2023,MI,PCG-PE2-A1,8908.92,8.7,-0.08383679999997669,-0.11905389999997669,SIN NF,
21/06/2023,MI,PCG-PE2-A1,8912.48,8.8,-0.18746839999996184,-0.22328239999996188,SIN NF,
01/07/2023,MI,PCG-PE2-A1,8912.69,8.7,-0.1935814999999894,-0.2287985999999894,SIN NF,25.4
07/07/2023,MI,PCG-PE2-A1,8907.68,8.8,-0.04774039999998305,-0.08355439999998306,SIN NF,
14/07/2023,MI,PCG-PE2-A1,8907.8,8.7,-0.051233599999953396,-0.08645069999995339,SIN NF,
30/07/2023,MI,PCG-PE2-A1,8908.13,8.7,-0.06083989999995128,-0.09605699999995128,SIN NF,17.5
06/08/2023,MI,PCG-PE2-A1,8812.48,8.7,2.7235316000000376,2.688314500000038,190.61353160000002,
16/08/2023,MI,PCG-PE2-A1,8904.5,8.7,0.04482940000002541,0.009612300000025413,187.9348294,
22/08/2023,MI,PCG-PE2-A1,8916.68,8.7,-0.30973039999998303,-0.34494749999998303,SIN NF,3.8
01/09/2023,MI,PCG-PE2-A1,8913.33,8.7,-0.21221189999997248,-0.24742899999997248,SIN NF,
08/09/2023,MI,PCG-PE2-A1,8908.49,8.7,-0.07131949999996823,-0.10653659999996822,SIN NF,
16/09/2023,MI,PCG-PE2-A1,8913.33,8.7,-0.21221189999997248,-0.24742899999997248,SIN NF,
23/09/2023,MI,PCG-PE2-A1,8908.28,8.8,-0.06520639999999364,-0.10102039999999365,SIN NF,22.1
01/10/2023,MI,PCG-PE2-A1,8906.26,8.7,-0.006404199999980938,-0.04162129999998094,SIN NF,
08/10/2023,MI,PCG-PE2-A1,8914.45,8.7,-0.24481509999999573,-0.28003219999999573,SIN NF,
16/10/2023,MI,PCG-PE2-A1,8908.7,8.7,-0.07743259999999576,-0.11264969999999577,SIN NF,0.8
31/10/2023,MI,PCG-PE2-A1,8903.6,8.7,0.07102840000001481,0.03581130000001482,187.9610284,5.6
03/11/2023,MI,PCG-PE2-A1,8909.34,8.7,-0.09606299999997882,-0.1312800999999788,SIN NF,
12/11/2023,MI,PCG-PE2-A1,8907.8,9.6,-0.051233599999953396,-0.0918227999999534,SIN NF,
20/11/2023,MI,PCG-PE2-A1,8917.11,8.7,-0.32224769999999153,-0.35746479999999153,SIN NF,6.5
28/07/2021,MI,PCG-PE1-D1,8635.07,10.1,8.712623399999995,8.686022699999993,181.2916234,0.0
09/08/2021,MI,PCG-PE1-D1,8766.63,10.1,5.073673800000008,5.047073100000008,177.6526738,0.0
14/08/2021,MI,PCG-PE1-D1,8777.22,10.1,4.780754400000005,4.754153700000004,177.3597544,0.5
21/08/2021,MI,PCG-PE1-D1,8783.52,10.2,4.6064963999999735,4.579393799999973,177.18549639999998,17.5
29/08/2021,MI,PCG-PE1-D1,8790.66,10.1,4.40900399999999,4.38240329999999,176.988004,1.3
03/09/2021,MI,PCG-PE1-D1,8794.15,10.1,4.312470599999996,4.285869899999996,176.8914706,2.1
17/09/2021,MI,PCG-PE1-D1,8801.3,10.1,4.114701600000006,4.088100900000007,176.69370160000003,0.8
27/09/2021,MI,PCG-PE1-D1,8803.29,10.2,4.059658199999962,4.032555599999962,176.63865819999998,17.6
06/10/2021,MI,PCG-PE1-D1,8803.7,10.1,4.048317599999965,4.021716899999966,176.62731759999997,0.0
13/10/2021,MI,PCG-PE1-D1,8810.92,10.2,3.8486123999999835,3.8215097999999834,176.4276124,0.0
31/10/2021,MI,PCG-PE1-D1,8804.17,10.1,4.035317399999984,4.008716699999984,176.6143174,0.3
06/11/2021,MI,PCG-PE1-D1,8809.61,10.1,3.88484699999997,3.85824629999997,176.463847,0.0
14/11/2021,MI,PCG-PE1-D1,8813.74,10.1,3.770611199999992,3.744010499999992,176.3496112,2.8
23/11/2021,MI,PCG-PE1-D1,8812.44,10.1,3.8065691999999722,3.7799684999999723,176.3855692,0.0
27/11/2021,MI,PCG-PE1-D1,8808.09,10.1,3.926890199999982,3.900289499999982,176.50589019999998,0.6
05/12/2021,MI,PCG-PE1-D1,8807.0,10.1,3.957039599999986,3.930438899999986,176.53603959999998,
10/12/2021,MI,PCG-PE1-D1,8807.62,10.2,3.939890399999964,3.912787799999964,176.51889039999998,
17/01/2022,MI,PCG-PE1-D1,8804.8,10.1,4.017891600000006,3.991290900000006,176.59689160000002,6.1
27/01/2022,MI,PCG-PE1-D1,8806.53,10.1,3.970039799999968,3.943439099999968,176.54903979999997,
04/02/2022,MI,PCG-PE1-D1,8804.8,10.1,4.017891600000006,3.991290900000006,176.59689160000002,
14/02/2022,MI,PCG-PE1-D1,8812.23,10.1,3.8123777999999984,3.7857770999999985,176.39137780000001,1.8
24/02/2022,MI,PCG-PE1-D1,8811.34,10.1,3.836995199999982,3.810394499999982,176.4159952,
05/03/2022,MI,PCG-PE1-D1,8810.71,10.1,3.85442100000001,3.82782030000001,176.433421,21.1
13/03/2022,MI,PCG-PE1-D1,8810.24,10.1,3.8674211999999915,3.8408204999999915,176.4464212,
21/03/2022,MI,PCG-PE1-D1,8811.13,10.1,3.842803800000008,3.816203100000008,176.42180380000002,
30/03/2022,MI,PCG-PE1-D1,8806.32,10.1,3.975848399999994,3.949247699999994,176.5548484,22.4
06/04/2022,MI,PCG-PE1-D1,8807.83,10.1,3.934081799999988,3.9074810999999885,176.5130818,
14/04/2022,MI,PCG-PE1-D1,8810.45,10.1,3.861612599999966,3.8350118999999663,176.44061259999998,0.0
21/04/2022,MI,PCG-PE1-D1,8811.34,10.1,3.836995199999982,3.810394499999982,176.4159952,
30/04/2022,MI,PCG-PE1-D1,8807.0,10.1,3.957039599999986,3.930438899999986,176.53603959999998,12.3
06/05/2022,MI,PCG-PE1-D1,8808.93,10.1,3.903655799999978,3.877055099999978,176.48265579999997,
13/05/2022,MI,PCG-PE1-D1,8808.02,10.1,3.928826399999974,3.902225699999974,176.50782639999997,9.8
20/05/2022,MI,PCG-PE1-D1,8808.93,10.2,3.903655799999978,3.876553199999978,176.48265579999997,
30/05/2022,MI,PCG-PE1-D1,8806.32,10.1,3.975848399999994,3.949247699999994,176.5548484,0.0
06/06/2022,MI,PCG-PE1-D1,8812.64,10.2,3.8010372000000023,3.7739346000000022,176.3800372,
13/06/2022,MI,PCG-PE1-D1,8811.36,10.2,3.8364419999999697,3.8093393999999696,176.41544199999998,2.5
21/06/2022,MI,PCG-PE1-D1,8804.59,10.2,4.023700199999982,3.996597599999982,176.6027002,
27/06/2022,MI,PCG-PE1-D1,8812.02,10.2,3.818186399999974,3.791083799999974,176.39718639999998,4.2
06/07/2022,MI,PCG-PE1-D1,8811.76,10.1,3.82537799999998,3.7987772999999803,176.40437799999998,
16/07/2022,MI,PCG-PE1-D1,8810.11,10.0,3.8710169999999695,3.84491819999997,176.45001699999997,1.0
22/07/2022,MI,PCG-PE1-D1,8811.55,10.1,3.8311866000000063,3.8045859000000064,176.4101866,
29/07/2022,MI,PCG-PE1-D1,8810.92,10.1,3.8486123999999835,3.822011699999984,176.4276124,0.3
07/08/2022,MI,PCG-PE1-D1,8804.17,10.1,4.035317399999984,4.008716699999984,176.6143174,3.1
20/08/2022,MI,PCG-PE1-D1,8805.69,10.1,3.9932741999999717,3.9666734999999718,176.57227419999998,8.6
29/08/2022,MI,PCG-PE1-D1,8810.03,10.1,3.873229799999968,3.846629099999968,176.45222979999997,
28/02/2023,MI,PCG-PE1-D1,8810.71,10.1,3.85442100000001,3.82782030000001,176.433421,23.5
10/03/2023,MI,PCG-PE1-D1,8810.92,10.1,3.8486123999999835,3.822011699999984,176.4276124,
18/03/2023,MI,PCG-PE1-D1,8805.22,10.1,4.006274400000004,3.979673700000004,176.5852744,
26/03/2023,MI,PCG-PE1-D1,8808.3,10.1,3.9210816000000057,3.894480900000006,176.50008160000002,
01/04/2023,MI,PCG-PE1-D1,8811.76,10.1,3.82537799999998,3.7987772999999803,176.40437799999998,1.6
08/04/2023,MI,PCG-PE1-D1,8808.09,10.1,3.926890199999982,3.900289499999982,176.50589019999998,
14/04/2023,MI,PCG-PE1-D1,8805.22,10.1,4.006274400000004,3.979673700000004,176.5852744,
23/04/2023,MI,PCG-PE1-D1,8808.51,10.1,3.9152729999999796,3.8886722999999797,176.494273,6.5
07/05/2023,MI,PCG-PE1-D1,8806.53,10.1,3.970039799999968,3.943439099999968,176.54903979999997,
27/05/2023,MI,PCG-PE1-D1,8806.32,10.1,3.975848399999994,3.949247699999994,176.5548484,13.8
07/06/2023,MI,PCG-PE1-D1,8811.55,10.1,3.8311866000000063,3.8045859000000064,176.4101866,
14/06/2023,MI,PCG-PE1-D1,8808.72,10.1,3.909464400000004,3.882863700000004,176.4884644,
21/06/2023,MI,PCG-PE1-D1,8812.44,10.2,3.8065691999999722,3.779466599999972,176.3855692,
01/07/2023,MI,PCG-PE1-D1,8812.02,10.1,3.818186399999974,3.791585699999974,176.39718639999998,25.4
07/07/2023,MI,PCG-PE1-D1,8807.62,10.1,3.939890399999964,3.913289699999964,176.51889039999998,
14/07/2023,MI,PCG-PE1-D1,8808.72,10.1,3.909464400000004,3.882863700000004,176.4884644,
30/07/2023,MI,PCG-PE1-D1,8809.11,10.1,3.89867699999997,3.87207629999997,176.47767699999997,17.5
06/08/2023,MI,PCG-PE1-D1,8810.24,10.1,3.8674211999999915,3.8408204999999915,176.4464212,
16/08/2023,MI,PCG-PE1-D1,8803.29,10.1,4.059658199999962,4.033057499999962,176.63865819999998,
22/08/2023,MI,PCG-PE1-D1,8813.95,10.1,3.764802599999966,3.738201899999966,176.34380259999998,3.8
01/09/2023,MI,PCG-PE1-D1,8811.34,10.1,3.836995199999982,3.810394499999982,176.4159952,
08/09/2023,MI,PCG-PE1-D1,8807.83,10.1,3.934081799999988,3.9074810999999885,176.5130818,
16/09/2023,MI,PCG-PE1-D1,8811.55,10.1,3.8311866000000063,3.8045859000000064,176.4101866,
23/09/2023,MI,PCG-PE1-D1,8802.09,10.2,4.092850199999982,4.065747599999982,176.6718502,22.1
01/10/2023,MI,PCG-PE1-D1,8806.53,10.1,3.970039799999968,3.943439099999968,176.54903979999997,
08/10/2023,MI,PCG-PE1-D1,8813.95,10.1,3.764802599999966,3.738201899999966,176.34380259999998,
16/10/2023,MI,PCG-PE1-D1,8809.61,10.1,3.88484699999997,3.85824629999997,176.463847,0.8
31/10/2023,MI,PCG-PE1-D1,8805.9,10.1,3.987465599999996,3.9608648999999962,176.56646560000002,5.6
03/11/2023,MI,PCG-PE1-D1,8810.71,10.1,3.85442100000001,3.82782030000001,176.433421,
12/11/2023,MI,PCG-PE1-D1,8811.76,10.1,3.82537799999998,3.7987772999999803,176.40437799999998,
20/11/2023,MI,PCG-PE1-D1,8817.46,10.1,3.6677160000000097,3.64111530000001,176.24671600000002,6.5
17/08/2021,MI,PCG-PE1-C1,8820.71,11.4,3.2336040000000184,3.176064000000019,157.15860400000003,0.5
21/08/2021,MI,PCG-PE1-C1,8830.57,11.4,2.957031000000002,2.899491000000002,156.882031,17.5
29/08/2021,MI,PCG-PE1-C1,8844.33,11.3,2.5710629999999957,2.514892999999996,156.49606300000002,1.3
03/09/2021,MI,PCG-PE1-C1,8847.86,11.3,2.4720464999999776,2.4158764999999778,156.3970465,2.1
17/09/2021,MI,PCG-PE1-C1,8848.28,11.3,2.4602654999999753,2.4040954999999755,156.38526549999997,0.8
27/09/2021,MI,PCG-PE1-C1,8848.96,11.3,2.441191500000018,2.3850215000000183,156.36619150000004,17.6
06/10/2021,MI,PCG-PE1-C1,8848.28,11.3,2.4602654999999753,2.4040954999999755,156.38526549999997,0.0
13/10/2021,MI,PCG-PE1-C1,8855.34,11.3,2.26223249999999,2.2060624999999896,156.1872325,0.0
31/10/2021,MI,PCG-PE1-C1,8846.12,11.3,2.5208534999999714,2.4646834999999716,156.44585349999997,0.3
06/11/2021,MI,PCG-PE1-C1,8852.02,11.3,2.3553584999999813,2.2991884999999814,156.2803585,0.0
14/11/2021,MI,PCG-PE1-C1,8855.07,11.3,2.2698060000000018,2.213636000000002,156.194806,2.8
23/11/2021,MI,PCG-PE1-C1,8854.02,11.3,2.2992584999999814,2.2430884999999816,156.2242585,0.0
27/11/2021,MI,PCG-PE1-C1,8849.81,11.3,2.417349000000008,2.3611790000000084,156.342349,0.6
05/12/2021,MI,PCG-PE1-C1,8849.81,11.3,2.417349000000008,2.3611790000000084,156.342349,
10/12/2021,MI,PCG-PE1-C1,8850.91,11.3,2.3864939999999977,2.3303239999999974,156.311494,
17/01/2022,MI,PCG-PE1-C1,8847.86,11.3,2.4720464999999776,2.4158764999999778,156.3970465,6.1
27/01/2022,MI,PCG-PE1-C1,8850.91,11.3,2.3864939999999977,2.3303239999999974,156.311494,
04/02/2022,MI,PCG-PE1-C1,8849.17,11.3,2.435300999999992,2.379130999999992,156.360301,
14/02/2022,MI,PCG-PE1-C1,8856.39,11.3,2.23278000000001,2.17661000000001,156.15778000000003,1.8
24/02/2022,MI,PCG-PE1-C1,8856.39,11.3,2.23278000000001,2.17661000000001,156.15778000000003,
05/03/2022,MI,PCG-PE1-C1,8857.55,11.3,2.200242000000014,2.144072000000014,156.12524200000001,21.1
13/03/2022,MI,PCG-PE1-C1,8855.55,11.3,2.2563420000000143,2.200172000000014,156.18134200000003,
21/03/2022,MI,PCG-PE1-C1,8856.66,11.3,2.225206499999998,2.1690364999999976,156.1502065,
30/03/2022,MI,PCG-PE1-C1,8850.7,11.3,2.3923844999999733,2.336214499999973,156.31738449999997,22.4
06/04/2022,MI,PCG-PE1-C1,8851.6,11.3,2.3671394999999835,2.3109694999999832,156.2921395,
14/04/2022,MI,PCG-PE1-C1,8855.34,11.3,2.26223249999999,2.2060624999999896,156.1872325,0.0
21/04/2022,MI,PCG-PE1-C1,8855.07,11.3,2.2698060000000018,2.213636000000002,156.194806,
30/04/2022,MI,PCG-PE1-C1,8853.34,11.3,2.3183324999999897,2.2621624999999894,156.2433325,12.3
06/05/2022,MI,PCG-PE1-C1,8853.34,11.3,2.3183324999999897,2.2621624999999894,156.2433325,
13/05/2022,MI,PCG-PE1-C1,8854.86,11.3,2.2756964999999774,2.2195264999999775,156.2006965,9.8
20/05/2022,MI,PCG-PE1-C1,8855.34,11.3,2.26223249999999,2.2060624999999896,156.1872325,
30/05/2022,MI,PCG-PE1-C1,8852.02,11.3,2.3553584999999813,2.2991884999999814,156.2803585,0.0
06/06/2022,MI,PCG-PE1-C1,8855.34,11.3,2.26223249999999,2.2060624999999896,156.1872325,
13/06/2022,MI,PCG-PE1-C1,8855.59,11.3,2.25521999999999,2.19904999999999,156.18022,2.5
21/06/2022,MI,PCG-PE1-C1,8849.81,11.3,2.417349000000008,2.3611790000000084,156.342349,
27/06/2022,MI,PCG-PE1-C1,8857.29,11.3,2.2075349999999694,2.151364999999969,156.132535,4.2
06/07/2022,MI,PCG-PE1-C1,8854.86,11.3,2.2756964999999774,2.2195264999999775,156.2006965,
16/07/2022,MI,PCG-PE1-C1,8855.04,11.3,2.2706474999999693,2.2144774999999695,156.19564749999998,1.0
22/07/2022,MI,PCG-PE1-C1,8854.44,11.3,2.2874774999999796,2.2313074999999793,156.21247749999998,
29/07/2022,MI,PCG-PE1-C1,8856.18,11.3,2.238670499999986,2.1825004999999855,156.1636705,0.3
07/08/2022,MI,PCG-PE1-C1,8851.6,11.3,2.3671394999999835,2.3109694999999832,156.2921395,3.1
20/08/2022,MI,PCG-PE1-C1,8848.75,11.3,2.4470819999999938,2.3909119999999935,156.372082,8.6
29/08/2022,MI,PCG-PE1-C1,8855.76,11.0,2.2504514999999876,2.1983914999999876,156.1754515,
28/02/2023,MI,PCG-PE1-C1,8856.39,11.3,2.23278000000001,2.17661000000001,156.15778000000003,23.5
10/03/2023,MI,PCG-PE1-C1,8859.71,11.3,2.1396540000000184,2.083484000000018,156.06465400000002,
18/03/2023,MI,PCG-PE1-C1,8853.76,11.3,2.306551499999988,2.250381499999988,156.2315515,
26/03/2023,MI,PCG-PE1-C1,8857.08,11.3,2.2134254999999956,2.1572554999999958,156.1384255,
01/04/2023,MI,PCG-PE1-C1,8860.14,11.3,2.12759250000001,2.07142250000001,156.05259250000003,1.6
08/04/2023,MI,PCG-PE1-C1,8856.39,11.3,2.23278000000001,2.17661000000001,156.15778000000003,
14/04/2023,MI,PCG-PE1-C1,8855.97,11.3,2.2445610000000125,2.1883910000000126,156.16956100000002,
23/04/2023,MI,PCG-PE1-C1,8855.76,11.3,2.2504514999999876,2.194281499999988,156.1754515,6.5
07/05/2023,MI,PCG-PE1-C1,8854.23,11.3,2.293368000000006,2.237198000000006,156.21836800000003,
27/05/2023,MI,PCG-PE1-C1,8853.12,11.3,2.324503499999971,2.2683334999999714,156.24950349999997,13.8
07/06/2023,MI,PCG-PE1-C1,8857.5,11.3,2.201644499999994,2.1454744999999935,156.1266445,
14/06/2023,MI,PCG-PE1-C1,8858.18,11.3,2.1825704999999855,2.1264004999999857,156.1075705,
21/06/2023,MI,PCG-PE1-C1,8861.24,11.3,2.0967375,2.0405675,156.0217375,
01/07/2023,MI,PCG-PE1-C1,8860.61,11.3,2.1144089999999776,2.0582389999999777,156.03940899999998,25.4
07/07/2023,MI,PCG-PE1-C1,8854.23,11.3,2.293368000000006,2.237198000000006,156.21836800000003,
14/07/2023,MI,PCG-PE1-C1,8857.29,11.3,2.2075349999999694,2.151364999999969,156.132535,
30/07/2023,MI,PCG-PE1-C1,8855.76,11.3,2.2504514999999876,2.194281499999988,156.1754515,17.5
06/08/2023,MI,PCG-PE1-C1,8858.18,11.3,2.1825704999999855,2.1264004999999857,156.1075705,
16/08/2023,MI,PCG-PE1-C1,8852.91,11.3,2.330393999999998,2.2742239999999976,156.255394,
22/08/2023,MI,PCG-PE1-C1,8861.67,11.3,2.084675999999992,2.0285059999999917,156.009676,3.8
01/09/2023,MI,PCG-PE1-C1,8857.5,11.3,2.201644499999994,2.1454744999999935,156.1266445,
08/09/2023,MI,PCG-PE1-C1,8857.5,11.3,2.201644499999994,2.1454744999999935,156.1266445,
16/09/2023,MI,PCG-PE1-C1,8857.5,11.3,2.201644499999994,2.1454744999999935,156.1266445,
23/09/2023,MI,PCG-PE1-C1,8857.29,11.3,2.2075349999999694,2.151364999999969,156.132535,22.1
01/10/2023,MI,PCG-PE1-C1,8855.07,11.3,2.2698060000000018,2.213636000000002,156.194806,
08/10/2023,MI,PCG-PE1-C1,8858.4,11.3,2.176399500000004,2.1202295000000038,156.1013995,
16/10/2023,MI,PCG-PE1-C1,8857.29,11.3,2.2075349999999694,2.151364999999969,156.132535,0.8
31/10/2023,MI,PCG-PE1-C1,8850.7,11.3,2.3923844999999733,2.336214499999973,156.31738449999997,5.6
03/11/2023,MI,PCG-PE1-C1,8856.66,11.3,2.225206499999998,2.1690364999999976,156.1502065,
12/11/2023,MI,PCG-PE1-C1,8856.39,11.3,2.23278000000001,2.17661000000001,156.15778000000003,
20/11/2023,MI,PCG-PE1-C1,8861.67,11.3,2.084675999999992,2.0285059999999917,156.009676,6.5
29/07/2022,MI,PCG-PE3-A1,8498.22,9.2,10.867725000000014,10.872675400000015,148.171725,
03/08/2022,MI,PCG-PE3-A1,8853.55,9.4,1.096150000000016,1.100481600000016,138.40015000000002,0.3
07/08/2022,MI,PCG-PE3-A1,8846.96,9.4,1.2773750000000201,1.2817066000000201,138.581375,3.1
20/08/2022,MI,PCG-PE3-A1,8850.7,9.4,1.174524999999976,1.178856599999976,138.478525,8.6
29/08/2022,MI,PCG-PE3-A1,8848.75,9.4,1.228149999999996,1.232481599999996,138.53215,
01/03/2023,MI,PCG-PE3-A1,8849.81,9.4,1.19900000000001,1.20333160000001,138.50300000000001,23.5
10/03/2023,MI,PCG-PE3-A1,8851.35,9.4,1.156649999999986,1.160981599999986,138.46065,
18/03/2023,MI,PCG-PE3-A1,8846.12,9.4,1.300474999999974,1.304806599999974,138.60447499999998,
26/03/2023,MI,PCG-PE3-A1,8847.86,9.4,1.2526249999999801,1.25695659999998,138.55662499999997,
01/04/2023,MI,PCG-PE3-A1,8850.28,9.4,1.186074999999978,1.190406599999978,138.490075,1.6
08/04/2023,MI,PCG-PE3-A1,8848.75,9.4,1.228149999999996,1.232481599999996,138.53215,
14/04/2023,MI,PCG-PE3-A1,8844.81,9.4,1.33650000000001,1.34083160000001,138.6405,
23/04/2023,MI,PCG-PE3-A1,8848.49,9.4,1.235300000000002,1.239631600000002,138.5393,
07/05/2023,MI,PCG-PE3-A1,8846.33,9.4,1.2946999999999982,1.2990315999999982,138.5987,6.5
27/05/2023,MI,PCG-PE3-A1,,,,,,
07/06/2023,MI,PCG-PE3-A1,,,,,,
14/06/2023,MI,PCG-PE3-A1,8848.28,9.4,1.2410749999999782,1.2454065999999782,138.54507499999997,13.8
21/06/2023,MI,PCG-PE3-A1,8849.17,9.4,1.2165999999999941,1.2209315999999941,138.5206,
01/07/2023,MI,PCG-PE3-A1,8849.17,9.4,1.2165999999999941,1.2209315999999941,138.5206,25.4
07/07/2023,MI,PCG-PE3-A1,8848.75,9.4,1.228149999999996,1.232481599999996,138.53215,
14/07/2023,MI,PCG-PE3-A1,8847.44,9.4,1.264174999999982,1.268506599999982,138.568175,
30/07/2023,MI,PCG-PE3-A1,,,,,,
06/08/2023,MI,PCG-PE3-A1,8850.91,9.4,1.16875,1.1730816,138.47275,17.5
16/08/2023,MI,PCG-PE3-A1,8846.54,9.4,1.2889249999999721,1.2932565999999721,138.59292499999998,
22/08/2023,MI,PCG-PE3-A1,8852.12,9.4,1.135474999999974,1.139806599999974,138.439475,3.8
01/09/2023,MI,PCG-PE3-A1,8853.55,9.4,1.096150000000016,1.100481600000016,138.40015000000002,
08/09/2023,MI,PCG-PE3-A1,8847.86,9.4,1.2526249999999801,1.25695659999998,138.55662499999997,
16/09/2023,MI,PCG-PE3-A1,8852.91,9.4,1.11375,1.1180816,138.41775,
23/09/2023,MI,PCG-PE3-A1,8847.86,9.4,1.2526249999999801,1.25695659999998,138.55662499999997,22.1
01/10/2023,MI,PCG-PE3-A1,8846.33,9.4,1.2946999999999982,1.2990315999999982,138.5987,
08/10/2023,MI,PCG-PE3-A1,8852.91,9.4,1.11375,1.1180816,138.41775,
16/10/2023,MI,PCG-PE3-A1,8848.28,9.4,1.2410749999999782,1.2454065999999782,138.54507499999997,0.8
31/10/2023,MI,PCG-PE3-A1,8846.54,9.4,1.2889249999999721,1.2932565999999721,138.59292499999998,5.6
03/11/2023,MI,PCG-PE3-A1,8848.96,9.4,1.2223750000000202,1.2267066000000202,138.52637500000003,
12/11/2023,MI,PCG-PE3-A1,8851.12,9.4,1.1629749999999741,1.167306599999974,138.46697499999996,
20/11/2023,MI,PCG-PE3-A1,8854.23,9.4,1.077450000000008,1.081781600000008,138.38145,6.5
