FECHA,PROGRESIVA,PIEZOMETRO,COTA_RIO_(M.S.N.M),LECTURA_CUERDA_VIBRANTE,TEMPERATURA_(°C),MCA_1_(FACTOR_G),MCA_2_(FACTOR_G_Y_K),COTA_NF,PRECIPITACIONES_(MM)
27/09/2019,0+950,PE 3,,8940.0,7.2,-0.24661279999999802,-0.24720535999999804,SIN NF,0.0
30/09/2019,0+950,PE 3,,8942.68,6.6,-0.3194016000000059,-0.3196978800000059,SIN NF,0.0
04/10/2019,0+950,PE 3,114.958,8941.82,5.6,-0.2960439999999901,-0.2958464799999901,SIN NF,0.0
08/10/2019,0+950,PE 3,114.958,8941.34,5.5,-0.28300720000000196,-0.28276030000000196,SIN NF,0.0
12/10/2019,0+950,PE 3,114.958,8941.12,5.3,-0.27703200000001976,-0.27668634000001974,SIN NF,0.3
17/10/2019,0+950,PE 3,114.958,8941.12,5.2,-0.27703200000001976,-0.27663696000001975,SIN NF,0.0
21/10/2019,0+950,PE 3,114.958,8937.81,5.6,-0.18713239999998418,-0.18693487999998418,SIN NF,0.0
24/10/2019,0+950,PE 3,114.958,8942.25,5.9,-0.307722799999998,-0.307673419999998,SIN NF,0.0
28/10/2019,0+950,PE 3,114.958,8944.71,6.4,-0.3745363999999743,-0.3747339199999743,SIN NF,0.0
01/11/2019,0+950,PE 3,114.958,8942.68,6.6,-0.3194016000000059,-0.3196978800000059,SIN NF,0.0
04/11/2019,0+950,PE 3,114.958,8947.38,6.7,-0.4470535999999763,-0.4473992599999763,SIN NF,0.0
09/11/2019,0+950,PE 3,115.173,8935.14,6.8,-0.11461519999998221,-0.11501023999998222,SIN NF,0.3
13/11/2019,0+950,PE 3,115.173,8942.68,6.9,-0.3194016000000059,-0.31984602000000595,SIN NF,0.8
17/11/2019,0+950,PE 3,115.173,8948.72,7.5,-0.48344799999998017,-0.48418869999998015,SIN NF,10.7
20/11/2019,0+950,PE 3,115.173,8948.51,7.7,-0.47774440000000395,-0.47858386000000397,SIN NF,4.8
25/11/2019,0+950,PE 3,115.173,8951.83,8.1,-0.5679155999999961,-0.568952579999996,SIN NF,9.1
29/11/2019,0+950,PE 3,115.728,8951.83,8.5,-0.5679155999999961,-0.5691500999999961,SIN NF,1.3
03/12/2019,0+950,PE 3,115.803,8943.58,8.6,-0.34384559999999603,-0.34512947999999605,SIN NF,5.3
07/12/2019,0+950,PE 3,115.803,8948.72,9.1,-0.48344799999998017,-0.4849787799999802,SIN NF,0.0
11/12/2019,0+950,PE 3,116.171,8948.94,9.4,-0.4894232000000118,-0.4911021200000118,SIN NF,12.2
14/12/2019,0+950,PE 3,116.31,8951.19,9.7,-0.5505332000000118,-0.5523602600000118,SIN NF,1.0
18/12/2019,0+950,PE 3,116.31,8956.06,9.8,-0.6828023999999842,-0.6846788399999841,SIN NF,0.0
04/01/2020,0+950,PE 3,116.31,8950.06,11.2,-0.5198423999999842,-0.5224101599999842,SIN NF,0.0
09/01/2020,0+950,PE 3,116.31,8954.29,11.5,-0.6347292000000216,-0.6374451000000216,SIN NF,0.0
13/01/2020,0+950,PE 3,117.135,8949.63,11.4,-0.5081635999999763,-0.5108301199999763,SIN NF,1.8
17/01/2020,0+950,PE 3,117.135,8952.74,11.5,-0.592631199999992,-0.595347099999992,SIN NF,0.0
21/01/2020,0+950,PE 3,117.311,8949.15,11.3,-0.4951267999999881,-0.49774393999998817,SIN NF,0.0
25/01/2020,0+950,PE 3,117.311,8952.74,11.9,-0.592631199999992,-0.5955446199999921,SIN NF,2.3
29/01/2020,0+950,PE 3,117.528,8950.49,12.0,-0.531521199999992,-0.5344839999999921,SIN NF,1.0
02/02/2020,0+950,PE 3,117.528,8953.38,11.9,-0.6100135999999762,-0.6129270199999762,SIN NF,0.3
06/02/2020,0+950,PE 3,117.669,8944.01,12.0,-0.35552440000000396,-0.35848720000000395,SIN NF,0.0
10/02/2020,0+950,PE 3,117.669,8946.96,12.2,-0.43564639999997434,-0.4387079599999743,SIN NF,0.5
14/02/2020,0+950,PE 3,117.669,8956.06,12.7,-0.6828023999999842,-0.6861108599999842,SIN NF,0.0
19/02/2020,0+950,PE 3,117.669,8943.97,12.6,-0.35443799999998027,-0.35769707999998024,SIN NF,0.5
22/02/2020,0+950,PE 3,117.669,8952.52,12.4,-0.5866560000000098,-0.5898163200000098,SIN NF,0.0
28/02/2020,0+950,PE 3,117.808,8948.72,12.7,-0.48344799999998017,-0.4867564599999802,SIN NF,0.0
13/03/2020,0+950,PE 3,117.808,,,,,,5.8999999999999995
22/03/2020,0+950,PE 3,117.808,,,,,,1.0
26/03/2020,0+950,PE 3,117.808,,,,,,12.2
01/04/2020,0+950,PE 3,117.808,,,,,,1.5
07/05/2020,0+950,PE 3,117.621,8952.74,11.2,-0.592631199999992,-0.5951989599999921,SIN NF,0.6
22/05/2020,0+950,PE 3,117.286,8951.4,10.4,-0.5562367999999881,-0.5584095199999881,SIN NF,3.8999999999999995
28/05/2020,0+950,PE 3,117.286,8944.01,10.0,-0.35552440000000396,-0.35749960000000397,SIN NF,0.6
06/06/2020,0+950,PE 3,117.213,8957.19,9.6,-0.7134932000000118,-0.7152708800000118,SIN NF,0.0
12/06/2020,0+950,PE 3,117.205,8955.85,9.5,-0.6770988000000079,-0.6788271000000078,SIN NF,0.0
16/06/2020,0+950,PE 3,117.205,8960.7,9.4,-0.8088248000000178,-0.8105037200000178,SIN NF,0.0
24/06/2020,0+950,PE 3,115.995,8948.72,9.2,-0.48344799999998017,-0.4850281599999802,SIN NF,0.0
03/07/2020,0+950,PE 3,115.995,8945.35,9.0,-0.39191880000000784,-0.39340020000000786,SIN NF,0.0
10/07/2020,0+950,PE 3,115.826,8956.97,8.8,-0.7075179999999802,-0.7089006399999802,SIN NF,0.6
21/07/2020,0+950,PE 3,115.69,8939.57,8.5,-0.23493399999999012,-0.23616849999999012,SIN NF,12.0
28/07/2020,0+950,PE 3,115.268,8946.69,8.2,-0.42831320000001183,-0.42939956000001184,SIN NF,0.0
03/08/2020,0+950,PE 3,115.268,8952.95,8.0,-0.5983348000000177,-0.5993224000000177,SIN NF,0.0
14/08/2020,0+950,PE 3,115.268,8954.51,7.7,-0.640704400000004,-0.641543860000004,SIN NF,2.8
24/08/2020,0+950,PE 3,115.268,8946.25,7.4,-0.416362799999998,-0.417054119999998,SIN NF,1.5
30/08/2020,0+950,PE 3,115.268,8946.47,7.2,-0.4223379999999802,-0.42293055999998014,SIN NF,0.0
07/09/2020,0+950,PE 3,115.268,8950.7,7.1,-0.5372248000000177,-0.5377679800000177,SIN NF,0.0
14/09/2020,0+950,PE 3,115.268,8953.38,7.0,-0.6100135999999762,-0.6105073999999763,SIN NF,1.0
21/09/2020,0+950,PE 3,115.268,8953.17,6.9,-0.60431,-0.60475442,SIN NF,0.5
25/09/2020,0+950,PE 3,114.013,8949.63,6.8,-0.5081635999999763,-0.5085586399999763,SIN NF,0.0
21/10/2020,0+950,PE 3,114.423,8949.63,6.9,-0.5081635999999763,-0.5086080199999763,SIN NF,0.8
31/10/2020,0+950,PE 3,114.423,8948.29,7.0,-0.47176920000002176,-0.4722630000000218,SIN NF,1.8
02/11/2020,0+950,PE 3,114.423,8948.63,7.0,-0.4810035999999763,-0.48149739999997626,SIN NF,0.0
05/12/2020,0+950,PE 3,116.424,,,,,,0.0
27/01/2021,0+950,PE 3,117.243,8953.38,9.3,-0.6100135999999762,-0.6116431399999762,SIN NF,0.0
03/02/2021,0+950,PE 3,117.266,8947.81,9.4,-0.45873239999998416,-0.46041131999998414,SIN NF,0.0
12/02/2021,0+950,PE 3,117.468,8950.7,9.7,-0.5372248000000177,-0.5390518600000177,SIN NF,0.0
19/02/2021,0+950,PE 3,117.468,8951.19,9.9,-0.5505332000000118,-0.5524590200000118,SIN NF,14.8
27/02/2021,0+950,PE 3,117.657,8950.7,10.1,-0.5372248000000177,-0.5392493800000178,SIN NF,1.8
03/03/2021,0+950,PE 3,117.843,,,,,,0.0
29/03/2021,0+950,PE 3,117.972,8950.49,10.9,-0.531521199999992,-0.5339408199999921,SIN NF,0.0
05/04/2021,0+950,PE 3,117.866,8946.69,11.0,-0.42831320000001183,-0.43078220000001183,SIN NF,0.0
13/04/2021,0+950,PE 3,117.793,8950.49,11.1,-0.531521199999992,-0.5340395799999921,SIN NF,0.0
20/04/2021,0+950,PE 3,117.824,8946.47,11.2,-0.4223379999999802,-0.4249057599999802,SIN NF,0.0
26/04/2021,0+950,PE 3,117.721,8952.95,11.2,-0.5983348000000177,-0.6009025600000177,SIN NF,0.0
05/05/2021,0+950,PE 3,117.721,8943.8,11.2,-0.3498207999999782,-0.35238855999997826,SIN NF,0.0
15/05/2021,0+950,PE 3,117.505,8947.6,11.1,-0.45302880000000784,-0.4555471800000078,SIN NF,0.0
26/05/2021,0+950,PE 3,117.394,8951.61,11.0,-0.5619404000000139,-0.5644094000000138,SIN NF,0.0
07/06/2021,0+950,PE 3,116.853,8954.72,10.8,-0.6464079999999802,-0.6487782399999802,SIN NF,0.0
28/06/2021,0+950,PE 3,116.552,8945.62,10.2,-0.3992520000000197,-0.4013259600000197,SIN NF,0.0
16/07/2021,0+950,PE 3,116.446,8950.49,9.6,-0.531521199999992,-0.533298879999992,SIN NF,2.1
21/08/2021,0+950,PE 3,115.14,,,,,,
09/11/2021,0+950,PE 3,115.629,8946.96,8.4,-0.43564639999997434,-0.4368315199999744,SIN NF,2.8
17/11/2021,0+950,PE 3,115.744,8953.38,8.6,-0.6100135999999762,-0.6112974799999762,SIN NF,0.0
24/11/2021,0+950,PE 3,115.871,8951.83,8.7,-0.5679155999999961,-0.569248859999996,SIN NF,0.0
30/11/2021,0+950,PE 3,115.981,8951.83,8.9,-0.5679155999999961,-0.5693476199999961,SIN NF,0.6
03/12/2021,0+950,PE 3,116.068,8947.38,8.9,-0.4470535999999763,-0.4484856199999763,SIN NF,
11/12/2021,0+950,PE 3,116.068,8948.72,9.1,-0.48344799999998017,-0.4849787799999802,SIN NF,
19/01/2022,0+950,PE 3,117.333,8950.28,10.3,-0.5258176000000158,-0.5279409400000158,SIN NF,6.1
27/01/2022,0+950,PE 3,117.333,8951.19,10.5,-0.5505332000000118,-0.5527553000000118,SIN NF,
11/02/2022,0+950,PE 3,117.602,8947.6,10.8,-0.45302880000000784,-0.4553990400000078,SIN NF,1.8
02/03/2022,0+950,PE 3,117.164,8952.95,11.2,-0.5983348000000177,-0.6009025600000177,SIN NF,21.1
09/03/2022,0+950,PE 3,117.109,8951.4,11.3,-0.5562367999999881,-0.5588539399999881,SIN NF,
18/03/2022,0+950,PE 3,117.075,8944.94,11.4,-0.38078320000001187,-0.3834497200000119,SIN NF,
25/03/2022,0+950,PE 3,117.031,8955.85,11.5,-0.6770988000000079,-0.6798147000000078,SIN NF,
03/04/2022,0+950,PE 3,117.031,8953.17,11.5,-0.60431,-0.6070259,SIN NF,22.4
10/04/2022,0+950,PE 3,116.875,8948.72,11.5,-0.48344799999998017,-0.48616389999998016,SIN NF,
17/04/2022,0+950,PE 3,116.697,8951.61,11.5,-0.5619404000000139,-0.5646563000000138,SIN NF,0.0
25/04/2022,0+950,PE 3,116.697,8956.54,11.4,-0.6958392000000216,-0.6985057200000216,SIN NF,
30/04/2022,0+950,PE 3,116.404,8947.17,11.4,-0.44134999999999996,-0.44401651999999997,SIN NF,12.3
09/05/2022,0+950,PE 3,116.254,8950.28,11.3,-0.5258176000000158,-0.5284347400000158,SIN NF,9.8
17/05/2022,0+950,PE 3,116.171,8945.14,11.2,-0.3862151999999822,-0.3887829599999822,SIN NF,
23/05/2022,0+950,PE 3,116.171,8954.72,11.1,-0.6464079999999802,-0.6489263799999802,SIN NF,
30/05/2022,0+950,PE 3,115.942,8945.35,10.9,-0.39191880000000784,-0.39433842000000785,SIN NF,0.0
09/06/2022,0+950,PE 3,115.747,8945.62,10.7,-0.3992520000000197,-0.4015728600000197,SIN NF,
16/06/2022,0+950,PE 3,115.555,8954.72,10.2,-0.6464079999999802,-0.6484819599999802,SIN NF,2.5
23/06/2022,0+950,PE 3,115.387,8945.68,10.1,-0.4008816000000059,-0.4029061800000059,SIN NF,
01/07/2022,0+950,PE 3,115.304,8952.31,10.0,-0.5809523999999842,-0.5829275999999841,SIN NF,4.2
09/07/2022,0+950,PE 3,115.108,8955.85,9.8,-0.6770988000000079,-0.6789752400000079,SIN NF,
17/07/2022,0+950,PE 3,115.108,8955.17,9.8,-0.6586299999999999,-0.66050644,SIN NF,1.0
28/07/2022,0+950,PE 3,114.667,8952.2,9.9,-0.5779648000000178,-0.5798906200000178,SIN NF,0.3
05/08/2022,0+950,PE 3,114.191,8944.92,9.0,-0.38024,-0.38172140000000004,SIN NF,
13/08/2022,0+950,PE 3,114.139,8950.2,9.8,-0.5236448000000177,-0.5255212400000178,SIN NF,3.1
19/08/2022,0+950,PE 3,114.136,8951.95,9.9,-0.5711748000000177,-0.5731006200000178,SIN NF,8.6
29/08/2022,0+950,PE 3,114.136,8949.06,8.3,-0.4926823999999842,-0.4938181399999842,SIN NF,23.5
11/03/2023,0+950,PE 3,114.136,8952.74,11.5,-0.592631199999992,-0.595347099999992,SIN NF,
18/03/2023,0+950,PE 3,116.743,8945.62,11.6,-0.3992520000000197,-0.4020172800000197,SIN NF,
26/03/2023,0+950,PE 3,116.526,8948.03,11.6,-0.46470760000001576,-0.46747288000001574,SIN NF,1.6
02/04/2023,0+950,PE 3,116.536,8946.69,11.6,-0.42831320000001183,-0.4310784800000118,SIN NF,
09/04/2023,0+950,PE 3,116.374,8946.47,11.7,-0.4223379999999802,-0.4251526599999802,SIN NF,
15/04/2023,0+950,PE 3,116.266,8944.28,11.6,-0.3628576000000158,-0.3656228800000158,SIN NF,
23/04/2023,0+950,PE 3,116.266,8947.81,11.6,-0.45873239999998416,-0.46149767999998415,SIN NF,6.5
09/05/2023,0+950,PE 3,115.969,8941.34,11.4,-0.28300720000000196,-0.28567372000000196,SIN NF,
27/05/2023,0+950,PE 3,115.73,8948.0,11.4,-0.463892799999998,-0.46655931999999795,SIN NF,13.8
07/06/2023,0+950,PE 3,115.647,8948.51,11.0,-0.47774440000000395,-0.48021340000000395,SIN NF,
14/06/2023,0+950,PE 3,115.34,8943.58,10.8,-0.34384559999999603,-0.34621583999999606,SIN NF,
08/07/2023,0+950,PE 3,115.156,8940.48,10.2,-0.25964959999998616,-0.26172355999998614,SIN NF,25.4
14/07/2023,0+950,PE 3,115.008,8941.34,10.0,-0.28300720000000196,-0.28498240000000197,SIN NF,
30/07/2023,0+950,PE 3,114.831,,,,,,
06/08/2023,0+950,PE 3,114.831,8941.61,9.3,-0.2903404000000138,-0.29196994000001386,SIN NF,
14/08/2023,0+950,PE 3,114.629,8949.36,9.0,-0.5008304000000138,-0.5023118000000137,SIN NF,
23/08/2023,0+950,PE 3,114.391,8948.29,8.7,-0.47176920000002176,-0.47310246000002176,SIN NF,3.8
04/09/2023,0+950,PE 3,114.309,8939.79,8.4,-0.24090920000002172,-0.2420943200000217,SIN NF,
09/09/2023,0+950,PE 3,114.221,8946.69,8.3,-0.42831320000001183,-0.4294489400000118,SIN NF,
15/09/2023,0+950,PE 3,114.131,8952.31,8.2,-0.5809523999999842,-0.5820387599999842,SIN NF,
24/09/2023,0+950,PE 3,114.069,8942.25,8.0,-0.307722799999998,-0.308710399999998,SIN NF,22.1
01/10/2023,0+950,PE 3,114.1,8947.81,8.0,-0.45873239999998416,-0.45971999999998414,SIN NF,
16/10/2023,0+950,PE 3,114.18,8943.8,7.9,-0.3498207999999782,-0.35075901999997827,SIN NF,0.8
29/10/2023,0+950,PE 3,114.254,8950.49,8.0,-0.531521199999992,-0.532508799999992,SIN NF,5.6
03/11/2023,0+950,PE 3,114.306,8945.62,8.0,-0.3992520000000197,-0.4002396000000197,SIN NF,
10/11/2023,0+950,PE 3,114.306,8952.04,8.1,-0.5736192000000218,-0.5746561800000217,SIN NF,
27/09/2019,0+950,PE 4,,8988.1,7.1,-0.19112500000002,-0.13944400000002002,SIN NF,0.0
30/09/2019,0+950,PE 4,,8990.58,6.8,-0.259325000000008,-0.20539700000000802,SIN NF,0.0
04/10/2019,0+950,PE 4,114.958,8988.58,6.0,-0.20432500000000803,-0.144405000000008,SIN NF,0.0
08/10/2019,0+950,PE 4,,8989.93,6.1,-0.24145000000001804,-0.18227900000001804,SIN NF,0.0
12/10/2019,0+950,PE 4,,8989.23,6.2,-0.222199999999998,-0.163777999999998,SIN NF,0.3
17/10/2019,0+950,PE 4,,8989.66,6.2,-0.234025000000006,-0.17560300000000603,SIN NF,0.0
21/10/2019,0+950,PE 4,,8986.53,6.5,-0.14795000000002803,-0.09177500000002801,SIN NF,0.0
24/10/2019,0+950,PE 4,,8990.79,6.8,-0.26510000000003403,-0.211172000000034,SIN NF,0.0
28/10/2019,0+950,PE 4,,8993.49,7.3,-0.33935000000000404,-0.289167000000004,SIN NF,0.0
01/11/2019,0+950,PE 4,,8991.71,7.7,-0.290399999999986,-0.24321299999998602,SIN NF,0.0
04/11/2019,0+950,PE 4,,8994.62,7.9,-0.37042500000003203,-0.32473600000003205,SIN NF,0.0
09/11/2019,0+950,PE 4,115.173,8983.41,7.6,-0.062150000000006006,-0.014214000000005998,SIN NF,0.3
13/11/2019,0+950,PE 4,115.173,8990.79,8.3,-0.26510000000003403,-0.22240700000003402,SIN NF,0.8
17/11/2019,0+950,PE 4,,8996.67,8.7,-0.42680000000001206,-0.3871030000000121,SIN NF,10.7
20/11/2019,0+950,PE 4,,8990.14,9.0,-0.24722499999999403,-0.209774999999994,SIN NF,4.8
25/11/2019,0+950,PE 4,,8992.84,9.4,-0.321475000000014,-0.287021000000014,SIN NF,9.1
29/11/2019,0+950,PE 4,115.728,8992.62,9.8,-0.31542500000003204,-0.28396700000003205,SIN NF,1.3
03/12/2019,0+950,PE 4,115.803,8983.84,10.0,-0.07397500000001402,-0.044015000000014015,SIN NF,5.3
07/12/2019,0+950,PE 4,,8988.31,10.2,-0.196899999999996,-0.16843799999999598,SIN NF,0.0
11/12/2019,0+950,PE 4,116.171,8988.8,10.5,-0.21037499999999,-0.18415999999999,SIN NF,12.2
14/12/2019,0+950,PE 4,116.31,8990.58,10.9,-0.259325000000008,-0.236106000000008,SIN NF,1.0
18/12/2019,0+950,PE 4,,8995.32,11.1,-0.38967500000000205,-0.367954000000002,SIN NF,0.0
04/01/2020,0+950,PE 4,,8986.96,12.4,-0.159774999999986,-0.14779099999998602,SIN NF,0.0
09/01/2020,0+950,PE 4,,8990.14,12.8,-0.24722499999999403,-0.238236999999994,SIN NF,0.0
13/01/2020,0+950,PE 4,117.135,8985.4,12.9,-0.116875,-0.10863600000000002,SIN NF,1.8
17/01/2020,0+950,PE 4,,8989.58,12.9,-0.23182500000000802,-0.22358600000000803,SIN NF,0.0
21/01/2020,0+950,PE 4,117.311,8984.97,13.0,-0.105049999999992,-0.097559999999992,SIN NF,0.0
25/01/2020,0+950,PE 4,,8988.8,13.2,-0.21037499999999,-0.20438299999999,SIN NF,2.3
29/01/2020,0+950,PE 4,117.528,8985.4,13.5,-0.116875,-0.11313000000000001,SIN NF,1.0
02/02/2020,0+950,PE 4,,8989.44,13.5,-0.22797500000002405,-0.22423000000002402,SIN NF,0.3
06/02/2020,0+950,PE 4,117.669,8979.59,13.6,0.04289999999998599,0.045895999999986,139.88289999999998,0.0
10/02/2020,0+950,PE 4,,8982.28,13.6,-0.031075000000028014,-0.028079000000028012,SIN NF,0.5
14/02/2020,0+950,PE 4,,8991.49,13.9,-0.284350000000004,-0.283601000000004,SIN NF,0.0
19/02/2020,0+950,PE 4,,8981.07,14.0,0.002199999999997999,0.002199999999997999,139.8422,0.5
22/02/2020,0+950,PE 4,,8988.1,14.0,-0.19112500000002,-0.19112500000002,SIN NF,0.0
28/02/2020,0+950,PE 4,117.808,8984.27,14.1,-0.08580000000002201,-0.08654900000002201,SIN NF,0.0
13/03/2020,0+950,PE 4,,,,,,,5.8999999999999995
22/03/2020,0+950,PE 4,,,,,,,1.0
26/03/2020,0+950,PE 4,,,,,,,12.2
01/04/2020,0+950,PE 4,,,,,,,1.5
07/05/2020,0+950,PE 4,117.621,8988.44,12.1,-0.20047500000002402,-0.18624400000002403,SIN NF,0.6
22/05/2020,0+950,PE 4,117.286,8989.01,13.1,-0.21615000000001602,-0.20940900000001603,SIN NF,3.8999999999999995
28/05/2020,0+950,PE 4,,8982.92,14.1,-0.04867500000001201,-0.04942400000001201,SIN NF,0.6
06/06/2020,0+950,PE 4,117.213,8995.05,11.4,-0.38224999999999004,-0.36277599999999,SIN NF,0.0
12/06/2020,0+950,PE 4,117.205,8993.7,11.0,-0.34512500000003005,-0.32265500000003006,SIN NF,0.0
16/06/2020,0+950,PE 4,,8989.01,10.8,-0.21615000000001602,-0.19218200000001603,SIN NF,0.0
24/06/2020,0+950,PE 4,115.995,8987.45,10.7,-0.17325000000003002,-0.14853300000003,SIN NF,0.0
03/07/2020,0+950,PE 4,,8984.27,10.5,-0.08580000000002201,-0.05958500000002201,SIN NF,0.0
10/07/2020,0+950,PE 4,115.826,8995.05,10.4,-0.38224999999999004,-0.35528599999999005,SIN NF,0.6
21/07/2020,0+950,PE 4,115.69,8978.46,10.2,0.07397500000001402,0.10243700000001402,139.91397500000002,12.0
28/07/2020,0+950,PE 4,115.268,8985.62,10.0,-0.12292500000003201,-0.09296500000003201,SIN NF,0.0
03/08/2020,0+950,PE 4,,8991.14,9.9,-0.274724999999994,-0.24401599999999404,SIN NF,0.0
14/08/2020,0+950,PE 4,,8993.7,9.7,-0.34512500000003005,-0.31291800000003,SIN NF,2.8
24/08/2020,0+950,PE 4,,8985.62,9.5,-0.12292500000003201,-0.08922000000003202,SIN NF,1.5
30/08/2020,0+950,PE 4,,8985.62,9.4,-0.12292500000003201,-0.08847100000003202,SIN NF,0.0
07/09/2020,0+950,PE 4,,8989.93,9.3,-0.24145000000001804,-0.20624700000001803,SIN NF,0.0
14/09/2020,0+950,PE 4,,8992.35,9.2,-0.30800000000002004,-0.27204800000002005,SIN NF,1.0
21/09/2020,0+950,PE 4,,8992.62,9.0,-0.31542500000003204,-0.277975000000032,SIN NF,0.5
25/09/2020,0+950,PE 4,114.013,8988.8,9.0,-0.21037499999999,-0.17292499999999,SIN NF,0.0
21/10/2020,0+950,PE 4,114.423,8989.01,8.7,-0.21615000000001602,-0.17645300000001604,SIN NF,0.8
31/10/2020,0+950,PE 4,,8987.66,8.6,-0.179025000000006,-0.13857900000000603,SIN NF,1.8
02/11/2020,0+950,PE 4,,8988.01,8.5,-0.18865000000001603,-0.14745500000001602,SIN NF,0.0
05/12/2020,0+950,PE 4,116.424,8987.88,8.4,-0.185074999999988,-0.14313099999998802,SIN NF,0.0
27/01/2021,0+950,PE 4,117.243,8993.06,8.4,-0.327524999999996,-0.285580999999996,SIN NF,0.0
03/02/2021,0+950,PE 4,117.266,8988.31,8.4,-0.196899999999996,-0.15495599999999599,SIN NF,0.0
12/02/2021,0+950,PE 4,117.468,8990.58,8.4,-0.259325000000008,-0.217381000000008,SIN NF,0.0
19/02/2021,0+950,PE 4,117.468,8991.79,8.5,-0.292600000000034,-0.251405000000034,SIN NF,14.8
27/02/2021,0+950,PE 4,117.657,8990.58,8.5,-0.259325000000008,-0.21813000000000804,SIN NF,1.8
03/03/2021,0+950,PE 4,117.843,8986.32,8.5,-0.142175000000002,-0.10098000000000198,SIN NF,0.0
29/03/2021,0+950,PE 4,117.972,8990.58,8.5,-0.259325000000008,-0.21813000000000804,SIN NF,0.0
05/04/2021,0+950,PE 4,117.866,8986.75,8.5,-0.15400000000001002,-0.11280500000001,SIN NF,0.0
13/04/2021,0+950,PE 4,117.793,8990.79,8.6,-0.26510000000003403,-0.224654000000034,SIN NF,0.0
20/04/2021,0+950,PE 4,117.824,8986.53,8.6,-0.14795000000002803,-0.10750400000002804,SIN NF,0.0
26/04/2021,0+950,PE 4,117.721,8992.84,8.6,-0.321475000000014,-0.281029000000014,SIN NF,0.0
05/05/2021,0+950,PE 4,117.721,8983.84,8.6,-0.07397500000001402,-0.03352900000001401,SIN NF,0.0
15/05/2021,0+950,PE 4,117.505,8987.45,8.6,-0.17325000000003002,-0.13280400000003,SIN NF,0.0
26/05/2021,0+950,PE 4,117.394,8992.14,8.7,-0.302224999999994,-0.26252799999999404,SIN NF,0.0
07/06/2021,0+950,PE 4,116.853,8994.4,8.7,-0.364375,-0.324678,SIN NF,0.0
28/06/2021,0+950,PE 4,116.552,8985.62,8.8,-0.12292500000003201,-0.08397700000003201,SIN NF,0.0
16/07/2021,0+950,PE 4,116.446,8991.01,8.9,-0.27115000000001604,-0.23295100000001603,SIN NF,2.1
21/08/2021,0+950,PE 4,115.14,,,,,,
09/11/2021,0+950,PE 4,115.629,8986.75,9.2,-0.15400000000001002,-0.11804800000001,SIN NF,2.8
17/11/2021,0+950,PE 4,115.744,8993.27,9.2,-0.333300000000022,-0.29734800000002204,SIN NF,0.0
24/11/2021,0+950,PE 4,115.871,8991.92,9.2,-0.296175000000012,-0.26022300000001203,SIN NF,0.0
30/11/2021,0+950,PE 4,115.981,8991.71,9.2,-0.290399999999986,-0.254447999999986,SIN NF,0.6
03/12/2021,0+950,PE 4,116.068,8987.66,9.2,-0.179025000000006,-0.143073000000006,SIN NF,
11/12/2021,0+950,PE 4,,8988.8,9.2,-0.21037499999999,-0.17442299999998997,SIN NF,
19/01/2022,0+950,PE 4,117.333,8990.79,9.2,-0.26510000000003403,-0.22914800000003402,SIN NF,6.1
27/01/2022,0+950,PE 4,,8991.71,9.2,-0.290399999999986,-0.254447999999986,SIN NF,
11/02/2022,0+950,PE 4,117.602,8987.88,9.2,-0.185074999999988,-0.149122999999988,SIN NF,1.8
02/03/2022,0+950,PE 4,117.164,8993.7,9.2,-0.34512500000003005,-0.30917300000003006,SIN NF,21.1
09/03/2022,0+950,PE 4,117.109,8992.62,9.2,-0.31542500000003204,-0.27947300000003206,SIN NF,
18/03/2022,0+950,PE 4,117.075,8985.62,9.2,-0.12292500000003201,-0.086973000000032,SIN NF,
25/03/2022,0+950,PE 4,117.031,8996.67,9.2,-0.42680000000001206,-0.390848000000012,SIN NF,
03/04/2022,0+950,PE 4,117.031,8993.97,9.2,-0.35254999999999204,-0.31659799999999205,SIN NF,22.4
10/04/2022,0+950,PE 4,116.875,8989.93,9.2,-0.24145000000001804,-0.20549800000001806,SIN NF,
17/04/2022,0+950,PE 4,116.697,8992.62,9.2,-0.31542500000003204,-0.27947300000003206,SIN NF,0.0
25/04/2022,0+950,PE 4,,8997.53,9.2,-0.450450000000028,-0.41449800000002796,SIN NF,
30/04/2022,0+950,PE 4,116.404,8988.1,9.3,-0.19112500000002,-0.15592200000002002,SIN NF,12.3
09/05/2022,0+950,PE 4,116.254,8991.28,9.3,-0.278575000000028,-0.243372000000028,SIN NF,9.8
17/05/2022,0+950,PE 4,116.171,8985.89,9.3,-0.13034999999999403,-0.09514699999999401,SIN NF,
23/05/2022,0+950,PE 4,116.171,8995.54,9.3,-0.3957250000000341,-0.36052200000003404,SIN NF,
30/05/2022,0+950,PE 4,115.942,8986.32,9.3,-0.142175000000002,-0.10697200000000201,SIN NF,0.0
09/06/2022,0+950,PE 4,115.747,8986.32,9.3,-0.142175000000002,-0.10697200000000201,SIN NF,
16/06/2022,0+950,PE 4,115.555,8995.75,9.3,-0.40150000000001,-0.36629700000001,SIN NF,2.5
23/06/2022,0+950,PE 4,115.387,8985.1,9.2,-0.10862500000002001,-0.07267300000002,SIN NF,
01/07/2022,0+950,PE 4,115.304,8993.06,9.4,-0.327524999999996,-0.29307099999999603,SIN NF,4.2
09/07/2022,0+950,PE 4,115.108,8996.4,9.4,-0.41937500000000005,-0.38492100000000007,SIN NF,
17/07/2022,0+950,PE 4,,8995.28,9.4,-0.38857500000002804,-0.35412100000002805,SIN NF,1.0
28/07/2022,0+950,PE 4,114.667,8993.28,9.5,-0.33357500000002804,-0.299870000000028,SIN NF,0.3
05/08/2022,0+950,PE 4,114.191,8985.62,9.4,-0.12292500000003201,-0.08847100000003202,SIN NF,
13/08/2022,0+950,PE 4,114.139,8991.28,9.5,-0.278575000000028,-0.244870000000028,SIN NF,3.1
19/08/2022,0+950,PE 4,114.136,8990.99,9.5,-0.270600000000004,-0.23689500000000396,SIN NF,8.6
29/08/2022,0+950,PE 4,,8990.79,9.5,-0.26510000000003403,-0.231395000000034,SIN NF,23.5
11/03/2023,0+950,PE 4,,8995.54,9.5,-0.3957250000000341,-0.36202000000003404,SIN NF,
18/03/2023,0+950,PE 4,116.743,8988.58,9.5,-0.20432500000000803,-0.17062000000000802,SIN NF,
26/03/2023,0+950,PE 4,116.526,8991.28,9.5,-0.278575000000028,-0.244870000000028,SIN NF,1.6
02/04/2023,0+950,PE 4,116.536,8989.66,9.4,-0.234025000000006,-0.19957100000000602,SIN NF,
09/04/2023,0+950,PE 4,116.374,8989.66,9.5,-0.234025000000006,-0.200320000000006,SIN NF,
15/04/2023,0+950,PE 4,116.266,8987.88,9.5,-0.185074999999988,-0.15136999999998801,SIN NF,
23/04/2023,0+950,PE 4,116.266,8991.01,9.5,-0.27115000000001604,-0.23744500000001603,SIN NF,6.5
09/05/2023,0+950,PE 4,115.969,8985.34,9.5,-0.11522500000001401,-0.08152000000001401,SIN NF,
27/05/2023,0+950,PE 4,115.73,8988.32,9.5,-0.197175000000002,-0.163470000000002,SIN NF,13.8
07/06/2023,0+950,PE 4,115.647,8995.05,9.5,-0.38224999999999004,-0.34854499999999,SIN NF,
14/06/2023,0+950,PE 4,115.34,8990.79,9.5,-0.26510000000003403,-0.231395000000034,SIN NF,
08/07/2023,0+950,PE 4,115.156,8987.45,9.6,-0.17325000000003002,-0.14029400000003,SIN NF,25.4
14/07/2023,0+950,PE 4,115.008,8988.1,9.6,-0.19112500000002,-0.15816900000002002,SIN NF,
30/07/2023,0+950,PE 4,114.831,,,,,,
06/08/2023,0+950,PE 4,114.831,8988.31,9.6,-0.196899999999996,-0.16394399999999598,SIN NF,
14/08/2023,0+950,PE 4,114.629,8995.75,9.6,-0.40150000000001,-0.36854400000001003,SIN NF,
23/08/2023,0+950,PE 4,114.391,8994.84,9.6,-0.37647500000001405,-0.34351900000001406,SIN NF,3.8
04/09/2023,0+950,PE 4,114.309,8986.1,9.7,-0.13612500000002,-0.10391800000002002,SIN NF,
09/09/2023,0+950,PE 4,114.221,8993.27,9.7,-0.333300000000022,-0.301093000000022,SIN NF,
15/09/2023,0+950,PE 4,114.131,8998.88,9.7,-0.487574999999988,-0.45536799999998806,SIN NF,
24/09/2023,0+950,PE 4,114.069,8988.8,9.7,-0.21037499999999,-0.17816799999999,SIN NF,22.1
01/10/2023,0+950,PE 4,114.1,8994.19,9.7,-0.35860000000002407,-0.326393000000024,SIN NF,
16/10/2023,0+950,PE 4,114.18,8990.14,9.7,-0.24722499999999403,-0.215017999999994,SIN NF,0.8
29/10/2023,0+950,PE 4,114.254,8996.67,9.7,-0.42680000000001206,-0.3945930000000121,SIN NF,5.6
03/11/2023,0+950,PE 4,114.306,8991.92,9.7,-0.296175000000012,-0.26396800000001197,SIN NF,
10/11/2023,0+950,PE 4,114.306,8998.24,9.7,-0.4699750000000041,-0.4377680000000041,SIN NF,
27/09/2019,0+950,PE 5,,8967.71,6.6,-0.12394339999997574,-0.11937649999997574,SIN NF,0.0
30/09/2019,0+950,PE 5,,8970.39,5.8,-0.1984205999999838,-0.1929168999999838,SIN NF,0.0
04/10/2019,0+950,PE 5,114.958,8969.05,6.0,-0.16118199999997976,-0.15591249999997978,SIN NF,0.0
08/10/2019,0+950,PE 5,,8969.48,6.0,-0.17313169999998787,-0.16786219999998786,SIN NF,0.0
12/10/2019,0+950,PE 5,,8969.05,6.1,-0.16118199999997976,-0.15602959999997976,SIN NF,0.3
17/10/2019,0+950,PE 5,,8969.05,6.2,-0.16118199999997976,-0.15614669999997977,SIN NF,0.0
21/10/2019,0+950,PE 5,,8966.15,6.3,-0.08059099999998988,-0.07567279999998988,SIN NF,0.0
24/10/2019,0+950,PE 5,,8970.39,6.5,-0.1984205999999838,-0.19373659999998377,SIN NF,0.0
28/10/2019,0+950,PE 5,,8972.65,6.8,-0.2612259999999899,-0.2568932999999899,SIN NF,0.0
01/11/2019,0+950,PE 5,,8970.82,7.1,-0.2103702999999919,-0.2063888999999919,SIN NF,0.0
04/11/2019,0+950,PE 5,,8974.85,7.3,-0.3223640000000101,-0.3186168000000101,SIN NF,0.0
09/11/2019,0+950,PE 5,115.173,8963.25,7.6,0.0,0.0033959000000000003,139.571,0.3
13/11/2019,0+950,PE 5,115.173,8970.39,7.8,-0.1984205999999838,-0.19525889999998378,SIN NF,0.8
17/11/2019,0+950,PE 5,,8975.98,8.0,-0.35376669999998783,-0.35083919999998786,SIN NF,10.7
20/11/2019,0+950,PE 5,,8970.18,8.3,-0.19258470000000807,-0.19000850000000807,SIN NF,4.8
25/11/2019,0+950,PE 5,,8972.86,8.6,-0.2670619000000162,-0.2648370000000162,SIN NF,9.1
29/11/2019,0+950,PE 5,115.728,8972.65,8.9,-0.2612259999999899,-0.2593523999999899,SIN NF,1.3
03/12/2019,0+950,PE 5,115.803,8963.89,9.2,-0.017785599999983824,-0.016263299999983823,SIN NF,5.3
07/12/2019,0+950,PE 5,,8968.62,9.4,-0.14923230000002224,-0.14794420000002223,SIN NF,0.0
11/12/2019,0+950,PE 5,116.171,8969.26,9.6,-0.16701790000000605,-0.16596400000000605,SIN NF,12.2
14/12/2019,0+950,PE 5,116.31,8970.82,9.9,-0.2103702999999919,-0.20966769999999194,SIN NF,1.0
18/12/2019,0+950,PE 5,,8975.34,10.3,-0.33598110000000403,-0.33574690000000407,SIN NF,0.0
04/01/2020,0+950,PE 5,,8967.71,11.4,-0.12394339999997574,-0.12499729999997573,SIN NF,0.0
09/01/2020,0+950,PE 5,,8971.52,11.8,-0.2298233000000121,-0.2313456000000121,SIN NF,0.0
13/01/2020,0+950,PE 5,117.135,8967.06,11.9,-0.10587989999998584,-0.10751929999998586,SIN NF,1.8
17/01/2020,0+950,PE 5,,8969.96,12.0,-0.1864708999999757,-0.1882273999999757,SIN NF,0.0
21/01/2020,0+950,PE 5,117.311,8966.36,12.1,-0.08642690000001617,-0.08830050000001617,SIN NF,0.0
25/01/2020,0+950,PE 5,,8970.39,12.3,-0.1984205999999838,-0.2005283999999838,SIN NF,2.3
29/01/2020,0+950,PE 5,117.528,8967.28,12.5,-0.11199370000001818,-0.11433570000001818,SIN NF,1.0
02/02/2020,0+950,PE 5,,8970.61,12.7,-0.20453440000001616,-0.20711060000001613,SIN NF,0.3
06/02/2020,0+950,PE 5,117.669,8961.21,12.8,0.05669160000002427,0.05399830000002426,139.62769160000002,0.0
10/02/2020,0+950,PE 5,,8964.11,12.8,-0.023899400000016172,-0.02659270000001618,SIN NF,0.5
14/02/2020,0+950,PE 5,,8973.08,13.0,-0.27317569999999797,-0.276103199999998,SIN NF,0.0
19/02/2020,0+950,PE 5,,8960.72,13.2,0.0703087000000182,0.0671470000000182,139.64130870000002,0.5
22/02/2020,0+950,PE 5,,8969.75,13.2,-0.180635,-0.1837967,SIN NF,0.0
28/02/2020,0+950,PE 5,117.808,8966.15,13.3,-0.08059099999998988,-0.08386979999998988,SIN NF,0.0
13/03/2020,0+950,PE 5,,,,,,,5.8999999999999995
22/03/2020,0+950,PE 5,,,,,,,1.0
26/03/2020,0+950,PE 5,,,,,,,12.2
01/04/2020,0+950,PE 5,,,,,,,1.5
07/05/2020,0+950,PE 5,117.621,8970.82,11.8,-0.2103702999999919,-0.2118925999999919,SIN NF,0.6
22/05/2020,0+950,PE 5,117.286,8970.18,11.0,-0.19258470000000807,-0.19317020000000806,SIN NF,3.8999999999999995
28/05/2020,0+950,PE 5,,8963.25,10.6,0.0,-0.00011709999999999958,SIN NF,0.6
06/06/2020,0+950,PE 5,117.213,8976.2,10.3,-0.3598805000000202,-0.3596463000000202,SIN NF,0.0
12/06/2020,0+950,PE 5,117.205,8974.85,10.1,-0.3223640000000101,-0.3218956000000101,SIN NF,0.0
16/06/2020,0+950,PE 5,,8969.96,9.9,-0.1864708999999757,-0.1857682999999757,SIN NF,0.0
24/06/2020,0+950,PE 5,115.995,8968.13,9.6,-0.13561519999997776,-0.13456129999997776,SIN NF,0.0
03/07/2020,0+950,PE 5,,8964.81,9.4,-0.043352399999985844,-0.042064299999985844,SIN NF,0.0
10/07/2020,0+950,PE 5,115.826,8975.98,9.1,-0.35376669999998783,-0.3521272999999879,SIN NF,0.6
21/07/2020,0+950,PE 5,115.69,8969.44,8.8,-0.17202010000001414,-0.17002940000001412,SIN NF,12.0
28/07/2020,0+950,PE 5,115.268,8966.36,8.6,-0.08642690000001617,-0.08420200000001617,SIN NF,0.0
03/08/2020,0+950,PE 5,,8972.86,8.5,-0.2670619000000162,-0.26471990000001616,SIN NF,0.0
14/08/2020,0+950,PE 5,,8974.64,8.3,-0.3165280999999838,-0.3139518999999838,SIN NF,2.8
24/08/2020,0+950,PE 5,,8966.36,8.0,-0.08642690000001617,-0.08349940000001617,SIN NF,1.5
30/08/2020,0+950,PE 5,,8966.58,7.9,-0.09254069999999796,-0.08949609999999797,SIN NF,0.0
07/09/2020,0+950,PE 5,,8971.09,7.8,-0.21787360000000405,-0.21471190000000406,SIN NF,0.0
14/09/2020,0+950,PE 5,,8973.29,7.7,-0.27901160000002423,-0.2757328000000242,SIN NF,1.0
21/09/2020,0+950,PE 5,,8973.08,7.6,-0.27317569999999797,-0.26977979999999796,SIN NF,0.5
25/09/2020,0+950,PE 5,114.013,8969.79,7.5,-0.18174660000002424,-0.17823360000002425,SIN NF,0.0
21/10/2020,0+950,PE 5,114.423,8969.48,7.4,-0.17313169999998787,-0.16950159999998785,SIN NF,0.8
31/10/2020,0+950,PE 5,,8967.92,7.4,-0.129779300000002,-0.12614920000000202,SIN NF,1.8
02/11/2020,0+950,PE 5,,8968.71,7.4,-0.15173339999997573,-0.14810329999997573,SIN NF,0.0
05/12/2020,0+950,PE 5,116.424,8967.92,7.5,-0.129779300000002,-0.12626630000000202,SIN NF,0.0
27/01/2021,0+950,PE 5,117.243,8973.51,7.6,-0.285125400000006,-0.281729500000006,SIN NF,0.0
03/02/2021,0+950,PE 5,117.266,8968.4,7.6,-0.14311849999998988,-0.13972259999998987,SIN NF,0.0
12/02/2021,0+950,PE 5,117.468,8971.09,7.7,-0.21787360000000405,-0.21459480000000403,SIN NF,0.0
19/02/2021,0+950,PE 5,117.468,8971.3,7.7,-0.22370949999997977,-0.22043069999997975,SIN NF,14.8
27/02/2021,0+950,PE 5,117.657,8970.82,7.7,-0.2103702999999919,-0.20709149999999188,SIN NF,1.8
03/03/2021,0+950,PE 5,117.843,8966.58,7.8,-0.09254069999999796,-0.08937899999999797,SIN NF,0.0
29/03/2021,0+950,PE 5,117.972,8970.82,7.9,-0.2103702999999919,-0.20732569999999192,SIN NF,0.0
05/04/2021,0+950,PE 5,117.866,8967.49,7.9,-0.11782959999999391,-0.11478499999999392,SIN NF,0.0
13/04/2021,0+950,PE 5,117.793,8971.52,7.9,-0.2298233000000121,-0.22677870000001213,SIN NF,0.0
20/04/2021,0+950,PE 5,117.824,8967.06,7.9,-0.10587989999998584,-0.10283529999998585,SIN NF,0.0
26/04/2021,0+950,PE 5,117.721,8973.08,8.0,-0.27317569999999797,-0.27024819999999794,SIN NF,0.0
05/05/2021,0+950,PE 5,117.721,8964.11,8.0,-0.023899400000016172,-0.020971900000016173,SIN NF,0.0
15/05/2021,0+950,PE 5,117.505,8967.92,8.0,-0.129779300000002,-0.126851800000002,SIN NF,0.0
26/05/2021,0+950,PE 5,117.394,8972.43,8.1,-0.25511220000000806,-0.252301800000008,SIN NF,0.0
07/06/2021,0+950,PE 5,116.853,8975.34,8.2,-0.33598110000000403,-0.333287800000004,SIN NF,0.0
28/06/2021,0+950,PE 5,116.552,8966.36,8.2,-0.08642690000001617,-0.08373360000001617,SIN NF,0.0
16/07/2021,0+950,PE 5,116.446,8971.52,8.3,-0.2298233000000121,-0.22724710000001214,SIN NF,2.1
21/08/2021,0+950,PE 5,115.14,,,,,,
09/11/2021,0+950,PE 5,115.629,8967.92,8.7,-0.129779300000002,-0.127671500000002,SIN NF,2.8
17/11/2021,0+950,PE 5,115.744,8974.21,8.7,-0.3045783999999757,-0.3024705999999757,SIN NF,0.0
24/11/2021,0+950,PE 5,115.871,8973.08,8.7,-0.27317569999999797,-0.271067899999998,SIN NF,0.0
30/11/2021,0+950,PE 5,115.981,8972.65,8.8,-0.2612259999999899,-0.2592352999999899,SIN NF,0.6
03/12/2021,0+950,PE 5,116.068,8968.83,8.8,-0.15506819999999796,-0.15307749999999798,SIN NF,
11/12/2021,0+950,PE 5,,8969.96,8.8,-0.1864708999999757,-0.18448019999997572,SIN NF,
19/01/2022,0+950,PE 5,117.333,8971.95,8.8,-0.2417730000000202,-0.2397823000000202,SIN NF,6.1
27/01/2022,0+950,PE 5,,8972.86,8.8,-0.2670619000000162,-0.26507120000001616,SIN NF,
11/02/2022,0+950,PE 5,117.602,8969.26,8.8,-0.16701790000000605,-0.16502720000000604,SIN NF,1.8
02/03/2022,0+950,PE 5,117.164,8974.64,8.8,-0.3165280999999838,-0.3145373999999838,SIN NF,21.1
09/03/2022,0+950,PE 5,117.109,8973.51,8.8,-0.285125400000006,-0.28313470000000607,SIN NF,
18/03/2022,0+950,PE 5,117.075,8967.06,8.8,-0.10587989999998584,-0.10388919999998585,SIN NF,
25/03/2022,0+950,PE 5,117.031,8977.81,8.8,-0.4046223999999858,-0.4026316999999858,SIN NF,
03/04/2022,0+950,PE 5,117.031,8975.12,8.9,-0.32986730000002223,-0.3279937000000222,SIN NF,22.4
10/04/2022,0+950,PE 5,116.875,8971.09,8.9,-0.21787360000000405,-0.21600000000000402,SIN NF,
17/04/2022,0+950,PE 5,116.697,8973.99,8.9,-0.2984645999999939,-0.2965909999999939,SIN NF,0.0
25/04/2022,0+950,PE 5,,8978.67,8.9,-0.428521800000002,-0.42664820000000203,SIN NF,
30/04/2022,0+950,PE 5,116.404,8969.26,8.9,-0.16701790000000605,-0.16514430000000604,SIN NF,12.3
09/05/2022,0+950,PE 5,116.254,8972.86,8.9,-0.2670619000000162,-0.26518830000001614,SIN NF,9.8
17/05/2022,0+950,PE 5,116.171,8967.49,9.0,-0.11782959999999391,-0.11607309999999392,SIN NF,
23/05/2022,0+950,PE 5,116.171,8976.47,9.0,-0.3673837999999818,-0.3656272999999818,SIN NF,
30/05/2022,0+950,PE 5,115.942,8967.71,9.0,-0.12394339999997574,-0.12218689999997573,SIN NF,0.0
09/06/2022,0+950,PE 5,115.747,8967.49,9.0,-0.11782959999999391,-0.11607309999999392,SIN NF,
16/06/2022,0+950,PE 5,115.555,8977.11,9.0,-0.38516940000001615,-0.3834129000000161,SIN NF,2.5
23/06/2022,0+950,PE 5,115.387,8967.22,8.9,-0.11032629999998181,-0.10845269999998179,SIN NF,
01/07/2022,0+950,PE 5,115.304,8974.64,9.1,-0.3165280999999838,-0.3148886999999838,SIN NF,4.2
09/07/2022,0+950,PE 5,115.108,8977.54,9.1,-0.39711910000002426,-0.39547970000002425,SIN NF,
17/07/2022,0+950,PE 5,,8976.54,9.1,-0.3693291000000242,-0.36768970000002427,SIN NF,1.0
28/07/2022,0+950,PE 5,114.667,8974.54,9.1,-0.31374910000002426,-0.31210970000002425,SIN NF,0.3
05/08/2022,0+950,PE 5,114.191,8967.28,9.2,-0.11199370000001818,-0.11047140000001818,SIN NF,
13/08/2022,0+950,PE 5,114.139,8972.54,9.2,-0.25816910000002424,-0.25664680000002427,SIN NF,3.1
19/08/2022,0+950,PE 5,114.136,8970.5,9.2,-0.20147749999999998,-0.1999552,SIN NF,8.6
29/08/2022,0+950,PE 5,,8972.43,9.2,-0.25511220000000806,-0.25358990000000803,SIN NF,23.5
11/03/2023,0+950,PE 5,,8977.11,9.2,-0.38516940000001615,-0.3836471000000162,SIN NF,
18/03/2023,0+950,PE 5,116.743,8970.18,9.2,-0.19258470000000807,-0.19106240000000807,SIN NF,
26/03/2023,0+950,PE 5,116.526,8972.65,9.2,-0.2612259999999899,-0.2597036999999899,SIN NF,1.6
02/04/2023,0+950,PE 5,116.536,8971.52,9.2,-0.2298233000000121,-0.22830100000001213,SIN NF,
09/04/2023,0+950,PE 5,116.374,8971.3,9.2,-0.22370949999997977,-0.22218719999997977,SIN NF,
15/04/2023,0+950,PE 5,116.266,8969.75,9.2,-0.180635,-0.1791127,SIN NF,
23/04/2023,0+950,PE 5,116.266,8973.08,9.3,-0.27317569999999797,-0.27177049999999797,SIN NF,6.5
09/05/2023,0+950,PE 5,115.969,8967.49,9.3,-0.11782959999999391,-0.1164243999999939,SIN NF,
27/05/2023,0+950,PE 5,115.73,8969.66,9.2,-0.17813389999999596,-0.17661159999999596,SIN NF,13.8
07/06/2023,0+950,PE 5,115.647,8976.47,9.3,-0.3673837999999818,-0.3659785999999818,SIN NF,
14/06/2023,0+950,PE 5,115.34,8972.43,9.3,-0.25511220000000806,-0.25370700000000806,SIN NF,
08/07/2023,0+950,PE 5,115.156,8969.05,9.4,-0.16118199999997976,-0.15989389999997977,SIN NF,25.4
14/07/2023,0+950,PE 5,115.008,8969.75,9.4,-0.180635,-0.1793469,SIN NF,
30/07/2023,0+950,PE 5,114.831,,,,,,
06/08/2023,0+950,PE 5,114.831,8970.18,9.5,-0.19258470000000807,-0.19141370000000807,SIN NF,
14/08/2023,0+950,PE 5,114.629,8977.54,9.5,-0.39711910000002426,-0.3959481000000243,SIN NF,
23/08/2023,0+950,PE 5,114.391,8976.68,9.5,-0.3732197000000081,-0.37204870000000806,SIN NF,3.8
04/09/2023,0+950,PE 5,114.309,8967.71,9.5,-0.12394339999997574,-0.12277239999997573,SIN NF,
09/09/2023,0+950,PE 5,114.221,8974.85,9.5,-0.3223640000000101,-0.3211930000000101,SIN NF,
15/09/2023,0+950,PE 5,114.131,8980.5,9.5,-0.4793774999999999,-0.4782064999999999,SIN NF,
24/09/2023,0+950,PE 5,114.069,8970.39,9.5,-0.1984205999999838,-0.19724959999998382,SIN NF,22.1
01/10/2023,0+950,PE 5,114.1,8975.77,9.5,-0.3479308000000121,-0.3467598000000121,SIN NF,
16/10/2023,0+950,PE 5,114.18,8971.52,9.6,-0.2298233000000121,-0.2287694000000121,SIN NF,0.8
29/10/2023,0+950,PE 5,114.254,8978.46,9.6,-0.42268589999997563,-0.42163199999997564,SIN NF,5.6
03/11/2023,0+950,PE 5,114.306,8973.51,9.5,-0.285125400000006,-0.28395440000000605,SIN NF,
10/11/2023,0+950,PE 5,114.306,8979.8,9.6,-0.4599244999999797,-0.4588705999999797,SIN NF,
18/03/2019,0+950,PE 6,,8571.98,14.1,-0.137949600000012,-0.10941010000001197,SIN NF,
25/03/2019,0+950,PE 6,,8570.93,13.7,-0.109095600000032,-0.07848050000003198,SIN NF,
31/03/2019,0+950,PE 6,,8578.06,13.6,-0.30502800000001,-0.27389400000000996,SIN NF,
07/04/2019,0+950,PE 6,,8575.55,13.3,-0.23605320000000402,-0.20336250000000403,SIN NF,
11/04/2019,0+950,PE 6,,8575.15,12.8,-0.225061200000014,-0.189776000000014,SIN NF,
15/04/2019,0+950,PE 6,,8580.17,12.5,-0.363010800000026,-0.326168900000026,SIN NF,
19/04/2019,0+950,PE 6,,8577.86,12.0,-0.29953200000004,-0.26009560000004,SIN NF,
26/04/2019,0+950,PE 6,,8580.17,12.5,-0.363010800000026,-0.326168900000026,SIN NF,
29/04/2019,0+950,PE 6,,8578.26,11.7,-0.31052400000003,-0.26953090000003,SIN NF,
03/05/2019,0+950,PE 6,117.567,8577.86,11.4,-0.29953200000004,-0.25698220000004,SIN NF,
07/05/2019,0+950,PE 6,117.493,8576.4,10.8,-0.259411200000014,-0.21374800000001398,SIN NF,
11/05/2019,0+950,PE 6,,8581.23,10.5,-0.392139600000012,-0.34491970000001204,SIN NF,
13/05/2019,0+950,PE 6,,8577.86,10.4,-0.29953200000004,-0.25179320000004,SIN NF,
16/05/2019,0+950,PE 6,,8583.88,10.2,-0.46496160000000203,-0.4161850000000021,SIN NF,
20/05/2019,0+950,PE 6,,8575.75,10.0,-0.24154920000002403,-0.19173480000002402,SIN NF,
24/05/2019,0+950,PE 6,117.348,8582.68,9.8,-0.43198560000003206,-0.38113340000003204,SIN NF,
27/05/2019,0+950,PE 6,,8579.72,9.8,-0.350644800000006,-0.299792600000006,SIN NF,
31/05/2019,0+950,PE 6,117.298,8578.46,9.5,-0.31602,-0.2636111,SIN NF,
04/06/2019,0+950,PE 6,,8586.25,9.0,-0.530089200000024,-0.475085800000024,SIN NF,
08/06/2019,0+950,PE 6,,8586.0,8.7,-0.5232192000000241,-0.4666591000000241,SIN NF,
10/06/2019,0+950,PE 6,,8580.77,8.6,-0.379498800000036,-0.322419800000036,SIN NF,
14/06/2019,0+950,PE 6,,8573.44,8.3,-0.17807040000003801,-0.119434700000038,SIN NF,
17/06/2019,0+950,PE 6,,8577.2,8.1,-0.281395200000044,-0.221721700000044,SIN NF,
21/06/2019,0+950,PE 6,,8584.75,7.7,-0.48886920000002404,-0.427120100000024,SIN NF,
24/06/2019,0+950,PE 6,116.701,8583.74,7.5,-0.46111440000001797,-0.398327500000018,SIN NF,0.5
28/06/2019,0+950,PE 6,,8579.52,7.3,-0.345148800000036,-0.281324100000036,SIN NF,1.3
01/07/2019,0+950,PE 6,,8584.34,7.0,-0.477602400000028,-0.41222100000002804,SIN NF,0.5
06/07/2019,0+950,PE 6,,8577.86,6.7,-0.29953200000004,-0.23259390000004,SIN NF,0.3
08/07/2019,0+950,PE 6,,8578.91,6.6,-0.32838600000002,-0.26092900000001995,SIN NF,0.0
13/07/2019,0+950,PE 6,116.354,8581.83,6.4,-0.408627600000022,-0.340132800000022,SIN NF,1.3
15/07/2019,0+950,PE 6,,8584.75,6.4,-0.48886920000002404,-0.420374400000024,SIN NF,0.3
19/07/2019,0+950,PE 6,116.255,8586.46,6.3,-0.53586,-0.46684629999999994,SIN NF,0.3
22/07/2019,0+950,PE 6,,8580.37,6.2,-0.368506800000046,-0.298974200000046,SIN NF,0.0
26/07/2019,0+950,PE 6,115.983,8580.37,6.2,-0.368506800000046,-0.298974200000046,SIN NF,0.0
29/07/2019,0+950,PE 6,115.915,8579.72,6.2,-0.350644800000006,-0.281112200000006,SIN NF,1.3
02/08/2019,0+950,PE 6,115.862,8577.2,6.5,-0.281395200000044,-0.213419300000044,SIN NF,1.5
05/08/2019,0+950,PE 6,,8582.88,6.5,-0.437481600000002,-0.369505700000002,SIN NF,0.0
09/08/2019,0+950,PE 6,,8577.2,6.5,-0.281395200000044,-0.213419300000044,SIN NF,0.0
12/08/2019,0+950,PE 6,115.68,8572.43,6.4,-0.150315600000032,-0.08182080000003199,SIN NF,0.0
16/08/2019,0+950,PE 6,,8579.11,6.2,-0.33388200000004,-0.26434940000004,SIN NF,0.0
19/08/2019,0+950,PE 6,,8573.89,6.0,-0.190436400000008,-0.11986600000000801,SIN NF,0.0
23/08/2019,0+950,PE 6,115.507,8579.52,5.9,-0.345148800000036,-0.274059500000036,SIN NF,1.5
26/08/2019,0+950,PE 6,,8583.09,5.9,-0.443252400000028,-0.372163100000028,SIN NF,0.8
30/08/2019,0+950,PE 6,115.318,8580.17,6.1,-0.363010800000026,-0.292959300000026,SIN NF,0.0
03/09/2019,0+950,PE 6,115.167,8573.04,6.2,-0.16707840000004798,-0.09754580000004798,SIN NF,0.3
07/09/2019,0+950,PE 6,,8577.46,6.3,-0.28854,-0.21952630000000004,SIN NF,0.0
11/09/2019,0+950,PE 6,,8582.48,6.3,-0.426489600000012,-0.35747590000001206,SIN NF,0.0
15/09/2019,0+950,PE 6,,8580.37,6.4,-0.368506800000046,-0.300012000000046,SIN NF,0.3
20/09/2019,0+950,PE 6,,8586.0,6.7,-0.5232192000000241,-0.45628110000002403,SIN NF,18.8
27/09/2019,0+950,PE 6,,8582.23,6.9,-0.41961960000001197,-0.353719300000012,SIN NF,0.0
30/09/2019,0+950,PE 6,,8582.48,7.2,-0.426489600000012,-0.36214600000001207,SIN NF,0.0
04/10/2019,0+950,PE 6,114.958,8580.17,7.4,-0.363010800000026,-0.299705000000026,SIN NF,0.0
08/10/2019,0+950,PE 6,,8581.23,7.5,-0.392139600000012,-0.32935270000001204,SIN NF,0.0
12/10/2019,0+950,PE 6,,8580.37,7.7,-0.368506800000046,-0.306757700000046,SIN NF,0.3
17/10/2019,0+950,PE 6,,8580.57,7.8,-0.374002800000016,-0.31277260000001605,SIN NF,0.0
21/10/2019,0+950,PE 6,,8578.46,8.1,-0.31602,-0.2563465,SIN NF,0.0
24/10/2019,0+950,PE 6,,8582.03,8.4,-0.414123600000042,-0.35600680000004203,SIN NF,0.0
28/10/2019,0+950,PE 6,,8584.34,8.8,-0.477602400000028,-0.42156120000002806,SIN NF,0.0
01/11/2019,0+950,PE 6,,8582.68,8.9,-0.43198560000003206,-0.37646330000003203,SIN NF,0.0
04/11/2019,0+950,PE 6,,8586.66,9.0,-0.54135600000002,-0.48635260000001995,SIN NF,0.0
09/11/2019,0+950,PE 6,115.173,8574.94,9.2,-0.21929040000003802,-0.16532480000003802,SIN NF,0.3
13/11/2019,0+950,PE 6,115.173,8582.03,9.2,-0.414123600000042,-0.360158000000042,SIN NF,0.8
17/11/2019,0+950,PE 6,,8588.32,9.7,-0.586972800000016,-0.535601700000016,SIN NF,10.7
20/11/2019,0+950,PE 6,,8580.37,10.0,-0.368506800000046,-0.31869240000004595,SIN NF,4.8
25/11/2019,0+950,PE 6,,8584.34,12.1,-0.477602400000028,-0.438684900000028,SIN NF,9.1
29/11/2019,0+950,PE 6,115.728,8583.94,11.2,-0.466610400000038,-0.423022800000038,SIN NF,1.3
03/12/2019,0+950,PE 6,115.803,8576.6,11.5,-0.26490720000003404,-0.222876300000034,SIN NF,5.3
07/12/2019,0+950,PE 6,,8579.31,11.6,-0.33937800000001,-0.29786600000001,SIN NF,0.0
11/12/2019,0+950,PE 6,116.171,8580.97,11.8,-0.384994800000006,-0.344520600000006,SIN NF,12.2
14/12/2019,0+950,PE 6,116.31,8582.68,12.0,-0.43198560000003206,-0.392549200000032,SIN NF,1.0
18/12/2019,0+950,PE 6,,8587.92,12.2,-0.575980800000026,-0.537582200000026,SIN NF,0.0
04/01/2020,0+950,PE 6,,8579.97,12.6,-0.357514800000006,-0.321191800000006,SIN NF,0.0
09/01/2020,0+950,PE 6,,8584.54,12.7,-0.48309840000004806,-0.44729430000004805,SIN NF,0.0
13/01/2020,0+950,PE 6,117.135,8579.31,12.8,-0.33937800000001,-0.30409280000001004,SIN NF,1.8
17/01/2020,0+950,PE 6,,8582.03,12.9,-0.414123600000042,-0.379357300000042,SIN NF,0.0
21/01/2020,0+950,PE 6,117.311,8579.11,13.0,-0.33388200000004,-0.29963460000004,SIN NF,0.0
25/01/2020,0+950,PE 6,,8582.03,13.0,-0.414123600000042,-0.379876200000042,SIN NF,2.3
29/01/2020,0+950,PE 6,117.528,8580.37,13.1,-0.368506800000046,-0.334778300000046,SIN NF,1.0
02/02/2020,0+950,PE 6,,8583.49,13.1,-0.454244400000018,-0.42051590000001804,SIN NF,0.3
06/02/2020,0+950,PE 6,117.669,8574.29,13.2,-0.201428400000048,-0.168218800000048,SIN NF,0.0
10/02/2020,0+950,PE 6,,8576.6,13.2,-0.26490720000003404,-0.231697600000034,SIN NF,0.5
14/02/2020,0+950,PE 6,,8585.2,13.3,-0.501235200000044,-0.46854450000004394,SIN NF,0.0
19/02/2020,0+950,PE 6,,8583.2,13.3,-0.446275200000044,-0.413584500000044,SIN NF,0.5
22/02/2020,0+950,PE 6,,8580.37,13.4,-0.368506800000046,-0.336335000000046,SIN NF,0.0
26/02/2020,0+950,PE 6,117.808,8581.63,13.5,-0.403131600000002,-0.371478700000002,SIN NF,0.0
01/03/2020,0+950,PE 6,,8580.17,13.5,-0.363010800000026,-0.33135790000002596,SIN NF,0.0
06/03/2020,0+950,PE 6,,8584.14,13.6,-0.47210640000000803,-0.44097240000000804,SIN NF,0.3
13/03/2020,0+950,PE 6,,8581.83,13.7,-0.408627600000022,-0.378012500000022,SIN NF,5.6
22/03/2020,0+950,PE 6,,8583.09,13.8,-0.443252400000028,-0.413156200000028,SIN NF,1.0
26/03/2020,0+950,PE 6,,8579.31,13.8,-0.33937800000001,-0.30928180000001,SIN NF,0.0
01/04/2020,0+950,PE 6,118166.0,8577.2,13.8,-0.281395200000044,-0.25129900000004396,SIN NF,12.2
10/04/2020,0+950,PE 6,118.117,8580.97,13.6,-0.384994800000006,-0.35386080000000597,SIN NF,0.0
28/04/2020,0+950,PE 6,117.807,8578.71,13.1,-0.32289,-0.2891615,SIN NF,1.5
07/05/2020,0+950,PE 6,117.621,8582.03,12.7,-0.414123600000042,-0.37831950000004205,SIN NF,0.6
14/05/2020,0+950,PE 6,117.473,8582.48,12.2,-0.426489600000012,-0.388091000000012,SIN NF,2.5999999999999996
22/05/2020,0+950,PE 6,117.286,8581.43,11.9,-0.39763560000003206,-0.35768030000003204,SIN NF,1.3
28/05/2020,0+950,PE 6,,8575.55,11.6,-0.23605320000000402,-0.194541200000004,SIN NF,0.6
06/06/2020,0+950,PE 6,117.213,8588.52,11.1,-0.592468800000036,-0.5483623000000359,SIN NF,0.0
12/06/2020,0+950,PE 6,117.205,8588.52,10.9,-0.592468800000036,-0.547324500000036,SIN NF,0.0
16/06/2020,0+950,PE 6,,8582.23,10.6,-0.41961960000001197,-0.372918600000012,SIN NF,0.0
24/06/2020,0+950,PE 6,115.995,8582.23,10.2,-0.41961960000001197,-0.37084300000001197,SIN NF,0.0
03/07/2020,0+950,PE 6,,8577.0,9.7,-0.275899200000024,-0.224528100000024,SIN NF,0.0
10/07/2020,0+950,PE 6,115.826,8588.12,9.1,-0.581476800000046,-0.5269923000000459,SIN NF,0.6
21/07/2020,0+950,PE 6,115.69,8573.44,8.3,-0.17807040000003801,-0.119434700000038,SIN NF,12.0
28/07/2020,0+950,PE 6,115.268,8580.37,7.8,-0.368506800000046,-0.307276600000046,SIN NF,0.0
03/08/2020,0+950,PE 6,,8585.8,7.5,-0.517723200000004,-0.45493630000000407,SIN NF,0.0
14/08/2020,0+950,PE 6,,8587.06,7.0,-0.55234800000001,-0.4869666000000101,SIN NF,2.8
24/08/2020,0+950,PE 6,,8580.97,6.7,-0.384994800000006,-0.31805670000000597,SIN NF,1.5
30/08/2020,0+950,PE 6,,8581.23,6.6,-0.392139600000012,-0.32468260000001203,SIN NF,0.0
07/09/2020,0+950,PE 6,,8583.09,6.7,-0.443252400000028,-0.376314300000028,SIN NF,0.0
12/09/2020,0+950,PE 6,,8589.38,6.6,-0.616101600000002,-0.548644600000002,SIN NF,1.0
21/09/2020,0+950,PE 6,,8585.2,6.7,-0.501235200000044,-0.434297100000044,SIN NF,0.5
25/09/2020,0+950,PE 6,114.013,8583.09,6.8,-0.443252400000028,-0.376833200000028,SIN NF,0.0
21/10/2020,0+950,PE 6,114.423,8581.83,7.6,-0.408627600000022,-0.346359600000022,SIN NF,0.8
31/10/2020,0+950,PE 6,,8581.63,8.0,-0.403131600000002,-0.342939200000002,SIN NF,1.8
02/11/2020,0+950,PE 6,,8581.42,8.1,-0.39736080000002605,-0.337687300000026,SIN NF,0.0
22/11/2020,0+950,PE 6,114.872,8587.51,9.3,-0.56471400000003,-0.51126730000003,SIN NF,0.0
05/12/2020,0+950,PE 6,115.677,8581.43,10.1,-0.39763560000003206,-0.348340100000032,SIN NF,0.0
24/01/2021,0+950,PE 6,116.424,8587.51,12.1,-0.56471400000003,-0.52579650000003,SIN NF,0.0
02/02/2021,0+950,PE 6,117.243,8583.09,12.5,-0.443252400000028,-0.40641050000002804,SIN NF,0.0
12/02/2021,0+950,PE 6,117.266,8582.68,12.8,-0.43198560000003206,-0.39670040000003204,SIN NF,14.8
19/02/2021,0+950,PE 6,117.468,8582.48,13.2,-0.426489600000012,-0.393280000000012,SIN NF,0.0
27/02/2021,0+950,PE 6,117.468,8581.03,13.5,-0.386643600000042,-0.354990700000042,SIN NF,1.8
03/03/2021,0+950,PE 6,117.657,8579.91,13.6,-0.35586600000002006,-0.32473200000002,SIN NF,0.0
16/03/2021,0+950,PE 6,117.843,8576.6,13.8,-0.26490720000003404,-0.234811000000034,SIN NF,0.0
29/03/2021,0+950,PE 6,117.972,8582.68,13.8,-0.43198560000003206,-0.40188940000003204,SIN NF,0.0
05/04/2021,0+950,PE 6,117.866,8579.97,13.8,-0.357514800000006,-0.327418600000006,SIN NF,0.0
13/04/2021,0+950,PE 6,117.793,8583.94,13.7,-0.466610400000038,-0.43599530000003794,SIN NF,0.0
20/04/2021,0+950,PE 6,117.824,8578.71,13.5,-0.32289,-0.2912371,SIN NF,0.0
26/04/2021,0+950,PE 6,117.721,8581.34,13.4,-0.395162400000028,-0.36299060000002803,SIN NF,0.0
05/05/2021,0+950,PE 6,117.721,8577.46,13.1,-0.28854,-0.2548115,SIN NF,0.0
15/05/2021,0+950,PE 6,117.505,8580.97,12.7,-0.384994800000006,-0.34919070000000596,SIN NF,0.0
26/05/2021,0+950,PE 6,117.394,8585.0,12.2,-0.49573920000002397,-0.45734060000002397,SIN NF,0.0
07/06/2021,0+950,PE 6,116.853,8586.86,11.5,-0.54685200000004,-0.50482110000004,SIN NF,0.0
28/06/2021,0+950,PE 6,116.552,8579.72,10.2,-0.350644800000006,-0.30186820000000597,SIN NF,0.0
16/07/2021,0+950,PE 6,116.446,8584.34,9.2,-0.477602400000028,-0.423636800000028,SIN NF,2.1
13/08/2021,0+950,PE 6,115.936,8584.14,8.3,-0.47210640000000803,-0.413470700000008,SIN NF,0.5
21/08/2021,0+950,PE 6,,8580.77,8.3,-0.379498800000036,-0.320863100000036,SIN NF,17.5
28/08/2021,0+950,PE 6,115.14,8585.4,8.2,-0.506731200000014,-0.44757660000001404,SIN NF,3.4000000000000004
16/09/2021,0+950,PE 6,115.019,8586.25,8.0,-0.530089200000024,-0.469896800000024,SIN NF,0.8
27/09/2021,0+950,PE 6,114.781,8585.0,8.1,-0.49573920000002397,-0.436065700000024,SIN NF,17.6
09/10/2021,0+950,PE 6,114.888,8585.2,8.3,-0.501235200000044,-0.442599500000044,SIN NF,0.0
18/10/2021,0+950,PE 6,114.651,8585.6,8.5,-0.512227200000034,-0.454629300000034,SIN NF,0.0
31/10/2021,0+950,PE 6,114.736,8578.26,8.9,-0.31052400000003,-0.25500170000003,SIN NF,0.3
02/11/2021,0+950,PE 6,115.046,8584.54,9.0,-0.48309840000004806,-0.4280950000000481,SIN NF,0.0
09/11/2021,0+950,PE 6,115.629,8583.74,9.2,-0.46111440000001797,-0.40714880000001796,SIN NF,2.8
17/11/2021,0+950,PE 6,115.744,8585.8,9.6,-0.517723200000004,-0.465833200000004,SIN NF,0.0
23/11/2021,0+950,PE 6,115.871,8587.06,9.9,-0.55234800000001,-0.50201470000001,SIN NF,0.0
30/11/2021,0+950,PE 6,115.981,8585.8,10.3,-0.517723200000004,-0.4694655000000041,SIN NF,0.6
03/12/2021,0+950,PE 6,116.068,8581.43,10.4,-0.39763560000003206,-0.34989680000003204,SIN NF,
11/12/2021,0+950,PE 6,,8581.43,10.6,-0.39763560000003206,-0.35093460000003207,SIN NF,
19/01/2022,0+950,PE 6,117.333,8578.91,12.6,-0.32838600000002,-0.29206300000002,SIN NF,6.1
27/01/2022,0+950,PE 6,,8582.83,12.9,-0.436107600000022,-0.40134130000002205,SIN NF,
11/02/2022,0+950,PE 6,117.602,8582.48,13.3,-0.426489600000012,-0.393798900000012,SIN NF,1.8
02/03/2022,0+950,PE 6,117.164,8586.66,13.7,-0.54135600000002,-0.5107409000000199,SIN NF,21.1
09/03/2022,0+950,PE 6,117.109,8586.66,13.7,-0.54135600000002,-0.5107409000000199,SIN NF,
18/03/2022,0+950,PE 6,117.075,8578.46,13.7,-0.31602,-0.2854049,SIN NF,
25/03/2022,0+950,PE 6,117.031,8588.77,13.6,-0.599338800000036,-0.568204800000036,SIN NF,
03/04/2022,0+950,PE 6,117.031,8586.0,13.4,-0.5232192000000241,-0.491047400000024,SIN NF,22.4
10/04/2022,0+950,PE 6,116.875,8582.68,13.3,-0.43198560000003206,-0.399294900000032,SIN NF,
17/04/2022,0+950,PE 6,116.697,8584.14,13.0,-0.47210640000000803,-0.43785900000000805,SIN NF,0.0
25/04/2022,0+950,PE 6,,8590.43,12.8,-0.644955600000032,-0.609670400000032,SIN NF,
30/04/2022,0+950,PE 6,116.404,8582.23,12.7,-0.41961960000001197,-0.38381550000001197,SIN NF,12.3
09/05/2022,0+950,PE 6,116.254,8586.66,12.3,-0.54135600000002,-0.50347630000002,SIN NF,9.8
17/05/2022,0+950,PE 6,116.171,8579.31,11.9,-0.33937800000001,-0.29942270000001003,SIN NF,
23/05/2022,0+950,PE 6,116.171,8587.51,11.6,-0.56471400000003,-0.52320200000003,SIN NF,
30/05/2022,0+950,PE 6,115.942,8579.97,11.2,-0.357514800000006,-0.313927200000006,SIN NF,0.0
09/06/2022,0+950,PE 6,115.747,8580.37,10.7,-0.368506800000046,-0.3223247000000459,SIN NF,
16/06/2022,0+950,PE 6,115.555,8588.12,10.3,-0.581476800000046,-0.533219100000046,SIN NF,2.5
23/06/2022,0+950,PE 6,115.387,8580.77,10.0,-0.379498800000036,-0.329684400000036,SIN NF,
01/07/2022,0+950,PE 6,115.304,8587.26,9.6,-0.55784400000003,-0.50595400000003,SIN NF,4.2
09/07/2022,0+950,PE 6,115.108,8588.17,9.3,-0.582850800000026,-0.5294041000000259,SIN NF,
17/07/2022,0+950,PE 6,,8588.32,8.8,-0.586972800000016,-0.530931600000016,SIN NF,1.0
28/07/2022,0+950,PE 6,114.667,8586.46,8.1,-0.53586,-0.47618649999999996,SIN NF,0.3
05/08/2022,0+950,PE 6,114.191,8582.23,7.7,-0.41961960000001197,-0.35787050000001197,SIN NF,
13/08/2022,0+950,PE 6,114.139,8591.0,7.4,-0.660619200000024,-0.5973134000000241,SIN NF,3.1
19/08/2022,0+950,PE 6,114.136,8586.86,7.2,-0.54685200000004,-0.48250840000004,SIN NF,8.6
29/08/2022,0+950,PE 6,,8584.14,7.1,-0.47210640000000803,-0.40724390000000804,SIN NF,
01/03/2023,0+950,PE 6,116.755,8587.96,13.9,-0.57708,-0.5475027,SIN NF,23.5
10/03/2023,0+950,PE 6,,8588.32,13.9,-0.586972800000016,-0.557395500000016,SIN NF,
18/03/2023,0+950,PE 6,116.743,8581.83,13.8,-0.408627600000022,-0.378531400000022,SIN NF,
26/03/2023,0+950,PE 6,116.526,8584.54,13.7,-0.48309840000004806,-0.45248330000004805,SIN NF,
02/04/2023,0+950,PE 6,116.536,8583.09,13.6,-0.443252400000028,-0.41211840000002803,SIN NF,1.6
09/04/2023,0+950,PE 6,116.374,8585.4,13.4,-0.506731200000014,-0.474559400000014,SIN NF,
15/04/2023,0+950,PE 6,116.266,8581.23,13.3,-0.392139600000012,-0.359448900000012,SIN NF,
23/04/2023,0+950,PE 6,116.266,8584.54,13.0,-0.48309840000004806,-0.4488510000000481,SIN NF,6.5
09/05/2023,0+950,PE 6,115.969,8577.86,12.5,-0.29953200000004,-0.26269010000004,SIN NF,
27/05/2023,0+950,PE 6,115.73,8580.99,12.5,-0.385544400000018,-0.348702500000018,SIN NF,13.8
07/06/2023,0+950,PE 6,115.647,8587.26,11.3,-0.55784400000003,-0.51477530000003,SIN NF,
14/06/2023,0+950,PE 6,,8582.68,11.0,-0.43198560000003206,-0.387360200000032,SIN NF,
23/06/2023,0+950,PE 6,115.565,8587.06,11.0,-0.55234800000001,-0.50772260000001,SIN NF,
30/06/2023,0+950,PE 6,115.354,8584.34,10.2,-0.477602400000028,-0.42882580000002807,SIN NF,25.4
08/07/2023,0+950,PE 6,115.156,8579.72,9.8,-0.350644800000006,-0.299792600000006,SIN NF,
14/07/2023,0+950,PE 6,115.008,8581.83,9.4,-0.408627600000022,-0.355699800000022,SIN NF,
29/07/2023,0+950,PE 6,114.831,8594.61,9.4,-0.75982200000004,-0.70689420000004,SIN NF,
06/08/2023,0+950,PE 6,114.831,8580.77,8.2,-0.379498800000036,-0.320344200000036,SIN NF,
14/08/2023,0+950,PE 6,114.629,8588.12,7.8,-0.581476800000046,-0.520246600000046,SIN NF,
23/08/2023,0+950,PE 6,114.391,8587.26,7.6,-0.55784400000003,-0.49557600000002994,SIN NF,3.8
04/09/2023,0+950,PE 6,114.309,8578.71,7.3,-0.32289,-0.2590653,SIN NF,
09/09/2023,0+950,PE 6,114.221,8586.8,7.2,-0.5452032000000041,-0.4808596000000041,SIN NF,
15/09/2023,0+950,PE 6,114.221,8590.63,7.2,-0.650451600000002,-0.5861080000000021,SIN NF,
24/09/2023,0+950,PE 6,114.131,8581.43,7.2,-0.39763560000003206,-0.33329200000003206,SIN NF,22.1
01/10/2023,0+950,PE 6,114.069,8586.86,7.3,-0.54685200000004,-0.48302730000004,SIN NF,
09/10/2023,0+950,PE 6,114.1,8588.97,7.4,-0.604834800000006,-0.541529000000006,SIN NF,
16/10/2023,0+950,PE 6,114.18,8581.63,7.6,-0.403131600000002,-0.340863600000002,SIN NF,0.8
29/10/2023,0+950,PE 6,114.254,8589.58,8.0,-0.6215976000000221,-0.561405200000022,SIN NF,5.6
03/11/2023,0+950,PE 6,114.306,8584.34,8.2,-0.477602400000028,-0.418447800000028,SIN NF,
10/11/2023,0+950,PE 6,114.306,8590.84,8.5,-0.6562224000000281,-0.5986245000000281,SIN NF,
17/11/2023,0+950,PE 6,114.328,8593.56,8.8,-0.73096800000001,-0.67492680000001,SIN NF,5.5
27/01/2019,0+950,PE 7,,8904.72,12.7,-0.32527999999999613,-0.3148123999999961,SIN NF,
08/02/2019,0+950,PE 7,,8998.02,21.9,-2.8210550000000256,-2.8846658000000254,SIN NF,
25/03/2019,0+950,PE 7,,8903.6,12.6,-0.29532000000002334,-0.28404720000002337,SIN NF,
31/03/2019,0+950,PE 7,,9008.56,13.8,-3.1029999999999998,-3.1013896,SIN NF,
07/04/2019,0+950,PE 7,,8908.01,12.6,-0.41328750000001946,-0.40201470000001943,SIN NF,
11/04/2019,0+950,PE 7,,8907.59,12.5,-0.40205250000001747,-0.3899745000000175,SIN NF,
15/04/2019,0+950,PE 7,,8912.69,12.5,-0.5384775000000273,-0.5263995000000273,SIN NF,
19/04/2019,0+950,PE 7,,8910.46,12.0,-0.4788249999999903,-0.4627209999999903,SIN NF,
26/04/2019,0+950,PE 7,,8912.69,12.5,-0.5384775000000273,-0.5263995000000273,SIN NF,
29/04/2019,0+950,PE 7,,8910.67,12.4,-0.48444250000001554,-0.47155930000001556,SIN NF,
03/05/2019,0+950,PE 7,117.567,8910.24,12.3,-0.4729400000000078,-0.45925160000000775,SIN NF,
07/05/2019,0+950,PE 7,117.493,8908.28,12.3,-0.42051000000003114,-0.4068216000000311,SIN NF,
11/05/2019,0+950,PE 7,,8913.81,12.3,-0.5684375,-0.5547491,SIN NF,
13/05/2019,0+950,PE 7,,8909.82,12.2,-0.4617050000000058,-0.4472114000000058,SIN NF,
16/05/2019,0+950,PE 7,,8915.57,12.2,-0.6155175000000058,-0.6010239000000058,SIN NF,
20/05/2019,0+950,PE 7,,8907.37,12.2,-0.396167500000035,-0.381673900000035,SIN NF,
24/05/2019,0+950,PE 7,117.348,8915.35,12.1,-0.6096325000000233,-0.5943337000000234,SIN NF,
27/05/2019,0+950,PE 7,,8912.27,12.1,-0.5272425000000253,-0.5119437000000253,SIN NF,
31/05/2019,0+950,PE 7,117.298,8910.46,12.1,-0.4788249999999903,-0.4635261999999903,SIN NF,
04/06/2019,0+950,PE 7,,8919.14,12.1,-0.711014999999998,-0.695716199999998,SIN NF,
08/06/2019,0+950,PE 7,,8918.92,12.0,-0.7051300000000156,-0.6890260000000156,SIN NF,
10/06/2019,0+950,PE 7,,8913.12,12.0,-0.549980000000035,-0.533876000000035,SIN NF,
14/06/2019,0+950,PE 7,,8904.72,12.0,-0.32527999999999613,-0.3091759999999961,SIN NF,
17/06/2019,0+950,PE 7,,8909.13,11.9,-0.4432474999999922,-0.4263382999999922,SIN NF,
21/06/2019,0+950,PE 7,,8917.59,11.9,-0.6695525000000175,-0.6526433000000175,SIN NF,
24/06/2019,0+950,PE 7,116.701,8916.47,11.9,-0.6395924999999961,-0.6226832999999962,SIN NF,0.5
28/06/2019,0+950,PE 7,,8911.36,11.9,-0.5029000000000292,-0.4859908000000292,SIN NF,1.3
01/07/2019,0+950,PE 7,,8916.68,11.8,-0.6452100000000214,-0.6274956000000215,SIN NF,0.5
06/07/2019,0+950,PE 7,,8909.61,11.8,-0.45608750000002923,-0.4383731000000292,SIN NF,0.3
08/07/2019,0+950,PE 7,,8910.67,11.8,-0.48444250000001554,-0.4667281000000156,SIN NF,0.0
13/07/2019,0+950,PE 7,116.354,8914.02,11.7,-0.5740550000000253,-0.5555354000000252,SIN NF,1.3
15/07/2019,0+950,PE 7,,8917.32,11.7,-0.6623300000000059,-0.6438104000000058,SIN NF,0.3
19/07/2019,0+950,PE 7,116.255,8919.14,11.7,-0.711014999999998,-0.692495399999998,SIN NF,0.3
22/07/2019,0+950,PE 7,,8912.27,11.6,-0.5272425000000253,-0.5079177000000253,SIN NF,0.0
26/07/2019,0+950,PE 7,115.983,8912.27,11.6,-0.5272425000000253,-0.5079177000000253,SIN NF,0.0
29/07/2019,0+950,PE 7,115.915,8911.57,11.6,-0.5085175000000058,-0.4891927000000058,SIN NF,1.3
02/08/2019,0+950,PE 7,115.862,8908.7,11.6,-0.4317450000000331,-0.4124202000000331,SIN NF,1.5
05/08/2019,0+950,PE 7,,8914.66,11.5,-0.5911750000000098,-0.5710450000000098,SIN NF,0.0
09/08/2019,0+950,PE 7,,8908.7,11.6,-0.4317450000000331,-0.4124202000000331,SIN NF,0.0
12/08/2019,0+950,PE 7,115.68,8903.39,11.5,-0.2897024999999981,-0.26957249999999805,SIN NF,0.0
16/08/2019,0+950,PE 7,,8910.03,11.4,-0.4673225000000311,-0.4463873000000311,SIN NF,0.0
19/08/2019,0+950,PE 7,,8904.93,11.4,-0.33089750000002144,-0.30996230000002145,SIN NF,0.0
23/08/2019,0+950,PE 7,115.507,8910.94,11.4,-0.4916650000000272,-0.4707298000000272,SIN NF,1.5
26/08/2019,0+950,PE 7,,8914.66,11.3,-0.5911750000000098,-0.5694346000000098,SIN NF,0.8
30/08/2019,0+950,PE 7,115.318,8911.36,11.3,-0.5029000000000292,-0.48115960000002916,SIN NF,0.0
03/09/2019,0+950,PE 7,115.167,8903.81,11.3,-0.30093749999999997,-0.2791971,SIN NF,0.3
07/09/2019,0+950,PE 7,,8908.7,11.3,-0.4317450000000331,-0.4100046000000331,SIN NF,0.0
11/09/2019,0+950,PE 7,,8914.02,11.2,-0.5740550000000253,-0.5515094000000254,SIN NF,0.0
15/09/2019,0+950,PE 7,,8911.36,11.2,-0.5029000000000292,-0.4803544000000292,SIN NF,0.3
20/09/2019,0+950,PE 7,,8917.8,11.1,-0.6751699999999942,-0.651819199999994,SIN NF,18.8
27/09/2019,0+950,PE 7,,8914.02,11.1,-0.5740550000000253,-0.5507042000000253,SIN NF,0.0
30/09/2019,0+950,PE 7,,8914.81,11.1,-0.5951875,-0.5718367,SIN NF,0.0
04/10/2019,0+950,PE 7,114.958,8911.79,11.0,-0.514402500000037,-0.49024650000003694,SIN NF,0.0
08/10/2019,0+950,PE 7,,8912.69,11.0,-0.5384775000000273,-0.5143215000000273,SIN NF,0.0
12/10/2019,0+950,PE 7,,8911.79,10.9,-0.514402500000037,-0.489441300000037,SIN NF,0.3
17/10/2019,0+950,PE 7,,8911.79,10.9,-0.514402500000037,-0.489441300000037,SIN NF,0.0
21/10/2019,0+950,PE 7,,8909.82,10.9,-0.4617050000000058,-0.43674380000000584,SIN NF,0.0
24/10/2019,0+950,PE 7,,8913.81,10.9,-0.5684375,-0.5434763,SIN NF,0.0
28/10/2019,0+950,PE 7,,8915.99,10.8,-0.6267525000000077,-0.6009861000000077,SIN NF,0.0
01/11/2019,0+950,PE 7,,8914.24,10.8,-0.5799400000000078,-0.5541736000000077,SIN NF,0.0
04/11/2019,0+950,PE 7,,8918.44,10.0,-0.6922900000000273,-0.6600820000000273,SIN NF,0.0
09/11/2019,0+950,PE 7,115.173,8906.26,10.7,-0.3664750000000195,-0.33990340000001945,SIN NF,0.3
13/11/2019,0+950,PE 7,115.173,8914.02,10.7,-0.5740550000000253,-0.5474834000000253,SIN NF,0.8
17/11/2019,0+950,PE 7,,8920.68,10.7,-0.7522100000000214,-0.7256384000000213,SIN NF,10.7
20/11/2019,0+950,PE 7,,8913.81,10.6,-0.5684375,-0.5410607000000001,SIN NF,4.8
25/11/2019,0+950,PE 7,,8916.9,10.6,-0.6510950000000039,-0.6237182000000039,SIN NF,9.1
29/11/2019,0+950,PE 7,115.728,8915.35,10.6,-0.6096325000000233,-0.5822557000000234,SIN NF,1.3
03/12/2019,0+950,PE 7,115.803,8908.01,10.5,-0.41328750000001946,-0.3851055000000195,SIN NF,5.3
07/12/2019,0+950,PE 7,,8911.57,10.5,-0.5085175000000058,-0.4803355000000058,SIN NF,0.0
11/12/2019,0+950,PE 7,116.171,8912.69,10.5,-0.5384775000000273,-0.5102955000000272,SIN NF,12.2
14/12/2019,0+950,PE 7,116.31,8914.93,10.5,-0.5983975000000215,-0.5702155000000214,SIN NF,1.0
18/12/2019,0+950,PE 7,,8920.25,10.4,-0.7407075000000136,-0.7117203000000136,SIN NF,0.0
04/01/2020,0+950,PE 7,,8912.69,10.3,-0.5384775000000273,-0.5086851000000273,SIN NF,0.0
09/01/2020,0+950,PE 7,,8916.47,10.3,-0.6395924999999961,-0.6098000999999962,SIN NF,0.0
13/01/2020,0+950,PE 7,117.135,8911.57,11.7,-0.5085175000000058,-0.48999790000000576,SIN NF,1.8
17/01/2020,0+950,PE 7,,8915.14,10.2,-0.604014999999998,-0.573417399999998,SIN NF,0.0
21/01/2020,0+950,PE 7,117.311,8911.15,10.2,-0.4972825000000039,-0.4666849000000039,SIN NF,0.0
25/01/2020,0+950,PE 7,,8914.93,10.2,-0.5983975000000215,-0.5677999000000213,SIN NF,2.3
29/01/2020,0+950,PE 7,117.528,8912.27,10.2,-0.5272425000000253,-0.49664490000002526,SIN NF,1.0
02/02/2020,0+950,PE 7,,8915.78,10.1,-0.6211350000000312,-0.5897322000000311,SIN NF,0.3
06/02/2020,0+950,PE 7,117.669,8906.26,10.1,-0.3664750000000195,-0.33507220000001947,SIN NF,0.0
10/02/2020,0+950,PE 7,,8908.7,10.1,-0.4317450000000331,-0.40034220000003307,SIN NF,0.5
14/02/2020,0+950,PE 7,,8918.66,10.1,-0.6981750000000098,-0.6667722000000097,SIN NF,0.0
19/02/2020,0+950,PE 7,,8919.2,10.1,-0.712620000000033,-0.681217200000033,SIN NF,0.5
22/02/2020,0+950,PE 7,,8914.02,10.0,-0.5740550000000253,-0.5418470000000253,SIN NF,0.0
26/02/2020,0+950,PE 7,117.808,8914.45,10.0,-0.585557500000033,-0.553349500000033,SIN NF,0.0
01/03/2020,0+950,PE 7,,8912.91,10.0,-0.5443625000000096,-0.5121545000000097,SIN NF,0.0
06/03/2020,0+950,PE 7,,8918.44,10.0,-0.6922900000000273,-0.6600820000000273,SIN NF,0.3
13/03/2020,0+950,PE 7,,8913.33,9.9,-0.5555975000000116,-0.5225843000000117,SIN NF,5.6
22/03/2020,0+950,PE 7,,8905.26,9.9,-0.33972500000001943,-0.30671180000001946,SIN NF,1.0
26/03/2020,0+950,PE 7,,8912.27,9.9,-0.5272425000000253,-0.4942293000000253,SIN NF,0.0
01/04/2020,0+950,PE 7,118.166,8909.61,9.9,-0.45608750000002923,-0.42307430000002916,SIN NF,12.2
10/04/2020,0+950,PE 7,118.117,8914.24,9.8,-0.5799400000000078,-0.5461216000000078,SIN NF,0.0
28/04/2020,0+950,PE 7,117.807,8911.79,9.7,-0.514402500000037,-0.479778900000037,SIN NF,1.5
07/05/2020,0+950,PE 7,117.621,8915.35,9.7,-0.6096325000000233,-0.5750089000000234,SIN NF,0.6
14/05/2020,0+950,PE 7,117.473,8914.66,9.7,-0.5911750000000098,-0.5565514000000098,SIN NF,2.5999999999999996
22/05/2020,0+950,PE 7,117.286,8914.66,9.7,-0.5911750000000098,-0.5565514000000098,SIN NF,1.3
28/05/2020,0+950,PE 7,,8907.37,9.6,-0.396167500000035,-0.360738700000035,SIN NF,0.6
06/06/2020,0+950,PE 7,117.213,8920.89,9.6,-0.7578274999999981,-0.7223986999999981,SIN NF,0.0
12/06/2020,0+950,PE 7,117.205,8919.14,9.6,-0.711014999999998,-0.6755861999999979,SIN NF,0.0
16/06/2020,0+950,PE 7,,8914.02,9.6,-0.5740550000000253,-0.5386262000000253,SIN NF,0.0
24/06/2020,0+950,PE 7,115.995,8912.27,9.6,-0.5272425000000253,-0.4918137000000253,SIN NF,0.0
03/07/2020,0+950,PE 7,,8908.7,9.6,-0.4317450000000331,-0.39631620000003304,SIN NF,0.0
10/07/2020,0+950,PE 7,115.826,8920.47,9.6,-0.7465924999999961,-0.7111636999999961,SIN NF,0.6
21/07/2020,0+950,PE 7,115.69,8903.17,9.6,-0.2838175000000156,-0.2483887000000156,SIN NF,12.0
28/07/2020,0+950,PE 7,115.268,8910.03,9.6,-0.4673225000000311,-0.4318937000000311,SIN NF,0.0
03/08/2020,0+950,PE 7,,8916.68,9.6,-0.6452100000000214,-0.6097812000000213,SIN NF,0.0
14/08/2020,0+950,PE 7,,8918.44,9.6,-0.6922900000000273,-0.6568612000000272,SIN NF,2.8
24/08/2020,0+950,PE 7,,8910.24,9.6,-0.4729400000000078,-0.43751120000000776,SIN NF,1.5
30/08/2020,0+950,PE 7,,8910.03,9.6,-0.4673225000000311,-0.4318937000000311,SIN NF,0.0
07/09/2020,0+950,PE 7,,8914.93,9.6,-0.5983975000000215,-0.5629687000000214,SIN NF,0.0
12/09/2020,0+950,PE 7,,8921.38,9.6,-0.7709349999999923,-0.7355061999999922,SIN NF,1.0
21/09/2020,0+950,PE 7,,8917.11,9.5,-0.6567125000000291,-0.6204785000000291,SIN NF,0.5
25/09/2020,0+950,PE 7,114.013,8913.33,9.6,-0.5555975000000116,-0.5201687000000116,SIN NF,0.0
21/10/2020,0+950,PE 7,114.423,8913.33,9.6,-0.5555975000000116,-0.5201687000000116,SIN NF,0.8
31/10/2020,0+950,PE 7,,8911.79,9.6,-0.514402500000037,-0.4789737000000369,SIN NF,1.8
02/11/2020,0+950,PE 7,,8911.43,9.6,-0.5047725000000214,-0.46934370000002135,SIN NF,0.0
22/11/2020,0+950,PE 7,114.872,8919.35,9.5,-0.7166325000000233,-0.6803985000000233,SIN NF,0.0
05/12/2020,0+950,PE 7,115.677,8912.0,9.5,-0.5200200000000137,-0.48378600000001365,SIN NF,0.0
24/01/2021,0+950,PE 7,116.424,8920.68,9.5,-0.7522100000000214,-0.7159760000000214,SIN NF,0.0
02/02/2021,0+950,PE 7,117.243,8914.24,9.4,-0.5799400000000078,-0.5429008000000078,SIN NF,0.0
12/02/2021,0+950,PE 7,117.266,8915.14,9.5,-0.604014999999998,-0.567780999999998,SIN NF,14.8
19/02/2021,0+950,PE 7,117.468,8915.14,9.5,-0.604014999999998,-0.567780999999998,SIN NF,0.0
27/02/2021,0+950,PE 7,117.468,8914.93,9.5,-0.5983975000000215,-0.5621635000000214,SIN NF,1.8
03/03/2021,0+950,PE 7,117.657,8910.24,9.5,-0.4729400000000078,-0.4367060000000078,SIN NF,0.0
16/03/2021,0+950,PE 7,117.843,8905.28,9.5,-0.34026000000003115,-0.3040260000000311,SIN NF,0.0
29/03/2021,0+950,PE 7,117.972,8914.93,9.5,-0.5983975000000215,-0.5621635000000214,SIN NF,0.0
05/04/2021,0+950,PE 7,117.866,8910.94,9.5,-0.4916650000000272,-0.45543100000002723,SIN NF,0.0
13/04/2021,0+950,PE 7,117.793,8915.35,9.5,-0.6096325000000233,-0.5733985000000233,SIN NF,0.0
20/04/2021,0+950,PE 7,117.824,8910.46,9.5,-0.4788249999999903,-0.4425909999999903,SIN NF,0.0
26/04/2021,0+950,PE 7,117.721,8917.11,9.5,-0.6567125000000291,-0.6204785000000291,SIN NF,0.0
05/05/2021,0+950,PE 7,117.721,8908.01,9.5,-0.41328750000001946,-0.37705350000001947,SIN NF,0.0
15/05/2021,0+950,PE 7,117.505,8911.57,9.4,-0.5085175000000058,-0.47147830000000585,SIN NF,0.0
26/05/2021,0+950,PE 7,117.394,8916.26,9.5,-0.6339750000000194,-0.5977410000000194,SIN NF,0.0
07/06/2021,0+950,PE 7,116.853,8919.14,9.5,-0.711014999999998,-0.674780999999998,SIN NF,0.0
28/06/2021,0+950,PE 7,116.552,8910.03,9.5,-0.4673225000000311,-0.43108850000003107,SIN NF,0.0
16/07/2021,0+950,PE 7,116.446,8915.35,9.5,-0.6096325000000233,-0.5733985000000233,SIN NF,2.1
13/08/2021,0+950,PE 7,115.936,8915.78,9.5,-0.6211350000000312,-0.5849010000000311,SIN NF,0.5
21/08/2021,0+950,PE 7,,8911.57,9.5,-0.5085175000000058,-0.4722835000000058,SIN NF,17.5
28/08/2021,0+950,PE 7,115.14,8916.47,9.5,-0.6395924999999961,-0.6033584999999961,SIN NF,3.4000000000000004
16/09/2021,0+950,PE 7,115.019,8917.32,9.5,-0.6623300000000059,-0.6260960000000059,SIN NF,0.8
27/09/2021,0+950,PE 7,114.781,8914.93,9.5,-0.5983975000000215,-0.5621635000000214,SIN NF,17.6
09/10/2021,0+950,PE 7,114.888,8917.11,9.5,-0.6567125000000291,-0.6204785000000291,SIN NF,0.0
18/10/2021,0+950,PE 7,114.651,8915.57,9.5,-0.6155175000000058,-0.5792835000000058,SIN NF,0.0
31/10/2021,0+950,PE 7,114.736,8909.13,9.5,-0.4432474999999922,-0.4070134999999922,SIN NF,0.3
02/11/2021,0+950,PE 7,115.046,8916.47,9.5,-0.6395924999999961,-0.6033584999999961,SIN NF,0.0
09/11/2021,0+950,PE 7,115.629,8914.93,9.5,-0.5983975000000215,-0.5621635000000214,SIN NF,2.8
17/11/2021,0+950,PE 7,115.744,8917.8,9.5,-0.6751699999999942,-0.6389359999999942,SIN NF,0.0
23/11/2021,0+950,PE 7,115.871,8919.14,9.3,-0.711014999999998,-0.673170599999998,SIN NF,0.0
30/11/2021,0+950,PE 7,115.981,8916.26,9.5,-0.6339750000000194,-0.5977410000000194,SIN NF,0.6
03/12/2021,0+950,PE 7,116.068,8912.0,9.5,-0.5200200000000137,-0.48378600000001365,SIN NF,
11/12/2021,0+950,PE 7,,8913.6,9.5,-0.5628200000000233,-0.5265860000000233,SIN NF,
19/01/2022,0+950,PE 7,117.333,8910.03,9.5,-0.4673225000000311,-0.43108850000003107,SIN NF,6.1
27/01/2022,0+950,PE 7,,8913.33,9.5,-0.5555975000000116,-0.5193635000000116,SIN NF,
11/02/2022,0+950,PE 7,117.602,8912.69,9.5,-0.5384775000000273,-0.5022435000000273,SIN NF,1.8
02/03/2022,0+950,PE 7,117.164,8918.02,9.5,-0.6810550000000253,-0.6448210000000253,SIN NF,21.1
09/03/2022,0+950,PE 7,117.109,8916.68,9.5,-0.6452100000000214,-0.6089760000000214,SIN NF,
18/03/2022,0+950,PE 7,117.075,8910.03,9.5,-0.4673225000000311,-0.43108850000003107,SIN NF,
25/03/2022,0+950,PE 7,117.031,8921.59,9.5,-0.7765525000000175,-0.7403185000000175,SIN NF,
03/04/2022,0+950,PE 7,117.031,8918.44,9.5,-0.6922900000000273,-0.6560560000000273,SIN NF,22.4
10/04/2022,0+950,PE 7,116.875,8914.24,9.5,-0.5799400000000078,-0.5437060000000078,SIN NF,
17/04/2022,0+950,PE 7,116.697,8916.9,9.5,-0.6510950000000039,-0.6148610000000039,SIN NF,0.0
25/04/2022,0+950,PE 7,,8922.01,9.5,-0.7877875000000194,-0.7515535000000194,SIN NF,
30/04/2022,0+950,PE 7,116.404,8912.48,9.5,-0.5328600000000019,-0.4966260000000019,SIN NF,12.3
09/05/2022,0+950,PE 7,116.254,8915.78,9.5,-0.6211350000000312,-0.5849010000000311,SIN NF,9.8
17/05/2022,0+950,PE 7,116.171,8910.94,9.5,-0.4916650000000272,-0.45543100000002723,SIN NF,
23/05/2022,0+950,PE 7,116.171,8919.35,9.5,-0.7166325000000233,-0.6803985000000233,SIN NF,
30/05/2022,0+950,PE 7,115.942,8910.67,9.5,-0.48444250000001554,-0.44820850000001555,SIN NF,0.0
09/06/2022,0+950,PE 7,115.747,8910.44,9.5,-0.4782900000000272,-0.4420560000000272,SIN NF,
16/06/2022,0+950,PE 7,115.555,8920.25,9.5,-0.7407075000000136,-0.7044735000000136,SIN NF,2.5
23/06/2022,0+950,PE 7,115.387,8909.82,9.5,-0.4617050000000058,-0.4254710000000058,SIN NF,
01/07/2022,0+950,PE 7,115.304,8917.8,9.5,-0.6751699999999942,-0.6389359999999942,SIN NF,4.2
09/07/2022,0+950,PE 7,115.108,8921.32,9.5,-0.7693300000000058,-0.7330960000000059,SIN NF,
17/07/2022,0+950,PE 7,,8920.89,9.5,-0.7578274999999981,-0.7215934999999981,SIN NF,1.0
28/07/2022,0+950,PE 7,114.667,8918.23,9.5,-0.686672500000002,-0.6504385000000019,SIN NF,0.3
05/08/2022,0+950,PE 7,114.191,8910.03,9.5,-0.4673225000000311,-0.43108850000003107,SIN NF,
13/08/2022,0+950,PE 7,114.139,8924.25,9.5,-0.8477075000000136,-0.8114735000000137,SIN NF,3.1
19/08/2022,0+950,PE 7,114.136,8917.11,9.5,-0.6567125000000291,-0.6204785000000291,SIN NF,8.6
29/08/2022,0+950,PE 7,,8915.57,9.5,-0.6155175000000058,-0.5792835000000058,SIN NF,
01/03/2023,0+950,PE 7,116.755,8915.35,9.5,-0.6096325000000233,-0.5733985000000233,SIN NF,23.5
10/03/2023,0+950,PE 7,,8920.89,9.5,-0.7578274999999981,-0.7215934999999981,SIN NF,
18/03/2023,0+950,PE 7,116.743,8912.91,9.5,-0.5443625000000096,-0.5081285000000096,SIN NF,
26/03/2023,0+950,PE 7,116.526,8915.78,9.5,-0.6211350000000312,-0.5849010000000311,SIN NF,1.6
02/04/2023,0+950,PE 7,116.536,8914.45,9.5,-0.585557500000033,-0.549323500000033,SIN NF,
09/04/2023,0+950,PE 7,116.374,8914.02,9.5,-0.5740550000000253,-0.5378210000000253,SIN NF,
15/04/2023,0+950,PE 7,116.266,8911.79,9.5,-0.514402500000037,-0.47816850000003697,SIN NF,
23/04/2023,0+950,PE 7,116.266,8915.57,9.5,-0.6155175000000058,-0.5792835000000058,SIN NF,6.5
09/05/2023,0+950,PE 7,115.969,8910.03,9.5,-0.4673225000000311,-0.43108850000003107,SIN NF,
27/05/2023,0+950,PE 7,115.73,8911.75,9.5,-0.5133325000000136,-0.47709850000001364,SIN NF,13.8
07/06/2023,0+950,PE 7,115.647,8919.56,9.5,-0.72225,-0.686016,SIN NF,
14/06/2023,0+950,PE 7,,8915.14,9.5,-0.604014999999998,-0.567780999999998,SIN NF,
23/06/2023,0+950,PE 7,115.565,8919.14,9.5,-0.711014999999998,-0.674780999999998,SIN NF,
30/06/2023,0+950,PE 7,115.354,8916.26,9.6,-0.6339750000000194,-0.5985462000000193,SIN NF,25.4
08/07/2023,0+950,PE 7,115.156,8911.57,9.6,-0.5085175000000058,-0.47308870000000575,SIN NF,
14/07/2023,0+950,PE 7,115.008,8913.6,9.5,-0.5628200000000233,-0.5265860000000233,SIN NF,
29/07/2023,0+950,PE 7,114.831,8927.13,9.6,-0.9247474999999922,-0.8893186999999922,SIN NF,
06/08/2023,0+950,PE 7,114.831,8912.48,9.6,-0.5328600000000019,-0.4974312000000019,SIN NF,
14/08/2023,0+950,PE 7,114.629,8920.25,9.6,-0.7407075000000136,-0.7052787000000136,SIN NF,
23/08/2023,0+950,PE 7,114.391,8918.14,9.6,-0.684264999999998,-0.648836199999998,SIN NF,3.8
04/09/2023,0+950,PE 7,114.309,8910.24,9.6,-0.4729400000000078,-0.43751120000000776,SIN NF,
09/09/2023,0+950,PE 7,114.221,8917.59,9.6,-0.6695525000000175,-0.6341237000000175,SIN NF,
15/09/2023,0+950,PE 7,114.221,8923.56,9.6,-0.8292499999999999,-0.7938212,SIN NF,
24/09/2023,0+950,PE 7,114.131,8912.91,9.6,-0.5443625000000096,-0.5089337000000096,SIN NF,22.1
01/10/2023,0+950,PE 7,114.069,8918.44,9.6,-0.6922900000000273,-0.6568612000000272,SIN NF,
09/10/2023,0+950,PE 7,114.1,8920.68,9.6,-0.7522100000000214,-0.7167812000000213,SIN NF,
16/10/2023,0+950,PE 7,114.18,8912.91,9.6,-0.5443625000000096,-0.5089337000000096,SIN NF,0.8
29/10/2023,0+950,PE 7,114.254,8921.32,9.6,-0.7693300000000058,-0.7339012000000058,SIN NF,5.6
03/11/2023,0+950,PE 7,114.306,8915.99,9.6,-0.6267525000000077,-0.5913237000000077,SIN NF,
10/11/2023,0+950,PE 7,114.306,8922.92,9.6,-0.8121300000000156,-0.7767012000000155,SIN NF,
17/11/2023,0+950,PE 7,114.328,8925.8,9.6,-0.8891699999999941,-0.8537411999999942,SIN NF,5.5
27/01/2019,0+950,PE 8,,8952.74,13.4,0.02468829999999605,0.03536829999999604,121.0246883,
08/02/2019,0+950,PE 8,,8963.68,14.3,-0.2721139000000177,-0.26744140000001776,SIN NF,
25/03/2019,0+950,PE 8,,8951.61,13.3,0.05534519999997433,0.06669269999997432,121.05534519999998,
31/03/2019,0+950,PE 8,,8958.53,13.3,-0.13239440000002764,-0.12104690000002763,SIN NF,
07/04/2019,0+950,PE 8,,8908.01,12.3,1.2382131999999841,1.256235699999984,122.23821319999999,
11/04/2019,0+950,PE 8,,8955.42,13.2,-0.04802010000001184,-0.03600510000001184,SIN NF,
15/04/2019,0+950,PE 8,,8960.08,13.2,-0.17444590000000787,-0.16243090000000787,SIN NF,
19/04/2019,0+950,PE 8,,8958.1,13.2,-0.12072850000001974,-0.10871350000001972,SIN NF,
26/04/2019,0+950,PE 8,,8960.08,13.2,-0.17444590000000787,-0.16243090000000787,SIN NF,
29/04/2019,0+950,PE 8,,8958.31,13.1,-0.12642579999999604,-0.11374329999999602,SIN NF,
03/05/2019,0+950,PE 8,117.567,8958.1,13.1,-0.12072850000001974,-0.10804600000001974,SIN NF,
07/05/2019,0+950,PE 8,117.493,8956.06,13.1,-0.06538329999999605,-0.052700799999996044,SIN NF,
11/05/2019,0+950,PE 8,,8961.69,13.1,-0.21812520000002367,-0.20544270000002365,SIN NF,
13/05/2019,0+950,PE 8,,8957.88,13.1,-0.11475989999998815,-0.10207739999998815,SIN NF,
16/05/2019,0+950,PE 8,,8963.68,13.0,-0.2721139000000177,-0.25876390000001775,SIN NF,
20/05/2019,0+950,PE 8,,8955.42,13.0,-0.04802010000001184,-0.03467010000001185,SIN NF,
24/05/2019,0+950,PE 8,117.348,8963.25,13.0,-0.26044800000000984,-0.24709800000000987,SIN NF,
27/05/2019,0+950,PE 8,,8960.35,13.0,-0.18177100000001972,-0.16842100000001972,SIN NF,
31/05/2019,0+950,PE 8,117.298,8958.31,12.9,-0.12642579999999604,-0.11240829999999605,SIN NF,
04/06/2019,0+950,PE 8,,8967.06,12.9,-0.363813299999996,-0.349795799999996,SIN NF,
08/06/2019,0+950,PE 8,,8966.79,12.9,-0.35648820000003356,-0.34247070000003355,SIN NF,
10/06/2019,0+950,PE 8,,8961.0,12.9,-0.19940550000000987,-0.18538800000000988,SIN NF,
14/06/2019,0+950,PE 8,,8952.95,12.9,0.01899099999997039,0.03300849999997038,121.01899099999997,
17/06/2019,0+950,PE 8,,8957.19,12.8,-0.09604020000002368,-0.08135520000002369,SIN NF,
21/06/2019,0+950,PE 8,,8965.45,12.8,-0.32013400000002956,-0.30544900000002956,SIN NF,
24/06/2019,0+950,PE 8,116.701,8964.59,12.8,-0.2968022000000138,-0.2821172000000138,SIN NF,0.5
28/06/2019,0+950,PE 8,,8959.65,12.8,-0.16278,-0.148095,SIN NF,1.3
01/07/2019,0+950,PE 8,,8965.02,12.8,-0.30846810000002167,-0.2937831000000217,SIN NF,0.5
06/07/2019,0+950,PE 8,,8958.1,12.7,-0.12072850000001974,-0.10537600000001973,SIN NF,0.3
08/07/2019,0+950,PE 8,,8959.01,12.7,-0.14541680000001578,-0.1300643000000158,SIN NF,0.0
13/07/2019,0+950,PE 8,116.354,8961.91,12.7,-0.2240938000000059,-0.20874130000000593,SIN NF,1.3
15/07/2019,0+950,PE 8,,8965.45,12.7,-0.32013400000002956,-0.30478150000002957,SIN NF,0.3
19/07/2019,0+950,PE 8,116.255,8967.49,12.6,-0.37547920000000395,-0.3594592000000039,SIN NF,0.3
22/07/2019,0+950,PE 8,,8960.78,12.6,-0.19343690000002764,-0.1774169000000276,SIN NF,0.0
26/07/2019,0+950,PE 8,115.983,8960.57,12.6,-0.18773960000000198,-0.17171960000000194,SIN NF,0.0
29/07/2019,0+950,PE 8,115.915,8960.08,12.6,-0.17444590000000787,-0.15842590000000786,SIN NF,1.3
02/08/2019,0+950,PE 8,115.862,8956.97,12.6,-0.09007159999999209,-0.0740515999999921,SIN NF,1.5
05/08/2019,0+950,PE 8,,8963.03,12.6,-0.2544794000000276,-0.2384594000000276,SIN NF,0.0
09/08/2019,0+950,PE 8,,8956.97,12.6,-0.09007159999999209,-0.0740515999999921,SIN NF,0.0
12/08/2019,0+950,PE 8,115.68,8951.61,12.5,0.05534519999997433,0.07203269999997433,121.05534519999998,0.0
16/08/2019,0+950,PE 8,,8958.74,12.5,-0.13809170000000395,-0.12140420000000395,SIN NF,0.0
19/08/2019,0+950,PE 8,,8953.38,12.5,0.007325100000011843,0.02401260000001184,121.00732510000002,0.0
23/08/2019,0+950,PE 8,115.507,8959.65,12.5,-0.16278,-0.14609250000000001,SIN NF,1.5
26/08/2019,0+950,PE 8,,8963.68,12.4,-0.2721139000000177,-0.2547589000000177,SIN NF,0.8
30/08/2019,0+950,PE 8,115.318,8960.35,12.4,-0.18177100000001972,-0.16441600000001974,SIN NF,0.0
03/09/2019,0+950,PE 8,115.167,8952.52,12.4,0.030656899999978286,0.048011899999978284,121.03065689999998,0.3
07/09/2019,0+950,PE 8,,8957.4,12.4,-0.10173749999999998,-0.08438249999999999,SIN NF,0.0
11/09/2019,0+950,PE 8,,8962.77,12.3,-0.2474256000000217,-0.2294031000000217,SIN NF,0.0
15/09/2019,0+950,PE 8,,8960.35,12.3,-0.18177100000001972,-0.16374850000001973,SIN NF,0.3
20/09/2019,0+950,PE 8,,8966.58,12.3,-0.35079090000000784,-0.33276840000000785,SIN NF,18.8
27/09/2019,0+950,PE 8,,8962.55,12.2,-0.24145699999999012,-0.22276699999999014,SIN NF,0.0
30/09/2019,0+950,PE 8,,8962.55,12.2,-0.24145699999999012,-0.22276699999999014,SIN NF,0.0
04/10/2019,0+950,PE 8,114.958,8960.57,12.2,-0.18773960000000198,-0.16904960000000196,SIN NF,0.0
08/10/2019,0+950,PE 8,,8961.42,12.2,-0.21080010000001184,-0.19211010000001183,SIN NF,0.0
12/10/2019,0+950,PE 8,,8960.78,12.2,-0.19343690000002764,-0.17474690000002763,SIN NF,0.3
17/10/2019,0+950,PE 8,,8960.57,12.1,-0.18773960000000198,-0.16838210000000195,SIN NF,0.0
21/10/2019,0+950,PE 8,,8958.74,12.1,-0.13809170000000395,-0.11873420000000394,SIN NF,0.0
24/10/2019,0+950,PE 8,,8962.55,12.1,-0.24145699999999012,-0.2220994999999901,SIN NF,0.0
28/10/2019,0+950,PE 8,,8964.81,12.1,-0.302770799999996,-0.283413299999996,SIN NF,0.0
01/11/2019,0+950,PE 8,,8963.03,12.1,-0.2544794000000276,-0.2351219000000276,SIN NF,0.0
04/11/2019,0+950,PE 8,,8967.28,12.0,-0.3697819000000276,-0.3497569000000276,SIN NF,0.0
09/11/2019,0+950,PE 8,115.173,8955.42,12.0,-0.04802010000001184,-0.027995100000011847,SIN NF,0.3
13/11/2019,0+950,PE 8,115.173,8962.55,12.0,-0.24145699999999012,-0.2214319999999901,SIN NF,0.8
17/11/2019,0+950,PE 8,,8969.75,10.6,-0.43679300000000987,-0.40742300000000986,SIN NF,10.7
20/11/2019,0+950,PE 8,,8962.55,10.0,-0.24145699999999012,-0.20808199999999014,SIN NF,4.8
29/11/2019,0+950,PE 8,115.728,8964.11,11.9,-0.2837798000000257,-0.26308730000002567,SIN NF,9.1
03/12/2019,0+950,PE 8,115.803,8956.76,11.9,-0.08437430000001578,-0.06368180000001579,SIN NF,1.3
07/12/2019,0+950,PE 8,,8960.35,11.9,-0.18177100000001972,-0.16107850000001972,SIN NF,5.3
11/12/2019,0+950,PE 8,116.171,8961.69,11.8,-0.21812520000002367,-0.19676520000002368,SIN NF,0.0
14/12/2019,0+950,PE 8,116.31,8963.68,11.8,-0.2721139000000177,-0.25075390000001774,SIN NF,12.2
18/12/2019,0+950,PE 8,,8969.05,11.8,-0.4178019999999901,-0.3964419999999902,SIN NF,1.0
04/01/2020,0+950,PE 8,,8961.42,11.7,-0.21080010000001184,-0.18877260000001184,SIN NF,0.0
09/01/2020,0+950,PE 8,,8965.45,11.7,-0.32013400000002956,-0.29810650000002953,SIN NF,0.0
13/01/2020,0+950,PE 8,117.135,8960.57,11.7,-0.18773960000000198,-0.16571210000000197,SIN NF,0.0
17/01/2020,0+950,PE 8,,8964.38,11.6,-0.2911048999999881,-0.26840989999998816,SIN NF,1.8
21/01/2020,0+950,PE 8,117.311,8960.35,11.6,-0.18177100000001972,-0.15907600000001973,SIN NF,0.0
25/01/2020,0+950,PE 8,,8963.89,11.6,-0.2778111999999941,-0.2551161999999941,SIN NF,0.0
29/01/2020,0+950,PE 8,117.528,8961.42,11.6,-0.21080010000001184,-0.18810510000001182,SIN NF,2.3
02/02/2020,0+950,PE 8,,8964.81,11.6,-0.302770799999996,-0.280075799999996,SIN NF,1.0
06/02/2020,0+950,PE 8,117.669,8955.63,11.5,-0.053717399999988154,-0.030354899999988156,SIN NF,0.3
10/02/2020,0+950,PE 8,,8957.88,11.5,-0.11475989999998815,-0.09139739999998814,SIN NF,0.0
14/02/2020,0+950,PE 8,,8967.49,11.5,-0.37547920000000395,-0.35211670000000395,SIN NF,0.5
19/02/2020,0+950,PE 8,,8967.32,11.4,-0.37086710000000195,-0.3468371000000019,SIN NF,0.0
22/02/2020,0+950,PE 8,,8963.03,11.4,-0.2544794000000276,-0.23044940000002762,SIN NF,0.5
26/02/2020,0+950,PE 8,117.808,8963.46,11.4,-0.26614529999998615,-0.24211529999998613,SIN NF,0.0
01/03/2020,0+950,PE 8,,8961.91,11.4,-0.2240938000000059,-0.2000638000000059,SIN NF,0.0
06/03/2020,0+950,PE 8,,8967.71,11.4,-0.3814477999999862,-0.35741779999998613,SIN NF,0.0
13/03/2020,0+950,PE 8,,8962.34,11.4,-0.23575970000001378,-0.21172970000001376,SIN NF,0.3
22/03/2020,0+950,PE 8,,8965.24,11.3,-0.31443670000000395,-0.2897392000000039,SIN NF,5.6
26/03/2020,0+950,PE 8,,8961.42,11.3,-0.21080010000001184,-0.18610260000001183,SIN NF,1.0
01/04/2020,0+950,PE 8,118.166,8959.23,11.3,-0.151385399999998,-0.12668789999999802,SIN NF,0.0
10/04/2020,0+950,PE 8,118.117,8963.25,11.2,-0.26044800000000984,-0.23508300000000987,SIN NF,12.2
28/04/2020,0+950,PE 8,117.807,8961.21,11.1,-0.20510279999998615,-0.17907029999998614,SIN NF,0.0
07/05/2020,0+950,PE 8,117.621,8964.59,11.1,-0.2968022000000138,-0.27076970000001377,SIN NF,1.5
14/05/2020,0+950,PE 8,117.473,8963.68,11.1,-0.2721139000000177,-0.24608140000001774,SIN NF,0.6
22/05/2020,0+950,PE 8,117.286,8963.89,11.1,-0.2778111999999941,-0.2517786999999941,SIN NF,2.5999999999999996
28/05/2020,0+950,PE 8,,8956.76,11.1,-0.08437430000001578,-0.05834180000001579,SIN NF,1.3
06/06/2020,0+950,PE 8,117.213,8969.96,11.0,-0.4424902999999861,-0.4157902999999861,SIN NF,0.6
12/06/2020,0+950,PE 8,117.205,8968.13,11.0,-0.3928423999999881,-0.3661423999999881,SIN NF,0.0
16/06/2020,0+950,PE 8,,8963.03,11.0,-0.2544794000000276,-0.22777940000002764,SIN NF,0.0
24/06/2020,0+950,PE 8,115.995,8961.42,11.0,-0.21080010000001184,-0.18410010000001184,SIN NF,0.0
03/07/2020,0+950,PE 8,,8950.1,11.0,0.09631149999998025,0.12301149999998026,121.09631149999998,0.0
10/07/2020,0+950,PE 8,115.826,8969.75,10.9,-0.43679300000000987,-0.4094255000000099,SIN NF,0.6
21/07/2020,0+950,PE 8,115.69,8952.31,10.9,0.036354200000003944,0.06372170000000395,121.0363542,12.0
28/07/2020,0+950,PE 8,115.268,8959.44,10.9,-0.15708270000002367,-0.12971520000002368,SIN NF,0.0
03/08/2020,0+950,PE 8,,8965.72,10.9,-0.3274590999999921,-0.3000915999999921,SIN NF,0.0
14/08/2020,0+950,PE 8,,8967.92,10.9,-0.3871451000000118,-0.3597776000000118,SIN NF,2.8
24/08/2020,0+950,PE 8,,8959.44,10.8,-0.15708270000002367,-0.12904770000002366,SIN NF,1.5
30/08/2020,0+950,PE 8,,8959.23,10.8,-0.151385399999998,-0.12335039999999801,SIN NF,0.0
07/09/2020,0+950,PE 8,,8963.89,10.8,-0.2778111999999941,-0.24977619999999406,SIN NF,0.0
12/09/2020,0+950,PE 8,,8970.39,10.8,-0.45415619999999407,-0.42612119999999415,SIN NF,1.0
21/09/2020,0+950,PE 8,,8966.36,10.8,-0.34482230000002567,-0.31678730000002564,SIN NF,0.5
25/09/2020,0+950,PE 8,114.013,8962.55,10.8,-0.24145699999999012,-0.21342199999999012,SIN NF,0.0
21/10/2020,0+950,PE 8,114.423,8962.55,10.7,-0.24145699999999012,-0.21275449999999008,SIN NF,0.8
31/10/2020,0+950,PE 8,,8961.42,10.7,-0.21080010000001184,-0.18209760000001185,SIN NF,1.8
02/11/2020,0+950,PE 8,,8961.42,10.7,-0.21080010000001184,-0.18209760000001185,SIN NF,0.0
22/11/2020,0+950,PE 8,114.872,8968.83,10.6,-0.41183340000000784,-0.38246340000000784,SIN NF,0.0
05/12/2020,0+950,PE 8,115.677,8961.69,10.7,-0.21812520000002367,-0.18942270000002367,SIN NF,0.0
24/01/2021,0+950,PE 8,116.424,8970.36,10.6,-0.4533423000000257,-0.42397230000002567,SIN NF,0.0
02/02/2021,0+950,PE 8,117.243,8963.68,10.6,-0.2721139000000177,-0.24274390000001775,SIN NF,0.0
12/02/2021,0+950,PE 8,117.266,8964.59,10.6,-0.2968022000000138,-0.2674322000000138,SIN NF,14.8
19/02/2021,0+950,PE 8,117.468,8965.02,10.6,-0.30846810000002167,-0.2790981000000217,SIN NF,0.0
27/02/2021,0+950,PE 8,117.468,8964.59,10.6,-0.2968022000000138,-0.2674322000000138,SIN NF,1.8
03/03/2021,0+950,PE 8,117.657,8960.08,10.6,-0.17444590000000787,-0.14507590000000786,SIN NF,0.0
16/03/2021,0+950,PE 8,117.843,8958.1,10.6,-0.12072850000001974,-0.09135850000001973,SIN NF,0.0
29/03/2021,0+950,PE 8,117.972,8964.81,10.6,-0.302770799999996,-0.273400799999996,SIN NF,0.0
05/04/2021,0+950,PE 8,117.866,8960.78,10.6,-0.19343690000002764,-0.16406690000002763,SIN NF,0.0
13/04/2021,0+950,PE 8,117.793,8964.81,10.6,-0.302770799999996,-0.273400799999996,SIN NF,0.0
20/04/2021,0+950,PE 8,117.824,8960.57,10.6,-0.18773960000000198,-0.15836960000000197,SIN NF,0.0
26/04/2021,0+950,PE 8,117.721,8967.28,10.5,-0.3697819000000276,-0.3397444000000276,SIN NF,0.0
05/05/2021,0+950,PE 8,117.721,8957.88,10.5,-0.11475989999998815,-0.08472239999998814,SIN NF,0.0
15/05/2021,0+950,PE 8,117.505,8961.42,10.5,-0.21080010000001184,-0.18076260000001185,SIN NF,0.0
26/05/2021,0+950,PE 8,117.394,8966.36,10.5,-0.34482230000002567,-0.3147848000000257,SIN NF,0.0
07/06/2021,0+950,PE 8,116.853,8969.05,10.5,-0.4178019999999901,-0.38776449999999013,SIN NF,0.0
28/06/2021,0+950,PE 8,116.552,8960.08,10.5,-0.17444590000000787,-0.1444084000000079,SIN NF,0.0
16/07/2021,0+950,PE 8,116.446,8965.24,10.5,-0.31443670000000395,-0.28439920000000396,SIN NF,2.1
13/08/2021,0+950,PE 8,115.936,8965.72,10.4,-0.3274590999999921,-0.2967540999999921,SIN NF,0.5
21/08/2021,0+950,PE 8,,8961.69,10.4,-0.21812520000002367,-0.18742020000002368,SIN NF,17.5
28/08/2021,0+950,PE 8,115.14,8966.58,10.4,-0.35079090000000784,-0.32008590000000786,SIN NF,3.4000000000000004
16/09/2021,0+950,PE 8,115.019,8967.28,10.4,-0.3697819000000276,-0.3390769000000276,SIN NF,0.8
27/09/2021,0+950,PE 8,114.781,8965.02,10.4,-0.30846810000002167,-0.2777631000000217,SIN NF,17.6
09/10/2021,0+950,PE 8,114.888,8967.06,10.4,-0.363813299999996,-0.33310829999999597,SIN NF,0.0
18/10/2021,0+950,PE 8,114.651,8965.72,10.4,-0.3274590999999921,-0.2967540999999921,SIN NF,0.0
31/10/2021,0+950,PE 8,114.736,8959.44,10.4,-0.15708270000002367,-0.12637770000002368,SIN NF,0.3
02/11/2021,0+950,PE 8,115.046,8966.36,10.4,-0.34482230000002567,-0.31411730000002563,SIN NF,0.0
09/11/2021,0+950,PE 8,115.629,8964.81,10.4,-0.302770799999996,-0.272065799999996,SIN NF,2.8
17/11/2021,0+950,PE 8,115.744,8968.13,10.3,-0.3928423999999881,-0.36146989999998813,SIN NF,0.0
23/11/2021,0+950,PE 8,115.871,8969.26,10.3,-0.42349930000001573,-0.3921268000000157,SIN NF,0.0
30/11/2021,0+950,PE 8,115.981,8966.58,10.0,-0.35079090000000784,-0.31741590000000786,SIN NF,0.6
03/12/2021,0+950,PE 8,116.068,8962.34,10.0,-0.23575970000001378,-0.2023847000000138,SIN NF,
11/12/2021,0+950,PE 8,,8963.68,10.3,-0.2721139000000177,-0.24074140000001776,SIN NF,
19/01/2022,0+950,PE 8,117.333,8960.35,10.3,-0.18177100000001972,-0.15039850000001972,SIN NF,6.1
27/01/2022,0+950,PE 8,,8963.68,10.3,-0.2721139000000177,-0.24074140000001776,SIN NF,
11/02/2022,0+950,PE 8,117.602,8963.77,10.3,-0.2745556000000217,-0.2431831000000217,SIN NF,1.8
02/03/2022,0+950,PE 8,117.164,8968.4,10.2,-0.40016749999999995,-0.36812749999999994,SIN NF,21.1
09/03/2022,0+950,PE 8,117.109,8967.06,10.2,-0.363813299999996,-0.331773299999996,SIN NF,
18/03/2022,0+950,PE 8,117.075,8960.35,10.2,-0.18177100000001972,-0.14973100000001974,SIN NF,
25/03/2022,0+950,PE 8,117.031,8971.73,10.2,-0.49051039999999796,-0.45847039999999795,SIN NF,
03/04/2022,0+950,PE 8,117.031,8968.83,10.2,-0.41183340000000784,-0.37979340000000783,SIN NF,22.4
10/04/2022,0+950,PE 8,116.875,8964.59,10.2,-0.2968022000000138,-0.26476220000001377,SIN NF,
17/04/2022,0+950,PE 8,116.697,8967.49,10.2,-0.37547920000000395,-0.3434392000000039,SIN NF,0.0
25/04/2022,0+950,PE 8,,8972.65,10.2,-0.51547,-0.48342999999999997,SIN NF,
30/04/2022,0+950,PE 8,116.404,8963.25,10.2,-0.26044800000000984,-0.22840800000000985,SIN NF,12.3
09/05/2022,0+950,PE 8,116.254,8966.36,10.2,-0.34482230000002567,-0.31278230000002566,SIN NF,9.8
17/05/2022,0+950,PE 8,116.171,8961.21,10.2,-0.20510279999998615,-0.17306279999998617,SIN NF,
23/05/2022,0+950,PE 8,116.171,8969.96,10.2,-0.4424902999999861,-0.4104502999999861,SIN NF,
30/05/2022,0+950,PE 8,115.942,8961.42,10.2,-0.21080010000001184,-0.17876010000001183,SIN NF,0.0
09/06/2022,0+950,PE 8,115.747,8961.21,10.2,-0.20510279999998615,-0.17306279999998617,SIN NF,
16/06/2022,0+950,PE 8,115.555,8970.82,10.2,-0.46582210000000196,-0.43378210000000195,SIN NF,2.5
23/06/2022,0+950,PE 8,115.387,8960.57,10.2,-0.18773960000000198,-0.15569960000000196,SIN NF,
01/07/2022,0+950,PE 8,115.304,8968.13,10.2,-0.3928423999999881,-0.3608023999999881,SIN NF,4.2
09/07/2022,0+950,PE 8,115.108,8971.73,10.2,-0.49051039999999796,-0.45847039999999795,SIN NF,
17/07/2022,0+950,PE 8,,8971.09,10.1,-0.47314720000001376,-0.4404397000000138,SIN NF,1.0
28/07/2022,0+950,PE 8,114.667,8968.83,10.1,-0.41183340000000784,-0.37912590000000784,SIN NF,0.3
05/08/2022,0+950,PE 8,114.191,8960.78,10.1,-0.19343690000002764,-0.1607294000000276,SIN NF,
13/08/2022,0+950,PE 8,114.139,8974.85,10.1,-0.5751560000000198,-0.5424485000000198,SIN NF,3.1
19/08/2022,0+950,PE 8,114.136,8967.71,10.1,-0.3814477999999862,-0.3487402999999862,SIN NF,8.6
29/08/2022,0+950,PE 8,,8966.15,10.1,-0.33912499999999995,-0.30641749999999995,SIN NF,
01/03/2023,0+950,PE 8,116.755,8969.75,10.0,-0.43679300000000987,-0.4034180000000099,SIN NF,23.5
10/03/2023,0+950,PE 8,,8971.73,10.0,-0.49051039999999796,-0.45713539999999797,SIN NF,
18/03/2023,0+950,PE 8,116.743,8963.89,10.0,-0.2778111999999941,-0.24443619999999408,SIN NF,
26/03/2023,0+950,PE 8,116.526,8966.79,10.0,-0.35648820000003356,-0.3231132000000336,SIN NF,1.6
02/04/2023,0+950,PE 8,116.536,8965.72,10.0,-0.3274590999999921,-0.29408409999999213,SIN NF,
09/04/2023,0+950,PE 8,116.374,8965.24,10.0,-0.31443670000000395,-0.28106170000000397,SIN NF,
15/04/2023,0+950,PE 8,116.266,8963.03,10.0,-0.2544794000000276,-0.22110440000002762,SIN NF,
23/04/2023,0+950,PE 8,116.266,8966.79,10.0,-0.35648820000003356,-0.3231132000000336,SIN NF,6.5
09/05/2023,0+950,PE 8,115.969,8961.21,10.0,-0.20510279999998615,-0.17172779999998616,SIN NF,
27/05/2023,0+950,PE 8,115.73,8964.81,10.0,-0.302770799999996,-0.269395799999996,SIN NF,13.8
07/06/2023,0+950,PE 8,115.647,8970.61,10.0,-0.46012480000002565,-0.42674980000002566,SIN NF,
14/06/2023,0+950,PE 8,,8966.36,10.0,-0.34482230000002567,-0.3114473000000257,SIN NF,
23/06/2023,0+950,PE 8,115.565,8970.39,10.0,-0.45415619999999407,-0.4207811999999941,SIN NF,
30/06/2023,0+950,PE 8,115.354,8967.49,10.0,-0.37547920000000395,-0.34210420000000397,SIN NF,25.4
08/07/2023,0+950,PE 8,115.156,8963.03,10.1,-0.2544794000000276,-0.2217719000000276,SIN NF,
14/07/2023,0+950,PE 8,115.008,8965.02,10.0,-0.30846810000002167,-0.27509310000002174,SIN NF,
29/07/2023,0+950,PE 8,114.831,8978.46,10.0,-0.6730952999999862,-0.6397202999999861,SIN NF,
06/08/2023,0+950,PE 8,114.831,8964.38,10.0,-0.2911048999999881,-0.25772989999998813,SIN NF,
14/08/2023,0+950,PE 8,114.629,8971.73,10.0,-0.49051039999999796,-0.45713539999999797,SIN NF,
23/08/2023,0+950,PE 8,114.391,8970.61,10.0,-0.46012480000002565,-0.42674980000002566,SIN NF,3.8
04/09/2023,0+950,PE 8,114.309,8962.91,10.0,-0.2512238000000059,-0.21784880000000592,SIN NF,
09/09/2023,0+950,PE 8,114.221,8969.05,10.0,-0.4178019999999901,-0.38442699999999014,SIN NF,
15/09/2023,0+950,PE 8,114.221,8974.64,10.0,-0.569458699999994,-0.5360836999999941,SIN NF,
24/09/2023,0+950,PE 8,114.131,8964.59,10.0,-0.2968022000000138,-0.2634272000000138,SIN NF,22.1
01/10/2023,0+950,PE 8,114.069,8970.18,10.0,-0.44845890000001776,-0.41508390000001777,SIN NF,
09/10/2023,0+950,PE 8,114.1,8972.16,10.0,-0.5021763000000059,-0.4688013000000059,SIN NF,
16/10/2023,0+950,PE 8,114.18,8964.81,10.0,-0.302770799999996,-0.269395799999996,SIN NF,0.8
29/10/2023,0+950,PE 8,114.254,8972.86,10.0,-0.5211673000000255,-0.4877923000000256,SIN NF,5.6
03/11/2023,0+950,PE 8,114.306,8967.49,10.0,-0.37547920000000395,-0.34210420000000397,SIN NF,
10/11/2023,0+950,PE 8,114.306,8974.42,10.0,-0.5634901000000119,-0.5301151000000118,SIN NF,
17/11/2023,0+950,PE 8,114.328,8976.9,10.0,-0.6307725,-0.5973974999999999,SIN NF,5.5
27/01/2019,0+950,PE 9,,8927.43,14.8,-0.273650400000004,-0.26920740000000404,SIN NF,
08/02/2019,0+950,PE 9,,8919.99,14.1,-0.06674399999998988,-0.051933999999989884,SIN NF,
25/03/2019,0+950,PE 9,,8918.02,13.4,-0.011958300000008094,0.013218699999991899,120.9880417,
31/03/2019,0+950,PE 9,,8925.1,13.3,-0.20885310000000606,-0.18219510000000608,SIN NF,
07/04/2019,0+950,PE 9,,8922.44,13.3,-0.13487850000001012,-0.10822050000001014,SIN NF,
11/04/2019,0+950,PE 9,,8922.01,13.2,-0.12292020000000202,-0.09478120000000201,SIN NF,
15/04/2019,0+950,PE 9,,8926.44,13.2,-0.2461185000000101,-0.21797950000001007,SIN NF,
19/04/2019,0+950,PE 9,,8924.46,13.2,-0.19105469999997166,-0.16291569999997166,SIN NF,
26/04/2019,0+950,PE 9,,8926.44,13.2,-0.2461185000000101,-0.21797950000001007,SIN NF,
29/04/2019,0+950,PE 9,,8924.89,13.1,-0.20301299999997977,-0.17339299999997979,SIN NF,
03/05/2019,0+950,PE 9,117.567,8924.46,13.0,-0.19105469999997166,-0.15995369999997167,SIN NF,
07/05/2019,0+950,PE 9,117.493,8922.65,13.0,-0.14071859999998584,-0.10961759999998585,SIN NF,
11/05/2019,0+950,PE 9,,8927.99,13.0,-0.2892239999999899,-0.2581229999999899,SIN NF,
13/05/2019,0+950,PE 9,,8924.25,13.0,-0.18521459999999595,-0.15411359999999594,SIN NF,
16/05/2019,0+950,PE 9,,8929.8,12.9,-0.3395600999999757,-0.30697809999997566,SIN NF,
20/05/2019,0+950,PE 9,,8921.8,12.9,-0.1170800999999757,-0.08449809999997572,SIN NF,
24/05/2019,0+950,PE 9,117.348,8929.59,12.9,-0.33371999999999996,-0.301138,SIN NF,
27/05/2019,0+950,PE 9,,8926.44,12.8,-0.2461185000000101,-0.2120555000000101,SIN NF,
31/05/2019,0+950,PE 9,117.298,8924.68,12.8,-0.19717290000000406,-0.16310990000000408,SIN NF,
04/06/2019,0+950,PE 9,,8933.32,12.8,-0.4374512999999879,-0.4033882999999879,SIN NF,
08/06/2019,0+950,PE 9,,8932.9,12.7,-0.42577109999998575,-0.3902270999999857,SIN NF,
10/06/2019,0+950,PE 9,,8927.34,12.7,-0.2711475,-0.23560349999999994,SIN NF,
14/06/2019,0+950,PE 9,,8918.35,12.7,-0.02113560000000607,0.014408399999993937,120.97886439999999,
17/06/2019,0+950,PE 9,,8923.56,12.7,-0.16602569999998176,-0.13048169999998177,SIN NF,
21/06/2019,0+950,PE 9,,8931.56,12.6,-0.3885056999999818,-0.35148069999998177,SIN NF,
24/06/2019,0+950,PE 9,116.701,8930.44,12.6,-0.35735850000001007,-0.3203335000000101,SIN NF,0.5
28/06/2019,0+950,PE 9,,8925.8,12.6,-0.2283200999999757,-0.1912950999999757,SIN NF,1.3
01/07/2019,0+950,PE 9,,8930.65,12.6,-0.3631985999999858,-0.3261735999999858,SIN NF,0.5
06/07/2019,0+950,PE 9,,8923.98,12.5,-0.17770589999998382,-0.1391998999999838,SIN NF,0.3
08/07/2019,0+950,PE 9,,8925.1,12.5,-0.20885310000000606,-0.17034710000000605,SIN NF,0.0
13/07/2019,0+950,PE 9,116.354,8927.99,12.5,-0.2892239999999899,-0.2507179999999899,SIN NF,1.3
15/07/2019,0+950,PE 9,,8931.56,12.4,-0.3885056999999818,-0.34851869999998175,SIN NF,0.3
19/07/2019,0+950,PE 9,116.255,8933.32,12.4,-0.4374512999999879,-0.39746429999998784,SIN NF,0.3
22/07/2019,0+950,PE 9,,8926.65,12.4,-0.2519585999999858,-0.21197159999998583,SIN NF,0.0
26/07/2019,0+950,PE 9,115.983,8926.44,12.4,-0.2461185000000101,-0.20613150000001007,SIN NF,0.0
29/07/2019,0+950,PE 9,115.915,8925.8,12.4,-0.2283200999999757,-0.18833309999997572,SIN NF,1.3
02/08/2019,0+950,PE 9,115.862,8923.35,12.3,-0.16018560000000606,-0.11871760000000606,SIN NF,1.5
05/08/2019,0+950,PE 9,,8929.11,12.3,-0.3203712000000121,-0.2789032000000121,SIN NF,0.0
09/08/2019,0+950,PE 9,,8923.35,12.3,-0.16018560000000606,-0.11871760000000606,SIN NF,0.0
12/08/2019,0+950,PE 9,115.68,8917.8,12.3,-0.005840099999975718,0.03562790000002427,120.99415990000003,0.0
16/08/2019,0+950,PE 9,,8924.89,12.2,-0.20301299999997977,-0.16006399999997978,SIN NF,0.0
19/08/2019,0+950,PE 9,,8919.35,12.2,-0.04894560000000607,-0.005996600000006066,SIN NF,0.0
23/08/2019,0+950,PE 9,115.507,8925.58,12.2,-0.22220189999999393,-0.17925289999999391,SIN NF,1.5
26/08/2019,0+950,PE 9,,8929.32,12.2,-0.3262112999999878,-0.2832622999999878,SIN NF,0.8
30/08/2019,0+950,PE 9,115.318,8926.22,12.1,-0.24000029999997774,-0.19557029999997777,SIN NF,0.0
03/09/2019,0+950,PE 9,115.167,8918.44,12.1,-0.023638500000010117,0.020791499999989884,120.9763615,0.3
07/09/2019,0+950,PE 9,,8923.13,12.1,-0.15406739999997368,-0.1096373999999737,SIN NF,0.0
11/09/2019,0+950,PE 9,,8928.47,12.1,-0.3025727999999777,-0.25814279999997775,SIN NF,0.0
15/09/2019,0+950,PE 9,,8926.22,12.0,-0.24000029999997774,-0.19408929999997776,SIN NF,0.3
20/09/2019,0+950,PE 9,,8932.25,12.0,-0.4076945999999959,-0.3617835999999959,SIN NF,18.8
27/09/2019,0+950,PE 9,,8928.25,12.0,-0.29645459999999596,-0.2505435999999959,SIN NF,0.0
30/09/2019,0+950,PE 9,,8928.25,12.2,-0.29645459999999596,-0.2535055999999959,SIN NF,0.0
04/10/2019,0+950,PE 9,114.958,8926.44,11.9,-0.2461185000000101,-0.19872650000001008,SIN NF,0.0
08/10/2019,0+950,PE 9,,8927.34,11.9,-0.2711475,-0.22375549999999997,SIN NF,0.0
12/10/2019,0+950,PE 9,,8926.65,11.9,-0.2519585999999858,-0.20456659999998583,SIN NF,0.3
17/10/2019,0+950,PE 9,,8926.22,11.8,-0.24000029999997774,-0.19112729999997777,SIN NF,0.0
21/10/2019,0+950,PE 9,,8924.46,11.8,-0.19105469999997166,-0.14218169999997168,SIN NF,0.0
24/10/2019,0+950,PE 9,,8928.25,11.8,-0.29645459999999596,-0.24758159999999596,SIN NF,0.0
28/10/2019,0+950,PE 9,,8930.23,11.8,-0.3515183999999838,-0.30264539999998386,SIN NF,0.0
01/11/2019,0+950,PE 9,,8928.68,11.8,-0.30841290000000404,-0.2595399000000041,SIN NF,0.0
04/11/2019,0+950,PE 9,,8932.9,11.8,-0.42577109999998575,-0.3768980999999858,SIN NF,0.0
09/11/2019,0+950,PE 9,115.173,8921.11,11.7,-0.09789120000001214,-0.04753720000001214,SIN NF,0.3
13/11/2019,0+950,PE 9,115.173,8928.25,11.7,-0.29645459999999596,-0.24610059999999592,SIN NF,0.8
17/11/2019,0+950,PE 9,,8935.14,11.7,-0.4880654999999797,-0.4377114999999797,SIN NF,10.7
20/11/2019,0+950,PE 9,,8927.99,11.7,-0.2892239999999899,-0.2388699999999899,SIN NF,4.8
25/11/2019,0+950,PE 9,,8931.13,11.7,-0.37654739999997366,-0.32619339999997365,SIN NF,9.1
29/11/2019,0+950,PE 9,115.728,8929.59,11.6,-0.33371999999999996,-0.281885,SIN NF,1.3
03/12/2019,0+950,PE 9,115.803,8922.65,11.6,-0.14071859999998584,-0.08888359999998584,SIN NF,5.3
07/12/2019,0+950,PE 9,,8926.01,11.6,-0.23416020000000204,-0.18232520000000205,SIN NF,0.0
11/12/2019,0+950,PE 9,116.171,8927.13,11.5,-0.26530739999997366,-0.21199139999997368,SIN NF,12.2
14/12/2019,0+950,PE 9,116.31,8929.32,11.5,-0.3262112999999878,-0.27289529999998785,SIN NF,1.0
18/12/2019,0+950,PE 9,,8934.44,11.5,-0.4685985000000101,-0.4152825000000101,SIN NF,0.0
04/01/2020,0+950,PE 9,,8926.92,11.4,-0.25946729999999796,-0.20467029999999797,SIN NF,0.0
09/01/2020,0+950,PE 9,,8930.92,11.4,-0.37070729999999796,-0.315910299999998,SIN NF,0.0
13/01/2020,0+950,PE 9,117.135,8926.22,11.4,-0.24000029999997774,-0.18520329999997776,SIN NF,1.8
17/01/2020,0+950,PE 9,,8929.59,11.4,-0.33371999999999996,-0.27892300000000003,SIN NF,0.0
21/01/2020,0+950,PE 9,117.311,8925.58,11.3,-0.22220189999999393,-0.16592389999999396,SIN NF,0.0
25/01/2020,0+950,PE 9,,8929.11,11.3,-0.3203712000000121,-0.26409320000001213,SIN NF,2.3
29/01/2020,0+950,PE 9,117.528,8926.92,11.3,-0.25946729999999796,-0.203189299999998,SIN NF,1.0
02/02/2020,0+950,PE 9,,8930.23,11.3,-0.3515183999999838,-0.2952403999999838,SIN NF,0.3
06/02/2020,0+950,PE 9,117.669,8921.32,11.2,-0.10373129999998786,-0.04597229999998786,SIN NF,0.0
10/02/2020,0+950,PE 9,,8923.35,11.2,-0.16018560000000606,-0.10242660000000606,SIN NF,0.5
14/02/2020,0+950,PE 9,,8932.9,11.2,-0.42577109999998575,-0.36801209999998574,SIN NF,0.0
19/02/2020,0+950,PE 9,,8931.98,11.2,-0.4001858999999838,-0.34242689999998377,SIN NF,0.5
22/02/2020,0+950,PE 9,,8928.47,11.2,-0.3025727999999777,-0.2448137999999777,SIN NF,0.0
26/02/2020,0+950,PE 9,117.808,8928.89,11.1,-0.31425299999997974,-0.2550129999999798,SIN NF,0.0
01/03/2020,0+950,PE 9,,8927.34,11.1,-0.2711475,-0.21190749999999997,SIN NF,0.0
06/03/2020,0+950,PE 9,,8932.9,11.1,-0.42577109999998575,-0.3665310999999858,SIN NF,0.3
13/03/2020,0+950,PE 9,,8927.99,11.1,-0.2892239999999899,-0.2299839999999899,SIN NF,5.6
22/03/2020,0+950,PE 9,,8930.44,11.0,-0.35735850000001007,-0.2966375000000101,SIN NF,1.0
26/03/2020,0+950,PE 9,,8926.92,11.0,-0.25946729999999796,-0.19874629999999796,SIN NF,0.0
01/04/2020,0+950,PE 9,118.166,8924.68,11.0,-0.19717290000000406,-0.13645190000000407,SIN NF,12.2
10/04/2020,0+950,PE 9,118.117,8928.68,11.0,-0.30841290000000404,-0.24769190000000404,SIN NF,0.0
28/04/2020,0+950,PE 9,117.807,8926.22,10.9,-0.24000029999997774,-0.17779829999997776,SIN NF,1.5
07/05/2020,0+950,PE 9,117.621,8930.01,10.9,-0.34540020000000204,-0.283198200000002,SIN NF,0.6
14/05/2020,0+950,PE 9,117.473,8929.11,10.8,-0.3203712000000121,-0.25668820000001213,SIN NF,2.5999999999999996
22/05/2020,0+950,PE 9,117.286,8928.89,10.8,-0.31425299999997974,-0.2505699999999798,SIN NF,1.3
28/05/2020,0+950,PE 9,,8922.01,10.8,-0.12292020000000202,-0.05923720000000204,SIN NF,0.6
06/06/2020,0+950,PE 9,117.213,8935.14,10.8,-0.4880654999999797,-0.42438249999997973,SIN NF,0.0
12/06/2020,0+950,PE 9,117.205,8933.59,10.8,-0.44495999999999997,-0.381277,SIN NF,0.0
16/06/2020,0+950,PE 9,,8928.68,10.7,-0.30841290000000404,-0.24324890000000401,SIN NF,0.0
24/06/2020,0+950,PE 9,115.995,8926.92,10.7,-0.25946729999999796,-0.19430329999999796,SIN NF,0.0
03/07/2020,0+950,PE 9,,8923.56,10.7,-0.16602569999998176,-0.10086169999998176,SIN NF,0.0
10/07/2020,0+950,PE 9,115.826,8934.66,10.7,-0.47471669999999183,-0.40955269999999183,SIN NF,0.6
21/07/2020,0+950,PE 9,115.69,8918.02,10.6,-0.011958300000008094,0.05468669999999191,120.9880417,12.0
28/07/2020,0+950,PE 9,115.268,8924.68,10.6,-0.19717290000000406,-0.13052790000000405,SIN NF,0.0
03/08/2020,0+950,PE 9,,8931.13,10.6,-0.37654739999997366,-0.3099023999999737,SIN NF,0.0
14/08/2020,0+950,PE 9,,8933.11,10.6,-0.4316112000000121,-0.3649662000000121,SIN NF,2.8
24/08/2020,0+950,PE 9,,8924.68,10.6,-0.19717290000000406,-0.13052790000000405,SIN NF,1.5
30/08/2020,0+950,PE 9,,8924.68,10.6,-0.19717290000000406,-0.13052790000000405,SIN NF,0.0
07/09/2020,0+950,PE 9,,8929.11,10.5,-0.3203712000000121,-0.2522452000000121,SIN NF,0.0
12/09/2020,0+950,PE 9,,8935.57,10.5,-0.5000237999999878,-0.4318977999999878,SIN NF,1.0
21/09/2020,0+950,PE 9,,8931.56,10.5,-0.3885056999999818,-0.3203796999999818,SIN NF,0.5
25/09/2020,0+950,PE 9,114.013,8927.99,10.5,-0.2892239999999899,-0.22109799999998989,SIN NF,0.0
21/10/2020,0+950,PE 9,114.423,8927.99,10.5,-0.2892239999999899,-0.22109799999998989,SIN NF,0.8
31/10/2020,0+950,PE 9,,8926.44,10.5,-0.2461185000000101,-0.1779925000000101,SIN NF,1.8
02/11/2020,0+950,PE 9,,8927.13,10.3,-0.26530739999997366,-0.1942193999999737,SIN NF,0.0
22/11/2020,0+950,PE 9,114.872,8933.8,10.4,-0.4508000999999757,-0.38119309999997575,SIN NF,0.0
05/12/2020,0+950,PE 9,115.677,8926.65,10.4,-0.2519585999999858,-0.1823515999999858,SIN NF,0.0
24/01/2021,0+950,PE 9,116.424,8934.93,10.4,-0.4822254000000041,-0.41261840000000405,SIN NF,0.0
02/02/2021,0+950,PE 9,117.243,8928.48,10.3,-0.30285089999998377,-0.2317628999999838,SIN NF,0.0
12/02/2021,0+950,PE 9,117.266,8929.32,10.3,-0.3262112999999878,-0.25512329999998784,SIN NF,14.8
19/02/2021,0+950,PE 9,117.468,8929.8,10.3,-0.3395600999999757,-0.26847209999997573,SIN NF,0.0
27/02/2021,0+950,PE 9,117.468,8929.11,10.3,-0.3203712000000121,-0.24928320000001214,SIN NF,1.8
03/03/2021,0+950,PE 9,117.657,8925.1,10.3,-0.20885310000000606,-0.13776510000000608,SIN NF,0.0
16/03/2021,0+950,PE 9,117.843,8923.92,10.3,-0.17603729999999795,-0.104949299999998,SIN NF,0.0
29/03/2021,0+950,PE 9,117.972,8929.32,10.3,-0.3262112999999878,-0.25512329999998784,SIN NF,0.0
05/04/2021,0+950,PE 9,117.866,8925.32,10.3,-0.21497129999998782,-0.14388329999998786,SIN NF,0.0
13/04/2021,0+950,PE 9,117.793,8929.59,10.3,-0.33371999999999996,-0.26263200000000003,SIN NF,0.0
20/04/2021,0+950,PE 9,117.824,8925.32,10.3,-0.21497129999998782,-0.14388329999998786,SIN NF,0.0
26/04/2021,0+950,PE 9,117.721,8931.56,10.3,-0.3885056999999818,-0.3174176999999818,SIN NF,0.0
05/05/2021,0+950,PE 9,117.721,8922.65,10.3,-0.14071859999998584,-0.06963059999998586,SIN NF,0.0
15/05/2021,0+950,PE 9,117.505,8926.22,10.2,-0.24000029999997774,-0.16743129999997772,SIN NF,0.0
26/05/2021,0+950,PE 9,117.394,8930.65,10.2,-0.3631985999999858,-0.2906295999999858,SIN NF,0.0
07/06/2021,0+950,PE 9,116.853,8933.32,10.2,-0.4374512999999879,-0.36488229999998784,SIN NF,0.0
28/06/2021,0+950,PE 9,116.552,8924.89,10.2,-0.20301299999997977,-0.13044399999997974,SIN NF,0.0
16/07/2021,0+950,PE 9,116.446,8929.8,10.2,-0.3395600999999757,-0.26699109999997567,SIN NF,2.1
13/08/2021,0+950,PE 9,115.936,8930.23,10.1,-0.3515183999999838,-0.2774683999999838,SIN NF,0.5
21/08/2021,0+950,PE 9,,8926.22,10.1,-0.24000029999997774,-0.16595029999997776,SIN NF,17.5
28/08/2021,0+950,PE 9,115.14,8931.65,10.1,-0.3910085999999858,-0.3169585999999858,SIN NF,3.4000000000000004
16/09/2021,0+950,PE 9,115.019,8931.56,10.1,-0.3885056999999818,-0.3144556999999818,SIN NF,0.8
27/09/2021,0+950,PE 9,114.781,8929.32,10.1,-0.3262112999999878,-0.2521612999999878,SIN NF,17.6
09/10/2021,0+950,PE 9,114.888,8931.35,10.0,-0.38266560000000605,-0.3071346000000061,SIN NF,0.0
18/10/2021,0+950,PE 9,114.651,8930.23,10.0,-0.3515183999999838,-0.2759873999999838,SIN NF,0.0
31/10/2021,0+950,PE 9,114.736,8923.77,10.0,-0.17186580000000806,-0.09633480000000808,SIN NF,0.3
02/11/2021,0+950,PE 9,115.046,8930.92,10.0,-0.37070729999999796,-0.29517629999999795,SIN NF,0.0
09/11/2021,0+950,PE 9,115.629,8929.11,10.0,-0.3203712000000121,-0.2448402000000121,SIN NF,2.8
17/11/2021,0+950,PE 9,115.744,8931.99,10.0,-0.4004639999999899,-0.32493299999998987,SIN NF,0.0
23/11/2021,0+950,PE 9,115.871,8933.59,10.0,-0.44495999999999997,-0.369429,SIN NF,0.0
30/11/2021,0+950,PE 9,115.981,8930.92,10.0,-0.37070729999999796,-0.29517629999999795,SIN NF,0.6
03/12/2021,0+950,PE 9,116.068,8926.65,10.0,-0.2519585999999858,-0.1764275999999858,SIN NF,
11/12/2021,0+950,PE 9,,8927.77,10.0,-0.28310580000000807,-0.20757480000000808,SIN NF,
19/01/2022,0+950,PE 9,117.333,8924.68,10.0,-0.19717290000000406,-0.12164190000000406,SIN NF,6.1
27/01/2022,0+950,PE 9,,8927.99,10.0,-0.2892239999999899,-0.2136929999999899,SIN NF,
11/02/2022,0+950,PE 9,117.602,8927.34,10.0,-0.2711475,-0.19561649999999997,SIN NF,1.8
02/03/2022,0+950,PE 9,117.164,8932.47,10.0,-0.4138127999999778,-0.33828179999997776,SIN NF,21.1
09/03/2022,0+950,PE 9,117.109,8931.13,9.9,-0.37654739999997366,-0.2995353999999737,SIN NF,
18/03/2022,0+950,PE 9,117.075,8924.46,9.9,-0.19105469999997166,-0.11404269999997166,SIN NF,
25/03/2022,0+950,PE 9,117.031,8935.78,9.9,-0.5058639000000141,-0.42885190000001416,SIN NF,
03/04/2022,0+950,PE 9,117.031,8932.9,9.9,-0.42577109999998575,-0.3487590999999858,SIN NF,22.4
10/04/2022,0+950,PE 9,116.875,8928.68,9.9,-0.30841290000000404,-0.23140090000000405,SIN NF,
17/04/2022,0+950,PE 9,116.697,8931.35,9.9,-0.38266560000000605,-0.3056536000000061,SIN NF,0.0
25/04/2022,0+950,PE 9,,8936.47,9.9,-0.5250527999999777,-0.4480407999999777,SIN NF,
30/04/2022,0+950,PE 9,116.404,8927.34,9.9,-0.2711475,-0.19413549999999996,SIN NF,12.3
09/05/2022,0+950,PE 9,116.254,8930.01,9.9,-0.34540020000000204,-0.268388200000002,SIN NF,9.8
17/05/2022,0+950,PE 9,116.171,8925.1,9.9,-0.20885310000000606,-0.13184110000000604,SIN NF,
23/05/2022,0+950,PE 9,116.171,8934.02,10.0,-0.4569183000000081,-0.3813873000000081,SIN NF,
30/05/2022,0+950,PE 9,115.942,8925.1,9.9,-0.20885310000000606,-0.13184110000000604,SIN NF,0.0
09/06/2022,0+950,PE 9,115.747,8925.52,9.9,-0.2205333000000081,-0.1435213000000081,SIN NF,
16/06/2022,0+950,PE 9,115.555,8934.44,9.9,-0.4685985000000101,-0.39158650000001005,SIN NF,2.5
23/06/2022,0+950,PE 9,115.387,8924.68,9.9,-0.19717290000000406,-0.12016090000000405,SIN NF,
01/07/2022,0+950,PE 9,115.304,8932.25,9.9,-0.4076945999999959,-0.3306825999999959,SIN NF,4.2
09/07/2022,0+950,PE 9,115.108,8935.14,9.9,-0.4880654999999797,-0.41105349999997975,SIN NF,
17/07/2022,0+950,PE 9,,8934.93,9.9,-0.4822254000000041,-0.40521340000000405,SIN NF,1.0
28/07/2022,0+950,PE 9,114.667,8932.47,9.9,-0.4138127999999778,-0.33680079999997775,SIN NF,0.3
05/08/2022,0+950,PE 9,114.191,8924.68,9.9,-0.19717290000000406,-0.12016090000000405,SIN NF,
13/08/2022,0+950,PE 9,114.139,8938.02,9.9,-0.568158300000008,-0.49114630000000803,SIN NF,3.1
19/08/2022,0+950,PE 9,114.136,8931.56,9.9,-0.3885056999999818,-0.3114936999999818,SIN NF,8.6
29/08/2022,0+950,PE 9,,8929.8,9.9,-0.3395600999999757,-0.2625480999999757,SIN NF,
01/03/2023,0+950,PE 9,116.755,8933.11,9.9,-0.4316112000000121,-0.3545992000000121,SIN NF,23.5
10/03/2023,0+950,PE 9,,8935.35,9.9,-0.49390560000000605,-0.4168936000000061,SIN NF,
18/03/2023,0+950,PE 9,116.743,8927.56,9.9,-0.2772656999999818,-0.20025369999998177,SIN NF,
26/03/2023,0+950,PE 9,116.526,8930.23,9.9,-0.3515183999999838,-0.2745063999999838,SIN NF,1.6
02/04/2023,0+950,PE 9,116.536,8929.11,9.9,-0.3203712000000121,-0.2433592000000121,SIN NF,
09/04/2023,0+950,PE 9,116.374,8928.68,9.9,-0.30841290000000404,-0.23140090000000405,SIN NF,
15/04/2023,0+950,PE 9,116.266,8926.42,9.9,-0.24556229999999796,-0.16855029999999796,SIN NF,
23/04/2023,0+950,PE 9,116.266,8930.23,9.9,-0.3515183999999838,-0.2745063999999838,SIN NF,6.5
09/05/2023,0+950,PE 9,115.969,8924.89,9.9,-0.20301299999997977,-0.12600099999997977,SIN NF,
27/05/2023,0+950,PE 9,115.73,8927.17,9.9,-0.266419799999998,-0.18940779999999796,SIN NF,13.8
07/06/2023,0+950,PE 9,115.647,8929.13,11.7,-0.32092739999997366,-0.27057339999997365,SIN NF,
14/06/2023,0+950,PE 9,,8929.59,9.9,-0.33371999999999996,-0.256708,SIN NF,
23/06/2023,0+950,PE 9,115.565,8933.59,9.9,-0.44495999999999997,-0.367948,SIN NF,
30/06/2023,0+950,PE 9,115.354,8930.92,9.9,-0.37070729999999796,-0.29369529999999794,SIN NF,25.4
08/07/2023,0+950,PE 9,115.156,8926.22,9.9,-0.24000029999997774,-0.16298829999997774,SIN NF,
14/07/2023,0+950,PE 9,115.008,8928.25,9.9,-0.29645459999999596,-0.21944259999999594,SIN NF,
29/07/2023,0+950,PE 9,114.831,8941.34,9.9,-0.6604875,-0.5834754999999999,SIN NF,
06/08/2023,0+950,PE 9,114.831,8927.34,9.9,-0.2711475,-0.19413549999999996,SIN NF,
14/08/2023,0+950,PE 9,114.629,8934.93,9.9,-0.4822254000000041,-0.40521340000000405,SIN NF,
23/08/2023,0+950,PE 9,114.391,8933.8,9.9,-0.4508000999999757,-0.37378809999997575,SIN NF,3.8
04/09/2023,0+950,PE 9,114.309,8925.1,9.8,-0.20885310000000606,-0.13036010000000608,SIN NF,
09/09/2023,0+950,PE 9,114.221,8931.99,9.8,-0.4004639999999899,-0.3219709999999899,SIN NF,
15/09/2023,0+950,PE 9,114.221,8938.02,9.8,-0.568158300000008,-0.4896653000000081,SIN NF,
24/09/2023,0+950,PE 9,114.131,8927.77,9.8,-0.28310580000000807,-0.2046128000000081,SIN NF,22.1
01/10/2023,0+950,PE 9,114.069,8933.11,9.8,-0.4316112000000121,-0.35311820000001215,SIN NF,
09/10/2023,0+950,PE 9,114.1,8935.35,9.8,-0.49390560000000605,-0.41541260000000607,SIN NF,
16/10/2023,0+950,PE 9,114.18,8927.77,9.8,-0.28310580000000807,-0.2046128000000081,SIN NF,0.8
29/10/2023,0+950,PE 9,114.254,8935.78,9.8,-0.5058639000000141,-0.4273709000000142,SIN NF,5.6
03/11/2023,0+950,PE 9,114.306,8930.44,9.8,-0.35735850000001007,-0.2788655000000101,SIN NF,
10/11/2023,0+950,PE 9,114.306,8937.12,9.8,-0.5431293000000181,-0.4646363000000182,SIN NF,
17/11/2023,0+950,PE 9,114.328,8940.0,9.8,-0.6232220999999959,-0.544729099999996,SIN NF,5.5
18/03/2019,0+950,PE 11,,8877.3,11.9,0.0739350000000406,0.0876740000000406,115.07393500000003,
25/03/2019,0+950,PE 11,,8879.3,11.9,0.0181350000000406,0.03187400000004059,115.01813500000004,
31/03/2019,0+950,PE 11,,8881.48,11.8,-0.04268699999996752,-0.02769899999996753,SIN NF,
07/04/2019,0+950,PE 11,,8876.46,11.8,0.09737100000004466,0.11235900000004465,115.09737100000004,
11/04/2019,0+950,PE 11,,8874.02,11.8,0.16544700000000812,0.18043500000000812,115.16544700000001,
15/04/2019,0+950,PE 11,,8877.3,11.89,0.0739350000000406,0.08779890000004059,115.07393500000003,
19/04/2019,0+950,PE 11,,8874.87,11.8,0.14173199999999797,0.15671999999999794,115.141732,
26/04/2019,0+950,PE 11,,8877.3,11.8,0.0739350000000406,0.0889230000000406,115.07393500000003,
29/04/2019,0+950,PE 11,,8875.77,11.8,0.11662200000000812,0.13161000000000814,115.116622,
03/05/2019,0+950,PE 11,117.567,8876.46,11.8,0.09737100000004466,0.11235900000004465,115.09737100000004,
07/05/2019,0+950,PE 11,117.493,8876.46,11.8,0.09737100000004466,0.11235900000004465,115.09737100000004,
11/05/2019,0+950,PE 11,,8883.5,11.7,-0.09904499999997969,-0.08280799999997969,SIN NF,
13/05/2019,0+950,PE 11,,8880.85,11.7,-0.02510999999998985,-0.00887299999998984,SIN NF,
16/05/2019,0+950,PE 11,,8886.78,11.7,-0.19055699999999798,-0.17431999999999798,SIN NF,
20/05/2019,0+950,PE 11,,8881.75,11.7,-0.0502199999999797,-0.03398299999997969,SIN NF,
24/05/2019,0+950,PE 11,117.348,8890.33,11.6,-0.28960199999997766,-0.27211599999997765,SIN NF,
27/05/2019,0+950,PE 11,,8888.79,11.6,-0.24663600000000407,-0.22915000000000404,SIN NF,
31/05/2019,0+950,PE 11,117.298,8887.68,11.5,-0.21566699999998784,-0.1969319999999878,SIN NF,
04/06/2019,0+950,PE 11,,8897.17,11.5,-0.48043799999998177,-0.4617029999999817,SIN NF,
08/06/2019,0+950,PE 11,,8898.71,11.4,-0.5234039999999553,-0.5034199999999555,SIN NF,
10/06/2019,0+950,PE 11,,8895.0,11.4,-0.4198949999999797,-0.3999109999999797,SIN NF,
14/06/2019,0+950,PE 11,,8889.01,11.3,-0.2527739999999858,-0.2315409999999858,SIN NF,
17/06/2019,0+950,PE 11,,8894.31,11.2,-0.40064399999996547,-0.37816199999996547,SIN NF,
21/06/2019,0+950,PE 11,,8904.29,11.2,-0.6790860000000041,-0.6566040000000041,SIN NF,
24/06/2019,0+950,PE 11,116.701,8905.35,11.1,-0.7086599999999899,-0.6849289999999899,SIN NF,0.5
28/06/2019,0+950,PE 11,,8903.81,11.0,-0.6656939999999655,-0.6407139999999655,SIN NF,1.3
01/07/2019,0+950,PE 11,,8910.46,10.9,-0.8512289999999553,-0.8249999999999553,SIN NF,0.5
06/07/2019,0+950,PE 11,,8907.8,10.8,-0.7770149999999594,-0.7495369999999595,SIN NF,0.3
08/07/2019,0+950,PE 11,,8910.24,10.8,-0.8450909999999737,-0.8176129999999736,SIN NF,0.0
13/07/2019,0+950,PE 11,116.354,8916.9,10.7,-1.0309049999999695,-1.0021779999999694,SIN NF,1.3
15/07/2019,0+950,PE 11,,8921.59,10.7,-1.1617559999999838,-1.1330289999999836,SIN NF,0.3
19/07/2019,0+950,PE 11,116.255,8926.44,10.6,-1.2970709999999939,-1.2670949999999939,SIN NF,0.3
22/07/2019,0+950,PE 11,,8922.44,10.6,-1.185470999999994,-1.155494999999994,SIN NF,0.0
26/07/2019,0+950,PE 11,115.983,8925.32,10.5,-1.2658229999999717,-1.2345979999999717,SIN NF,0.0
29/07/2019,0+950,PE 11,115.915,8927.34,10.4,-1.3221809999999838,-1.2897069999999837,SIN NF,1.3
02/08/2019,0+950,PE 11,115.862,8927.56,10.4,-1.3283189999999656,-1.2958449999999655,SIN NF,1.5
05/08/2019,0+950,PE 11,,8934.93,10.3,-1.5339419999999877,-1.500218999999988,SIN NF,0.0
09/08/2019,0+950,PE 11,,8922.56,10.4,-1.1888189999999654,-1.1563449999999653,SIN NF,0.0
12/08/2019,0+950,PE 11,115.68,8924.68,10.2,-1.2479669999999878,-1.2129949999999878,SIN NF,0.0
16/08/2019,0+950,PE 11,,8931.99,10.1,-1.4519159999999736,-1.4156949999999735,SIN NF,0.0
19/08/2019,0+950,PE 11,,8926.44,10.1,-1.2970709999999939,-1.2608499999999938,SIN NF,0.0
23/08/2019,0+950,PE 11,115.507,8933.11,10.0,-1.483163999999996,-1.445693999999996,SIN NF,1.5
26/08/2019,0+950,PE 11,,8936.9,10.0,-1.5889049999999696,-1.5514349999999697,SIN NF,0.8
30/08/2019,0+950,PE 11,115.318,8933.8,9.9,-1.5024149999999594,-1.4636959999999595,SIN NF,0.0
03/09/2019,0+950,PE 11,115.167,8926.92,9.2,-1.3104629999999817,-1.2630009999999816,SIN NF,0.3
07/09/2019,0+950,PE 11,,8931.77,9.8,-1.4457779999999918,-1.4058099999999918,SIN NF,0.0
11/09/2019,0+950,PE 11,,8936.69,9.8,-1.583045999999994,-1.543077999999994,SIN NF,0.0
15/09/2019,0+950,PE 11,,8934.66,9.7,-1.5264089999999757,-1.4851919999999756,SIN NF,0.3
20/09/2019,0+950,PE 11,,8940.7,9.6,-1.694925,-1.652459,SIN NF,18.8
27/09/2019,0+950,PE 11,,8936.9,9.5,-1.5889049999999696,-1.5451899999999696,SIN NF,0.0
30/09/2019,0+950,PE 11,,8937.12,9.5,-1.595043000000002,-1.5513280000000018,SIN NF,0.0
04/10/2019,0+950,PE 11,114.958,8934.66,9.5,-1.5264089999999757,-1.4826939999999755,SIN NF,0.0
08/10/2019,0+950,PE 11,,8934.23,9.4,-1.5144119999999677,-1.4694479999999677,SIN NF,0.0
12/10/2019,0+950,PE 11,,8928.25,9.4,-1.3475699999999797,-1.3026059999999797,SIN NF,0.3
17/10/2019,0+950,PE 11,,8927.99,9.3,-1.3403159999999736,-1.2941029999999738,SIN NF,0.0
21/10/2019,0+950,PE 11,,8926.44,9.3,-1.2970709999999939,-1.250857999999994,SIN NF,0.0
24/10/2019,0+950,PE 11,,8930.01,9.3,-1.3966739999999858,-1.3504609999999857,SIN NF,0.0
28/10/2019,0+950,PE 11,,8931.99,9.3,-1.4519159999999736,-1.4057029999999737,SIN NF,0.0
01/11/2019,0+950,PE 11,,8930.65,9.3,-1.4145299999999696,-1.3683169999999696,SIN NF,0.0
04/11/2019,0+950,PE 11,,8934.66,9.3,-1.5264089999999757,-1.4801959999999756,SIN NF,0.0
09/11/2019,0+950,PE 11,115.173,8922.92,9.2,-1.1988629999999818,-1.1514009999999817,SIN NF,0.3
13/11/2019,0+950,PE 11,115.173,8930.23,9.2,-1.4028119999999675,-1.3553499999999674,SIN NF,0.8
17/11/2019,0+950,PE 11,,8936.69,9.2,-1.583045999999994,-1.5355839999999938,SIN NF,10.7
20/11/2019,0+950,PE 11,,8930.23,9.2,-1.4028119999999675,-1.3553499999999674,SIN NF,4.8
25/11/2019,0+950,PE 11,,8932.9,9.3,-1.4773049999999697,-1.4310919999999696,SIN NF,9.1
29/11/2019,0+950,PE 11,115.728,8931.56,9.3,-1.4399189999999655,-1.3937059999999657,SIN NF,1.3
03/12/2019,0+950,PE 11,115.803,8924.68,9.3,-1.2479669999999878,-1.2017539999999878,SIN NF,5.3
07/12/2019,0+950,PE 11,,8927.99,9.3,-1.3403159999999736,-1.2941029999999738,SIN NF,0.0
11/12/2019,0+950,PE 11,116.171,8929.11,9.3,-1.371563999999996,-1.325350999999996,SIN NF,12.2
14/12/2019,0+950,PE 11,116.31,8931.13,9.3,-1.4279219999999573,-1.3817089999999574,SIN NF,1.0
18/12/2019,0+950,PE 11,,8936.26,9.4,-1.571048999999986,-1.526084999999986,SIN NF,0.0
04/01/2020,0+950,PE 11,,8928.89,9.5,-1.3654259999999636,-1.3217109999999634,SIN NF,0.0
09/01/2020,0+950,PE 11,,8932.92,9.5,-1.4778629999999817,-1.4341479999999815,SIN NF,0.0
13/01/2020,0+950,PE 11,117.135,8927.99,9.5,-1.3403159999999736,-1.2966009999999737,SIN NF,1.8
17/01/2020,0+950,PE 11,,8931.56,9.6,-1.4399189999999655,-1.3974529999999656,SIN NF,0.0
21/01/2020,0+950,PE 11,117.311,8926.65,9.6,-1.3029299999999695,-1.2604639999999696,SIN NF,0.0
25/01/2020,0+950,PE 11,,8926.65,9.6,-1.3029299999999695,-1.2604639999999696,SIN NF,2.3
29/01/2020,0+950,PE 11,117.528,8922.01,9.6,-1.173473999999986,-1.1310079999999858,SIN NF,1.0
02/02/2020,0+950,PE 11,,8919.14,9.6,-1.0934009999999634,-1.0509349999999635,SIN NF,0.3
06/02/2020,0+950,PE 11,117.669,8905.62,9.6,-0.7161930000000021,-0.673727000000002,SIN NF,0.0
10/02/2020,0+950,PE 11,,8902.48,9.7,-0.6285869999999676,-0.5873699999999675,SIN NF,0.5
14/02/2020,0+950,PE 11,,8907.59,9.7,-0.7711559999999837,-0.7299389999999838,SIN NF,0.0
19/02/2020,0+950,PE 11,,8907.41,9.7,-0.7661339999999757,-0.7249169999999756,SIN NF,0.5
22/02/2020,0+950,PE 11,,8897.86,9.8,-0.49968899999999594,-0.45972099999999594,SIN NF,0.0
26/02/2020,0+950,PE 11,117.808,8896.96,9.8,-0.4745789999999554,-0.43461099999995545,SIN NF,0.0
01/03/2020,0+950,PE 11,,8892.56,9.9,-0.35181899999996546,-0.3130999999999655,SIN NF,0.0
06/03/2020,0+950,PE 11,,8894.1,9.9,-0.39478499999998984,-0.3560659999999899,SIN NF,0.3
13/03/2020,0+950,PE 11,,8884.4,10.0,-0.12415499999996954,-0.08668499999996955,SIN NF,5.6
22/03/2020,0+950,PE 11,,8882.17,10.1,-0.06193799999998173,-0.025716999999981723,SIN NF,1.0
26/03/2020,0+950,PE 11,,8874.87,10.2,0.14173199999999797,0.17670399999999797,115.141732,0.0
01/04/2020,0+950,PE 11,118.166,8879.48,10.3,0.01311300000003248,0.04683600000003247,115.01311300000003,12.2
10/04/2020,0+950,PE 11,118.117,8871.59,10.4,0.23324400000001624,0.2657180000000163,115.23324400000001,0.0
28/04/2020,0+950,PE 11,117.807,8869.85,10.7,0.28179000000001014,0.31051700000001015,115.28179000000002,1.5
07/05/2020,0+950,PE 11,117.621,8878.2,10.9,0.048825,0.075054,115.048825,0.6
14/05/2020,0+950,PE 11,117.473,8882.81,11.1,-0.07979399999996549,-0.05606299999996549,SIN NF,2.5999999999999996
22/05/2020,0+950,PE 11,117.286,8884.82,11.1,-0.13587299999997157,-0.11214199999997157,SIN NF,1.3
28/05/2020,0+950,PE 11,,8881.96,11.2,-0.056078999999955345,-0.033596999999955336,SIN NF,0.6
06/06/2020,0+950,PE 11,117.213,8896.75,11.2,-0.4687199999999797,-0.4462379999999797,SIN NF,0.0
12/06/2020,0+950,PE 11,117.205,8897.65,11.2,-0.4938299999999695,-0.47134799999996957,SIN NF,0.0
16/06/2020,0+950,PE 11,,8895.21,11.2,-0.42575399999995533,-0.40327199999995533,SIN NF,0.0
24/06/2020,0+950,PE 11,115.995,8897.65,11.2,-0.4938299999999695,-0.47134799999996957,SIN NF,0.0
03/07/2020,0+950,PE 11,,8898.5,11.2,-0.5175449999999797,-0.4950629999999797,SIN NF,0.0
10/07/2020,0+950,PE 11,115.826,8915.35,11.1,-0.9876599999999899,-0.9639289999999899,SIN NF,0.6
21/07/2020,0+950,PE 11,115.69,8908.49,11.1,-0.7962659999999736,-0.7725349999999737,SIN NF,12.0
28/07/2020,0+950,PE 11,115.268,8920.25,11.0,-1.1243699999999797,-1.0993899999999799,SIN NF,0.0
03/08/2020,0+950,PE 11,,8930.65,10.9,-1.4145299999999696,-1.3883009999999696,SIN NF,0.0
14/08/2020,0+950,PE 11,,8939.36,10.8,-1.657538999999996,-1.6300609999999962,SIN NF,2.8
24/08/2020,0+950,PE 11,,8932.25,10.7,-1.4591699999999799,-1.4304429999999797,SIN NF,1.5
30/08/2020,0+950,PE 11,,8922.47,10.6,-1.1863079999999615,-1.1563319999999615,SIN NF,0.0
07/09/2020,0+950,PE 11,,8937.12,10.5,-1.595043000000002,-1.563818000000002,SIN NF,0.0
12/09/2020,0+950,PE 11,,8943.58,10.4,-1.7752769999999776,-1.7428029999999775,SIN NF,1.0
21/09/2020,0+950,PE 11,,8939.57,10.3,-1.6633979999999715,-1.6296749999999713,SIN NF,0.5
25/09/2020,0+950,PE 11,114.013,8936.69,10.3,-1.583045999999994,-1.549322999999994,SIN NF,0.0
21/10/2020,0+950,PE 11,114.423,8936.69,10.0,-1.583045999999994,-1.5455759999999938,SIN NF,0.8
31/10/2020,0+950,PE 11,,8935.99,9.9,-1.5635159999999735,-1.5247969999999735,SIN NF,1.8
02/11/2020,0+950,PE 11,,8936.24,9.9,-1.5704909999999734,-1.5317719999999737,SIN NF,0.0
22/11/2020,0+950,PE 11,114.872,8943.37,9.7,-1.7694180000000022,-1.728201000000002,SIN NF,0.0
05/12/2020,0+950,PE 11,115.677,8928.89,9.7,-1.3654259999999636,-1.3242089999999636,SIN NF,0.0
24/01/2021,0+950,PE 11,116.424,8922.23,9.8,-1.1796119999999677,-1.1396439999999677,SIN NF,0.0
02/02/2021,0+950,PE 11,117.243,8911.79,9.8,-0.8883360000000041,-0.8483680000000042,SIN NF,0.0
12/02/2021,0+950,PE 11,117.266,8906.68,9.9,-0.7457669999999879,-0.7070479999999878,SIN NF,14.8
19/02/2021,0+950,PE 11,117.468,8900.84,10.0,-0.5828309999999838,-0.5453609999999837,SIN NF,0.0
27/02/2021,0+950,PE 11,117.468,8896.06,10.0,-0.4494689999999655,-0.4119989999999654,SIN NF,1.8
03/03/2021,0+950,PE 11,117.657,8889.69,10.1,-0.2717459999999939,-0.2355249999999939,SIN NF,0.0
16/03/2021,0+950,PE 11,117.843,8881.48,10.2,-0.04268699999996752,-0.007714999999967513,SIN NF,0.0
29/03/2021,0+950,PE 11,117.972,8882.17,10.3,-0.06193799999998173,-0.02821499999998174,SIN NF,0.0
05/04/2021,0+950,PE 11,117.866,8876.88,10.4,0.08565300000004263,0.11812700000004261,115.08565300000004,0.0
13/04/2021,0+950,PE 11,117.793,8879.74,10.6,0.00585900000002639,0.035835000000026394,115.00585900000003,0.0
20/04/2021,0+950,PE 11,117.824,8876.46,10.7,0.09737100000004466,0.12609800000004467,115.09737100000004,0.0
26/04/2021,0+950,PE 11,117.721,8881.96,10.8,-0.056078999999955345,-0.028600999999955353,SIN NF,0.0
05/05/2021,0+950,PE 11,117.721,8873.55,11.0,0.1785600000000406,0.2035400000000406,115.17856000000005,0.0
15/05/2021,0+950,PE 11,117.505,8878.63,11.1,0.03682800000004263,0.060559000000042634,115.03682800000004,0.0
26/05/2021,0+950,PE 11,117.394,8886.36,11.3,-0.17883899999999595,-0.15760599999999594,SIN NF,0.0
07/06/2021,0+950,PE 11,116.853,8896.06,11.4,-0.4494689999999655,-0.4294849999999655,SIN NF,0.0
28/06/2021,0+950,PE 11,116.552,8902.06,11.4,-0.6168689999999655,-0.5968849999999655,SIN NF,0.0
16/07/2021,0+950,PE 11,116.446,8917.59,11.3,-1.0501559999999837,-1.0289229999999836,SIN NF,2.1
13/08/2021,0+950,PE 11,115.936,8933.32,11.0,-1.4890229999999716,-1.4640429999999716,SIN NF,0.5
21/08/2021,0+950,PE 11,,8932.9,10.9,-1.4773049999999697,-1.4510759999999696,SIN NF,17.5
28/08/2021,0+950,PE 11,115.14,8938.45,10.9,-1.63215,-1.6059210000000002,SIN NF,3.4000000000000004
16/09/2021,0+950,PE 11,115.019,8940.48,10.6,-1.6887869999999676,-1.6588109999999676,SIN NF,0.8
27/09/2021,0+950,PE 11,114.781,8938.02,10.5,-1.620152999999992,-1.588927999999992,SIN NF,17.6
09/10/2021,0+950,PE 11,114.888,8940.27,10.4,-1.682927999999992,-1.6504539999999919,SIN NF,0.0
18/10/2021,0+950,PE 11,114.651,8939.57,10.3,-1.6633979999999715,-1.6296749999999713,SIN NF,0.0
31/10/2021,0+950,PE 11,114.736,8932.68,10.2,-1.471166999999988,-1.436194999999988,SIN NF,0.3
02/11/2021,0+950,PE 11,115.046,8939.15,10.2,-1.6516799999999696,-1.6167079999999694,SIN NF,0.0
09/11/2021,0+950,PE 11,115.629,8931.56,10.1,-1.4399189999999655,-1.4036979999999655,SIN NF,2.8
17/11/2021,0+950,PE 11,115.744,8934.44,10.1,-1.520270999999994,-1.4840499999999939,SIN NF,0.0
23/11/2021,0+950,PE 11,115.871,8935.78,10.1,-1.557656999999998,-1.521435999999998,SIN NF,0.0
30/11/2021,0+950,PE 11,115.981,8932.9,10.0,-1.4773049999999697,-1.4398349999999696,SIN NF,0.6
03/12/2021,0+950,PE 11,116.068,8929.32,10.0,-1.3774229999999716,-1.3399529999999715,SIN NF,
11/12/2021,0+950,PE 11,,8930.44,10.0,-1.408670999999994,-1.371200999999994,SIN NF,
19/01/2022,0+950,PE 11,117.333,8926.92,10.1,-1.3104629999999817,-1.2742419999999817,SIN NF,6.1
27/01/2022,0+950,PE 11,,8925.32,10.1,-1.2658229999999717,-1.2296019999999717,SIN NF,
11/02/2022,0+950,PE 11,117.602,8916.47,10.2,-1.0189079999999615,-0.9839359999999615,SIN NF,1.8
02/03/2022,0+950,PE 11,117.164,8910.03,10.4,-0.8392319999999979,-0.8067579999999979,SIN NF,21.1
09/03/2022,0+950,PE 11,117.109,8906.26,10.5,-0.7340489999999857,-0.7028239999999858,SIN NF,
18/03/2022,0+950,PE 11,117.075,8897.39,10.6,-0.4865759999999635,-0.4565999999999635,SIN NF,
25/03/2022,0+950,PE 11,117.031,8905.83,10.8,-0.7220519999999776,-0.6945739999999777,SIN NF,
03/04/2022,0+950,PE 11,117.031,8932.9,10.0,-1.4773049999999697,-1.4398349999999696,SIN NF,
03/04/2022,0+950,PE 11,117.031,8903.81,10.9,-0.6656939999999655,-0.6394649999999655,SIN NF,22.4
10/04/2022,0+950,PE 11,116.875,8905.35,11.1,-0.7086599999999899,-0.6849289999999899,SIN NF,
17/04/2022,0+950,PE 11,116.697,8914.45,11.2,-0.96255,-0.940068,SIN NF,0.0
25/04/2022,0+950,PE 11,,8924.25,11.2,-1.2359699999999796,-1.2134879999999797,SIN NF,
30/04/2022,0+950,PE 11,116.404,8916.9,11.3,-1.0309049999999695,-1.0096719999999695,SIN NF,12.3
09/05/2022,0+950,PE 11,116.254,8922.23,11.3,-1.1796119999999677,-1.1583789999999676,SIN NF,9.8
17/05/2022,0+950,PE 11,116.171,8920.25,11.3,-1.1243699999999797,-1.1031369999999798,SIN NF,
23/05/2022,0+950,PE 11,116.171,8930.92,11.4,-1.4220629999999819,-1.4020789999999819,SIN NF,
30/05/2022,0+950,PE 11,115.942,8927.77,11.4,-1.3341779999999919,-1.3141939999999919,SIN NF,0.0
09/06/2022,0+950,PE 11,115.747,8933.11,11.4,-1.483163999999996,-1.4631799999999962,SIN NF,
16/06/2022,0+950,PE 11,115.555,8941.34,11.4,-1.7127809999999837,-1.6927969999999837,SIN NF,2.5
23/06/2022,0+950,PE 11,115.387,8933.11,11.3,-1.483163999999996,-1.461930999999996,SIN NF,
01/07/2022,0+950,PE 11,115.304,8940.7,11.2,-1.694925,-1.672443,SIN NF,4.2
09/07/2022,0+950,PE 11,115.108,8944.01,11.2,-1.7872739999999858,-1.764791999999986,SIN NF,
17/07/2022,0+950,PE 11,,8943.16,11.1,-1.7635589999999757,-1.7398279999999755,SIN NF,1.0
28/07/2022,0+950,PE 11,114.667,8941.34,11.0,-1.7127809999999837,-1.6878009999999837,SIN NF,0.3
05/08/2022,0+950,PE 11,114.191,8934.93,10.9,-1.5339419999999877,-1.5077129999999879,SIN NF,
13/08/2022,0+950,PE 11,114.139,8944.49,10.8,-1.8006659999999737,-1.7731879999999738,SIN NF,3.1
19/08/2022,0+950,PE 11,114.136,8933.8,10.7,-1.5024149999999594,-1.4736879999999593,SIN NF,8.6
29/08/2022,0+950,PE 11,,8932.47,10.6,-1.4653079999999614,-1.4353319999999614,SIN NF,
01/03/2023,0+950,PE 11,116.755,8898.5,10.3,-0.5175449999999797,-0.4838219999999797,SIN NF,23.5
10/03/2023,0+950,PE 11,,8897.17,10.4,-0.48043799999998177,-0.44796399999998177,SIN NF,
18/03/2023,0+950,PE 11,116.743,8885.93,10.6,-0.16684199999998783,-0.13686599999998783,SIN NF,
26/03/2023,0+950,PE 11,116.526,8887.68,10.8,-0.21566699999998784,-0.18818899999998787,SIN NF,1.6
02/04/2023,0+950,PE 11,116.536,8889.93,10.9,-0.2784419999999878,-0.2522129999999878,SIN NF,
09/04/2023,0+950,PE 11,116.374,8892.77,11.1,-0.3576779999999919,-0.3339469999999919,SIN NF,
15/04/2023,0+950,PE 11,116.266,8892.77,11.2,-0.3576779999999919,-0.3351959999999919,SIN NF,
23/04/2023,0+950,PE 11,116.266,8900.24,11.3,-0.5660909999999736,-0.5448579999999736,SIN NF,6.5
09/05/2023,0+950,PE 11,115.969,8893.67,11.5,-0.38278799999998175,-0.36405299999998175,SIN NF,
27/05/2023,0+950,PE 11,115.73,8898.0,11.3,-0.5035949999999797,-0.4823619999999797,SIN NF,13.8
07/06/2023,0+950,PE 11,115.647,8909.13,11.7,-0.8141219999999574,-0.7978849999999574,SIN NF,
14/06/2023,0+950,PE 11,,8907.37,11.7,-0.765018000000002,-0.748781000000002,SIN NF,
23/06/2023,0+950,PE 11,115.565,8915.14,11.7,-0.9818009999999634,-0.9655639999999635,SIN NF,
30/06/2023,0+950,PE 11,115.354,8916.26,11.7,-1.0130489999999859,-0.9968119999999858,SIN NF,25.4
08/07/2023,0+950,PE 11,115.156,8917.11,11.6,-1.036763999999996,-1.019277999999996,SIN NF,
14/07/2023,0+950,PE 11,115.008,8922.65,11.6,-1.1913299999999696,-1.1738439999999695,SIN NF,
29/07/2023,0+950,PE 11,114.831,8943.58,11.4,-1.7752769999999776,-1.7552929999999776,SIN NF,
06/08/2023,0+950,PE 11,114.831,8935.14,11.4,-1.5398009999999633,-1.5198169999999633,SIN NF,
14/08/2023,0+950,PE 11,114.629,8941.82,11.3,-1.7261729999999715,-1.7049399999999715,SIN NF,
23/08/2023,0+950,PE 11,114.391,8941.82,11.1,-1.7261729999999715,-1.7024419999999714,SIN NF,3.8
04/09/2023,0+950,PE 11,114.309,8934.14,11.0,-1.5119009999999635,-1.4869209999999635,SIN NF,
09/09/2023,0+950,PE 11,114.221,8940.7,10.9,-1.694925,-1.6686960000000002,SIN NF,
15/09/2023,0+950,PE 11,114.221,8946.26,10.8,-1.8500489999999858,-1.822570999999986,SIN NF,
24/09/2023,0+950,PE 11,114.131,8938.02,10.7,-1.620152999999992,-1.591425999999992,SIN NF,22.1
01/10/2023,0+950,PE 11,114.069,8942.25,10.6,-1.7381699999999798,-1.70819399999998,SIN NF,
09/10/2023,0+950,PE 11,114.1,8944.14,10.5,-1.7909009999999634,-1.7596759999999636,SIN NF,
16/10/2023,0+950,PE 11,114.18,8938.24,10.4,-1.6262909999999735,-1.5938169999999734,SIN NF,0.8
29/10/2023,0+950,PE 11,114.254,8944.28,10.3,-1.7948069999999978,-1.7610839999999979,SIN NF,5.6
03/11/2023,0+950,PE 11,114.306,8934.02,10.2,-1.5085529999999918,-1.4735809999999918,SIN NF,
10/11/2023,0+950,PE 11,114.306,8940.84,8.5,-1.6988309999999835,-1.6426259999999835,SIN NF,
17/11/2023,0+950,PE 11,114.328,8943.16,10.1,-1.7635589999999757,-1.7273379999999756,SIN NF,5.5
27/01/2019,0+950,PE 13,,8882.38,,-0.2580574999999822,-0.1960522999999822,SIN NF,
08/02/2019,0+950,PE 13,,8883.28,,-0.28258250000002183,-0.2205773000000218,SIN NF,
25/03/2019,0+950,PE 13,,8874.45,11.6,-0.041965000000023796,-0.024086200000023792,SIN NF,
07/04/2019,0+950,PE 13,,8878.84,11.7,-0.16159250000000794,-0.14409410000000794,SIN NF,
11/04/2019,0+950,PE 13,,8878.63,11.6,-0.15586999999998216,-0.13799119999998216,SIN NF,
15/04/2019,0+950,PE 13,,8883.2,11.7,-0.2804025000000238,-0.2629041000000238,SIN NF,
19/04/2019,0+950,PE 13,,8880.64,11.7,-0.2106424999999881,-0.1931440999999881,SIN NF,
26/04/2019,0+950,PE 13,,8883.2,11.7,-0.2804025000000238,-0.2629041000000238,SIN NF,
29/04/2019,0+950,PE 13,,8881.85,11.7,-0.2436150000000139,-0.2261166000000139,SIN NF,
03/05/2019,0+950,PE 13,117.567,8880.42,11.7,-0.20464750000000598,-0.18714910000000598,SIN NF,
07/05/2019,0+950,PE 13,117.493,8878.84,11.7,-0.16159250000000794,-0.14409410000000794,SIN NF,
11/05/2019,0+950,PE 13,,8884.4,11.7,-0.31310249999999407,-0.29560409999999404,SIN NF,
13/05/2019,0+950,PE 13,,8880.64,11.7,-0.2106424999999881,-0.1931440999999881,SIN NF,
16/05/2019,0+950,PE 13,,8886.14,11.7,-0.3605174999999881,-0.34301909999998814,SIN NF,
20/05/2019,0+950,PE 13,,8878.41,11.7,-0.149875,-0.1323766,SIN NF,
24/05/2019,0+950,PE 13,117.348,8886.14,11.7,-0.3605174999999881,-0.34301909999998814,SIN NF,
27/05/2019,0+950,PE 13,,8883.92,11.3,-0.30002250000000596,-0.28100250000000593,SIN NF,
31/05/2019,0+950,PE 13,117.298,8881.0,11.7,-0.22045250000000396,-0.20295410000000397,SIN NF,
04/06/2019,0+950,PE 13,,8890.12,11.7,-0.4689725000000258,-0.45147410000002575,SIN NF,
08/06/2019,0+950,PE 13,,8889.91,11.7,-0.46325000000000005,-0.44575159999999997,SIN NF,
10/06/2019,0+950,PE 13,,8884.13,11.7,-0.30574499999998217,-0.28824659999998214,SIN NF,
14/06/2019,0+950,PE 13,,8876.19,11.7,-0.08938000000001785,-0.07188160000001784,SIN NF,
17/06/2019,0+950,PE 13,,8879.95,11.7,-0.1918400000000238,-0.1743416000000238,SIN NF,
21/06/2019,0+950,PE 13,,8884.82,11.7,-0.32454749999999605,-0.307049099999996,SIN NF,
24/06/2019,0+950,PE 13,116.701,8880.42,11.7,-0.20464750000000598,-0.18714910000000598,SIN NF,0.5
28/06/2019,0+950,PE 13,,8875.77,11.7,-0.07793500000001587,-0.060436600000015855,SIN NF,1.3
01/07/2019,0+950,PE 13,,8881.06,11.7,-0.22208749999999008,-0.2045890999999901,SIN NF,0.5
06/07/2019,0+950,PE 13,,8874.02,11.7,-0.030247500000015862,-0.012749100000015856,SIN NF,0.3
08/07/2019,0+950,PE 13,,8874.87,11.7,-0.05341000000002578,-0.035911600000025766,SIN NF,0.0
13/07/2019,0+950,PE 13,116.354,8877.99,11.7,-0.13842999999999803,-0.12093159999999803,SIN NF,1.3
15/07/2019,0+950,PE 13,,8881.27,11.7,-0.22781000000001586,-0.21031160000001586,SIN NF,0.3
19/07/2019,0+950,PE 13,116.255,8883.07,11.7,-0.27685999999999605,-0.25936159999999603,SIN NF,0.3
22/07/2019,0+950,PE 13,,8876.67,11.7,-0.10246000000000595,-0.08496160000000594,SIN NF,0.0
26/07/2019,0+950,PE 13,115.983,8876.46,11.7,-0.09673749999998017,-0.07923909999998016,SIN NF,0.0
29/07/2019,0+950,PE 13,115.915,8875.77,11.7,-0.07793500000001587,-0.060436600000015855,SIN NF,1.3
02/08/2019,0+950,PE 13,115.862,8872.91,11.7,0.0,0.017498400000000008,116.39,1.5
05/08/2019,0+950,PE 13,,8879.1,11.7,-0.16867750000001389,-0.1511791000000139,SIN NF,0.0
09/08/2019,0+950,PE 13,,8872.91,11.7,0.0,0.017498400000000008,116.39,0.0
12/08/2019,0+950,PE 13,115.68,8867.63,11.7,0.14388000000001785,0.16137840000001785,116.53388000000002,0.0
16/08/2019,0+950,PE 13,,8874.66,11.7,-0.0476875,-0.0301891,SIN NF,0.0
19/08/2019,0+950,PE 13,,8869.37,11.7,0.09646499999997422,0.11396339999997422,116.48646499999998,0.0
23/08/2019,0+950,PE 13,115.507,8875.56,11.7,-0.07221249999999009,-0.05471409999999008,SIN NF,1.5
26/08/2019,0+950,PE 13,,8879.31,11.7,-0.1743999999999901,-0.1569015999999901,SIN NF,0.8
30/08/2019,0+950,PE 13,115.318,8876.19,11.7,-0.08938000000001785,-0.07188160000001784,SIN NF,0.0
03/09/2019,0+950,PE 13,115.167,8868.53,11.7,0.11935499999997819,0.1368533999999782,116.50935499999999,0.3
07/09/2019,0+950,PE 13,,8873.13,11.7,-0.005994999999982156,0.01150340000001785,116.38400500000002,0.0
11/09/2019,0+950,PE 13,,8878.63,11.7,-0.15586999999998216,-0.13837159999998216,SIN NF,0.0
15/09/2019,0+950,PE 13,,8875.56,11.7,-0.07221249999999009,-0.05471409999999008,SIN NF,0.3
20/09/2019,0+950,PE 13,,8882.17,11.7,-0.25233500000000597,-0.23483660000000595,SIN NF,18.8
27/09/2019,0+950,PE 13,,8878.41,11.7,-0.149875,-0.1323766,SIN NF,0.0
30/09/2019,0+950,PE 13,,8878.2,11.7,-0.1441525000000238,-0.1266541000000238,SIN NF,0.0
04/10/2019,0+950,PE 13,114.958,8875.98,11.7,-0.08365749999999207,-0.06615909999999206,SIN NF,0.0
08/10/2019,0+950,PE 13,,8877.09,11.7,-0.11390500000000793,-0.09640660000000792,SIN NF,0.0
12/10/2019,0+950,PE 13,,8876.19,11.6,-0.08938000000001785,-0.07150120000001785,SIN NF,0.3
17/10/2019,0+950,PE 13,,8876.46,11.6,-0.09673749999998017,-0.07885869999998017,SIN NF,0.0
21/10/2019,0+950,PE 13,,8874.24,11.6,-0.03624249999999802,-0.018363699999998016,SIN NF,0.0
24/10/2019,0+950,PE 13,,8878.41,11.6,-0.149875,-0.1319962,SIN NF,0.0
28/10/2019,0+950,PE 13,,8880.42,11.6,-0.20464750000000598,-0.18676870000000598,SIN NF,0.0
01/11/2019,0+950,PE 13,,8878.63,11.6,-0.15586999999998216,-0.13799119999998216,SIN NF,0.0
04/11/2019,0+950,PE 13,,8883.07,11.6,-0.27685999999999605,-0.258981199999996,SIN NF,0.0
09/11/2019,0+950,PE 13,115.173,8871.17,11.6,0.04741499999999405,0.06529379999999406,116.437415,0.3
13/11/2019,0+950,PE 13,115.173,8878.41,11.6,-0.149875,-0.1319962,SIN NF,0.8
17/11/2019,0+950,PE 13,,8885.03,11.6,-0.3302700000000218,-0.3123912000000218,SIN NF,10.7
20/11/2019,0+950,PE 13,,8878.2,11.6,-0.1441525000000238,-0.1262737000000238,SIN NF,4.8
25/11/2019,0+950,PE 13,,8881.27,11.6,-0.22781000000001586,-0.20993120000001586,SIN NF,9.1
29/11/2019,0+950,PE 13,115.728,8879.74,11.6,-0.18611749999999802,-0.16823869999999802,SIN NF,1.3
03/12/2019,0+950,PE 13,115.803,8872.7,11.5,0.005722499999976208,0.023981699999976208,116.39572249999998,5.3
07/12/2019,0+950,PE 13,,8876.19,11.5,-0.08938000000001785,-0.07112080000001786,SIN NF,0.0
11/12/2019,0+950,PE 13,116.171,8877.3,11.5,-0.11962749999998414,-0.10136829999998413,SIN NF,12.2
14/12/2019,0+950,PE 13,116.31,8879.31,11.5,-0.1743999999999901,-0.1561407999999901,SIN NF,1.0
18/12/2019,0+950,PE 13,,8884.61,11.5,-0.31882500000001984,-0.3005658000000198,SIN NF,0.0
04/01/2020,0+950,PE 13,,8877.09,11.5,-0.11390500000000793,-0.09564580000000793,SIN NF,0.0
09/01/2020,0+950,PE 13,,8881.06,11.4,-0.22208749999999008,-0.20344789999999008,SIN NF,0.0
13/01/2020,0+950,PE 13,117.135,8876.19,11.4,-0.08938000000001785,-0.07074040000001784,SIN NF,1.8
17/01/2020,0+950,PE 13,,8879.95,11.4,-0.1918400000000238,-0.17320040000002382,SIN NF,0.0
21/01/2020,0+950,PE 13,117.311,8875.98,11.4,-0.08365749999999207,-0.06501789999999207,SIN NF,0.0
25/01/2020,0+950,PE 13,,8879.53,11.4,-0.18039500000002182,-0.16175540000002184,SIN NF,2.3
29/01/2020,0+950,PE 13,117.528,8877.09,11.4,-0.11390500000000793,-0.09526540000000792,SIN NF,1.0
02/02/2020,0+950,PE 13,,8880.16,11.4,-0.1975625,-0.1789229,SIN NF,0.3
06/02/2020,0+950,PE 13,117.669,8871.59,11.3,0.03596999999999207,0.05498999999999207,116.42596999999999,0.0
10/02/2020,0+950,PE 13,,8873.55,11.3,-0.01743999999998414,0.0015800000000158623,116.37256000000002,0.5
14/02/2020,0+950,PE 13,,8883.5,11.3,-0.288577500000004,-0.26955750000000395,SIN NF,0.0
19/02/2020,0+950,PE 13,,8884.02,11.3,-0.3027475000000159,-0.28372750000001584,SIN NF,0.5
22/02/2020,0+950,PE 13,,8878.63,11.3,-0.15586999999998216,-0.13684999999998218,SIN NF,0.0
26/02/2020,0+950,PE 13,117.808,8880.16,11.3,-0.1975625,-0.1785425,SIN NF,0.0
01/03/2020,0+950,PE 13,,8877.78,11.3,-0.13270750000002182,-0.11368750000002183,SIN NF,0.0
06/03/2020,0+950,PE 13,,8883.28,11.3,-0.28258250000002183,-0.2635625000000218,SIN NF,0.3
13/03/2020,0+950,PE 13,,8878.2,11.3,-0.1441525000000238,-0.1251325000000238,SIN NF,5.6
22/03/2020,0+950,PE 13,,8880.64,11.3,-0.2106424999999881,-0.19162249999998812,SIN NF,1.0
26/03/2020,0+950,PE 13,,8877.3,11.2,-0.11962749999998414,-0.10022709999998414,SIN NF,0.0
01/04/2020,0+950,PE 13,118.166,8874.87,10.5,-0.05341000000002578,-0.03134680000002577,SIN NF,12.2
10/04/2020,0+950,PE 13,118.117,8875.98,11.2,-0.08365749999999207,-0.06425709999999206,SIN NF,0.0
28/04/2020,0+950,PE 13,117.807,8874.66,11.2,-0.0476875,-0.028287099999999996,SIN NF,1.5
07/05/2020,0+950,PE 13,117.621,8882.17,11.2,-0.25233500000000597,-0.23293460000000593,SIN NF,0.6
14/05/2020,0+950,PE 13,117.473,8879.74,11.1,-0.18611749999999802,-0.16633669999999803,SIN NF,2.5999999999999996
22/05/2020,0+950,PE 13,117.286,8879.95,11.1,-0.1918400000000238,-0.1720592000000238,SIN NF,1.3
28/05/2020,0+950,PE 13,,8873.81,11.1,-0.024524999999990086,-0.004744199999990082,SIN NF,0.6
06/06/2020,0+950,PE 13,117.213,8885.93,11.1,-0.3547950000000119,-0.3350142000000119,SIN NF,0.0
12/06/2020,0+950,PE 13,117.205,8884.4,11.1,-0.31310249999999407,-0.293321699999994,SIN NF,0.0
16/06/2020,0+950,PE 13,,8879.31,11.1,-0.1743999999999901,-0.1546191999999901,SIN NF,0.0
24/06/2020,0+950,PE 13,115.995,8877.09,11.1,-0.11390500000000793,-0.09412420000000793,SIN NF,0.0
03/07/2020,0+950,PE 13,,8874.24,11.1,-0.03624249999999802,-0.016461699999998015,SIN NF,0.0
10/07/2020,0+950,PE 13,115.826,8885.46,11.0,-0.3419874999999802,-0.3218262999999802,SIN NF,0.6
21/07/2020,0+950,PE 13,115.69,8868.53,11.0,0.11935499999997819,0.1395161999999782,116.50935499999999,12.0
28/07/2020,0+950,PE 13,115.268,8875.56,11.0,-0.07221249999999009,-0.05205129999999009,SIN NF,0.0
03/08/2020,0+950,PE 13,,8882.17,11.0,-0.25233500000000597,-0.23217380000000598,SIN NF,0.0
14/08/2020,0+950,PE 13,,8883.92,10.9,-0.30002250000000596,-0.27948090000000597,SIN NF,2.8
24/08/2020,0+950,PE 13,,8875.56,10.9,-0.07221249999999009,-0.05167089999999008,SIN NF,1.5
30/08/2020,0+950,PE 13,,8875.35,10.9,-0.06649000000001389,-0.04594840000001388,SIN NF,0.0
07/09/2020,0+950,PE 13,,8880.42,10.9,-0.20464750000000598,-0.18410590000000598,SIN NF,0.0
12/09/2020,0+950,PE 13,,8886.57,10.9,-0.37223499999999604,-0.35169339999999605,SIN NF,1.0
21/09/2020,0+950,PE 13,,8882.6,10.8,-0.26405250000001385,-0.24313050000001388,SIN NF,0.5
25/09/2020,0+950,PE 13,114.013,8879.1,10.8,-0.16867750000001389,-0.1477555000000139,SIN NF,0.0
21/10/2020,0+950,PE 13,114.423,8879.1,10.8,-0.16867750000001389,-0.1477555000000139,SIN NF,0.8
31/10/2020,0+950,PE 13,,8877.78,10.8,-0.13270750000002182,-0.11178550000002183,SIN NF,1.8
02/11/2020,0+950,PE 13,,8878.01,10.7,-0.13897500000000992,-0.11767260000000992,SIN NF,0.0
22/11/2020,0+950,PE 13,114.872,8885.03,10.7,-0.3302700000000218,-0.3089676000000218,SIN NF,0.0
05/12/2020,0+950,PE 13,115.677,8877.99,10.7,-0.13842999999999803,-0.11712759999999803,SIN NF,0.0
24/01/2021,0+950,PE 13,116.424,8886.57,10.6,-0.37223499999999604,-0.35055219999999604,SIN NF,0.0
02/02/2021,0+950,PE 13,117.243,8880.16,10.0,-0.1975625,-0.1735973,SIN NF,0.0
12/02/2021,0+950,PE 13,117.266,8881.06,10.6,-0.22208749999999008,-0.20040469999999008,SIN NF,14.8
21/02/2021,0+950,PE 13,117.468,8881.48,10.6,-0.23353249999999207,-0.21184969999999206,SIN NF,0.0
27/02/2021,0+950,PE 13,117.468,8880.85,10.6,-0.21636500000001388,-0.19468220000001388,SIN NF,1.8
03/03/2021,0+950,PE 13,117.657,8876.46,10.6,-0.09673749999998017,-0.07505469999998017,SIN NF,0.0
16/03/2021,0+950,PE 13,117.843,8864.87,10.0,0.21908999999997425,0.24305519999997421,116.60908999999998,0.0
29/03/2021,0+950,PE 13,117.972,8881.06,10.6,-0.22208749999999008,-0.20040469999999008,SIN NF,0.0
05/04/2021,0+950,PE 13,117.866,8877.51,10.6,-0.12535000000000993,-0.10366720000000991,SIN NF,0.0
13/04/2021,0+950,PE 13,117.793,8881.48,10.6,-0.23353249999999207,-0.21184969999999206,SIN NF,0.0
20/04/2021,0+950,PE 13,117.824,8877.09,10.6,-0.11390500000000793,-0.09222220000000793,SIN NF,0.0
26/04/2021,0+950,PE 13,117.721,8883.5,10.6,-0.288577500000004,-0.2668947000000039,SIN NF,0.0
05/05/2021,0+950,PE 13,117.721,8874.66,10.6,-0.0476875,-0.026004700000000002,SIN NF,0.0
15/05/2021,0+950,PE 13,117.505,8878.2,10.5,-0.1441525000000238,-0.12208930000002378,SIN NF,0.0
26/05/2021,0+950,PE 13,117.394,8882.81,10.5,-0.26977499999999005,-0.24771179999999007,SIN NF,0.0
07/06/2021,0+950,PE 13,116.853,8885.72,10.5,-0.34907249999998613,-0.3270092999999861,SIN NF,0.0
28/06/2021,0+950,PE 13,116.552,8876.67,10.5,-0.10246000000000595,-0.08039680000000594,SIN NF,0.0
16/07/2021,0+950,PE 13,116.446,8881.96,10.5,-0.2466124999999802,-0.22454929999998016,SIN NF,2.1
13/08/2021,0+950,PE 13,115.936,8882.38,10.5,-0.2580574999999822,-0.23599429999998214,SIN NF,0.5
21/08/2021,0+950,PE 13,,8878.41,10.5,-0.149875,-0.1278118,SIN NF,17.5
28/08/2021,0+950,PE 13,115.14,8883.28,10.5,-0.28258250000002183,-0.2605193000000218,SIN NF,3.4000000000000004
16/09/2021,0+950,PE 13,115.019,8884.13,10.4,-0.30574499999998217,-0.28330139999998216,SIN NF,0.8
27/09/2021,0+950,PE 13,114.781,8881.48,10.4,-0.23353249999999207,-0.21108889999999206,SIN NF,17.6
09/10/2021,0+950,PE 13,114.888,8883.71,10.4,-0.2942999999999802,-0.2718563999999801,SIN NF,0.0
18/10/2021,0+950,PE 13,114.651,8882.6,10.4,-0.26405250000001385,-0.24160890000001384,SIN NF,0.0
31/10/2021,0+950,PE 13,114.736,8875.98,10.4,-0.08365749999999207,-0.06121389999999207,SIN NF,0.3
02/11/2021,0+950,PE 13,115.046,8883.5,10.4,-0.288577500000004,-0.2661339000000039,SIN NF,0.0
09/11/2021,0+950,PE 13,115.629,8881.48,10.4,-0.23353249999999207,-0.21108889999999206,SIN NF,2.8
17/11/2021,0+950,PE 13,115.744,8884.61,10.4,-0.31882500000001984,-0.29638140000001983,SIN NF,0.0
23/11/2021,0+950,PE 13,115.871,8885.93,10.4,-0.3547950000000119,-0.3323514000000119,SIN NF,0.0
30/11/2021,0+950,PE 13,115.981,8883.28,10.4,-0.28258250000002183,-0.2601389000000218,SIN NF,0.6
03/12/2021,0+950,PE 13,116.068,8878.63,10.4,-0.15586999999998216,-0.13342639999998218,SIN NF,
11/12/2021,0+950,PE 13,,8880.42,10.4,-0.20464750000000598,-0.18220390000000597,SIN NF,
19/01/2022,0+950,PE 13,117.333,8877.09,10.3,-0.11390500000000793,-0.09108100000000793,SIN NF,6.1
27/01/2022,0+950,PE 13,,8880.64,10.3,-0.2106424999999881,-0.1878184999999881,SIN NF,
11/02/2022,0+950,PE 13,117.602,8879.74,10.3,-0.18611749999999802,-0.16329349999999804,SIN NF,1.8
02/03/2022,0+950,PE 13,117.164,8885.24,10.3,-0.33599249999999803,-0.313168499999998,SIN NF,21.1
09/03/2022,0+950,PE 13,117.109,8883.92,10.3,-0.30002250000000596,-0.2771985000000059,SIN NF,
18/03/2022,0+950,PE 13,117.075,8877.3,10.3,-0.11962749999998414,-0.09680349999998414,SIN NF,
25/03/2022,0+950,PE 13,117.031,8888.37,10.3,-0.42128500000002583,-0.3984610000000258,SIN NF,
03/04/2022,0+950,PE 13,117.031,8885.46,10.3,-0.3419874999999802,-0.3191634999999802,SIN NF,22.4
10/04/2022,0+950,PE 13,116.875,8881.48,10.3,-0.23353249999999207,-0.21070849999999208,SIN NF,
17/04/2022,0+950,PE 13,116.697,8884.4,10.3,-0.31310249999999407,-0.29027849999999406,SIN NF,0.0
25/04/2022,0+950,PE 13,,8889.22,10.3,-0.4444474999999861,-0.4216234999999861,SIN NF,
30/04/2022,0+950,PE 13,116.404,8880.16,10.3,-0.1975625,-0.1747385,SIN NF,12.3
09/05/2022,0+950,PE 13,116.254,8883.07,10.3,-0.27685999999999605,-0.25403599999999604,SIN NF,9.8
17/05/2022,0+950,PE 13,116.171,8878.2,10.3,-0.1441525000000238,-0.1213285000000238,SIN NF,
23/05/2022,0+950,PE 13,116.171,8886.36,10.3,-0.36651250000001984,-0.3436885000000198,SIN NF,
30/05/2022,0+950,PE 13,115.942,8878.2,10.3,-0.1441525000000238,-0.1213285000000238,SIN NF,0.0
09/06/2022,0+950,PE 13,115.747,8878.2,10.3,-0.1441525000000238,-0.1213285000000238,SIN NF,
16/06/2022,0+950,PE 13,115.555,8887.68,10.3,-0.4024825000000119,-0.3796585000000119,SIN NF,2.5
23/06/2022,0+950,PE 13,115.387,8877.51,10.3,-0.12535000000000993,-0.10252600000000991,SIN NF,
01/07/2022,0+950,PE 13,115.304,8885.03,10.3,-0.3302700000000218,-0.3074460000000218,SIN NF,4.2
09/07/2022,0+950,PE 13,115.108,8888.37,10.2,-0.42128500000002583,-0.3980806000000258,SIN NF,
17/07/2022,0+950,PE 13,,8888.58,10.2,-0.427007500000002,-0.403803100000002,SIN NF,1.0
28/07/2022,0+950,PE 13,114.667,8885.46,10.2,-0.3419874999999802,-0.31878309999998017,SIN NF,0.3
05/08/2022,0+950,PE 13,114.191,8877.78,10.2,-0.13270750000002182,-0.10950310000002181,SIN NF,
13/08/2022,0+950,PE 13,114.139,8891.44,10.2,-0.5049425000000178,-0.4817381000000179,SIN NF,3.1
19/08/2022,0+950,PE 13,114.136,8884.82,10.2,-0.32454749999999605,-0.30134309999999603,SIN NF,8.6
29/08/2022,0+950,PE 13,,8883.07,10.2,-0.27685999999999605,-0.25365559999999604,SIN NF,
01/03/2023,0+950,PE 13,116.755,8886.78,10.2,-0.3779575000000218,-0.3547531000000218,SIN NF,23.5
10/03/2023,0+950,PE 13,,8888.58,10.2,-0.427007500000002,-0.403803100000002,SIN NF,
18/03/2023,0+950,PE 13,116.743,8881.27,10.2,-0.22781000000001586,-0.20460560000001585,SIN NF,
26/03/2023,0+950,PE 13,116.526,8883.13,10.2,-0.2784949999999822,-0.25529059999998216,SIN NF,1.6
02/04/2023,0+950,PE 13,116.536,8883.07,10.2,-0.27685999999999605,-0.25365559999999604,SIN NF,
09/04/2023,0+950,PE 13,116.374,8883.07,10.2,-0.27685999999999605,-0.25365559999999604,SIN NF,
15/04/2023,0+950,PE 13,116.266,8880.16,10.2,-0.1975625,-0.1743581,SIN NF,
23/04/2023,0+950,PE 13,116.266,8884.13,10.2,-0.30574499999998217,-0.2825405999999821,SIN NF,6.5
09/05/2023,0+950,PE 13,115.969,8878.63,10.2,-0.15586999999998216,-0.13266559999998215,SIN NF,
27/05/2023,0+950,PE 13,115.73,8877.78,10.2,-0.13270750000002182,-0.10950310000002181,SIN NF,13.8
07/06/2023,0+950,PE 13,115.647,8887.89,10.2,-0.40820499999998816,-0.3850005999999881,SIN NF,
14/06/2023,0+950,PE 13,,8883.5,10.2,-0.288577500000004,-0.2653731000000039,SIN NF,
23/06/2023,0+950,PE 13,115.565,8887.47,10.2,-0.3967599999999861,-0.3735555999999861,SIN NF,
30/06/2023,0+950,PE 13,115.354,8884.82,10.2,-0.32454749999999605,-0.30134309999999603,SIN NF,25.4
08/07/2023,0+950,PE 13,115.156,8880.16,10.2,-0.1975625,-0.1743581,SIN NF,
14/07/2023,0+950,PE 13,115.008,8882.38,10.1,-0.2580574999999822,-0.2344726999999822,SIN NF,
29/07/2023,0+950,PE 13,114.831,8895.42,10.2,-0.6133975000000059,-0.590193100000006,SIN NF,
06/08/2023,0+950,PE 13,114.831,8881.48,10.2,-0.23353249999999207,-0.21032809999999205,SIN NF,
14/08/2023,0+950,PE 13,114.629,8889.01,10.1,-0.4387250000000099,-0.4151402000000099,SIN NF,
23/08/2023,0+950,PE 13,114.391,8888.1,10.1,-0.41392750000001394,-0.3903427000000139,SIN NF,3.8
04/09/2023,0+950,PE 13,114.309,8879.1,10.1,-0.16867750000001389,-0.1450927000000139,SIN NF,
09/09/2023,0+950,PE 13,114.221,8886.14,10.1,-0.3605174999999881,-0.33693269999998815,SIN NF,
15/09/2023,0+950,PE 13,114.221,8892.08,10.1,-0.522382500000002,-0.49879770000000195,SIN NF,
24/09/2023,0+950,PE 13,114.131,8881.75,10.1,-0.24089000000000396,-0.21730520000000397,SIN NF,22.1
01/10/2023,0+950,PE 13,114.069,8887.47,10.1,-0.3967599999999861,-0.3731751999999861,SIN NF,
09/10/2023,0+950,PE 13,114.1,8889.69,10.1,-0.45725500000001784,-0.4336702000000178,SIN NF,
16/10/2023,0+950,PE 13,114.18,8882.17,10.1,-0.25233500000000597,-0.22875020000000598,SIN NF,0.8
29/10/2023,0+950,PE 13,114.254,8889.91,10.1,-0.46325000000000005,-0.4396652,SIN NF,5.6
03/11/2023,0+950,PE 13,114.306,8884.82,10.1,-0.32454749999999605,-0.30096269999999603,SIN NF,
10/11/2023,0+950,PE 13,114.306,8891.44,10.1,-0.5049425000000178,-0.4813577000000178,SIN NF,
17/11/2023,0+950,PE 13,114.328,8894.31,10.1,-0.5831499999999901,-0.5595651999999901,SIN NF,5.5
27/01/2019,0+950,PE 14,,9019.65,,-0.18163149999997982,-0.12263829999997983,SIN NF,
08/02/2019,0+950,PE 14,,9022.87,,-0.27092210000001216,-0.21192890000001213,SIN NF,
05/03/2019,0+950,PE 14,,9004.5,10.5,0.2384780000000101,0.2483102000000101,115.13847800000002,
25/03/2019,0+950,PE 14,,8989.23,10.7,0.6619151000000222,0.6708109000000222,115.56191510000002,
07/04/2019,0+950,PE 14,,8990.14,10.8,0.6366808000000262,0.6451084000000263,115.53668080000003,
11/04/2019,0+950,PE 14,,8987.66,10.8,0.7054512000000142,0.7138788000000142,115.60545120000002,
15/04/2019,0+950,PE 14,,8999.01,10.9,0.39071570000000405,0.398675100000004,115.2907157,
19/04/2019,0+950,PE 14,,8989.31,10.9,0.6596967000000242,0.6676561000000242,115.55969670000003,
26/04/2019,0+950,PE 14,,8994.01,10.9,0.529365700000004,0.5373251000000041,115.4293657,
29/04/2019,0+950,PE 14,,8989.23,10.9,0.6619151000000222,0.6698745000000222,115.56191510000002,
03/05/2019,0+950,PE 14,117.567,8989.93,10.9,0.642504100000002,0.650463500000002,115.5425041,
07/05/2019,0+950,PE 14,117.493,8989.93,10.9,0.642504100000002,0.650463500000002,115.5425041,
11/05/2019,0+950,PE 14,,8996.67,10.9,0.4556039000000081,0.46356330000000806,115.35560390000002,
13/05/2019,0+950,PE 14,,8993.97,10.9,0.5304749000000283,0.5384343000000282,115.43047490000004,
16/05/2019,0+950,PE 14,,9000.45,10.9,0.35078449999998995,0.35874389999998996,115.2507845,
20/05/2019,0+950,PE 14,,8994.84,10.9,0.5063498000000061,0.5143092000000061,115.40634980000002,
24/05/2019,0+950,PE 14,117.348,9003.64,10.9,0.26232580000002625,0.27028520000002626,115.16232580000003,
27/05/2019,0+950,PE 14,,9002.5,10.9,0.29393800000001014,0.30189740000001014,115.19393800000002,
31/05/2019,0+950,PE 14,117.298,9000.94,10.9,0.337196799999996,0.345156199999996,115.2371968,
04/06/2019,0+950,PE 14,,9010.18,10.9,0.08097160000000202,0.08893100000000202,114.9809716,
08/06/2019,0+950,PE 14,,9011.96,10.9,0.0316122000000343,0.0395716000000343,114.93161220000005,
10/06/2019,0+950,PE 14,,9007.47,10.9,0.15611990000002826,0.16407930000002824,115.05611990000003,
14/06/2019,0+950,PE 14,,9001.8,10.9,0.3133490000000303,0.3213084000000303,115.21334900000004,
17/06/2019,0+950,PE 14,,9007.69,10.8,0.15001929999999597,0.15844689999999598,115.0500193,
21/06/2019,0+950,PE 14,,9017.81,10.8,-0.1306082999999758,-0.12218069999997581,SIN NF,
24/06/2019,0+950,PE 14,116.701,9018.95,10.8,-0.16222050000001012,-0.1537929000000101,SIN NF,0.5
28/06/2019,0+950,PE 14,,9016.16,10.9,-0.08485379999998588,-0.07689439999998589,SIN NF,1.3
01/07/2019,0+950,PE 14,,9023.93,10.9,-0.300315899999998,-0.292356499999998,SIN NF,0.5
06/07/2019,0+950,PE 14,,9019.87,10.9,-0.18773210000001211,-0.17977270000001214,SIN NF,0.3
08/07/2019,0+950,PE 14,,9021.22,10.9,-0.2251675999999718,-0.21720819999997176,SIN NF,0.0
13/07/2019,0+950,PE 14,116.354,9024.8,10.9,-0.3244409999999697,-0.3164815999999697,SIN NF,1.3
15/07/2019,0+950,PE 14,,9028.14,10.9,-0.4170591999999738,-0.4090997999999738,SIN NF,0.3
19/07/2019,0+950,PE 14,116.255,9030.71,10.9,-0.4883252999999657,-0.48036589999996576,SIN NF,0.3
22/07/2019,0+950,PE 14,,9025.07,10.9,-0.33192809999998185,-0.32396869999998185,SIN NF,0.0
26/07/2019,0+950,PE 14,115.983,9017.59,10.9,-0.12450769999999395,-0.11654829999999397,SIN NF,0.0
29/07/2019,0+950,PE 14,115.915,9016.94,10.9,-0.10648320000000405,-0.09852380000000406,SIN NF,1.3
02/08/2019,0+950,PE 14,115.86200231481482,9014.24,10.9,-0.03161219999998386,-0.023652799999983865,SIN NF,1.5
05/08/2019,0+950,PE 14,,9019.87,10.9,-0.18773210000001211,-0.17977270000001214,SIN NF,0.0
09/08/2019,0+950,PE 14,,9014.24,10.9,-0.03161219999998386,-0.023652799999983865,SIN NF,0.0
12/08/2019,0+950,PE 14,115.68,9008.83,10.9,0.1184071000000121,0.1263665000000121,115.01840710000002,0.0
16/08/2019,0+950,PE 14,,9015.81,10.9,-0.0751482999999758,-0.06718889999997579,SIN NF,0.0
19/08/2019,0+950,PE 14,,9010.39,10.9,0.07514830000002623,0.08310770000002624,114.97514830000003,0.0
23/08/2019,0+950,PE 14,115.507,9016.46,10.9,-0.09317279999996571,-0.08521339999996572,SIN NF,1.5
26/08/2019,0+950,PE 14,,9020.09,10.9,-0.19383269999999397,-0.18587329999999397,SIN NF,0.8
30/08/2019,0+950,PE 14,115.318,9017.16,10.9,-0.1125837999999859,-0.1046243999999859,SIN NF,0.0
03/09/2019,0+950,PE 14,115.167,9009.48,10.9,0.1003826000000222,0.1083420000000222,115.00038260000002,0.3
07/09/2019,0+950,PE 14,,9013.53,10.9,-0.011923900000008071,-0.0039645000000080735,SIN NF,0.0
11/09/2019,0+950,PE 14,,9018.73,10.9,-0.15611989999997783,-0.14816049999997782,SIN NF,0.0
15/09/2019,0+950,PE 14,,9017.16,10.9,-0.1125837999999859,-0.1046243999999859,SIN NF,0.3
20/09/2019,0+950,PE 14,,9023.01,10.9,-0.274804299999996,-0.266844899999996,SIN NF,18.8
27/09/2019,0+950,PE 14,,9019.16,10.9,-0.1680437999999859,-0.1600843999999859,SIN NF,0.0
30/09/2019,0+950,PE 14,,9018.95,10.9,-0.16222050000001012,-0.15426110000001012,SIN NF,0.0
04/10/2019,0+950,PE 14,114.958,9017.16,10.9,-0.1125837999999859,-0.1046243999999859,SIN NF,0.0
08/10/2019,0+950,PE 14,,9018.03,10.9,-0.13670890000000807,-0.1287495000000081,SIN NF,0.0
12/10/2019,0+950,PE 14,,9017.16,10.9,-0.1125837999999859,-0.1046243999999859,SIN NF,0.3
17/10/2019,0+950,PE 14,,9016.94,10.9,-0.10648320000000405,-0.09852380000000406,SIN NF,0.0
21/10/2019,0+950,PE 14,,9015.1,10.9,-0.05546,-0.047500600000000004,SIN NF,0.0
24/10/2019,0+950,PE 14,,9018.51,10.9,-0.15001929999999597,-0.142059899999996,SIN NF,0.0
28/10/2019,0+950,PE 14,,9021.01,10.9,-0.219344299999996,-0.211384899999996,SIN NF,0.0
01/11/2019,0+950,PE 14,,9019.16,10.9,-0.1680437999999859,-0.1600843999999859,SIN NF,0.0
04/11/2019,0+950,PE 14,,9024.15,10.9,-0.30641649999997983,-0.2984570999999798,SIN NF,0.0
09/11/2019,0+950,PE 14,115.173,9011.04,10.9,0.05712379999998588,0.06508319999998588,114.95712379999999,0.3
13/11/2019,0+950,PE 14,115.173,9018.95,10.9,-0.16222050000001012,-0.15426110000001012,SIN NF,0.8
17/11/2019,0+950,PE 14,,9025.51,10.9,-0.344129299999996,-0.33616989999999597,SIN NF,10.7
20/11/2019,0+950,PE 14,,9018.73,10.9,-0.15611989999997783,-0.14816049999997782,SIN NF,4.8
29/11/2019,0+950,PE 14,115.728,9019.87,10.9,-0.18773210000001211,-0.17977270000001214,SIN NF,9.1
03/12/2019,0+950,PE 14,115.803,9013.1,10.9,0.0,0.007959399999999997,114.9,1.3
07/12/2019,0+950,PE 14,,9016.46,10.9,-0.09317279999996571,-0.08521339999996572,SIN NF,5.3
11/12/2019,0+950,PE 14,116.171,9017.59,10.9,-0.12450769999999395,-0.11654829999999397,SIN NF,0.0
14/12/2019,0+950,PE 14,116.31,9019.38,10.9,-0.17414439999996773,-0.16618499999996775,SIN NF,12.2
18/12/2019,0+950,PE 14,,9024.15,10.9,-0.30641649999997983,-0.2984570999999798,SIN NF,1.0
04/01/2020,0+950,PE 14,,9017.38,10.8,-0.11868439999996772,-0.11025679999996774,SIN NF,0.0
09/01/2020,0+950,PE 14,,9021.22,10.8,-0.2251675999999718,-0.2167399999999718,SIN NF,0.0
13/01/2020,0+950,PE 14,117.135,9016.46,10.8,-0.09317279999996571,-0.08474519999996571,SIN NF,0.0
17/01/2020,0+950,PE 14,,9020.09,10.8,-0.19383269999999397,-0.18540509999999397,SIN NF,1.8
21/01/2020,0+950,PE 14,117.311,9016.02,10.8,-0.08097160000000202,-0.07254400000000202,SIN NF,0.0
25/01/2020,0+950,PE 14,,9019.38,10.8,-0.17414439999996773,-0.16571679999996775,SIN NF,0.0
29/01/2020,0+950,PE 14,117.528,9017.16,10.8,-0.1125837999999859,-0.1041561999999859,SIN NF,2.3
02/02/2020,0+950,PE 14,,9020.52,10.8,-0.205756600000002,-0.19732900000000203,SIN NF,1.0
06/02/2020,0+950,PE 14,117.669,9010.83,10.8,0.06294710000001212,0.07137470000001211,114.96294710000002,0.3
10/02/2020,0+950,PE 14,,9009.48,10.8,0.1003826000000222,0.10881020000002219,115.00038260000002,0.0
14/02/2020,0+950,PE 14,,9013.97,10.8,-0.024125099999971755,-0.01569749999997176,SIN NF,0.5
19/02/2020,0+950,PE 14,,9013.97,10.8,-0.024125099999971755,-0.01569749999997176,SIN NF,0.0
22/02/2020,0+950,PE 14,,9005.85,10.8,0.2010425,0.2094701,115.1010425,0.5
26/02/2020,0+950,PE 14,117.808,9006.12,10.8,0.19355539999998791,0.20198299999998792,115.0935554,0.0
01/03/2020,0+950,PE 14,,9001.59,10.8,0.31917230000000607,0.32759990000000605,115.21917230000001,0.0
06/03/2020,0+950,PE 14,,9003.15,10.8,0.2759135000000202,0.28434110000002016,115.17591350000002,0.0
13/03/2020,0+950,PE 14,,8993.7,10.8,0.53796199999999,0.5463895999999899,115.437962,0.3
22/03/2020,0+950,PE 14,,8991.71,108.0,0.5931447000000344,0.14648190000003436,115.49314470000004,5.6
26/03/2020,0+950,PE 14,,8984.27,10.7,0.7994558999999981,0.8083516999999981,115.6994559,1.0
01/04/2020,0+950,PE 14,118.166,8980.02,10.7,0.917308399999998,0.926204199999998,115.8173084,0.0
10/04/2020,0+950,PE 14,118.117,8981.15,10.7,0.8859735000000202,0.8948693000000202,115.78597350000003,12.2
28/04/2020,0+950,PE 14,117.807,8980.02,10.7,0.917308399999998,0.926204199999998,115.8173084,0.0
07/05/2020,0+950,PE 14,117.621,8987.88,10.7,0.6993506000000324,0.7082464000000324,115.59935060000004,1.5
14/05/2020,0+950,PE 14,117.473,8993.27,10.6,0.549885899999998,0.559249899999998,115.4498859,0.6
22/05/2020,0+950,PE 14,117.286,8995.05,10.5,0.5005265000000303,0.5103587000000303,115.40052650000004,2.5999999999999996
28/05/2020,0+950,PE 14,,8992.84,10.6,0.5618098000000061,0.5711738000000061,115.46180980000001,1.3
06/06/2020,0+950,PE 14,117.213,9007.2,10.6,0.16360699999998993,0.17297099999998994,115.06360699999999,0.6
12/06/2020,0+950,PE 14,117.205,9007.91,10.6,0.14391870000001414,0.15328270000001415,115.04391870000002,0.0
16/06/2020,0+950,PE 14,,9005.42,10.5,0.2129664000000081,0.22279860000000812,115.11296640000002,0.0
24/06/2020,0+950,PE 14,115.995,9008.12,10.5,0.1380953999999879,0.14792759999998792,115.03809539999999,0.0
03/07/2020,0+950,PE 14,,9008.83,10.5,0.1184071000000121,0.1282393000000121,115.01840710000002,0.0
10/07/2020,0+950,PE 14,115.826,9024.58,10.5,-0.3183403999999879,-0.3085081999999879,SIN NF,0.6
21/07/2020,0+950,PE 14,115.69,9014.67,10.5,-0.04353609999999193,-0.03370389999999194,SIN NF,12.0
28/07/2020,0+950,PE 14,115.268,9014.45,10.4,-0.03743550000001009,-0.027135100000010095,SIN NF,0.0
03/08/2020,0+950,PE 14,,9021.01,10.4,-0.219344299999996,-0.209043899999996,SIN NF,0.0
14/08/2020,0+950,PE 14,,9022.8,10.4,-0.26898099999996977,-0.2586805999999698,SIN NF,2.8
24/08/2020,0+950,PE 14,,9014.24,10.4,-0.03161219999998386,-0.021311799999983866,SIN NF,1.5
30/08/2020,0+950,PE 14,,9014.24,10.4,-0.03161219999998386,-0.021311799999983866,SIN NF,0.0
07/09/2020,0+950,PE 14,,9018.73,10.4,-0.15611989999997783,-0.14581949999997781,SIN NF,0.0
12/09/2020,0+950,PE 14,,9024.8,10.4,-0.3244409999999697,-0.31414059999996974,SIN NF,1.0
21/09/2020,0+950,PE 14,,9021.01,10.3,-0.219344299999996,-0.20857569999999598,SIN NF,0.5
25/09/2020,0+950,PE 14,114.013,9017.38,10.3,-0.11868439999996772,-0.10791579999996771,SIN NF,0.0
21/10/2020,0+950,PE 14,114.423,9017.59,10.3,-0.12450769999999395,-0.11373909999999395,SIN NF,0.8
31/10/2020,0+950,PE 14,,9016.24,10.3,-0.08707219999998386,-0.07630359999998387,SIN NF,1.8
02/11/2020,0+950,PE 14,,9016.63,10.2,-0.09788689999996772,-0.08665009999996771,SIN NF,0.0
22/11/2020,0+950,PE 14,114.872,9023.23,10.3,-0.2809048999999778,-0.2701362999999778,SIN NF,0.0
05/12/2020,0+950,PE 14,115.677,9016.24,10.3,-0.08707219999998386,-0.07630359999998387,SIN NF,0.0
24/01/2021,0+950,PE 14,116.424,9024.37,10.2,-0.31251710000001215,-0.30128030000001216,SIN NF,0.0
02/02/2021,0+950,PE 14,117.243,9016.94,10.2,-0.10648320000000405,-0.09524640000000405,SIN NF,0.0
12/02/2021,0+950,PE 14,117.266,9011.96,10.2,0.0316122000000343,0.0428490000000343,114.93161220000005,14.8
19/02/2021,0+950,PE 14,117.468,9007.2,10.2,0.16360699999998993,0.17484379999998995,115.06360699999999,0.0
27/02/2021,0+950,PE 14,117.468,9002.93,10.2,0.28201410000000204,0.29325090000000203,115.1820141,1.8
03/03/2021,0+950,PE 14,117.657,8996.67,10.2,0.4556039000000081,0.4668407000000081,115.35560390000002,0.0
16/03/2021,0+950,PE 14,117.843,8988.31,10.3,0.6874267000000243,0.6981953000000243,115.58742670000002,0.0
05/04/2021,0+950,PE 14,117.972,8989.01,10.3,0.6680157000000041,0.6787843000000041,115.5680157,0.0
05/04/2021,0+950,PE 14,117.866,8984.06,10.2,0.8052792000000243,0.8165160000000242,115.70527920000004,0.0
13/04/2021,0+950,PE 14,117.793,8988.31,10.2,0.6874267000000243,0.6986635000000243,115.58742670000002,0.0
20/04/2021,0+950,PE 14,117.824,8984.54,10.2,0.7919687999999859,0.8032055999999859,115.6919688,0.0
26/04/2021,0+950,PE 14,117.721,8989.93,10.2,0.642504100000002,0.653740900000002,115.5425041,0.0
05/05/2021,0+950,PE 14,117.721,8981.85,10.2,0.8665625,0.8777993,115.7665625,0.0
15/05/2021,0+950,PE 14,117.505,8987.23,10.2,0.7173751000000222,0.7286119000000223,115.61737510000003,0.0
26/05/2021,0+950,PE 14,117.394,8995.54,10.2,0.4869387999999859,0.4981755999999859,115.3869388,0.0
07/06/2021,0+950,PE 14,116.853,9004.77,10.1,0.23099089999999797,0.242695899999998,115.1309909,0.0
28/06/2021,0+950,PE 14,116.552,9010.61,10.1,0.06904769999999395,0.08075269999999395,114.9690477,0.0
16/07/2021,0+950,PE 14,116.446,9024.8,10.1,-0.3244409999999697,-0.3127359999999697,SIN NF,2.1
13/08/2021,0+950,PE 14,115.936,9019.87,10.0,-0.18773210000001211,-0.17555890000001212,SIN NF,0.5
21/08/2021,0+950,PE 14,,9016.02,10.0,-0.08097160000000202,-0.06879840000000202,SIN NF,17.5
28/08/2021,0+950,PE 14,115.14,9020.52,10.0,-0.205756600000002,-0.19358340000000201,SIN NF,3.4000000000000004
16/09/2021,0+950,PE 14,115.019,9021.44,10.0,-0.23126820000000406,-0.2190950000000041,SIN NF,0.8
27/09/2021,0+950,PE 14,114.781,9019.16,10.0,-0.1680437999999859,-0.15587059999998587,SIN NF,17.6
09/10/2021,0+950,PE 14,114.888,9021.02,10.0,-0.21962160000000203,-0.20744840000000206,SIN NF,0.0
18/10/2021,0+950,PE 14,114.651,9019.87,10.0,-0.18773210000001211,-0.17555890000001212,SIN NF,0.0
31/10/2021,0+950,PE 14,114.736,9013.53,10.0,-0.011923900000008071,0.0002492999999919286,114.88807609999999,0.3
02/11/2021,0+950,PE 14,115.046,9020.74,10.0,-0.21185719999998387,-0.19968399999998387,SIN NF,0.0
09/11/2021,0+950,PE 14,115.629,9018.95,10.0,-0.16222050000001012,-0.1500473000000101,SIN NF,2.8
17/11/2021,0+950,PE 14,115.744,9022.36,10.0,-0.25677980000000605,-0.24460660000000609,SIN NF,0.0
23/11/2021,0+950,PE 14,115.871,9023.23,10.0,-0.2809048999999778,-0.2687316999999778,SIN NF,0.0
30/11/2021,0+950,PE 14,115.981,9020.52,10.0,-0.205756600000002,-0.19358340000000201,SIN NF,0.6
03/12/2021,0+950,PE 14,116.068,9016.46,10.0,-0.09317279999996571,-0.08099959999996571,SIN NF,
11/12/2021,0+950,PE 14,,9018.03,10.0,-0.13670890000000807,-0.12453570000000808,SIN NF,
19/01/2022,0+950,PE 14,117.333,9014.87,10.0,-0.04908210000001211,-0.03690890000001211,SIN NF,6.1
27/01/2022,0+950,PE 14,,9018.03,10.0,-0.13670890000000807,-0.12453570000000808,SIN NF,
11/02/2022,0+950,PE 14,117.602,9017.16,10.0,-0.1125837999999859,-0.10041059999998589,SIN NF,1.8
02/03/2022,0+950,PE 14,117.164,9016.94,10.0,-0.10648320000000405,-0.09431000000000404,SIN NF,21.1
09/03/2022,0+950,PE 14,117.109,9013.97,10.0,-0.024125099999971755,-0.011951899999971755,SIN NF,
18/03/2022,0+950,PE 14,117.075,9004.5,10.0,0.2384780000000101,0.25065120000001007,115.13847800000002,
25/03/2022,0+950,PE 14,117.031,9011.75,10.0,0.03743550000001009,0.049608700000010095,114.93743550000002,
03/04/2022,0+950,PE 14,117.031,9010.18,10.0,0.08097160000000202,0.09314480000000203,114.9809716,22.4
10/04/2022,0+950,PE 14,116.875,9012.4,10.0,0.019411000000020176,0.03158420000002018,114.91941100000003,
17/04/2022,0+950,PE 14,116.697,9021.22,10.0,-0.2251675999999718,-0.2129943999999718,SIN NF,0.0
25/04/2022,0+950,PE 14,,9026.65,10.0,-0.37574149999997986,-0.36356829999997986,SIN NF,
30/04/2022,0+950,PE 14,116.404,9017.38,10.0,-0.11868439999996772,-0.1065111999999677,SIN NF,12.3
09/05/2022,0+950,PE 14,116.254,9020.3,10.0,-0.19965599999996975,-0.18748279999996972,SIN NF,9.8
17/05/2022,0+950,PE 14,116.171,9015.59,10.0,-0.06904769999999395,-0.05687449999999396,SIN NF,
23/05/2022,0+950,PE 14,116.171,9023.93,10.0,-0.300315899999998,-0.28814269999999803,SIN NF,
30/05/2022,0+950,PE 14,115.942,9015.59,10.0,-0.06904769999999395,-0.05687449999999396,SIN NF,0.0
09/06/2022,0+950,PE 14,115.747,9015.52,10.0,-0.06710660000000201,-0.05493340000000202,SIN NF,
16/06/2022,0+950,PE 14,115.555,9025.07,9.9,-0.33192809999998185,-0.3192866999999819,SIN NF,2.5
23/06/2022,0+950,PE 14,115.387,9014.89,9.9,-0.04963669999997378,-0.03699529999997378,SIN NF,
01/07/2022,0+950,PE 14,115.304,9022.58,9.9,-0.2628803999999879,-0.25023899999998794,SIN NF,4.2
09/07/2022,0+950,PE 14,115.108,9025.72,9.9,-0.3499525999999718,-0.3373111999999718,SIN NF,
17/07/2022,0+950,PE 14,,9026.16,9.9,-0.3621537999999859,-0.3495123999999859,SIN NF,1.0
28/07/2022,0+950,PE 14,114.667,9023.01,9.9,-0.274804299999996,-0.262162899999996,SIN NF,0.3
05/08/2022,0+950,PE 14,114.191,9015.1,9.9,-0.05546,-0.042818600000000005,SIN NF,
13/08/2022,0+950,PE 14,114.139,9028.87,9.9,-0.4373021000000121,-0.4246607000000121,SIN NF,3.1
19/08/2022,0+950,PE 14,114.136,9022.09,9.9,-0.24929269999999396,-0.23665129999999396,SIN NF,8.6
29/08/2022,0+950,PE 14,,9020.09,9.2,-0.19383269999999397,-0.17791389999999396,SIN NF,
01/03/2023,0+950,PE 14,116.755,9006.99,9.9,0.16943030000001613,0.18207170000001616,115.06943030000002,23.5
10/03/2023,0+950,PE 14,,9005.42,9.9,0.2129664000000081,0.2256078000000081,115.11296640000002,
18/03/2023,0+950,PE 14,116.743,8992.84,9.9,0.5618098000000061,0.574451200000006,115.46180980000001,
26/03/2023,0+950,PE 14,116.526,8995.05,9.9,0.5005265000000303,0.5131679000000303,115.40052650000004,1.6
02/04/2023,0+950,PE 14,116.536,8997.1,9.9,0.44368,0.45632140000000004,115.34368,
09/04/2023,0+950,PE 14,116.374,9002.29,9.9,0.2997612999999859,0.31240269999998593,115.19976129999999,
15/04/2023,0+950,PE 14,116.266,9000.45,9.9,0.35078449999998995,0.3634258999999899,115.2507845,
23/04/2023,0+950,PE 14,116.266,9008.34,9.9,0.13199480000000605,0.14463620000000607,115.0319948,6.5
09/05/2023,0+950,PE 14,115.969,9002.07,9.9,0.30586190000001817,0.3185033000000182,115.20586190000003,
27/05/2023,0+950,PE 14,115.73,9001.93,9.9,0.309744100000002,0.32238550000000205,115.20974410000001,13.8
07/06/2023,0+950,PE 14,115.647,9016.24,9.9,-0.08707219999998386,-0.07443079999998387,SIN NF,
14/06/2023,0+950,PE 14,,9014.24,9.9,-0.03161219999998386,-0.018970799999983863,SIN NF,
23/06/2023,0+950,PE 14,115.565,9021.01,9.9,-0.219344299999996,-0.20670289999999597,SIN NF,
30/06/2023,0+950,PE 14,115.354,9021.22,9.9,-0.2251675999999718,-0.21252619999997177,SIN NF,25.4
08/07/2023,0+950,PE 14,115.156,9021.66,9.9,-0.23736879999998586,-0.22472739999998587,SIN NF,
14/07/2023,0+950,PE 14,115.008,9019.16,9.8,-0.1680437999999859,-0.1549341999999859,SIN NF,
29/07/2023,0+950,PE 14,114.831,9032.07,9.8,-0.5260380999999819,-0.5129284999999819,SIN NF,
06/08/2023,0+950,PE 14,114.831,9018.03,9.8,-0.13670890000000807,-0.12359930000000807,SIN NF,
14/08/2023,0+950,PE 14,114.629,9025.51,9.8,-0.344129299999996,-0.33101969999999603,SIN NF,
23/08/2023,0+950,PE 14,114.391,9024.88,9.8,-0.32665939999996774,-0.3135497999999678,SIN NF,3.8
04/09/2023,0+950,PE 14,114.309,9016.02,9.8,-0.08097160000000202,-0.06786200000000203,SIN NF,
09/09/2023,0+950,PE 14,114.221,9023.01,9.8,-0.274804299999996,-0.261694699999996,SIN NF,
15/09/2023,0+950,PE 14,114.221,9028.65,9.8,-0.43120149999997986,-0.41809189999997987,SIN NF,
24/09/2023,0+950,PE 14,114.131,9018.51,9.8,-0.15001929999999597,-0.13690969999999597,SIN NF,22.1
01/10/2023,0+950,PE 14,114.069,9024.15,9.8,-0.30641649999997983,-0.2933068999999799,SIN NF,
09/10/2023,0+950,PE 14,114.1,9025.72,9.8,-0.3499525999999718,-0.3368429999999718,SIN NF,
16/10/2023,0+950,PE 14,114.18,9018.51,9.8,-0.15001929999999597,-0.13690969999999597,SIN NF,0.8
29/10/2023,0+950,PE 14,114.254,9026.43,9.8,-0.369640899999998,-0.356531299999998,SIN NF,5.6
03/11/2023,0+950,PE 14,114.306,9021.66,9.8,-0.23736879999998586,-0.2242591999999859,SIN NF,
10/11/2023,0+950,PE 14,114.306,9028.0,9.8,-0.4131769999999899,-0.40006739999998997,SIN NF,
17/11/2023,0+950,PE 14,114.328,9030.71,9.8,-0.4883252999999657,-0.4752156999999657,SIN NF,5.5
