FECHA,MARGEN,INSTRUMENTO,DELTA_NORTE_[M],DELTA_ESTE_[M],DELTA_COTA_[M],DISTANCIA_[M],DISTANCIA_(MM),AZIMUT_REF._AL_NORTE,TASA_NORTE_(MM/DIA),TASA_ESTE_(MM/DIA),TASA_COTA_(MM/DIA),TASA_DISTANCIA_(MM/DIA)
04/10/2021,Derecha,PF01 PRIMA,0.0003333333370392211,-0.0006666666668024845,0.0033333333333303017,0.0007453559942787325,0.7453559942787326,296.565051427207,0.041666667129902635,-0.08333333335031057,0.4166666666662877,0.09316949928484157
10/10/2021,Derecha,PF01 PRIMA,-0.0006666666668024845,-0.0006666666668024845,0.0043333333333350765,0.0009428090417741388,0.9428090417741388,225.0,-0.0476190476287489,-0.0476190476287489,0.30952380952393405,0.06734350298386706
14/10/2021,Derecha,PF01 PRIMA,0.0033333333340124227,0.0033333333340124227,0.0033333333333303017,0.004714045208870694,4.714045208870695,45.0,0.18518518522291239,0.18518518522291239,0.18518518518501678,0.26189140049281634
18/10/2021,Derecha,PF01 PRIMA,0.0023333333374466747,0.002333333333808696,0.00033333333331597714,0.0032998316487819254,3.2998316487819253,44.999999955334104,0.10606060624757611,0.10606060608221346,0.015151515150726233,0.1499923476719057
27/10/2021,Derecha,PF01 PRIMA,-0.0006666666668024845,-0.0006666666668024845,0.005333333333339851,0.0009428090417741388,0.9428090417741388,225.0,-0.021505376348467244,-0.021505376348467244,0.17204301075289843,0.030413194895939962
01/11/2021,Derecha,PF01 PRIMA,0.006333333338261582,0.005333333334419876,-0.0036666666666747005,0.008279828236719034,8.279828236719034,40.10090752999641,0.17592592606282173,0.14814814817832989,-0.10185185185207501,0.22999522879775097
11/11/2021,Derecha,PF01 PRIMA,0.0033333333340124227,-0.0006666666668024845,-0.00566666666668425,0.003399346343087728,3.399346343087728,348.69006752597977,0.07246376813070483,-0.01449275362614097,-0.1231884057974837,0.07389883354538539
16/11/2021,Derecha,PF01 PRIMA,0.001333333333604969,0.00033333333340124227,-0.0026666666666699257,0.0013743685421525491,1.374368542152549,14.036243467926477,0.026143790854999394,0.006535947713749849,-0.05228758169941031,0.026948402787304888
24/11/2021,Derecha,PF01 PRIMA,9.999999747378752e-05,0.0,0.0,9.999999747378752e-05,0.09999999747378752,360.0,0.0016949152114201275,0.0,0.0,0.0016949152114201275
01/12/2021,Derecha,PF01 PRIMA,9.999999747378752e-05,0.0,0.0,9.999999747378752e-05,0.09999999747378752,360.0,0.0015151514768755685,0.0,0.0,0.0015151514768755685
08/12/2021,Derecha,PF01 PRIMA,9.999999747378752e-05,0.0,0.0,9.999999747378752e-05,0.09999999747378752,360.0,0.0013698629790929798,0.0,0.0,0.0013698629790929798
09/01/2022,Derecha,PF01 PRIMA,9.999999747378752e-05,0.0,0.0,9.999999747378752e-05,0.09999999747378752,360.0,0.0009523809283217858,0.0,0.0,0.0009523809283217858
12/02/2022,Derecha,PF01 PRIMA,9.999999747378752e-05,0.0,0.0,9.999999747378752e-05,0.09999999747378752,360.0,0.0007194244422574641,0.0,0.0,0.0007194244422574641
16/02/2022,Derecha,PF01 PRIMA,-0.000566666669328697,0.00033333333340124227,0.00033333333331597714,0.0006574360997727936,0.6574360997727936,149.534455193066,-0.003962703981319559,0.0023310023314772185,0.0023310023308809593,0.004597455243166388
26/02/2022,Derecha,PF01 PRIMA,9.999999747378752e-05,0.0,0.0,9.999999747378752e-05,0.09999999747378752,360.0,0.0006535947547306374,0.0,0.0,0.0006535947547306374
07/03/2022,Derecha,PF01 PRIMA,,,,,,,,,,
11/03/2022,Derecha,PF01 PRIMA,9.999999747378752e-05,0.0,0.0,9.999999747378752e-05,0.09999999747378752,360.0,0.0006024096233360693,0.0,0.0,0.0006024096233360693
14/03/2022,Derecha,PF01 PRIMA,,,,,,,,,,
21/03/2022,Derecha,PF01 PRIMA,,,,,,,,,,
28/03/2022,Derecha,PF01 PRIMA,9.999999747378752e-05,0.0,0.0,9.999999747378752e-05,0.09999999747378752,360.0,0.0005464480736272542,0.0,0.0,0.0005464480736272542
06/04/2022,Derecha,PF01 PRIMA,,,,,,,,,,
11/04/2022,Derecha,PF01 PRIMA,,,,,,,,,,
20/04/2022,Derecha,PF01 PRIMA,,,,,,,,,,
01/05/2022,Derecha,PF01 PRIMA,9.999999747378752e-05,0.0,0.0,9.999999747378752e-05,0.09999999747378752,360.0,0.0004608294814460254,0.0,0.0,0.0004608294814460254
09/05/2022,Derecha,PF01 PRIMA,,,,,,,,,,
16/05/2022,Derecha,PF01 PRIMA,,,,,,,,,,
24/05/2022,Derecha,PF01 PRIMA,-0.000566666669328697,0.00033333333340124227,-0.0036666666666747005,0.0006574360997727936,0.6574360997727936,149.534455193066,-0.0023611111222029044,0.001388888889171843,-0.015277777777811252,0.0027393170823866403
30/05/2022,Derecha,PF01 PRIMA,,,,,,,,,,
10/06/2022,Derecha,PF01 PRIMA,,,,,,,,,,
14/06/2022,Derecha,PF01 PRIMA,,,,,,,,,,
24/06/2022,Derecha,PF01 PRIMA,9.999999747378752e-05,0.0,0.0,9.999999747378752e-05,0.09999999747378752,360.0,0.0003690036807150831,0.0,0.0,0.0003690036807150831
27/06/2022,Derecha,PF01 PRIMA,,,,,,,,,,
04/07/2022,Derecha,PF01 PRIMA,,,,,,,,,,
11/07/2022,Derecha,PF01 PRIMA,,,,,,,,,,
23/07/2022,Derecha,PF01 PRIMA,9.999999747378752e-05,0.0,0.0,9.999999747378752e-05,0.09999999747378752,360.0,0.000333333324912625,0.0,0.0,0.000333333324912625
01/08/2022,Derecha,PF01 PRIMA,,,,,,,,,,
08/08/2022,Derecha,PF01 PRIMA,,,,,,,,,,
16/08/2022,Derecha,PF01 PRIMA,,,,,,,,,,
30/08/2022,Derecha,PF01 PRIMA,,,,,,,,,,
16/11/2022,Derecha,PF01 PRIMA,9.999999747378752e-05,0.0,0.0,9.999999747378752e-05,0.09999999747378752,360.0,0.00024038460931198922,0.0,0.0,0.00024038460931198922
27/11/2022,Derecha,PF01 PRIMA,9.999999747378752e-05,0.0,0.0,9.999999747378752e-05,0.09999999747378752,360.0,0.0002341920315545375,0.0,0.0,0.0002341920315545375
14/12/2022,Derecha,PF01 PRIMA,0.0034333333314862102,0.006333333334623603,-0.004666666666679475,0.007204088345692933,7.2040883456929325,61.53764580357349,0.007732732728572546,0.014264264267170276,-0.01051051051053936,0.016225424202011108
09/02/2023,Derecha,PF01 PRIMA,,,,,,,,,,
18/02/2023,Derecha,PF01 PRIMA,9.999999747378752e-05,0.0,0.0,9.999999747378752e-05,0.09999999747378752,360.0,0.00019607842641919122,0.0,0.0,0.00019607842641919122
04/03/2023,Derecha,PF01 PRIMA,,,,,,,,,,
08/03/2023,Derecha,PF01 PRIMA,,,,,,,,,,
17/03/2023,Derecha,PF01 PRIMA,,,,,,,,,,
29/03/2023,Derecha,PF01 PRIMA,9.999999747378752e-05,0.0,0.0,9.999999747378752e-05,0.09999999747378752,360.0,0.00018214935787575138,0.0,0.0,0.00018214935787575138
04/04/2023,Derecha,PF01 PRIMA,,,,,,,,,,
13/04/2023,Derecha,PF01 PRIMA,,,,,,,,,,
17/04/2023,Derecha,PF01 PRIMA,,,,,,,,,,
25/04/2023,Derecha,PF01 PRIMA,9.999999747378752e-05,0.0,0.0,9.999999747378752e-05,0.09999999747378752,360.0,0.00017361110672532555,0.0,0.0,0.00017361110672532555
08/05/2023,Derecha,PF01 PRIMA,,,,,,,,,,
19/05/2023,Derecha,PF01 PRIMA,,,,,,,,,,
31/05/2023,Derecha,PF01 PRIMA,,,,,,,,,,
11/06/2023,Derecha,PF01 PRIMA,9.999999747378752e-05,0.0,0.0,9.999999747378752e-05,0.09999999747378752,360.0,0.00016051363960479536,0.0,0.0,0.00016051363960479536
19/06/2023,Derecha,PF01 PRIMA,0.005433333331893664,-0.0006666666668024845,0.0043333333333350765,0.005474080337380174,5.474080337380174,353.00480769949587,0.008610670890481242,-0.0010565240361370596,0.006867406233494575,0.008675246176513747
07/07/2023,Derecha,PF01 PRIMA,0.004433333335327916,-0.004666666667617392,-0.004666666666679475,0.006436786639992113,6.436786639992113,313.53119929265745,0.00683102208833269,-0.007190549564895827,-0.007190549563450656,0.009918007149448557
12/07/2023,Derecha,PF01 PRIMA,,,,,,,,,,
17/07/2023,Derecha,PF01 PRIMA,0.0074333333323011175,-0.002666666667209938,-0.000666666666660376,0.007897186558712374,7.897186558712374,340.26483615572226,0.011279716740972863,-0.00404653515509854,-0.0010116337885589923,0.011983591136134102
28/07/2023,Derecha,PF01 PRIMA,,,,,,,,,,
07/08/2023,Derecha,PF01 PRIMA,,,,,,,,,,
19/08/2023,Derecha,PF01 PRIMA,0.0014333333310787566,-0.0006666666668024845,0.00033333333331597714,0.0015807874248635898,1.5807874248635898,335.05609469764914,0.0020712909408652554,-0.0009633911369978101,0.0004816955683756895,0.0022843748914213725
25/08/2023,Derecha,PF01 PRIMA,,,,,,,,,,
24/09/2023,Derecha,PF01 PRIMA,0.0024333333349204622,0.00033333333340124227,-0.004666666666679475,0.002456058270886813,2.456058270886813,7.800187880726242,0.0033424908446709643,0.0004578754579687394,-0.0064102564102740045,0.003373706416053315
04/10/2023,Derecha,PF01 PRIMA,,,,,,,,,,
14/10/2023,Derecha,PF01 PRIMA,,,,,,,,,,
01/11/2023,Derecha,PF01 PRIMA,0.0024333333349204622,-0.0006666666668024845,-0.006666666666660603,0.0025230052642554422,2.5230052642554424,344.6784899316842,0.003176675371958828,-0.0008703220193243923,-0.008703220191462928,0.00329374055385828
14/09/2024,Derecha,PF01 PRIMA,0.0004333333345130086,-0.0006666666668024845,0.00033333333331597714,0.0007951240302152224,0.7951240302152224,303.02386762173575,0.0003997539986282367,-0.0006150061501867939,0.0003075030750147391,0.0007335092529660724
21/04/2025,Derecha,PF01 PRIMA,0.0024333333349204622,-0.0006666666668024845,-0.0026666666666699257,0.0025230052642554422,2.5230052642554424,344.6784899316842,0.001867485291573647,-0.0005116398056811086,-0.0020465592223099967,0.0019363048843096255
25/05/2025,Derecha,PF01 PRIMA,0.0004333333345130086,-0.0006666666668024845,0.00033333333331597714,0.0007951240302152224,0.7951240302152224,303.02386762173575,0.00032410870195438186,-0.0004986287709816638,0.0002493143854270584,0.0005947075768251476
04/10/2021,Derecha,PF03  ,0.0006666666668024845,0.00033333333340124227,-2.842170943040401e-14,0.000745355992651779,0.745355992651779,26.56505117707799,0.08333333335031057,0.041666666675155284,-3.552713678800501e-12,0.09316949908147237
10/10/2021,Derecha,PF03  ,0.0016666666633682325,0.00033333333340124227,0.0009999999999763531,0.001699673167976532,1.699673167976532,11.309932498071078,0.11904761881201661,0.02380952381437445,0.07142857142688237,0.121405226284038
14/10/2021,Derecha,PF03  ,0.0006666666668024845,0.00033333333340124227,0.001999999999981128,0.000745355992651779,0.745355992651779,26.56505117707799,0.03703703704458247,0.018518518522291236,0.11111111111006267,0.04140866625843217
18/10/2021,Derecha,PF03  ,0.002666666667209938,0.00033333333340124227,-2.842170943040401e-14,0.0026874192499803493,2.687419249980349,7.125016348901798,0.12121212123681538,0.015151515154601922,-1.2918958832001821e-12,0.12215542045365224
27/10/2021,Derecha,PF03  ,-0.0003333333370392211,0.00033333333340124227,0.003999999999990678,0.0004714045234595089,0.4714045234595089,135.00000031266123,-0.010752688291587776,0.010752688174233622,0.1290322580642154,0.0152065975309519
01/11/2021,Derecha,PF03  ,0.0016666666633682325,0.00033333333340124227,-2.842170943040401e-14,0.001699673167976532,1.699673167976532,11.309932498071078,0.046296296204673126,0.009259259261145618,-7.894919286223335e-13,0.047213143554903664
11/11/2021,Derecha,PF03  ,0.002666666667209938,-0.0006666666668024845,-2.842170943040401e-14,0.0027487370843050983,2.748737084305098,345.96375653207355,0.05797101450456388,-0.01449275362614097,-6.178632484870437e-13,0.059755154006632574
16/11/2021,Derecha,PF03  ,0.0016666666633682325,0.00033333333340124227,-2.842170943040401e-14,0.001699673167976532,1.699673167976532,11.309932498071078,0.03267973849741632,0.006535947713749849,-5.572884202040002e-13,0.03332692486228494
24/11/2021,Derecha,PF03  ,9.999999747378752e-05,0.0,0.0,9.999999747378752e-05,0.09999999747378752,360.0,0.0016949152114201275,0.0,0.0,0.0016949152114201275
01/12/2021,Derecha,PF03  ,9.999999747378752e-05,0.0,0.0,9.999999747378752e-05,0.09999999747378752,360.0,0.0015151514768755685,0.0,0.0,0.0015151514768755685
08/12/2021,Derecha,PF03  ,9.999999747378752e-05,0.0,0.0,9.999999747378752e-05,0.09999999747378752,360.0,0.0013698629790929798,0.0,0.0,0.0013698629790929798
09/01/2022,Derecha,PF03  ,9.999999747378752e-05,0.0,0.0,9.999999747378752e-05,0.09999999747378752,360.0,0.0009523809283217858,0.0,0.0,0.0009523809283217858
12/02/2022,Derecha,PF03  ,9.999999747378752e-05,0.0,0.0,9.999999747378752e-05,0.09999999747378752,360.0,0.0007194244422574641,0.0,0.0,0.0007194244422574641
16/02/2022,Derecha,PF03  ,0.0007666666642762721,-0.0006666666668024845,-2.842170943040401e-14,0.0010159833752271938,1.0159833752271938,318.9909130041939,0.005361305344589316,-0.004662004662954437,-1.9875321280002803e-13,0.007104778847742613
26/02/2022,Derecha,PF03  ,9.999999747378752e-05,0.0,0.0,9.999999747378752e-05,0.09999999747378752,360.0,0.0006535947547306374,0.0,0.0,0.0006535947547306374
07/03/2022,Derecha,PF03  ,,,,,,,,,,
11/03/2022,Derecha,PF03  ,9.999999747378752e-05,0.0,0.0,9.999999747378752e-05,0.09999999747378752,360.0,0.0006024096233360693,0.0,0.0,0.0006024096233360693
14/03/2022,Derecha,PF03  ,,,,,,,,,,
21/03/2022,Derecha,PF03  ,,,,,,,,,,
28/03/2022,Derecha,PF03  ,9.999999747378752e-05,0.0,0.0,9.999999747378752e-05,0.09999999747378752,360.0,0.0005464480736272542,0.0,0.0,0.0005464480736272542
06/04/2022,Derecha,PF03  ,,,,,,,,,,
11/04/2022,Derecha,PF03  ,,,,,,,,,,
20/04/2022,Derecha,PF03  ,,,,,,,,,,
01/05/2022,Derecha,PF03  ,9.999999747378752e-05,0.0,0.0,9.999999747378752e-05,0.09999999747378752,360.0,0.0004608294814460254,0.0,0.0,0.0004608294814460254
09/05/2022,Derecha,PF03  ,,,,,,,,,,
16/05/2022,Derecha,PF03  ,,,,,,,,,,
24/05/2022,Derecha,PF03  ,0.0007666666642762721,0.00033333333340124227,0.0009999999999763531,0.0008359957447672146,0.8359957447672146,23.498565745542834,0.003194444434484467,0.001388888889171843,0.004166666666568139,0.0034833156031967272
30/05/2022,Derecha,PF03  ,,,,,,,,,,
10/06/2022,Derecha,PF03  ,,,,,,,,,,
14/06/2022,Derecha,PF03  ,,,,,,,,,,
24/06/2022,Derecha,PF03  ,9.999999747378752e-05,0.0,0.0,9.999999747378752e-05,0.09999999747378752,360.0,0.0003690036807150831,0.0,0.0,0.0003690036807150831
27/06/2022,Derecha,PF03  ,,,,,,,,,,
04/07/2022,Derecha,PF03  ,,,,,,,,,,
11/07/2022,Derecha,PF03  ,,,,,,,,,,
23/07/2022,Derecha,PF03  ,9.999999747378752e-05,0.0,0.0,9.999999747378752e-05,0.09999999747378752,360.0,0.000333333324912625,0.0,0.0,0.000333333324912625
01/08/2022,Derecha,PF03  ,,,,,,,,,,
08/08/2022,Derecha,PF03  ,,,,,,,,,,
16/08/2022,Derecha,PF03  ,,,,,,,,,,
30/08/2022,Derecha,PF03  ,,,,,,,,,,
16/11/2022,Derecha,PF03  ,9.999999747378752e-05,0.0,0.0,9.999999747378752e-05,0.09999999747378752,360.0,0.00024038460931198922,0.0,0.0,0.00024038460931198922
27/11/2022,Derecha,PF03  ,9.999999747378752e-05,0.0,0.0,9.999999747378752e-05,0.09999999747378752,360.0,0.0002341920315545375,0.0,0.0,0.0002341920315545375
14/12/2022,Derecha,PF03  ,9.999999747378752e-05,0.0,0.0,9.999999747378752e-05,0.09999999747378752,360.0,0.00022522521953555747,0.0,0.0,0.00022522521953555747
09/02/2023,Derecha,PF03  ,,,,,,,,,,
18/02/2023,Derecha,PF03  ,9.999999747378752e-05,0.0,0.0,9.999999747378752e-05,0.09999999747378752,360.0,0.00019607842641919122,0.0,0.0,0.00019607842641919122
04/03/2023,Derecha,PF03  ,,,,,,,,,,
08/03/2023,Derecha,PF03  ,,,,,,,,,,
17/03/2023,Derecha,PF03  ,,,,,,,,,,
29/03/2023,Derecha,PF03  ,9.999999747378752e-05,0.0,0.0,9.999999747378752e-05,0.09999999747378752,360.0,0.00018214935787575138,0.0,0.0,0.00018214935787575138
04/04/2023,Derecha,PF03  ,,,,,,,,,,
13/04/2023,Derecha,PF03  ,,,,,,,,,,
17/04/2023,Derecha,PF03  ,,,,,,,,,,
25/04/2023,Derecha,PF03  ,9.999999747378752e-05,0.0,0.0,9.999999747378752e-05,0.09999999747378752,360.0,0.00017361110672532555,0.0,0.0,0.00017361110672532555
08/05/2023,Derecha,PF03  ,,,,,,,,,,
19/05/2023,Derecha,PF03  ,,,,,,,,,,
31/05/2023,Derecha,PF03  ,,,,,,,,,,
11/06/2023,Derecha,PF03  ,9.999999747378752e-05,0.0,0.0,9.999999747378752e-05,0.09999999747378752,360.0,0.00016051363960479536,0.0,0.0,0.00016051363960479536
19/06/2023,Derecha,PF03  ,0.0007666666642762721,0.002333333333808696,0.0009999999999763531,0.0024560582690105926,2.4560582690105925,71.81095435678782,0.0012150026375218259,0.0036978341264797083,0.0015847860538452504,0.0038923268922513355
07/07/2023,Derecha,PF03  ,-0.00023333333956543356,0.00033333333340124227,0.001999999999981128,0.00040688519082063144,0.40688519082063146,124.99202091201386,-0.00035952748777416573,0.0005136106832068448,0.0030816640985841725,0.0006269417424046709
12/07/2023,Derecha,PF03  ,,,,,,,,,,
17/07/2023,Derecha,PF03  ,0.004766666665091179,0.0033333333340124227,0.0009999999999763531,0.005816547275809751,5.816547275809751,34.96512078790926,0.007233181585874324,0.005058168943873176,0.0015174506828169244,0.008826323635523142
28/07/2023,Derecha,PF03  ,,,,,,,,,,
07/08/2023,Derecha,PF03  ,,,,,,,,,,
19/08/2023,Derecha,PF03  ,-0.00023333333956543356,0.001333333333604969,-2.842170943040401e-14,0.0013535960349583245,1.3535960349583245,99.92624576451665,-0.0003371869068864647,0.0019267822739956202,-4.1071834437000006e-14,0.001956063634332839
25/08/2023,Derecha,PF03  ,,,,,,,,,,
24/09/2023,Derecha,PF03  ,-0.00023333333956543356,0.00033333333340124227,-2.842170943040401e-14,0.00040688519082063144,0.40688519082063146,124.99202091201386,-0.0003205128290733977,0.0004578754579687394,-3.904080965714836e-14,0.000558908229149219
04/10/2023,Derecha,PF03  ,,,,,,,,,,
14/10/2023,Derecha,PF03  ,,,,,,,,,,
01/11/2023,Derecha,PF03  ,-0.00023333333956543356,0.00033333333340124227,-2.842170943040401e-14,0.00040688519082063144,0.40688519082063146,124.99202091201386,-0.0003046127148373806,0.00043516100966219616,-3.710405930862142e-14,0.000531181711254088
14/09/2024,Derecha,PF03  ,0.0007666666642762721,0.00033333333340124227,-2.842170943040401e-14,0.0008359957447672146,0.8359957447672146,23.498565745542834,0.0007072570703655646,0.00030750307509339693,-2.621928914243912e-14,0.0007712137866856223
21/04/2025,Derecha,PF03  ,0.0037666666612494737,-0.0006666666668024845,-0.0010000000000047748,0.003825208776209972,3.825208776209972,349.9630975298918,0.00289076489735186,-0.0005116398056811086,-0.0007674597083689753,0.0029356936118265326
25/05/2025,Derecha,PF03  ,0.00176666666084202,0.001333333333604969,0.0009999999999763531,0.0022133433689856693,2.213343368985669,37.04247486952634,0.0013213662384757069,0.0009972575419633276,0.0007479431563024332,0.0016554550254193488
04/10/2021,Derecha,PF04  ,9.999999747378752e-05,0.0,0.0020000000000095497,9.999999747378752e-05,0.09999999747378752,360.0,0.01249999968422344,0.0,0.2500000000011937,0.01249999968422344
10/10/2021,Derecha,PF04  ,9.999999747378752e-05,0.0,0.0010000000000047748,9.999999747378752e-05,0.09999999747378752,360.0,0.007142856962413394,0.0,0.07142857142891249,0.007142856962413394
14/10/2021,Derecha,PF04  ,9.999999747378752e-05,-0.0010000000002037268,0.0,0.0010049875620634372,1.0049875620634372,275.7105929930357,0.0055555554152104175,-0.055555555566873714,0.0,0.05583264233685762
18/10/2021,Derecha,PF04  ,0.000999999996565748,0.0010000000002037268,-0.0009999999999763531,0.0014142135600887689,1.4142135600887689,45.00000010422042,0.045454545298443096,0.045454545463805764,-0.04545454545347059,0.0642824345494895
27/10/2021,Derecha,PF04  ,-0.0029999999969732016,0.0030000000006111804,0.0030000000000143245,0.004242640685411185,4.242640685411185,134.99999996525986,-0.09677419345074845,0.09677419356810259,0.09677419354884918,0.1368593769487479
01/11/2021,Derecha,PF04  ,-0.0029999999969732016,0.0020000000004074536,-0.0009999999999763531,0.0036055512731715555,3.6055512731715553,146.30993244195238,-0.08333333324925561,0.055555555566873714,-0.027777777777120923,0.1001542020325432
11/11/2021,Derecha,PF04  ,0.0020000000004074536,0.0,-0.003999999999990678,0.0020000000004074536,2.0000000004074536,360.0,0.04347826087842291,0.0,-0.08695652173892778,0.04347826087842291
16/11/2021,Derecha,PF04  ,-0.000999999996565748,0.0010000000002037268,0.0,0.0014142135600887689,1.4142135600887689,134.99999989577958,-0.019607843069916628,0.019607843141249543,0.0,0.02772967764879939
24/11/2021,Derecha,PF04  ,9.999999747378752e-05,0.0,0.0,9.999999747378752e-05,0.09999999747378752,360.0,0.0016949152114201275,0.0,0.0,0.0016949152114201275
01/12/2021,Derecha,PF04  ,9.999999747378752e-05,0.0,0.0,9.999999747378752e-05,0.09999999747378752,360.0,0.0015151514768755685,0.0,0.0,0.0015151514768755685
08/12/2021,Derecha,PF04  ,9.999999747378752e-05,0.0,0.0,9.999999747378752e-05,0.09999999747378752,360.0,0.0013698629790929798,0.0,0.0,0.0013698629790929798
09/01/2022,Derecha,PF04  ,9.999999747378752e-05,0.0,0.0,9.999999747378752e-05,0.09999999747378752,360.0,0.0009523809283217858,0.0,0.0,0.0009523809283217858
12/02/2022,Derecha,PF04  ,9.999999747378752e-05,0.0,0.0,9.999999747378752e-05,0.09999999747378752,360.0,0.0007194244422574641,0.0,0.0,0.0007194244422574641
16/02/2022,Derecha,PF04  ,0.002099999997881241,-0.0010000000002037268,-0.0009999999999763531,0.0023259406680972467,2.3259406680972465,334.5366549111582,0.01468531467049819,-0.006993006994431656,-0.0069930069928416305,0.016265319357323404
26/02/2022,Derecha,PF04  ,9.999999747378752e-05,0.0,0.0,9.999999747378752e-05,0.09999999747378752,360.0,0.0006535947547306374,0.0,0.0,0.0006535947547306374
07/03/2022,Derecha,PF04  ,,,,,,,,,,
11/03/2022,Derecha,PF04  ,9.999999747378752e-05,0.0,0.0,9.999999747378752e-05,0.09999999747378752,360.0,0.0006024096233360693,0.0,0.0,0.0006024096233360693
14/03/2022,Derecha,PF04  ,,,,,,,,,,
21/03/2022,Derecha,PF04  ,,,,,,,,,,
28/03/2022,Derecha,PF04  ,9.999999747378752e-05,0.0,0.0,9.999999747378752e-05,0.09999999747378752,360.0,0.0005464480736272542,0.0,0.0,0.0005464480736272542
06/04/2022,Derecha,PF04  ,,,,,,,,,,
11/04/2022,Derecha,PF04  ,,,,,,,,,,
20/04/2022,Derecha,PF04  ,,,,,,,,,,
01/05/2022,Derecha,PF04  ,9.999999747378752e-05,0.0,0.0,9.999999747378752e-05,0.09999999747378752,360.0,0.0004608294814460254,0.0,0.0,0.0004608294814460254
09/05/2022,Derecha,PF04  ,,,,,,,,,,
16/05/2022,Derecha,PF04  ,,,,,,,,,,
24/05/2022,Derecha,PF04  ,-0.0008999999990919605,-0.0010000000002037268,-0.001999999999981128,0.0013453624042513536,1.3453624042513537,228.01278753873154,-0.003749999996216502,-0.004166666667515528,-0.0083333333332547,0.00560567668438064
30/05/2022,Derecha,PF04  ,,,,,,,,,,
10/06/2022,Derecha,PF04  ,,,,,,,,,,
14/06/2022,Derecha,PF04  ,,,,,,,,,,
24/06/2022,Derecha,PF04  ,9.999999747378752e-05,0.0,0.0,9.999999747378752e-05,0.09999999747378752,360.0,0.0003690036807150831,0.0,0.0,0.0003690036807150831
27/06/2022,Derecha,PF04  ,,,,,,,,,,
04/07/2022,Derecha,PF04  ,,,,,,,,,,
11/07/2022,Derecha,PF04  ,,,,,,,,,,
23/07/2022,Derecha,PF04  ,9.999999747378752e-05,0.0,0.0,9.999999747378752e-05,0.09999999747378752,360.0,0.000333333324912625,0.0,0.0,0.000333333324912625
01/08/2022,Derecha,PF04  ,,,,,,,,,,
08/08/2022,Derecha,PF04  ,,,,,,,,,,
16/08/2022,Derecha,PF04  ,,,,,,,,,,
30/08/2022,Derecha,PF04  ,,,,,,,,,,
16/11/2022,Derecha,PF04  ,9.999999747378752e-05,0.0,0.0,9.999999747378752e-05,0.09999999747378752,360.0,0.00024038460931198922,0.0,0.0,0.00024038460931198922
27/11/2022,Derecha,PF04  ,9.999999747378752e-05,0.0,0.0,9.999999747378752e-05,0.09999999747378752,360.0,0.0002341920315545375,0.0,0.0,0.0002341920315545375
14/12/2022,Derecha,PF04  ,-0.0039000000033411197,0.0039999999971769284,-0.0049999999999954525,0.005586591089696486,5.586591089696485,134.27477574568775,-0.008783783791308829,0.009009009002650739,-0.011261261261251019,0.012582412364181273
09/02/2023,Derecha,PF04  ,,,,,,,,,,
18/02/2023,Derecha,PF04  ,9.999999747378752e-05,0.0,0.0,9.999999747378752e-05,0.09999999747378752,360.0,0.00019607842641919122,0.0,0.0,0.00019607842641919122
04/03/2023,Derecha,PF04  ,,,,,,,,,,
08/03/2023,Derecha,PF04  ,,,,,,,,,,
17/03/2023,Derecha,PF04  ,,,,,,,,,,
29/03/2023,Derecha,PF04  ,9.999999747378752e-05,0.0,0.0,9.999999747378752e-05,0.09999999747378752,360.0,0.00018214935787575138,0.0,0.0,0.00018214935787575138
04/04/2023,Derecha,PF04  ,,,,,,,,,,
13/04/2023,Derecha,PF04  ,,,,,,,,,,
17/04/2023,Derecha,PF04  ,,,,,,,,,,
25/04/2023,Derecha,PF04  ,9.999999747378752e-05,0.0,0.0,9.999999747378752e-05,0.09999999747378752,360.0,0.00017361110672532555,0.0,0.0,0.00017361110672532555
08/05/2023,Derecha,PF04  ,,,,,,,,,,
19/05/2023,Derecha,PF04  ,,,,,,,,,,
31/05/2023,Derecha,PF04  ,,,,,,,,,,
11/06/2023,Derecha,PF04  ,9.999999747378752e-05,0.0,0.0,9.999999747378752e-05,0.09999999747378752,360.0,0.00016051363960479536,0.0,0.0,0.00016051363960479536
19/06/2023,Derecha,PF04  ,0.002099999997881241,0.007999999997991836,0.0020000000000095497,0.008271033790220579,8.271033790220578,75.29169611098153,0.0033280507097959446,0.012678288427879296,0.003169572107780586,0.013107819001934355
07/07/2023,Derecha,PF04  ,0.004099999998288695,0.006999999997788109,-0.002999999999985903,0.008112336282169324,8.112336282169323,59.64188454376722,0.006317411399520331,0.010785824341738226,-0.004622496147898156,0.012499747738319451
12/07/2023,Derecha,PF04  ,,,,,,,,,,
17/07/2023,Derecha,PF04  ,0.007099999995261896,0.007999999997991836,0.0,0.010696261024329403,10.696261024329404,48.41094496719791,0.010773899841065093,0.012139605459775167,0.0,0.01623104859534052
28/07/2023,Derecha,PF04  ,,,,,,,,,,
07/08/2023,Derecha,PF04  ,,,,,,,,,,
19/08/2023,Derecha,PF04  ,0.0010999999940395355,0.0030000000006111804,-0.001999999999981128,0.0031953090602559967,3.1953090602559966,69.86369667587022,0.0015895953671091554,0.004335260116490145,-0.0028901734103773525,0.004617498641988435
25/08/2023,Derecha,PF04  ,,,,,,,,,,
24/09/2023,Derecha,PF04  ,0.0010999999940395355,0.0030000000006111804,-0.0069999999999765805,0.0031953090602559967,3.1953090602559966,69.86369667587022,0.0015109890028015597,0.004120879121718654,-0.009615384615352445,0.004389160797054941
04/10/2023,Derecha,PF04  ,,,,,,,,,,
14/10/2023,Derecha,PF04  ,,,,,,,,,,
01/11/2023,Derecha,PF04  ,9.999999747378752e-05,0.0020000000004074536,-0.006000000000000227,0.0020024984397308708,2.002498439730871,87.13759484666062,0.00013054829957413514,0.002610966057973177,-0.007832898172324056,0.0026142277281081864
14/09/2024,Derecha,PF04  ,0.006099999998696148,0.0020000000004074536,-0.003999999999990678,0.006419501537169597,6.419501537169597,18.152705893732374,0.005627306271859915,0.0018450184505603817,-0.0036900369003604037,0.005922049388532839
21/04/2025,Derecha,PF04  ,0.003099999994446989,0.004999999997380655,-0.001999999999981128,0.005883026426880801,5.883026426880801,58.201087208227406,0.0023791250916707514,0.003837298539816312,-0.0015349194167161382,0.004514985745879356
25/05/2025,Derecha,PF04  ,0.004099999998288695,0.006999999997788109,-0.0009999999999763531,0.008112336282169324,8.112336282169323,59.64188454376722,0.0030665669396325317,0.005235602092586469,-0.0007479431563024332,0.006067566404015949
04/10/2021,Derecha,PF05  ,-0.0020000000004074536,-0.007000000001426088,0.0030000000000143245,0.007280109890763672,7.280109890763672,254.05460409907715,-0.2500000000509317,-0.875000000178261,0.37500000000179057,0.910013736345459
10/10/2021,Derecha,PF05  ,0.01299999999901047,0.0030000000006111804,-0.003999999999990678,0.013341664063299574,13.341664063299573,12.994616795429554,0.9285714285007478,0.21428571432937002,-0.28571428571361984,0.9529760045213982
14/10/2021,Derecha,PF05  ,0.012000000002444722,-0.0010000000002037268,0.014000000000010004,0.01204159458124549,12.04159458124549,355.23635830927384,0.6666666668024845,-0.055555555566873714,0.7777777777783336,0.6689774767358606
18/10/2021,Derecha,PF05  ,0.004000000000814907,0.0,0.008000000000009777,0.004000000000814907,4.000000000814907,360.0,0.18181818185522305,0.0,0.363636363636808,0.18181818185522305
27/10/2021,Derecha,PF05  ,-0.000999999996565748,0.0030000000006111804,0.01099999999999568,0.00316227765966219,3.16227765966219,108.43494876038976,-0.03225806440534671,0.09677419356810259,0.35483870967728,0.10200895676329645
01/11/2021,Derecha,PF05  ,0.00010000000474974513,0.0020000000004074536,-0.001999999999981128,0.002002498440094215,2.002498440094215,87.13759463873959,0.0027777779097151426,0.055555555566873714,-0.05555555555503133,0.05562495666928375
11/11/2021,Derecha,PF05  ,0.0020000000004074536,0.0020000000004074536,-0.006000000000000227,0.0028284271253224166,2.8284271253224165,45.0,0.04347826087842291,0.04347826087842291,-0.1304347826087006,0.061487546202661225
16/11/2021,Derecha,PF05  ,0.0030000000042491592,0.0020000000004074536,0.006000000000000227,0.0036055512792255184,3.6055512792255184,33.69006749391197,0.05882352949508155,0.039215686282499086,0.11764705882353388,0.07069708390638271
24/11/2021,Derecha,PF05  ,9.999999747378752e-05,0.0,0.0,9.999999747378752e-05,0.09999999747378752,360.0,0.0016949152114201275,0.0,0.0,0.0016949152114201275
01/12/2021,Derecha,PF05  ,-0.002899999999499414,0.007000000001426088,-0.00899999999998613,0.007576938696931752,7.576938696931752,112.50352849214285,-0.043939393931809304,0.10606060608221346,-0.13636363636342622,0.1148021014686629
08/12/2021,Derecha,PF05  ,0.007100000002537854,0.004000000000814907,-0.009999999999990905,0.008149233095362826,8.149233095362826,29.396052851176822,0.09726027400736786,0.054794520559108315,-0.13698630136973844,0.11163333007346338
09/01/2022,Derecha,PF05  ,9.999999747378752e-05,0.0,0.0,9.999999747378752e-05,0.09999999747378752,360.0,0.0009523809283217858,0.0,0.0,0.0009523809283217858
12/02/2022,Derecha,PF05  ,9.999999747378752e-05,0.0,0.0,9.999999747378752e-05,0.09999999747378752,360.0,0.0007194244422574641,0.0,0.0,0.0007194244422574641
16/02/2022,Derecha,PF05  ,0.006099999998696148,-0.0020000000004074536,0.0,0.006419501537169597,6.419501537169597,341.8472941062676,0.04265734264822481,-0.013986013988863313,0.0,0.044891619141046134
26/02/2022,Derecha,PF05  ,0.006099999998696148,-0.0020000000004074536,0.0,0.006419501537169597,6.419501537169597,341.8472941062676,0.03986928103722973,-0.013071895427499697,0.0,0.041957526386729393
07/03/2022,Derecha,PF05  ,,,,,,,,,,
11/03/2022,Derecha,PF05  ,9.999999747378752e-05,0.0,0.0,9.999999747378752e-05,0.09999999747378752,360.0,0.0006024096233360693,0.0,0.0,0.0006024096233360693
14/03/2022,Derecha,PF05  ,,,,,,,,,,
21/03/2022,Derecha,PF05  ,,,,,,,,,,
28/03/2022,Derecha,PF05  ,0.006099999998696148,0.0,0.0049999999999954525,0.006099999998696148,6.099999998696148,360.0,0.03333333332620846,0.0,0.02732240437155985,0.03333333332620846
06/04/2022,Derecha,PF05  ,,,,,,,,,,
11/04/2022,Derecha,PF05  ,,,,,,,,,,
20/04/2022,Derecha,PF05  ,,,,,,,,,,
01/05/2022,Derecha,PF05  ,,,,,,,,,,
09/05/2022,Derecha,PF05  ,,,,,,,,,,
16/05/2022,Derecha,PF05  ,,,,,,,,,,
24/05/2022,Derecha,PF05  ,0.0031000000017229468,0.0030000000006111804,0.007000000000005002,0.004313930923687739,4.313930923687739,44.06080904418399,0.012916666673845612,0.012500000002546585,0.02916666666668751,0.017974712182032244
30/05/2022,Derecha,PF05  ,,,,,,,,,,
10/06/2022,Derecha,PF05  ,,,,,,,,,,
14/06/2022,Derecha,PF05  ,,,,,,,,,,
24/06/2022,Derecha,PF05  ,,,,,,,,,,
27/06/2022,Derecha,PF05  ,,,,,,,,,,
04/07/2022,Derecha,PF05  ,,,,,,,,,,
11/07/2022,Derecha,PF05  ,,,,,,,,,,
23/07/2022,Derecha,PF05  ,9.999999747378752e-05,0.0,0.0,9.999999747378752e-05,0.09999999747378752,360.0,0.000333333324912625,0.0,0.0,0.000333333324912625
01/08/2022,Derecha,PF05  ,,,,,,,,,,
08/08/2022,Derecha,PF05  ,,,,,,,,,,
16/08/2022,Derecha,PF05  ,,,,,,,,,,
30/08/2022,Derecha,PF05  ,,,,,,,,,,
16/11/2022,Derecha,PF05  ,9.999999747378752e-05,0.0,0.0,9.999999747378752e-05,0.09999999747378752,360.0,0.00024038460931198922,0.0,0.0,0.00024038460931198922
27/11/2022,Derecha,PF05  ,9.999999747378752e-05,0.0,0.0,9.999999747378752e-05,0.09999999747378752,360.0,0.0002341920315545375,0.0,0.0,0.0002341920315545375
14/12/2022,Derecha,PF05  ,9.999999747378752e-05,0.0,0.0,9.999999747378752e-05,0.09999999747378752,360.0,0.00022522521953555747,0.0,0.0,0.00022522521953555747
09/02/2023,Derecha,PF05  ,,,,,,,,,,
18/02/2023,Derecha,PF05  ,9.999999747378752e-05,0.0,0.0,9.999999747378752e-05,0.09999999747378752,360.0,0.00019607842641919122,0.0,0.0,0.00019607842641919122
04/03/2023,Derecha,PF05  ,,,,,,,,,,
08/03/2023,Derecha,PF05  ,,,,,,,,,,
17/03/2023,Derecha,PF05  ,,,,,,,,,,
29/03/2023,Derecha,PF05  ,,,,,,,,,,
04/04/2023,Derecha,PF05  ,,,,,,,,,,
13/04/2023,Derecha,PF05  ,,,,,,,,,,
17/04/2023,Derecha,PF05  ,,,,,,,,,,
25/04/2023,Derecha,PF05  ,,,,,,,,,,
08/05/2023,Derecha,PF05  ,,,,,,,,,,
19/05/2023,Derecha,PF05  ,,,,,,,,,,
31/05/2023,Derecha,PF05  ,,,,,,,,,,
11/06/2023,Derecha,PF05  ,,,,,,,,,,
19/06/2023,Derecha,PF05  ,-0.002899999999499414,0.009000000001833541,0.01300000000000523,0.009455686121593733,9.455686121593732,107.86009406438457,-0.004595879555466583,0.014263074487850302,0.020602218700483725,0.014985239495394188
07/07/2023,Derecha,PF05  ,0.0011000000013154931,0.009000000001833541,0.006000000000000227,0.009066973036019122,9.066973036019123,83.0317432517757,0.001694915256264242,0.013867488446584808,0.009244992295840105,0.01397068264409726
12/07/2023,Derecha,PF05  ,,,,,,,,,,
17/07/2023,Derecha,PF05  ,9.999999747378752e-05,0.010999999998603016,0.009000000000014552,0.011000454534643607,11.000454534643607,89.47914363858912,0.00015174506445187787,0.016691957509261026,0.013657056145697347,0.016692647245286203
28/07/2023,Derecha,PF05  ,,,,,,,,,,
07/08/2023,Derecha,PF05  ,,,,,,,,,,
19/08/2023,Derecha,PF05  ,-0.0019000000029336661,0.009000000001833541,0.0,0.009198369423117973,9.198369423117972,101.92073855544265,-0.002745664744123795,0.013005780349470437,0.0,0.013292441362887243
25/08/2023,Derecha,PF05  ,,,,,,,,,,
24/09/2023,Derecha,PF05  ,-0.0019000000029336661,0.004000000000814907,-0.003999999999990678,0.004428317967091703,4.428317967091703,115.40771813871055,-0.002609890113919871,0.005494505495624873,-0.005494505494492689,0.0060828543504006915
04/10/2023,Derecha,PF05  ,,,,,,,,,,
14/10/2023,Derecha,PF05  ,,,,,,,,,,
01/11/2023,Derecha,PF05  ,-0.002899999999499414,0.005000000001018634,-0.007999999999981355,0.005780138407277368,5.780138407277368,120.11373314162412,-0.003785900782636311,0.006527415144932942,-0.010443864229740673,0.007545872594356877
14/09/2024,Derecha,PF05  ,-0.0008999999990919605,0.006000000001222361,0.0049999999999954525,0.006067124525921144,6.067124525921144,98.53076559975543,-0.000830258301745351,0.005535055351681145,0.00461254612545706,0.005596978344945704
21/04/2025,Derecha,PF05  ,-0.0008999999990919605,0.010999999998603016,0.0,0.011036756768527242,11.036756768527242,94.67741785477487,-0.000690713736831896,0.008442056790946291,0.0,0.008470266130872787
25/05/2025,Derecha,PF05  ,-0.002899999999499414,0.010999999998603016,0.014000000000010004,0.01137585161499406,11.37585161499406,104.76919852964735,-0.0021690351529539374,0.008227374718476453,0.010471204188489158,0.008508490362747988
04/10/2021,Derecha,PF06 ,0.0010000000038417056,0.0029999999969732016,0.0,0.00316227765851176,3.1622776585117602,71.56505109370165,0.1250000004802132,0.3749999996216502,0.0,0.39528470731397003
10/10/2021,Derecha,PF06 ,0.006999999997788109,0.0029999999969732016,-0.009000000000014552,0.007615773102638545,7.615773102638546,23.198590499272964,0.49999999984200777,0.2142857140695144,-0.6428571428581823,0.5439837930456104
14/10/2021,Derecha,PF06 ,0.0010000000038417056,0.0,-0.0030000000000143245,0.0010000000038417056,1.0000000038417056,360.0,0.05555555576898364,0.0,-0.16666666666746247,0.05555555576898364
18/10/2021,Derecha,PF06 ,0.008000000001629815,0.0020000000004074536,0.00899999999998613,0.008246211252915296,8.246211252915296,14.036243467926477,0.3636363637104461,0.09090909092761153,0.4090909090902787,0.37482778422342256
27/10/2021,Derecha,PF06 ,0.00010000000474974513,0.0029999999969732016,0.01999999999998181,0.0030016662010938456,3.0016662010938457,88.09084747446607,0.003225806604830488,0.09677419345074845,0.6451612903219939,0.0968279419707692
01/11/2021,Derecha,PF06 ,-0.0029999999969732016,0.0,-0.0049999999999954525,0.0029999999969732016,2.9999999969732016,180.0,-0.08333333324925561,0.0,-0.13888888888876258,0.08333333324925561
11/11/2021,Derecha,PF06 ,0.004000000000814907,0.0,-0.014000000000010004,0.004000000000814907,4.000000000814907,360.0,0.08695652175684582,0.0,-0.304347826087174,0.08695652175684582
16/11/2021,Derecha,PF06 ,0.008000000001629815,0.0,-0.009000000000014552,0.008000000001629815,8.000000001629815,360.0,0.15686274512999634,0.0,-0.17647058823557943,0.15686274512999634
24/11/2021,Derecha,PF06 ,9.999999747378752e-05,0.0,0.0,9.999999747378752e-05,0.09999999747378752,360.0,0.0016949152114201275,0.0,0.0,0.0016949152114201275
01/12/2021,Derecha,PF06 ,9.999999747378752e-05,0.0,0.0,9.999999747378752e-05,0.09999999747378752,360.0,0.0015151514768755685,0.0,0.0,0.0015151514768755685
08/12/2021,Derecha,PF06 ,9.999999747378752e-05,0.0,0.0,9.999999747378752e-05,0.09999999747378752,360.0,0.0013698629790929798,0.0,0.0,0.0013698629790929798
09/01/2022,Derecha,PF06 ,0.0051000000021304,0.0010000000002037268,-0.02400000000000091,0.005197114586204305,5.197114586204305,11.093723009242694,0.0485714285917181,0.00952380952574978,-0.22857142857143725,0.04949632939242195
12/02/2022,Derecha,PF06 ,9.999999747378752e-05,0.0,0.0,9.999999747378752e-05,0.09999999747378752,360.0,0.0007194244422574641,0.0,0.0,0.0007194244422574641
16/02/2022,Derecha,PF06 ,0.010099999999511056,-0.0010000000002037268,-0.02200000000001978,0.01014938421730751,10.14938421730751,354.3455791759429,0.07062937062595144,-0.006993006994431656,-0.15384615384629216,0.07097471480634622
26/02/2022,Derecha,PF06 ,0.010099999999511056,-0.0010000000002037268,-0.02200000000001978,0.01014938421730751,10.14938421730751,354.3455791759429,0.06601307189222913,-0.006535947713749849,-0.14379084967333192,0.06633584455756543
07/03/2022,Derecha,PF06 ,,,,,,,,,,
11/03/2022,Derecha,PF06 ,9.999999747378752e-05,0.0,0.0,9.999999747378752e-05,0.09999999747378752,360.0,0.0006024096233360693,0.0,0.0,0.0006024096233360693
14/03/2022,Derecha,PF06 ,,,,,,,,,,
21/03/2022,Derecha,PF06 ,,,,,,,,,,
28/03/2022,Derecha,PF06 ,0.006099999998696148,0.0,0.01099999999999568,0.006099999998696148,6.099999998696148,360.0,0.03333333332620846,0.0,0.06010928961746273,0.03333333332620846
06/04/2022,Derecha,PF06 ,,,,,,,,,,
11/04/2022,Derecha,PF06 ,,,,,,,,,,
20/04/2022,Derecha,PF06 ,,,,,,,,,,
01/05/2022,Derecha,PF06 ,,,,,,,,,,
09/05/2022,Derecha,PF06 ,,,,,,,,,,
16/05/2022,Derecha,PF06 ,,,,,,,,,,
24/05/2022,Derecha,PF06 ,0.004099999998288695,0.0020000000004074536,0.006000000000000227,0.004561797889823388,4.561797889823388,26.003345858534374,0.017083333326202894,0.008333333335031057,0.025000000000000945,0.01900749120759745
30/05/2022,Derecha,PF06 ,,,,,,,,,,
10/06/2022,Derecha,PF06 ,,,,,,,,,,
14/06/2022,Derecha,PF06 ,,,,,,,,,,
24/06/2022,Derecha,PF06 ,,,,,,,,,,
27/06/2022,Derecha,PF06 ,,,,,,,,,,
04/07/2022,Derecha,PF06 ,,,,,,,,,,
11/07/2022,Derecha,PF06 ,,,,,,,,,,
23/07/2022,Derecha,PF06 ,0.006099999998696148,0.0,0.016999999999995907,0.006099999998696148,6.099999998696148,360.0,0.02033333332898716,0.0,0.05666666666665302,0.02033333332898716
01/08/2022,Derecha,PF06 ,,,,,,,,,,
08/08/2022,Derecha,PF06 ,,,,,,,,,,
16/08/2022,Derecha,PF06 ,,,,,,,,,,
30/08/2022,Derecha,PF06 ,,,,,,,,,,
16/11/2022,Derecha,PF06 ,9.999999747378752e-05,0.0,0.0,9.999999747378752e-05,0.09999999747378752,360.0,0.00024038460931198922,0.0,0.0,0.00024038460931198922
27/11/2022,Derecha,PF06 ,9.999999747378752e-05,0.0,0.0,9.999999747378752e-05,0.09999999747378752,360.0,0.0002341920315545375,0.0,0.0,0.0002341920315545375
14/12/2022,Derecha,PF06 ,9.999999747378752e-05,0.0,0.0,9.999999747378752e-05,0.09999999747378752,360.0,0.00022522521953555747,0.0,0.0,0.00022522521953555747
09/02/2023,Derecha,PF06 ,,,,,,,,,,
18/02/2023,Derecha,PF06 ,9.999999747378752e-05,0.0,0.0,9.999999747378752e-05,0.09999999747378752,360.0,0.00019607842641919122,0.0,0.0,0.00019607842641919122
04/03/2023,Derecha,PF06 ,,,,,,,,,,
08/03/2023,Derecha,PF06 ,,,,,,,,,,
17/03/2023,Derecha,PF06 ,,,,,,,,,,
29/03/2023,Derecha,PF06 ,0.010099999999511056,-0.013000000002648449,0.0,0.01646238136051352,16.46238136051352,307.84445845811507,0.018397085609309756,-0.023679417126864204,0.0,0.02998612269674594
04/04/2023,Derecha,PF06 ,,,,,,,,,,
13/04/2023,Derecha,PF06 ,,,,,,,,,,
17/04/2023,Derecha,PF06 ,,,,,,,,,,
25/04/2023,Derecha,PF06 ,9.999999747378752e-05,0.0,0.0,9.999999747378752e-05,0.09999999747378752,360.0,0.00017361110672532555,0.0,0.0,0.00017361110672532555
08/05/2023,Derecha,PF06 ,,,,,,,,,,
19/05/2023,Derecha,PF06 ,,,,,,,,,,
31/05/2023,Derecha,PF06 ,,,,,,,,,,
11/06/2023,Derecha,PF06 ,9.999999747378752e-05,0.0,0.0,9.999999747378752e-05,0.09999999747378752,360.0,0.00016051363960479536,0.0,0.0,0.00016051363960479536
19/06/2023,Derecha,PF06 ,0.006099999998696148,0.004999999997380655,0.016999999999995907,0.007887331612015535,7.887331612015535,39.34051815112596,0.009667194926618302,0.007923930265262528,0.026941362915999852,0.012499733141070578
07/07/2023,Derecha,PF06 ,0.008099999999103602,0.010999999998603016,0.003999999999990678,0.013660527074558459,13.660527074558459,53.63341982691697,0.012480739598002468,0.016949152540220364,0.006163328197212138,0.02104857792690055
12/07/2023,Derecha,PF06 ,,,,,,,,,,
17/07/2023,Derecha,PF06 ,0.010099999999511056,0.011999999998806743,0.007000000000005002,0.015684705925247216,15.684705925247215,49.91379876093435,0.015326251896071404,0.01820940819242298,0.010622154779977242,0.02380076771661186
28/07/2023,Derecha,PF06 ,,,,,,,,,,
07/08/2023,Derecha,PF06 ,,,,,,,,,,
19/08/2023,Derecha,PF06 ,0.002099999997881241,0.005999999997584382,-0.0020000000000095497,0.006356886027145193,6.356886027145193,70.70995379164337,0.0030346820778630653,0.008670520227723097,-0.0028901734104184243,0.009186251484313863
25/08/2023,Derecha,PF06 ,,,,,,,,,,
24/09/2023,Derecha,PF06 ,-0.0008999999990919605,0.0039999999971769284,-0.038000000000010914,0.004099999997046458,4.099999997046458,102.68038348809986,-0.0012362637350164293,0.005494505490627649,-0.05219780219781719,0.005631868127811069
04/10/2023,Derecha,PF06 ,,,,,,,,,,
14/10/2023,Derecha,PF06 ,,,,,,,,,,
01/11/2023,Derecha,PF06 ,,,,,,,,,,
14/09/2024,Derecha,PF06 ,,,,,,,,,,
04/10/2021,Derecha,PF07,-0.00033333332976326346,-0.002666666667209938,-0.000666666666660376,0.0026874192495291134,2.6874192495291136,262.87498372806095,-0.04166666622040793,-0.33333333340124227,-0.083333333332547,0.3359274061911392
10/10/2021,Derecha,PF07,-0.001333333333604969,0.00033333333340124227,0.0033333333333303017,0.0013743685421525491,1.374368542152549,165.96375653207352,-0.0952380952574978,0.02380952381437445,0.23809523809502156,0.09816918158232495
14/10/2021,Derecha,PF07,-0.001333333333604969,0.00033333333340124227,-0.0036666666666747005,0.0013743685421525491,1.374368542152549,165.96375653207352,-0.07407407408916494,0.018518518522291236,-0.20370370370415003,0.07635380789736385
18/10/2021,Derecha,PF07,-0.001333333333604969,0.00033333333340124227,0.0043333333333350765,0.0013743685421525491,1.374368542152549,165.96375653207352,-0.06060606061840769,0.015151515154601922,0.1969696969697762,0.062471297370570424
27/10/2021,Derecha,PF07,-0.002333333330170717,-0.002666666667209938,0.006333333333344626,0.0035433819359044724,3.5433819359044723,228.81407487856097,-0.0752688171022812,-0.08602150539386898,0.20430107526918148,0.11430264309369266
01/11/2021,Derecha,PF07,-0.0033333333340124227,-0.0016666666670062114,0.001333333333320752,0.0037267799632588945,3.7267799632588945,206.56505117707798,-0.09259259261145619,-0.046296296305728096,0.03703703703668756,0.1035216656460804
11/11/2021,Derecha,PF07,-0.004333333330578171,-0.0006666666668024845,-0.0036666666666747005,0.004384315476619496,4.384315476619496,188.74616226978438,-0.0942028984908298,-0.01449275362614097,-0.07971014492771089,0.0953112060134673
16/11/2021,Derecha,PF07,-0.002333333330170717,-0.002666666667209938,0.002333333333325527,0.0035433819359044724,3.5433819359044723,228.81407487856097,-0.04575163392491602,-0.05228758170999879,0.04575163398677504,0.0694780771745975
24/11/2021,Derecha,PF07,9.999999747378752e-05,0.0,0.0,9.999999747378752e-05,0.09999999747378752,360.0,0.0016949152114201275,0.0,0.0,0.0016949152114201275
01/12/2021,Derecha,PF07,-0.003233333336538635,-0.004666666663979413,-0.0016666666666651508,0.005677342883591655,5.677342883591655,235.2835706091008,-0.048989899038464166,-0.07070707066635473,-0.025252525252502284,0.08602034672108567
08/12/2021,Derecha,PF07,-0.004233333333104383,-0.003666666667413665,-0.0026666666666699257,0.005600496010095454,5.600496010095454,220.89720308406805,-0.057990867576772374,-0.05022831051251596,-0.036529680365341446,0.07671912342596512
09/01/2022,Derecha,PF07,-0.006233333333511837,-0.0016666666670062114,0.0043333333333350765,0.006452303637119024,6.452303637119024,194.96955080530185,-0.05936507936677939,-0.01587301587624963,0.041269841269857874,0.061450510829704985
12/02/2022,Derecha,PF07,-0.0072333333373535424,-0.003666666667413665,-0.000666666666660376,0.008109596513957557,8.109596513957557,206.88101733823146,-0.052038369333478725,-0.02637889688786809,-0.004796163069499108,0.05834242096372343
16/02/2022,Derecha,PF07,-0.0072333333373535424,-0.003666666667413665,0.007333333333320979,0.008109596513957557,8.109596513957557,206.88101733823146,-0.05058275061086394,-0.025641025646249406,0.05128205128196489,0.05671046513257033
26/02/2022,Derecha,PF07,-0.0072333333373535424,-0.003666666667413665,0.007333333333320979,0.008109596513957557,8.109596513957557,206.88101733823146,-0.04727668847943492,-0.02396514161708278,0.04793028322432013,0.053003898784036316
07/03/2022,Derecha,PF07,,,,,,,,,,
11/03/2022,Derecha,PF07,-0.0072333333373535424,-0.00566666666418314,0.006333333333344626,0.009188700792399033,9.188700792399032,218.0755089181863,-0.043574297212973144,-0.03413654616977795,0.0381526104418351,0.05535361923131948
14/03/2022,Derecha,PF07,,,,,,,,,,
21/03/2022,Derecha,PF07,,,,,,,,,,
28/03/2022,Derecha,PF07,-0.010233333334326744,-0.003666666667413665,0.008333333333325754,0.01087039813352599,10.87039813352599,199.71291622088285,-0.055919854285938486,-0.020036429876577406,0.04553734061926642,0.05940108269686334
06/04/2022,Derecha,PF07,,,,,,,,,,
11/04/2022,Derecha,PF07,,,,,,,,,,
20/04/2022,Derecha,PF07,,,,,,,,,,
01/05/2022,Derecha,PF07,-0.017233333332114853,-0.00566666666418314,0.007333333333320979,0.018141082900939107,18.141082900939107,198.20190509507188,-0.07941628263647398,-0.026113671263516772,0.03379416282636396,0.08359946037299128
09/05/2022,Derecha,PF07,,,,,,,,,,
16/05/2022,Derecha,PF07,,,,,,,,,,
24/05/2022,Derecha,PF07,-0.013233333338575903,-0.006666666664386867,0.0043333333333350765,0.014817744621362306,14.817744621362307,206.7379755228978,-0.05513888891073293,-0.02777777776827861,0.01805555555556282,0.061740602589009604
30/05/2022,Derecha,PF07,,,,,,,,,,
10/06/2022,Derecha,PF07,,,,,,,,,,
14/06/2022,Derecha,PF07,,,,,,,,,,
24/06/2022,Derecha,PF07,-0.01823333333595656,-0.006666666664386867,0.011333333333340079,0.019413883922444572,19.413883922444573,200.08396446275276,-0.06728167282640796,-0.024600245994047476,0.041820418204206934,0.07163794805330101
27/06/2022,Derecha,PF07,,,,,,,,,,
04/07/2022,Derecha,PF07,,,,,,,,,,
11/07/2022,Derecha,PF07,,,,,,,,,,
23/07/2022,Derecha,PF07,-0.016233333335549105,-0.00566666666418314,0.013333333333321207,0.017193958888691525,17.193958888691526,199.24286762714172,-0.054111111118497014,-0.018888888880610466,0.04444444444440402,0.05731319629563842
01/08/2022,Derecha,PF07,,,,,,,,,,
08/08/2022,Derecha,PF07,,,,,,,,,,
16/08/2022,Derecha,PF07,,,,,,,,,,
30/08/2022,Derecha,PF07,,,,,,,,,,
16/11/2022,Derecha,PF07,-0.026233333337586373,-0.007666666664590593,0.014333333333325982,0.027330670605509578,27.330670605509578,196.29095177520853,-0.06306089744612109,-0.01842948717449662,0.03445512820511053,0.06569872741709033
27/11/2022,Derecha,PF07,-0.02723333333415212,-0.00866666666479432,0.011333333333340079,0.02857911047544514,28.57911047544514,197.6530188192435,-0.06377829820644525,-0.020296643243078033,0.026541764246698078,0.06693000111345467
14/12/2022,Derecha,PF07,-0.02723333333415212,-0.00866666666479432,0.014333333333325982,0.02857911047544514,28.57911047544514,197.6530188192435,-0.06133633633818045,-0.019519519515302522,0.03228228228226573,0.06436736593568725
09/02/2023,Derecha,PF07,-0.02723333333415212,-0.006666666664386867,0.02033333333332621,0.02803745510746452,28.03745510746452,193.75538404832,-0.0543579507667707,-0.013306719888995741,0.040585495675301814,0.05596298424643617
18/02/2023,Derecha,PF07,-0.03023333333840128,-0.009666666664998047,0.01633333333333553,0.03174112299782525,31.74112299782525,197.73091788183544,-0.05928104576157114,-0.01895424836274127,0.03202614379085398,0.062237496074167155
04/03/2023,Derecha,PF07,,,,,,,,,,
08/03/2023,Derecha,PF07,9.999999747378752e-05,0.0,0.0,9.999999747378752e-05,0.09999999747378752,360.0,0.00018939393460944606,0.0,0.0,0.00018939393460944606
17/03/2023,Derecha,PF07,-0.0022333333326969296,-0.003666666667413665,-0.0056666666666558285,0.004293276397444918,4.2932763974449175,238.65478587072369,-0.004158907509677709,-0.006828057108777775,-0.010552451893213832,0.007994928114422565
29/03/2023,Derecha,PF07,-0.004233333333104383,-0.010666666665201774,-0.0056666666666558285,0.011476013630860649,11.476013630860649,248.35310949962707,-0.007710989677785762,-0.01942926532823638,-0.010321797207023366,0.02090348566641284
04/04/2023,Derecha,PF07,-0.0072333333373535424,-0.012666666665609227,-0.010666666666651281,0.014586485374720194,14.586485374720194,240.2713589871656,-0.013033033040276653,-0.022822822820917528,-0.019219219219191497,0.026281955630126475
13/04/2023,Derecha,PF07,-0.0022333333326969296,-0.013666666665812954,-0.01666666666665151,0.013847944090347062,13.847944090347063,260.7190646973717,-0.003959810873576116,-0.02423167848548396,-0.029550827423140972,0.024553092358771386
17/04/2023,Derecha,PF07,,,,,,,,,,
25/04/2023,Derecha,PF07,-0.0022333333326969296,-0.0116666666654055,-0.004666666666651054,0.011878505329233097,11.878505329233096,259.1630544126346,-0.003877314813709947,-0.020254629627440107,-0.008101851851824745,0.020622405085474128
08/05/2023,Derecha,PF07,,,,,,,,,,
19/05/2023,Derecha,PF07,,,,,,,,,,
31/05/2023,Derecha,PF07,,,,,,,,,,
11/06/2023,Derecha,PF07,,,,,,,,,,
19/06/2023,Derecha,PF07,,,,,,,,,,
07/07/2023,Derecha,PF07,,,,,,,,,,
12/07/2023,Derecha,PF07,,,,,,,,,,
17/07/2023,Derecha,PF07,,,,,,,,,,
28/07/2023,Derecha,PF07,,,,,,,,,,
07/08/2023,Derecha,PF07,,,,,,,,,,
19/08/2023,Derecha,PF07,0.0,0.0,0.0,0.0,0.0,,0.0,0.0,0.0,0.0
25/08/2023,Derecha,PF07,-0.000999999996565748,-0.0039999999971769284,0.006000000000000227,0.0041231056220459505,4.1231056220459505,255.9637565688572,-0.0014326647515268596,-0.005730659021743451,0.008595988538682275,0.005907028111813683
24/09/2023,Derecha,PF07,0.0010000000038417056,-0.0010000000002037268,-0.003999999999990678,0.0014142135652336477,1.4142135652336478,315.0000001042204,0.0013736263789034418,-0.0013736263739062182,-0.005494505494492689,0.0019426010511451204
04/10/2023,Derecha,PF07,-0.000999999996565748,-0.0029999999969732016,-0.0049999999999954525,0.0031622776562109,3.1622776562109003,251.56505121876614,-0.0013550135454820434,-0.0040650406463051516,-0.006775067750671345,0.004284929073456505
14/10/2023,Derecha,PF07,-0.004999999997380655,-0.010999999998603016,-0.0049999999999954525,0.012083045971238913,12.083045971238914,245.55604522814951,-0.006684491975107828,-0.01470588235107355,-0.006684491978603546,0.016153804774383575
01/11/2023,Derecha,PF07,-0.000999999996565748,-0.001999999996769475,0.006000000000000227,0.002236067973074476,2.236067973074476,243.43494886461016,-0.001305483024237269,-0.0026109660532238573,0.007832898172324056,0.0029191487899144597
14/09/2024,Derecha,PF07,0.0029999999969732016,0.0010000000002037268,0.0,0.00316227765736133,3.1622776573613303,18.434948843766094,0.0027675276724845035,0.0009225092252801908,0.0,0.002917230311218939
21/04/2025,Derecha,PF07,0.0029999999969732016,-0.0029999999969732016,0.004000000000019099,0.004242640682838745,4.242640682838745,315.0,0.0023023791227729865,-0.0023023791227729865,0.0030698388334759012,0.003256055781150227
25/05/2025,Derecha,PF07,0.004999999997380655,-0.0039999999971769284,-0.009999999999990905,0.006403124233623925,6.403124233623926,321.3401917509938,0.003739715779641477,-0.0029917726231689814,-0.007479431563194394,0.004789172949606527
04/10/2021,Derecha,PF08 ,0.000999999996565748,0.00033333333340124227,-0.001333333333320752,0.001054092550152917,1.0540925501529168,18.434948885454258,0.1249999995707185,0.041666666675155284,-0.166666666665094,0.1317615687691146
10/10/2021,Derecha,PF08 ,-7.275957614183426e-12,-0.0006666666668024845,-0.001333333333320752,0.0006666666668024845,0.6666666668024845,269.9999993746775,-5.19711258155959e-10,-0.0476190476287489,-0.09523809523719658,0.0476190476287489
14/10/2021,Derecha,PF08 ,-7.275957614183426e-12,0.00033333333340124227,-0.007333333333320979,0.0003333333334012423,0.3333333334012423,90.00000125064498,-4.0421986745463473e-10,0.018518518522291236,-0.4074074074067211,0.01851851852229124
18/10/2021,Derecha,PF08 ,-0.0010000000038417056,0.00033333333340124227,0.0036666666666747005,0.0010540925570554965,1.0540925570554964,161.56505123961023,-0.04545454562916844,0.015151515154601922,0.16666666666703184,0.047913298047977115
27/10/2021,Derecha,PF08 ,-0.0020000000076834112,-0.0006666666668024845,-0.00033333333334439885,0.002108185114110993,2.108185114110993,198.43494876038977,-0.06451612928011005,-0.021505376348467244,-0.010752688172399964,0.06800597142293527
01/11/2021,Derecha,PF08 ,-0.0030000000042491592,0.00033333333340124227,0.0016666666666651508,0.0030184617169431416,3.0184617169431416,173.65980826171597,-0.08333333345136552,0.009259259261145618,0.046296296296254195,0.08384615880397615
11/11/2021,Derecha,PF08 ,-0.0020000000076834112,-0.0006666666668024845,-0.002333333333325527,0.002108185114110993,2.108185114110993,198.43494876038977,-0.0434782610365959,-0.01449275362614097,-0.05072463768098972,0.04583011117632594
16/11/2021,Derecha,PF08 ,-0.0020000000076834112,-0.0016666666670062114,0.000666666666660376,0.0026034165647554827,2.6034165647554826,219.8055709897533,-0.03921568642516493,-0.03267973856874924,0.013071895424713256,0.051047383622656525
24/11/2021,Derecha,PF08 ,9.999999747378752e-05,0.0,0.0,9.999999747378752e-05,0.09999999747378752,360.0,0.0016949152114201275,0.0,0.0,0.0016949152114201275
01/12/2021,Derecha,PF08 ,9.999999747378752e-05,0.0,0.0,9.999999747378752e-05,0.09999999747378752,360.0,0.0015151514768755685,0.0,0.0,0.0015151514768755685
08/12/2021,Derecha,PF08 ,9.999999747378752e-05,0.0,0.0,9.999999747378752e-05,0.09999999747378752,360.0,0.0013698629790929798,0.0,0.0,0.0013698629790929798
09/01/2022,Derecha,PF08 ,9.999999747378752e-05,0.0,0.0,9.999999747378752e-05,0.09999999747378752,360.0,0.0009523809283217858,0.0,0.0,0.0009523809283217858
12/02/2022,Derecha,PF08 ,-0.005900000011024531,-0.0006666666668024845,-0.001333333333320752,0.005937545332434524,5.937545332434524,186.4467553684621,-0.042446043244780796,-0.0047961630705214715,-0.009592326138998216,0.04271615347075197
16/02/2022,Derecha,PF08 ,-0.005900000011024531,-0.0006666666668024845,0.0036666666666747005,0.005937545332434524,5.937545332434524,186.4467553684621,-0.04125874133583588,-0.004662004662954437,0.02564102564108182,0.04152129603101066
26/02/2022,Derecha,PF08 ,-0.005900000011024531,-0.0006666666668024845,0.0036666666666747005,0.005937545332434524,5.937545332434524,186.4467553684621,-0.03856209157532373,-0.004357298475833232,0.023965141612252945,0.038807485832905386
07/03/2022,Derecha,PF08 ,,,,,,,,,,
11/03/2022,Derecha,PF08 ,-0.004900000007182825,-0.0016666666670062114,0.0026666666666699257,0.005175691050410687,5.175691050410688,198.7850204905487,-0.02951807233242666,-0.01004016064461573,0.016064257028132082,0.03117886174946197
14/03/2022,Derecha,PF08 ,,,,,,,,,,
21/03/2022,Derecha,PF08 ,,,,,,,,,,
28/03/2022,Derecha,PF08 ,-0.008900000007997733,-0.0006666666668024845,0.0036666666666747005,0.008924933870174344,8.924933870174344,184.28381852330696,-0.048633879825124224,-0.003642987250286801,0.020036429872539348,0.04877013043811117
06/04/2022,Derecha,PF08 ,,,,,,,,,,
11/04/2022,Derecha,PF08 ,,,,,,,,,,
20/04/2022,Derecha,PF08 ,,,,,,,,,,
01/05/2022,Derecha,PF08 ,-0.011900000012246892,-0.002666666667209938,0.004666666666679475,0.01219512654323376,12.19512654323376,192.63072715191643,-0.05483870973385665,-0.012288786484838426,0.02150537634414505,0.056198739830570325
09/05/2022,Derecha,PF08 ,,,,,,,,,,
16/05/2022,Derecha,PF08 ,,,,,,,,,,
24/05/2022,Derecha,PF08 ,-0.01290000000881264,-0.0016666666670062114,0.0026666666666699257,0.013007220225946654,13.007220225946654,187.3617744173182,-0.05375000003671933,-0.006944444445859214,0.01111111111112469,0.05419675094144439
30/05/2022,Derecha,PF08 ,,,,,,,,,,
10/06/2022,Derecha,PF08 ,,,,,,,,,,
14/06/2022,Derecha,PF08 ,,,,,,,,,,
24/06/2022,Derecha,PF08 ,-0.016900000009627547,-0.002666666667209938,0.0056666666666558285,0.01710909440734429,17.109094407344287,188.96682333208588,-0.06236162365176217,-0.009840098402988702,0.020910209102051026,0.06313318969499737
27/06/2022,Derecha,PF08 ,,,,,,,,,,
04/07/2022,Derecha,PF08 ,,,,,,,,,,
11/07/2022,Derecha,PF08 ,,,,,,,,,,
23/07/2022,Derecha,PF08 ,-0.010900000008405186,-0.003666666667413665,0.009666666666674928,0.011500193243296196,11.500193243296197,198.59249868048022,-0.03633333336135062,-0.012222222224712217,0.03222222222224976,0.03833397747765399
01/08/2022,Derecha,PF08 ,,,,,,,,,,
08/08/2022,Derecha,PF08 ,,,,,,,,,,
16/08/2022,Derecha,PF08 ,,,,,,,,,,
30/08/2022,Derecha,PF08 ,,,,,,,,,,
16/11/2022,Derecha,PF08 ,-0.022900000010849908,-0.0016666666670062114,0.007666666666665378,0.02296057007732681,22.96057007732681,184.16265905075798,-0.055048076949158434,-0.0040064102572264695,0.01842948717948408,0.055193678070497146
27/11/2022,Derecha,PF08 ,-0.021900000007008202,-0.002666666667209938,0.006666666666660603,0.022061756761893824,22.061756761893825,186.9424779380051,-0.05128805622250165,-0.006245121000491658,0.0156128024980342,0.051666877662514814
14/12/2022,Derecha,PF08 ,-0.023900000007415656,-0.0016666666670062114,0.008666666666670153,0.02395804203463584,23.95804203463584,183.98906371356102,-0.05382882884553076,-0.003753753754518494,0.01951951951952737,0.05395955413206271
09/02/2023,Derecha,PF08 ,-0.02590000000782311,-0.002666666667209938,0.009666666666674928,0.026036918241590067,26.036918241590065,185.87846564111877,-0.05169660680204213,-0.00532268795850287,0.01929474384565854,0.05196989668980053
18/02/2023,Derecha,PF08 ,-0.026900000011664815,-0.002666666667209938,0.008666666666670153,0.027031853649751355,27.031853649751355,185.66138204933924,-0.052745098062087874,-0.005228758170999878,0.01699346405229442,0.0530036346073556
04/03/2023,Derecha,PF08 ,-0.026900000011664815,-0.002666666667209938,0.013666666666665606,0.027031853649751355,27.031853649751355,185.66138204933924,-0.05133587788485652,-0.005089058525209805,0.026081424936384746,0.05158750696517434
08/03/2023,Derecha,PF08 ,9.999999747378752e-05,0.0,0.0,9.999999747378752e-05,0.09999999747378752,360.0,0.00018939393460944606,0.0,0.0,0.00018939393460944606
17/03/2023,Derecha,PF08 ,9.999999747378752e-05,0.0,0.0,9.999999747378752e-05,0.09999999747378752,360.0,0.00018621973458805868,0.0,0.0,0.00018621973458805868
29/03/2023,Derecha,PF08 ,9.999999747378752e-05,0.0,0.0,9.999999747378752e-05,0.09999999747378752,360.0,0.00018214935787575138,0.0,0.0,0.00018214935787575138
04/04/2023,Derecha,PF08 ,9.999999747378752e-05,0.0,0.0,9.999999747378752e-05,0.09999999747378752,360.0,0.00018018017562844598,0.0,0.0,0.00018018017562844598
13/04/2023,Derecha,PF08 ,0.0020999999906052835,-0.00566666666418314,-0.02433333333334531,0.006043269896629362,6.043269896629362,290.33411295716274,0.00372340423866185,-0.010047281319473652,-0.04314420803784629,0.010715017547215181
17/04/2023,Derecha,PF08 ,0.0020999999906052835,-0.004666666667617392,-0.017333333333340306,0.005117399510219366,5.117399510219366,294.22774521766485,0.003697183082051556,-0.008215962442988365,-0.030516431924894904,0.009009506179963671
25/04/2023,Derecha,PF08 ,9.999999747378752e-05,0.0,0.0,9.999999747378752e-05,0.09999999747378752,360.0,0.00017361110672532555,0.0,0.0,0.00017361110672532555
08/05/2023,Derecha,PF08 ,-0.007900000011431985,-0.009666666664998047,0.000666666666660376,0.012484167757316056,12.484167757316056,230.7428845292512,-0.013412563686641739,-0.016411997733443203,0.0011318619128359525,0.021195530997141013
19/05/2023,Derecha,PF08 ,-0.005900000011024531,-0.009666666664998047,-0.015333333333330756,0.01132494788254118,11.32494788254118,238.60241188223463,-0.009833333351707552,-0.01611111110833008,-0.025555555555551262,0.018874913137568634
31/05/2023,Derecha,PF08 ,-0.010900000008405186,-0.0116666666654055,-0.03433333333333621,0.015966249129489272,15.966249129489272,226.94578473129064,-0.017810457530073834,-0.019063180825825983,-0.05610021786492845,0.026088642368446522
11/06/2023,Derecha,PF08 ,-0.011900000012246892,-0.010666666665201774,-0.03333333333333144,0.01598085661152126,15.98085661152126,221.87173275328232,-0.019101123615163553,-0.01712145532135116,-0.05350454788656732,0.025651455235186613
19/06/2023,Derecha,PF08 ,-0.009900000011839438,-0.010666666665201774,-0.02733333333333121,0.014552930219751197,14.552930219751197,227.1348347061129,-0.015689381952201962,-0.016904384572427534,-0.04331748547279114,0.02306328085539017
07/07/2023,Derecha,PF08 ,-0.009900000011839438,-0.0116666666654055,-0.010333333333335304,0.015301016675897873,15.301016675897873,229.68301569011663,-0.01525423730637818,-0.017976373906634053,-0.0159219311761715,0.023576296881198573
12/07/2023,Derecha,PF08 ,-0.007900000011431985,-0.010666666665201774,-0.02433333333334531,0.013273574421652673,13.273574421652672,233.47542678536678,-0.012079510720844013,-0.016309887867281003,-0.03720693170236286,0.02029598535420898
17/07/2023,Derecha,PF08 ,-0.006900000007590279,-0.007666666664590593,-0.005333333333339851,0.010314445106291007,10.314445106291007,228.01278746512884,-0.010470409723202245,-0.01163378856538785,-0.008093070308558195,0.015651661769789087
28/07/2023,Derecha,PF08 ,-0.01990000000660075,-0.016666666666424135,-0.01833333333334508,0.025957422407327027,25.957422407327027,219.94687903221444,-0.0297014925471653,-0.024875621890185273,-0.027363184079619525,0.03874242150347317
07/08/2023,Derecha,PF08 ,-0.017900000006193295,-0.010666666665201774,-0.014333333333325982,0.02083717298407456,20.83717298407456,210.79084797082888,-0.02632352942087249,-0.015686274507649665,-0.021078431372538207,0.030642901447168466
19/08/2023,Derecha,PF08 ,-0.004900000007182825,-0.003666666667413665,-0.009333333333330529,0.006120003637279485,6.120003637279485,216.80748393266836,-0.007080924865871135,-0.005298651253487955,-0.013487475915217529,0.008843935892022377
25/08/2023,Derecha,PF08 ,-0.005900000011024531,-0.007666666664590593,-0.0033333333333303017,0.009674077624044276,9.674077624044276,232.41937098363633,-0.008452722078831706,-0.010983763129785952,-0.0047755491881522946,0.013859710063100682
24/09/2023,Derecha,PF08 ,-0.004900000007182825,-0.002666666667209938,-0.013333333333321207,0.005578629866230618,5.578629866230618,208.55581417814818,-0.006730769240635749,-0.003663003663749915,-0.01831501831500166,0.007662953112954146
04/10/2023,Derecha,PF08 ,-0.005900000011024531,-0.003666666667413665,-0.015333333333330756,0.006946541915227453,6.946541915227454,211.85966684796674,-0.007994579960737847,-0.004968383018175698,-0.02077687443540753,0.009412658421717417
14/10/2023,Derecha,PF08 ,-0.01290000000881264,-0.0116666666654055,-0.014333333333325982,0.017393134027801026,17.393134027801025,222.12596266524284,-0.017245989316594438,-0.015597147948403074,-0.0191622103386711,0.02325285297834362
01/11/2023,Derecha,PF08 ,-0.004900000007182825,-0.00566666666418314,-0.0043333333333350765,0.007491402482403155,7.491402482403155,229.14983523700334,-0.006396866850108127,-0.007397737159508016,-0.005657093124458324,0.00977989880209289
14/09/2024,Derecha,PF08 ,-0.0019000000102096237,-0.002666666667209938,-0.01633333333333553,0.0032743107905031143,3.2743107905031144,234.5301276926169,-0.0017527675370937487,-0.0024600246007471754,-0.015067650676508792,0.0030205819100582237
21/04/2025,Derecha,PF08 ,0.0010999999940395355,-0.0006666666668024845,-0.015333333333330756,0.001286252087078001,1.286252087078001,328.7815970928668,0.0008442056746274256,-0.0005116398056811086,-0.011767715528266122,0.000987146651633155
25/05/2025,Derecha,PF08 ,0.0020999999906052835,-0.002666666667209938,-0.02933333333334076,0.0033942762224884924,3.394276222488492,308.2204319245871,0.0015706806212455375,-0.001994515083926655,-0.021939665918729066,0.002538725671270376
04/10/2021,Derecha,PF09 ,-0.00033333332976326346,-0.0016666666670062114,0.006000000000000227,0.0016996731708303976,1.6996731708303976,258.6900676462341,-0.04166666622040793,-0.20833333337577642,0.7500000000000284,0.2124591463537997
10/10/2021,Derecha,PF09 ,-0.00033333332976326346,-0.0006666666668024845,0.012000000000000455,0.0007453559910248253,0.7453559910248253,243.43494907305103,-0.02380952355451882,-0.0476190476287489,0.8571428571428896,0.05323971364463038
14/10/2021,Derecha,PF09 ,-0.001333333333604969,0.00033333333340124227,0.005000000000023874,0.0013743685421525491,1.374368542152549,165.96375653207352,-0.07407407408916494,0.018518518522291236,0.2777777777791041,0.07635380789736385
18/10/2021,Derecha,PF09 ,-0.001333333333604969,-0.0006666666668024845,0.007000000000005002,0.001490711985303558,1.490711985303558,206.56505117707798,-0.06060606061840769,-0.030303030309203845,0.31818181818204555,0.06775963569561627
27/10/2021,Derecha,PF09 ,-0.001333333333604969,-0.0016666666670062114,0.008000000000009777,0.002134374746245779,2.1343747462457787,231.34019174590992,-0.04301075269693449,-0.05376344087116811,0.25806451612934767,0.06885079826599287
01/11/2021,Derecha,PF09 ,-0.004333333330578171,-0.003666666667413665,-0.003999999999990678,0.0056764621203547316,5.676462120354731,220.23635833299295,-0.12037037029383807,-0.1018518518726018,-0.11111111111085216,0.15767950334318698
11/11/2021,Derecha,PF09 ,-0.009333333335234784,-0.002666666667209938,-0.00899999999998613,0.009706813187684895,9.706813187684896,195.94539590092285,-0.20289855076597357,-0.05797101450456388,-0.19565217391274198,0.2110176779931499
16/11/2021,Derecha,PF09 ,-0.001333333333604969,0.00033333333340124227,-0.0009999999999763531,0.0013743685421525491,1.374368542152549,165.96375653207352,-0.026143790854999394,0.006535947713749849,-0.019607843136791238,0.026948402787304888
24/11/2021,Derecha,PF09 ,9.999999747378752e-05,0.0,0.0,9.999999747378752e-05,0.09999999747378752,360.0,0.0016949152114201275,0.0,0.0,0.0016949152114201275
01/12/2021,Derecha,PF09 ,9.999999747378752e-05,0.0,0.0,9.999999747378752e-05,0.09999999747378752,360.0,0.0015151514768755685,0.0,0.0,0.0015151514768755685
08/12/2021,Derecha,PF09 ,-0.00823333333391929,-0.002666666667209938,0.009000000000014552,0.008654414417014885,8.654414417014886,197.94644609884762,-0.1127853881358807,-0.036529680372738876,0.12328767123307606,0.11855362215088884
09/01/2022,Derecha,PF09 ,9.999999747378752e-05,0.0,0.0,9.999999747378752e-05,0.09999999747378752,360.0,0.0009523809283217858,0.0,0.0,0.0009523809283217858
12/02/2022,Derecha,PF09 ,9.999999747378752e-05,0.0,0.0,9.999999747378752e-05,0.09999999747378752,360.0,0.0007194244422574641,0.0,0.0,0.0007194244422574641
16/02/2022,Derecha,PF09 ,-0.00023333333228947595,-0.0006666666668024845,0.019000000000005457,0.0007063206697972571,0.7063206697972572,250.7099538643733,-0.0016317016244019298,-0.004662004662954437,0.13286713286717103,0.004939305383197603
26/02/2022,Derecha,PF09 ,9.999999747378752e-05,0.0,0.0,9.999999747378752e-05,0.09999999747378752,360.0,0.0006535947547306374,0.0,0.0,0.0006535947547306374
07/03/2022,Derecha,PF09 ,,,,,,,,,,
11/03/2022,Derecha,PF09 ,9.999999747378752e-05,0.0,0.0,9.999999747378752e-05,0.09999999747378752,360.0,0.0006024096233360693,0.0,0.0,0.0006024096233360693
14/03/2022,Derecha,PF09 ,,,,,,,,,,
21/03/2022,Derecha,PF09 ,,,,,,,,,,
28/03/2022,Derecha,PF09 ,-0.009233333337760996,0.001333333333604969,0.010000000000019327,0.009329106190022212,9.329106190022213,171.78304206097806,-0.05045537343038795,0.007285974500573602,0.05464480874327501,0.05097872234984815
06/04/2022,Derecha,PF09 ,,,,,,,,,,
11/04/2022,Derecha,PF09 ,,,,,,,,,,
20/04/2022,Derecha,PF09 ,,,,,,,,,,
01/05/2022,Derecha,PF09 ,-0.00823333333391929,-0.005666666667821119,0.010000000000019327,0.009994943167003074,9.994943167003074,214.53804674994547,-0.03794162826690917,-0.02611367128028165,0.04608294930884482,0.046059645930889744
09/05/2022,Derecha,PF09 ,,,,,,,,,,
16/05/2022,Derecha,PF09 ,,,,,,,,,,
24/05/2022,Derecha,PF09 ,-0.003233333336538635,-0.0016666666670062114,0.006000000000000227,0.00363761216240567,3.63761216240567,207.26947197008013,-0.013472222235577647,-0.006944444445859214,0.025000000000000945,0.01515671734335696
30/05/2022,Derecha,PF09 ,,,,,,,,,,
10/06/2022,Derecha,PF09 ,,,,,,,,,,
14/06/2022,Derecha,PF09 ,,,,,,,,,,
24/06/2022,Derecha,PF09 ,-0.00823333333391929,-0.002666666667209938,0.016999999999995907,0.008654414417014885,8.654414417014886,197.94644609884762,-0.030381303815200333,-0.009840098402988702,0.06273062730625796,0.031935108549870424
27/06/2022,Derecha,PF09 ,,,,,,,,,,
04/07/2022,Derecha,PF09 ,,,,,,,,,,
11/07/2022,Derecha,PF09 ,,,,,,,,,,
23/07/2022,Derecha,PF09 ,-0.015233333338983357,-0.00866666666479432,0.007000000000005002,0.017526139212480283,17.526139212480285,209.6367506639641,-0.05077777779661119,-0.028888888882647734,0.02333333333335001,0.05842046404160094
01/08/2022,Derecha,PF09 ,,,,,,,,,,
08/08/2022,Derecha,PF09 ,,,,,,,,,,
16/08/2022,Derecha,PF09 ,,,,,,,,,,
30/08/2022,Derecha,PF09 ,,,,,,,,,,
16/11/2022,Derecha,PF09 ,-0.017233333332114853,-0.006666666664386867,0.012000000000000455,0.018477884677360338,18.477884677360336,201.14882245801658,-0.04142628204835301,-0.016025641020160734,0.02884615384615494,0.04441799201288543
27/11/2022,Derecha,PF09 ,-0.013233333338575903,-0.004666666667617392,0.01300000000000523,0.01403206645638894,14.03206645638894,199.42493513353696,-0.030991412970903753,-0.010928961750860403,0.030444964871206626,0.03286198233346356
14/12/2022,Derecha,PF09 ,-0.023233333333337214,-0.005666666667821119,0.014000000000010004,0.023914407559087743,23.914407559087742,193.70696100676474,-0.05232732732733607,-0.01276276276536288,0.03153153153155406,0.05386127828623365
09/02/2023,Derecha,PF09 ,-0.022233333336771466,-0.002666666667209938,0.016999999999995907,0.022392682339952084,22.392682339952085,186.8393861366143,-0.04437791085183925,-0.00532268795850287,0.03393213572853475,0.0446959727344353
18/02/2023,Derecha,PF09 ,-0.02123333333292976,-0.006666666664386867,0.008000000000009777,0.022255311474822213,22.255311474822214,197.43081485417764,-0.04163398692731326,-0.013071895420366405,0.01568627450982309,0.0436378656369063
04/03/2023,Derecha,PF09 ,-0.01823333333595656,-0.004666666667617392,0.025000000000005684,0.018821057949189677,18.821057949189676,194.3561908019098,-0.03479643766403924,-0.00890585241911716,0.047709923664132986,0.03591804952135435
08/03/2023,Derecha,PF09 ,9.999999747378752e-05,0.0,0.0,9.999999747378752e-05,0.09999999747378752,360.0,0.00018939393460944606,0.0,0.0,0.00018939393460944606
17/03/2023,Derecha,PF09 ,9.999999747378752e-05,0.0,0.0,9.999999747378752e-05,0.09999999747378752,360.0,0.00018621973458805868,0.0,0.0,0.00018621973458805868
29/03/2023,Derecha,PF09 ,0.0027666666646837257,-0.010666666665201774,-0.0049999999999954525,0.011019628949288578,11.019628949288578,284.54066869130867,0.005039465691591485,-0.01942926532823638,-0.009107468123853282,0.020072183878485573
04/04/2023,Derecha,PF09 ,0.015766666663694195,0.001333333333604969,-0.009999999999990905,0.015822943956879453,15.822943956879453,4.833807937556125,0.028408408403052605,0.002402402402891836,-0.01801801801800163,0.02850980893131433
13/04/2023,Derecha,PF09 ,0.00176666666084202,-0.00866666666479432,-0.02199999999999136,0.008844898086987085,8.844898086987085,281.5216675418086,0.0031323876965284043,-0.015366430256727518,-0.03900709219856624,0.015682443416643765
17/04/2023,Derecha,PF09 ,0.0027666666646837257,-0.010666666665201774,-0.009999999999990905,0.011019628949288578,11.019628949288578,284.54066869130867,0.004870892015288249,-0.018779342720425658,-0.01760563380280089,0.01940075519240947
25/04/2023,Derecha,PF09 ,-0.00023333333228947595,-0.009666666664998047,-0.002999999999985903,0.009669482346855067,9.669482346855068,268.61726693484724,-0.0004050925907803402,-0.016782407404510497,-0.005208333333308859,0.016787295741067826
08/05/2023,Derecha,PF09 ,0.0037666666612494737,-0.022666666667646496,0.01500000000001478,0.022977501072988005,22.977501072988005,279.4349929430868,0.0063950197983862036,-0.03848330503844906,0.025466893039074328,0.03901103747536164
19/05/2023,Derecha,PF09 ,0.0027666666646837257,-0.023666666667850222,-0.0069999999999765805,0.023827831533746516,23.827831533746515,276.66769378841923,0.0046111111078062095,-0.03944444444641704,-0.011666666666627634,0.03971305255624419
31/05/2023,Derecha,PF09 ,0.00176666666084202,-0.02466666666441597,-0.01099999999999568,0.024729851504284063,24.729851504284063,274.0966214300596,0.0028867102301340197,-0.04030501088956858,-0.01797385620914327,0.04040825409196742
11/06/2023,Derecha,PF09 ,0.0007666666642762721,-0.023666666667850222,-0.01099999999999568,0.023679081252051256,23.679081252051255,271.8554116188772,0.0012306045975542087,-0.03798822900136472,-0.017656500802561283,0.038008156102811004
19/06/2023,Derecha,PF09 ,-0.005233333336946089,-0.02466666666441597,-0.016999999999995907,0.025215713794160207,25.21571379416021,258.0216223263012,-0.00829371368771171,-0.03909138932554036,-0.026941362915999852,0.039961511559683374
07/07/2023,Derecha,PF09 ,-0.005233333336946089,-0.023666666667850222,0.0010000000000047748,0.02423837636853434,24.23837636853434,257.53101780680663,-0.008063687730271324,-0.036466358502080465,0.0015408320493139828,0.03734726713179405
12/07/2023,Derecha,PF09 ,-0.004233333333104383,-0.02166666666744277,-0.006000000000000227,0.02207635738946188,22.07635738946188,258.94456294910543,-0.0064729867478660295,-0.03312945973615102,-0.009174311926605852,0.03375589814902428
17/07/2023,Derecha,PF09 ,-0.003233333336538635,-0.023666666667850222,-0.002999999999985903,0.023886514095453625,23.886514095453624,262.22042990714095,-0.004906423879421297,-0.0359129994959791,-0.00455235204853703,0.03624660712511931
28/07/2023,Derecha,PF09 ,-0.02423333333717892,-0.019666666667035315,0.0,0.03120948930090182,31.209489300901822,219.06120664386387,-0.0361691542345954,-0.029353233831395993,0.0,0.046581327314778834
07/08/2023,Derecha,PF09 ,-0.014233333335141651,-0.013666666665812954,-0.01099999999999568,0.019732347949083445,19.732347949083444,223.83644641166728,-0.020931372551678897,-0.020098039214430815,-0.01617647058822894,0.029018158748652125
19/08/2023,Derecha,PF09 ,-0.003233333336538635,-0.019666666667035315,-0.006000000000000227,0.019930685443743525,19.930685443743524,260.6637062397127,-0.004672447018119415,-0.0284200385361782,-0.008670520231214202,0.028801568560323013
25/08/2023,Derecha,PF09 ,-0.0022333333326969296,-0.02166666666744277,0.0,0.021781465108045666,21.781465108045666,264.11491134931566,-0.003199617955153194,-0.031041069724130045,0.0,0.031205537404076885
24/09/2023,Derecha,PF09 ,0.0007666666642762721,-0.01766666666662786,-0.016999999999995907,0.017683294062019454,17.683294062019453,272.4848615379149,0.001053113549830044,-0.024267399267345963,-0.023351648351642728,0.02429023909618057
04/10/2023,Derecha,PF09 ,-0.00023333333228947595,-0.019666666667035315,-0.002999999999985903,0.019668050799106537,19.66805079910654,269.3202514616968,-0.0003161698269505094,-0.026648599819831052,-0.004065040650387403,0.026650475337542733
14/10/2023,Derecha,PF09 ,-0.013233333338575903,-0.01766666666662786,-0.00899999999998613,0.022073337363425687,22.073337363425686,233.16471168935004,-0.017691622110395593,-0.023618538324368797,-0.012032085561478785,0.029509809309392628
01/11/2023,Derecha,PF09 ,-0.0022333333326969296,-0.020666666667239042,-0.00899999999998613,0.020786988452147284,20.786988452147284,263.83229370124263,-0.0029155787633119183,-0.026979982594306843,-0.011749347258467532,0.027137060642489927
14/09/2024,Derecha,PF09 ,0.00176666666084202,-0.023666666667850222,0.0,0.023732514031548857,23.732514031548856,274.26909106549493,0.0016297662922896865,-0.021832718328275113,0.0,0.021893463128735108
21/04/2025,Derecha,PF09 ,0.01076666666631354,-0.02466666666441597,-0.0049999999999954525,0.026914040117323842,26.914040117323843,293.5806188361906,0.008262982859795502,-0.018930672804617014,-0.0038372985418230637,0.02065544137937363
25/05/2025,Derecha,PF09 ,0.006766666665498633,-0.025666666664619697,-0.015999999999991132,0.026543653769492068,26.543653769492067,284.76919852898004,0.0050610820235591865,-0.019197207677352054,-0.011967090501115281,0.01985314418062234
04/10/2021,Derecha,PF10,0.0010000000038417056,-0.005000000001018634,-0.0010000000000047748,0.005099019515345058,5.099019515345058,281.30993251410496,0.1250000004802132,-0.6250000001273293,-0.12500000000059686,0.6373774394181323
10/10/2021,Derecha,PF10,-0.0029999999969732016,-0.006000000001222361,0.0,0.006708203932239056,6.708203932239056,243.43494885071414,-0.2142857140695144,-0.42857142865874004,0.0,0.47915742373136117
14/10/2021,Derecha,PF10,0.0010000000038417056,-0.006000000001222361,0.003999999999990678,0.006082762532135522,6.082762532135522,279.4623222418268,0.05555555576898364,-0.33333333340124227,0.22222222222170432,0.33793125178530675
18/10/2021,Derecha,PF10,0.0010000000038417056,-0.004000000000814907,-0.007999999999981355,0.004123105627339987,4.123105627339988,284.03624351697135,0.04545454562916844,-0.18181818185522305,-0.36363636363551616,0.1874138921518176
27/10/2021,Derecha,PF10,0.0010000000038417056,-0.004000000000814907,-0.003999999999990678,0.004123105627339987,4.123105627339988,284.03624351697135,0.032258064640055026,-0.12903225809080346,-0.1290322580642154,0.13300340733354796
01/11/2021,Derecha,PF10,0.0010000000038417056,-0.005000000001018634,-0.002999999999985903,0.005099019515345058,5.099019515345058,281.30993251410496,0.02777777788449182,-0.1388888889171843,-0.08333333333294174,0.14163943098180717
11/11/2021,Derecha,PF10,-0.005999999993946403,-0.009000000001833541,-0.012000000000000455,0.010816653824559635,10.816653824559635,236.30993250608805,-0.13043478247709572,-0.19565217395290307,-0.2608695652174012,0.23514464835999205
16/11/2021,Derecha,PF10,-0.005999999993946403,-0.007000000001426088,-0.007999999999981355,0.009219544454436025,9.219544454436026,229.39870538932695,-0.11764705870483144,-0.13725490198874682,-0.15686274509767362,0.1807753814595299
24/11/2021,Derecha,PF10,-0.002899999999499414,-0.005000000001018634,-0.009999999999990905,0.005780138407277368,5.780138407277368,239.88626685837588,-0.049152542364396846,-0.0847457627291294,-0.16949152542357465,0.09796844758097234
01/12/2021,Derecha,PF10,9.999999747378752e-05,0.0,0.0,9.999999747378752e-05,0.09999999747378752,360.0,0.0015151514768755685,0.0,0.0,0.0015151514768755685
08/12/2021,Derecha,PF10,9.999999747378752e-05,0.0,0.0,9.999999747378752e-05,0.09999999747378752,360.0,0.0013698629790929798,0.0,0.0,0.0013698629790929798
09/01/2022,Derecha,PF10,9.999999747378752e-05,0.0,0.0,9.999999747378752e-05,0.09999999747378752,360.0,0.0009523809283217858,0.0,0.0,0.0009523809283217858
12/02/2022,Derecha,PF10,-0.009899999997287523,-0.008000000001629815,-0.019000000000005457,0.012728314891311026,12.728314891311026,218.94101228940224,-0.07122302156321958,-0.05755395684625766,-0.13669064748205365,0.0915706107288563
16/02/2022,Derecha,PF10,-0.0019000000029336661,-0.006000000001222361,0.009999999999990905,0.006293647593074803,6.2936475930748035,252.4287411995758,-0.013286713307228436,-0.04195804196658994,0.06993006993000633,0.044011521629893725
26/02/2022,Derecha,PF10,-0.0019000000029336661,-0.006000000001222361,0.009999999999990905,0.006293647593074803,6.2936475930748035,252.4287411995758,-0.01241830067276906,-0.039215686282499086,0.06535947712412356,0.041134951588724204
07/03/2022,Derecha,PF10,,,,,,,,,,
11/03/2022,Derecha,PF10,-0.0008999999990919605,-0.006000000001222361,0.0010000000000047748,0.006067124525921144,6.067124525921144,261.46923440024455,-0.005421686741517834,-0.036144578320616634,0.0060240963855709324,0.03654894292723581
14/03/2022,Derecha,PF10,,,,,,,,,,
21/03/2022,Derecha,PF10,,,,,,,,,,
28/03/2022,Derecha,PF10,-0.004899999999906868,-0.0030000000006111804,-0.0010000000000047748,0.005745432969128992,5.745432969128992,211.476839355267,-0.026775956283644084,-0.016393442626290604,-0.005464480874343032,0.03139580857447537
06/04/2022,Derecha,PF10,,,,,,,,,,
11/04/2022,Derecha,PF10,,,,,,,,,,
20/04/2022,Derecha,PF10,,,,,,,,,,
01/05/2022,Derecha,PF10,-0.004899999999906868,-0.010000000002037268,0.0010000000000047748,0.011135977731651257,11.135977731651257,243.8951459959432,-0.02258064516086114,-0.04608294931814409,0.00460829493089758,0.051317869731111784
09/05/2022,Derecha,PF10,,,,,,,,,,
16/05/2022,Derecha,PF10,,,,,,,,,,
24/05/2022,Derecha,PF10,-0.005899999996472616,-0.006000000001222361,-0.007000000000005002,0.008414867792962953,8.414867792962953,225.48146582879895,-0.024583333318635898,-0.02500000000509317,-0.02916666666668751,0.03506194913734564
30/05/2022,Derecha,PF10,,,,,,,,,,
10/06/2022,Derecha,PF10,,,,,,,,,,
14/06/2022,Derecha,PF10,,,,,,,,,,
24/06/2022,Derecha,PF10,-0.00789999999688007,-0.004000000000814907,0.0030000000000143245,0.008854942120489798,8.854942120489799,206.85442135434198,-0.02915129150140247,-0.014760147604483053,0.011070110701159869,0.03267506317523911
27/06/2022,Derecha,PF10,,,,,,,,,,
04/07/2022,Derecha,PF10,,,,,,,,,,
11/07/2022,Derecha,PF10,,,,,,,,,,
23/07/2022,Derecha,PF10,-0.004899999999906868,-0.010000000002037268,0.0,0.011135977731651257,11.135977731651257,243.8951459959432,-0.016333333333022892,-0.03333333334012423,0.0,0.03711992577217086
01/08/2022,Derecha,PF10,,,,,,,,,,
08/08/2022,Derecha,PF10,,,,,,,,,,
16/08/2022,Derecha,PF10,,,,,,,,,,
30/08/2022,Derecha,PF10,,,,,,,,,,
16/11/2022,Derecha,PF10,-0.0268999999971129,-0.005000000001018634,0.0030000000000143245,0.02736073829148001,27.360738291480008,190.5296081023526,-0.06466346153152139,-0.01201923077167941,0.007211538461572896,0.0657710055083654
27/11/2022,Derecha,PF10,-0.0268999999971129,-0.007000000001426088,-0.0010000000000047748,0.027795862999098253,27.795862999098254,194.58618607258,-0.06299765807286394,-0.016393442626290604,-0.0023419203747184424,0.06509569789015984
14/12/2022,Derecha,PF10,-0.028899999997520354,-0.006000000001222361,0.0030000000000143245,0.029516266699420927,29.516266699420928,191.7286981597598,-0.0650900900845053,-0.01351351351626658,0.0067567567567890195,0.06647807815184893
09/02/2023,Derecha,PF10,-0.022899999996297993,-0.0010000000002037268,0.008000000000009777,0.02292182365848877,22.921823658488773,182.50041056528934,-0.0457085828269421,-0.0019960079844385764,0.015968063872275003,0.04575214303091571
18/02/2023,Derecha,PF10,-0.022899999996297993,-0.0030000000006111804,0.0,0.023095670586369972,23.095670586369973,187.46349446268167,-0.04490196077705489,-0.0058823529423748635,0.0,0.045285628600725436
04/03/2023,Derecha,PF10,-0.021899999999732245,-0.0030000000006111804,0.012000000000000455,0.022104524423564045,22.104524423564044,187.80018788584545,-0.041793893129260004,-0.005725190840861032,0.022900763358779497,0.04218420691519856
08/03/2023,Derecha,PF10,9.999999747378752e-05,0.0,0.0,9.999999747378752e-05,0.09999999747378752,360.0,0.00018939393460944606,0.0,0.0,0.00018939393460944606
17/03/2023,Derecha,PF10,9.999999747378752e-05,0.0,0.0,9.999999747378752e-05,0.09999999747378752,360.0,0.00018621973458805868,0.0,0.0,0.00018621973458805868
29/03/2023,Derecha,PF10,0.002099999997881241,-0.005000000001018634,-0.025000000000005684,0.00542309874530121,5.42309874530121,292.7824057056757,0.0038251366081625523,-0.009107468125717002,-0.04553734061931819,0.009878139791076884
04/04/2023,Derecha,PF10,0.008099999999103602,-0.0010000000002037268,-0.018000000000000682,0.0081614949602316,8.161494960231598,352.96205923462486,0.014594594592979463,-0.0018018018021688771,-0.03243243243243366,0.01470539632474162
13/04/2023,Derecha,PF10,9.999999747378752e-05,-0.011000000002240995,-0.03499999999999659,0.011000454538281437,11.000454538281437,270.52085636123866,0.00017730496005990694,-0.019503546103264175,-0.06205673758864644,0.0195043520182295
17/04/2023,Derecha,PF10,-0.002899999999499414,-0.009000000001833541,-0.022999999999996135,0.009455686121593733,9.455686121593732,252.13990593561545,-0.005105633801935588,-0.015845070425763275,-0.04049295774647207,0.01664733472111573
25/04/2023,Derecha,PF10,0.004099999998288695,-0.006000000001222361,-0.027999999999991587,0.0072670489196533985,7.267048919653399,304.3460973834841,0.00711805555258454,-0.010416666668788821,-0.048611111111096506,0.01261640437439826
08/05/2023,Derecha,PF10,-0.009899999997287523,-0.02600000000165892,0.007000000000005002,0.0278210352077804,27.8210352077804,249.1547063588964,-0.01680814940116727,-0.04414261460383518,0.011884550084898136,0.04723435519147776
19/05/2023,Derecha,PF10,0.0011000000013154931,-0.02200000000084401,-0.018000000000000682,0.022027482834859516,22.027482834859516,272.86240522941955,0.001833333335525822,-0.03666666666807335,-0.030000000000001137,0.03671247139143252
31/05/2023,Derecha,PF10,0.0031000000017229468,-0.027000000001862645,-0.012000000000000455,0.02717738030258371,27.17738030258371,276.5497243442809,0.0050653594799394555,-0.04411764706186706,-0.019607843137255644,0.044407484154548545
11/06/2023,Derecha,PF10,0.0031000000017229468,-0.028000000002066372,-0.01099999999999568,0.028171084468411916,28.171084468411916,276.3177316248307,0.004975922956216608,-0.04494382022803591,-0.017656500802561283,0.04521843413870291
19/06/2023,Derecha,PF10,-0.00789999999688007,-0.027000000001862645,-0.025000000000005684,0.028132010238361704,28.132010238361705,253.69091507793956,-0.012519809820729111,-0.04278922345778549,-0.03961965134707715,0.04458321749344169
07/07/2023,Derecha,PF10,-0.0039000000033411197,-0.023000000001047738,-0.015999999999991132,0.023328308984456134,23.328308984456132,260.37616791044775,-0.006009244997443944,-0.03543913713566678,-0.024653312788892344,0.03594500613937771
12/07/2023,Derecha,PF10,-0.01389999999810243,-0.028000000002066372,-0.018000000000000682,0.03126035828430257,31.26035828430257,243.59888480242964,-0.021253822627067938,-0.04281345566065194,-0.027522935779817556,0.04779871297293971
17/07/2023,Derecha,PF10,-0.005899999996472616,-0.02500000000145519,-0.013999999999981583,0.025686767021778675,25.686767021778675,256.72116370603027,-0.008952959023478932,-0.03793626707352836,-0.021244309559911353,0.038978402157479025
28/07/2023,Derecha,PF10,-0.024899999996705446,-0.020000000000436557,-0.018000000000000682,0.03193759539873648,31.93759539873648,218.77187809985713,-0.03716417909956037,-0.029850746269308295,-0.026865671641792065,0.04766805283393505
07/08/2023,Derecha,PF10,-0.022899999996297993,-0.01600000000325963,-0.019000000000005457,0.027935819299507867,27.935819299507866,214.94161337724597,-0.03367647058279117,-0.023529411769499454,-0.027941176470596258,0.04108208720515862
19/08/2023,Derecha,PF10,-0.0008999999990919605,-0.018000000000029104,-0.015999999999991132,0.018022485955034428,18.022485955034426,267.13759477677604,-0.0013005780333698851,-0.026011560693683676,-0.023121387283224177,0.026044054848315647
25/08/2023,Derecha,PF10,-0.006900000000314321,-0.02200000000084401,-0.01099999999999568,0.023056669318040585,23.056669318040587,252.58667832966813,-0.009885386819934557,-0.031518624643042996,-0.015759312320910716,0.03303247753300944
24/09/2023,Derecha,PF10,-0.002899999999499414,-0.01900000000023283,-0.025999999999982037,0.01922004162341862,19.22004162341862,261.3218311163391,-0.003983516482828865,-0.026098901099220924,-0.03571428571426104,0.026401156076124477
04/10/2023,Derecha,PF10,-0.002899999999499414,-0.01900000000023283,-0.022999999999996135,0.01922004162341862,19.22004162341862,261.3218311163391,-0.003929539294714653,-0.025745257452890014,-0.031165311653111295,0.026043416833900566
14/10/2023,Derecha,PF10,-0.012900000001536682,-0.018000000000029104,-0.014999999999986358,0.022145202641671496,22.145202641671496,234.37209270539134,-0.017245989306867222,-0.02406417112303356,-0.02005347593581064,0.02960588588458756
01/11/2023,Derecha,PF10,-0.002899999999499414,-0.020000000000436557,-0.00899999999998613,0.02020915634098957,20.20915634098957,261.74961277267664,-0.003785900782636311,-0.02610966057498245,-0.011749347258467532,0.02638271062792372
14/09/2024,Derecha,PF10,0.0051000000021304,-0.02200000000084401,0.0,0.022583400985211825,22.583400985211824,283.05166534689306,0.0047047970499357935,-0.02029520295280813,0.0,0.020833395742815338
21/04/2025,Derecha,PF10,0.0011000000013154931,-0.023000000001047738,-0.009999999999990905,0.023026289324402448,23.02628932440245,272.7381465225002,0.0008442056802114298,-0.017651573293206248,-0.007674597083646127,0.017671749289641173
25/05/2025,Derecha,PF10,0.0031000000017229468,-0.02500000000145519,-0.03100000000000591,0.0251914668108755,25.1914668108755,277.06859512048476,0.0023186237858810375,-0.018698578909091393,-0.02318623784592813,0.018841785198859762
04/10/2021,Derecha,PF13,0.0006666666668024845,0.0,0.0033333333333303017,0.0006666666668024845,0.6666666668024845,360.0,0.08333333335031057,0.0,0.4166666666662877,0.08333333335031057
10/10/2021,Derecha,PF13,0.0006666666668024845,-0.0010000000002037268,0.002333333333325527,0.0012018504253995122,1.2018504253995121,303.69006752597977,0.0476190476287489,-0.07142857144312334,0.16666666666610905,0.08584645895710802
14/10/2021,Derecha,PF13,0.0006666666668024845,-0.0010000000002037268,0.010333333333335304,0.0012018504253995122,1.2018504253995121,303.69006752597977,0.03703703704458247,-0.055555555566873714,0.5740740740741835,0.06676946807775068
18/10/2021,Derecha,PF13,0.0006666666668024845,0.0,0.001333333333320752,0.0006666666668024845,0.6666666668024845,360.0,0.030303030309203845,0.0,0.06060606060548873,0.030303030309203845
27/10/2021,Derecha,PF13,0.0006666666668024845,0.0020000000004074536,0.013333333333321207,0.0021081851072084134,2.1081851072084135,71.56505117707799,0.021505376348467244,0.06451612904540173,0.43010752688132925,0.06800597120027141
01/11/2021,Derecha,PF13,0.004666666667617392,-0.0010000000002037268,-0.006666666666689025,0.004772607022064426,4.772607022064426,347.9052429229879,0.12962962965603866,-0.027777777783436857,-0.18518518518580626,0.1325724172795674
11/11/2021,Derecha,PF13,0.0006666666668024845,-0.0010000000002037268,-0.0006666666666887977,0.0012018504253995122,1.2018504253995121,303.69006752597977,0.01449275362614097,-0.021739130439211454,-0.014492753623669514,0.026127183160858963
16/11/2021,Derecha,PF13,0.0016666666706441902,0.0,0.00033333333331597714,0.0016666666706441902,1.6666666706441902,360.0,0.03267973864008216,0.0,0.006535947712077984,0.03267973864008216
24/11/2021,Derecha,PF13,9.999999747378752e-05,0.0,0.0,9.999999747378752e-05,0.09999999747378752,360.0,0.0016949152114201275,0.0,0.0,0.0016949152114201275
01/12/2021,Derecha,PF13,9.999999747378752e-05,0.0,0.0,9.999999747378752e-05,0.09999999747378752,360.0,0.0015151514768755685,0.0,0.0,0.0015151514768755685
08/12/2021,Derecha,PF13,9.999999747378752e-05,0.0,0.0,9.999999747378752e-05,0.09999999747378752,360.0,0.0013698629790929798,0.0,0.0,0.0013698629790929798
09/01/2022,Derecha,PF13,9.999999747378752e-05,0.0,0.0,9.999999747378752e-05,0.09999999747378752,360.0,0.0009523809283217858,0.0,0.0,0.0009523809283217858
12/02/2022,Derecha,PF13,9.999999747378752e-05,0.0,0.0,9.999999747378752e-05,0.09999999747378752,360.0,0.0007194244422574641,0.0,0.0,0.0007194244422574641
16/02/2022,Derecha,PF13,0.0077666666693403386,-0.0010000000002037268,0.0063333333333162045,0.00783077972829332,7.83077972829332,352.66322619147365,0.05431235433105132,-0.006993006994431656,0.04428904428892451,0.054760697400652585
26/02/2022,Derecha,PF13,0.0077666666693403386,-0.0010000000002037268,0.0063333333333162045,0.00783077972829332,7.83077972829332,352.66322619147365,0.05076252725059045,-0.006535947713749849,0.04139433551187061,0.051181566851590324
07/03/2022,Derecha,PF13,,,,,,,,,,
11/03/2022,Derecha,PF13,9.999999747378752e-05,0.0,0.0,9.999999747378752e-05,0.09999999747378752,360.0,0.0006024096233360693,0.0,0.0,0.0006024096233360693
14/03/2022,Derecha,PF13,,,,,,,,,,
21/03/2022,Derecha,PF13,,,,,,,,,,
28/03/2022,Derecha,PF13,0.005766666668932885,-0.0020000000004074536,0.00533333333331143,0.0061036419023572566,6.103641902357256,340.8723898372853,0.03151183972094473,-0.010928961750860403,0.029143897996237324,0.033353234439110695
06/04/2022,Derecha,PF13,,,,,,,,,,
11/04/2022,Derecha,PF13,,,,,,,,,,
20/04/2022,Derecha,PF13,,,,,,,,,,
01/05/2022,Derecha,PF13,0.0007666666642762721,0.007999999997991836,0.015333333333330756,0.008036652147628505,8.036652147628505,84.52587181498917,0.0035330261026556317,0.03686635943775039,0.07066052227341363,0.03703526335312675
09/05/2022,Derecha,PF13,,,,,,,,,,
16/05/2022,Derecha,PF13,,,,,,,,,,
24/05/2022,Derecha,PF13,0.0037666666685254313,0.0010000000002037268,0.00033333333331597714,0.003897149957621329,3.897149957621329,14.868281354380933,0.015694444452189298,0.004166666667515528,0.0013888888888165714,0.016238124823422205
30/05/2022,Derecha,PF13,,,,,,,,,,
10/06/2022,Derecha,PF13,,,,,,,,,,
14/06/2022,Derecha,PF13,,,,,,,,,,
24/06/2022,Derecha,PF13,9.999999747378752e-05,0.0,0.0,9.999999747378752e-05,0.09999999747378752,360.0,0.0003690036807150831,0.0,0.0,0.0003690036807150831
27/06/2022,Derecha,PF13,,,,,,,,,,
04/07/2022,Derecha,PF13,,,,,,,,,,
11/07/2022,Derecha,PF13,,,,,,,,,,
23/07/2022,Derecha,PF13,9.999999747378752e-05,0.0,0.0,9.999999747378752e-05,0.09999999747378752,360.0,0.000333333324912625,0.0,0.0,0.000333333324912625
01/08/2022,Derecha,PF13,,,,,,,,,,
08/08/2022,Derecha,PF13,,,,,,,,,,
16/08/2022,Derecha,PF13,,,,,,,,,,
30/08/2022,Derecha,PF13,,,,,,,,,,
16/11/2022,Derecha,PF13,9.999999747378752e-05,0.0,0.0,9.999999747378752e-05,0.09999999747378752,360.0,0.00024038460931198922,0.0,0.0,0.00024038460931198922
27/11/2022,Derecha,PF13,9.999999747378752e-05,0.0,0.0,9.999999747378752e-05,0.09999999747378752,360.0,0.0002341920315545375,0.0,0.0,0.0002341920315545375
14/12/2022,Derecha,PF13,9.999999747378752e-05,0.0,0.0,9.999999747378752e-05,0.09999999747378752,360.0,0.00022522521953555747,0.0,0.0,0.00022522521953555747
09/02/2023,Derecha,PF13,,,,,,,,,,
18/02/2023,Derecha,PF13,0.01076666666631354,0.0020000000004074536,-0.021666666666675383,0.010950849789177867,10.950849789177868,10.523233900723255,0.021111111110418704,0.00392156862824991,-0.042483660130736046,0.02147225448858405
04/03/2023,Derecha,PF13,,,,,,,,,,
08/03/2023,Derecha,PF13,,,,,,,,,,
17/03/2023,Derecha,PF13,,,,,,,,,,
29/03/2023,Derecha,PF13,9.999999747378752e-05,0.0,0.0,9.999999747378752e-05,0.09999999747378752,360.0,0.00018214935787575138,0.0,0.0,0.00018214935787575138
04/04/2023,Derecha,PF13,,,,,,,,,,
13/04/2023,Derecha,PF13,,,,,,,,,,
17/04/2023,Derecha,PF13,,,,,,,,,,
25/04/2023,Derecha,PF13,-0.0012333333361311816,0.006999999997788109,0.00033333333331597714,0.007107820417472996,7.107820417472996,99.99241455152125,-0.002141203708561079,0.012152777773937688,0.0005787037036735714,0.012339966002557285
08/05/2023,Derecha,PF13,,,,,,,,,,
19/05/2023,Derecha,PF13,,,,,,,,,,
31/05/2023,Derecha,PF13,,,,,,,,,,
11/06/2023,Derecha,PF13,-0.0012333333361311816,0.006999999997788109,0.00033333333331597714,0.007107820417472996,7.107820417472996,99.99241455152125,-0.0019796682762940315,0.011235955052629388,0.0005350454788378445,0.011409021536874793
19/06/2023,Derecha,PF13,0.0017666666681179777,0.013999999999214197,0.009333333333330529,0.014111027995657742,14.111027995657741,82.80783362635823,0.002799788697492833,0.02218700475311283,0.014791336502900996,0.022362960373467102
07/07/2023,Derecha,PF13,0.006766666665498633,0.013999999999214197,-0.0026666666666699257,0.015549526608227272,15.549526608227271,64.20397350811503,0.01042629686517509,0.021571648689081967,-0.0041088854648226895,0.02395920894950273
12/07/2023,Derecha,PF13,,,,,,,,,,
17/07/2023,Derecha,PF13,0.012766666666720994,0.01599999999962165,0.00033333333331597714,0.020469190940705442,20.46919094070544,51.41305002161891,0.019372787051169946,0.02427921092507079,0.000505816894257932,0.031060987770417967
28/07/2023,Derecha,PF13,,,,,,,,,,
07/08/2023,Derecha,PF13,,,,,,,,,,
19/08/2023,Derecha,PF13,0.004766666665091179,0.010999999998603016,0.001333333333320752,0.011988373995891095,11.988373995891095,66.57130719550887,0.006888246625854305,0.015895953755206672,0.0019267822735849016,0.01732423987845534
25/08/2023,Derecha,PF13,,,,,,,,,,
24/09/2023,Derecha,PF13,0.0007666666642762721,0.00999999999839929,-0.012666666666689252,0.010029345828223209,10.029345828223208,85.61589975052195,0.001053113549830044,0.013736263734064957,-0.017399267399298424,0.013776573939867046
04/10/2023,Derecha,PF13,,,,,,,,,,
14/10/2023,Derecha,PF13,,,,,,,,,,
01/11/2023,Derecha,PF13,0.006766666665498633,0.010999999998603016,-0.013666666666665606,0.012914634246901332,12.914634246901333,58.40218591504045,0.00883376849281806,0.014360313314103153,-0.017841601392513846,0.01685983583146388
14/09/2024,Derecha,PF13,,,,,,,,,,
21/04/2025,Derecha,PF13,0.004766666665091179,0.01599999999962165,0.00533333333331143,0.01669494267986519,16.69494267986519,73.410328747799,0.003658224608665525,0.012279355333554605,0.004093118444598181,0.012812695840264919
25/05/2025,Derecha,PF13,0.011766666670155246,0.018000000000029104,0.009333333333330529,0.021504753998304423,21.504753998304423,56.82720618919659,0.008800797808642668,0.013462976813783922,0.00698080279231902,0.016084333581379524
04/10/2021,Derecha,PF14 ,0.0016666666633682325,0.001333333333604969,-0.00033333333331597714,0.0021343747434049948,2.1343747434049947,38.659808315097166,0.20833333292102907,0.16666666670062114,-0.04166666666449714,0.26679684292562433
10/10/2021,Derecha,PF14 ,-0.0003333333370392211,0.00033333333340124227,-0.00033333333331597714,0.0004714045234595089,0.4714045234595089,135.00000031266123,-0.023809524074230076,0.02380952381437445,-0.02380952380828408,0.03367175167567921
14/10/2021,Derecha,PF14 ,-0.0003333333370392211,0.00033333333340124227,-0.00033333333331597714,0.0004714045234595089,0.4714045234595089,135.00000031266123,-0.018518518724401172,0.018518518522291236,-0.018518518517554285,0.02618914019219494
18/10/2021,Derecha,PF14 ,-0.0003333333370392211,0.00033333333340124227,0.0016666666666651508,0.0004714045234595089,0.4714045234595089,135.00000031266123,-0.015151515319964596,0.015151515154601922,0.07575757575750686,0.02142747833906859
27/10/2021,Derecha,PF14 ,0.0006666666595265269,0.00033333333340124227,-0.00033333333331597714,0.0007453559861439646,0.7453559861439646,26.565051427206992,0.021505376113758932,0.010752688174233622,-0.010752688171483133,0.024043741488514986
01/11/2021,Derecha,PF14 ,-0.0003333333370392211,0.00033333333340124227,-0.001333333333320752,0.0004714045234595089,0.4714045234595089,135.00000031266123,-0.009259259362200586,0.009259259261145618,-0.03703703703668756,0.01309457009609747
11/11/2021,Derecha,PF14 ,-0.0003333333370392211,-0.0006666666668024845,-0.005333333333339851,0.0007453559942787325,0.7453559942787326,243.43494857279302,-0.00724637689215698,-0.01449275362614097,-0.11594202898564894,0.016203391179972448
16/11/2021,Derecha,PF14 ,-0.0013333333408809267,0.001333333333604969,-0.00033333333331597714,0.0018856180886931567,1.8856180886931566,135.00000015633063,-0.02614379099766523,0.026143790854999394,-0.006535947712077984,0.03697290369986582
24/11/2021,Derecha,PF14 ,9.999999747378752e-05,0.0,0.0,9.999999747378752e-05,0.09999999747378752,360.0,0.0016949152114201275,0.0,0.0,0.0016949152114201275
01/12/2021,Derecha,PF14 ,9.999999747378752e-05,0.0,0.0,9.999999747378752e-05,0.09999999747378752,360.0,0.0015151514768755685,0.0,0.0,0.0015151514768755685
08/12/2021,Derecha,PF14 ,9.999999747378752e-05,0.0,0.0,9.999999747378752e-05,0.09999999747378752,360.0,0.0013698629790929798,0.0,0.0,0.0013698629790929798
09/01/2022,Derecha,PF14 ,9.999999747378752e-05,0.0,0.0,9.999999747378752e-05,0.09999999747378752,360.0,0.0009523809283217858,0.0,0.0,0.0009523809283217858
12/02/2022,Derecha,PF14 ,9.999999747378752e-05,0.0,0.0,9.999999747378752e-05,0.09999999747378752,360.0,0.0007194244422574641,0.0,0.0,0.0007194244422574641
16/02/2022,Derecha,PF14 ,-0.00023333333956543356,0.001333333333604969,0.0036666666666747005,0.0013535960349583245,1.3535960349583245,99.92624576451665,-0.0016317016752827522,0.009324009325908874,0.02564102564108182,0.009465706538170101
26/02/2022,Derecha,PF14 ,9.999999747378752e-05,0.0,0.0,9.999999747378752e-05,0.09999999747378752,360.0,0.0006535947547306374,0.0,0.0,0.0006535947547306374
07/03/2022,Derecha,PF14 ,,,,,,,,,,
11/03/2022,Derecha,PF14 ,9.999999747378752e-05,0.0,0.0,9.999999747378752e-05,0.09999999747378752,360.0,0.0006024096233360693,0.0,0.0,0.0006024096233360693
14/03/2022,Derecha,PF14 ,,,,,,,,,,
21/03/2022,Derecha,PF14 ,,,,,,,,,,
28/03/2022,Derecha,PF14 ,9.999999747378752e-05,0.0,0.0,9.999999747378752e-05,0.09999999747378752,360.0,0.0005464480736272542,0.0,0.0,0.0005464480736272542
06/04/2022,Derecha,PF14 ,,,,,,,,,,
11/04/2022,Derecha,PF14 ,,,,,,,,,,
20/04/2022,Derecha,PF14 ,,,,,,,,,,
01/05/2022,Derecha,PF14 ,9.999999747378752e-05,0.0,0.0,9.999999747378752e-05,0.09999999747378752,360.0,0.0004608294814460254,0.0,0.0,0.0004608294814460254
09/05/2022,Derecha,PF14 ,,,,,,,,,,
16/05/2022,Derecha,PF14 ,,,,,,,,,,
24/05/2022,Derecha,PF14 ,-0.003233333343814593,-0.0016666666670062114,-0.0033333333333303017,0.0036376121688729886,3.6376121688729888,207.26947191757174,-0.013472222265894137,-0.006944444445859214,-0.013888888888876258,0.015156717370304119
30/05/2022,Derecha,PF14 ,,,,,,,,,,
10/06/2022,Derecha,PF14 ,,,,,,,,,,
14/06/2022,Derecha,PF14 ,,,,,,,,,,
24/06/2022,Derecha,PF14 ,-0.0062333333407877944,-0.0006666666668024845,0.0016666666666651508,0.006268882594370568,6.268882594370568,186.1046848709177,-0.02300123003980736,-0.0024600246007471754,0.0061500615006094125,0.02313240809730837
27/06/2022,Derecha,PF14 ,,,,,,,,,,
04/07/2022,Derecha,PF14 ,,,,,,,,,,
11/07/2022,Derecha,PF14 ,,,,,,,,,,
23/07/2022,Derecha,PF14 ,-0.0062333333407877944,-0.003666666667413665,-0.001333333333320752,0.007231797078686539,7.231797078686539,210.4655448946165,-0.02077777780262598,-0.012222222224712217,-0.004444444444402507,0.024105990262288463
01/08/2022,Derecha,PF14 ,,,,,,,,,,
08/08/2022,Derecha,PF14 ,,,,,,,,,,
16/08/2022,Derecha,PF14 ,,,,,,,,,,
30/08/2022,Derecha,PF14 ,,,,,,,,,,
16/11/2022,Derecha,PF14 ,-0.0052333333442220464,-0.0016666666670062114,-0.0043333333333350765,0.005492317877786745,5.492317877786745,197.6651861704847,-0.012580128231302997,-0.0040064102572264695,-0.010416666666670857,0.013202687206218137
27/11/2022,Derecha,PF14 ,-0.0052333333442220464,-0.0006666666668024845,-0.007333333333320979,0.005275625302878498,5.275625302878498,187.25972403277927,-0.012256049986468492,-0.0015612802501229145,-0.017174082747824306,0.012355094386132314
14/12/2022,Derecha,PF14 ,9.999999747378752e-05,0.0,0.0,9.999999747378752e-05,0.09999999747378752,360.0,0.00022522521953555747,0.0,0.0,0.00022522521953555747
09/02/2023,Derecha,PF14 ,-0.0062333333407877944,-0.0006666666668024845,-0.0033333333333303017,0.006268882594370568,6.268882594370568,186.1046848709177,-0.0124417831153449,-0.0013306719896257176,-0.0066533599467670694,0.012512739709322492
18/02/2023,Derecha,PF14 ,-0.009233333337760996,-0.0006666666668024845,-0.005333333333339851,0.009257369441198409,9.257369441198408,184.129713060164,-0.018104575172080386,-0.0013071895427499696,-0.010457516339882062,0.018151704786663544
04/03/2023,Derecha,PF14 ,-0.0072333333373535424,-0.0006666666668024845,0.0016666666666651508,0.007263990336853132,7.263990336853132,185.2658403099356,-0.013804071254491493,-0.0012722646313024512,0.0031806615776052496,0.01386257697872735
08/03/2023,Derecha,PF14 ,0.016766666660259943,-0.0006666666668024845,-0.03133333333332189,0.016779915236403844,16.779915236403845,357.72303722361835,0.03175505049291656,-0.0012626262628834934,-0.05934343434341267,0.0317801424931891
17/03/2023,Derecha,PF14 ,0.02076666666107485,0.001333333333604969,-0.02733333333333121,0.020809426277307596,20.809426277307598,3.673659248323907,0.038671632515968064,0.0024829298577373725,-0.05090006207324248,0.0387512593618391
29/03/2023,Derecha,PF14 ,0.018766666660667397,0.00033333333340124227,-0.03133333333332189,0.01876962675877604,18.769626758776038,1.0175800231143117,0.03418336368063278,0.0006071645417144668,-0.057073466909511636,0.03418875548046637
04/04/2023,Derecha,PF14 ,0.024766666661889758,0.003333333330374444,-0.03333333333333144,0.02498997576294436,24.98997576294436,7.665347682942256,0.044624624616017586,0.006006006000674674,-0.060060060060056646,0.0450269833566565
13/04/2023,Derecha,PF14 ,0.0217666666576406,-0.004666666667617392,-0.041333333333341216,0.02226130174027328,22.261301740273282,347.8992508869338,0.03859338059865355,-0.00827423168017268,-0.07328605200947025,0.039470393156512906
17/04/2023,Derecha,PF14 ,0.023766666658048052,-0.0016666666670062114,-0.03333333333333144,0.02382503351128142,23.82503351128142,355.9886300994141,0.04184272298952122,-0.002934272301067274,-0.058685446009386334,0.04194548153394616
25/04/2023,Derecha,PF14 ,0.01776666665682569,-0.0006666666668024845,-0.032333333333326664,0.01777917007453912,17.779170074539117,357.8510727485409,0.030844907390322383,-0.0011574074076432022,-0.05613425925924768,0.030866614712741523
08/05/2023,Derecha,PF14 ,0.01476666665985249,-0.01166666666904348,-0.012333333333316432,0.01881928679333436,18.81928679333436,321.6888754308522,0.025070741357983855,-0.019807583478851407,-0.020939445387634013,0.031951250922469206
19/05/2023,Derecha,PF14 ,0.0217666666576406,-0.01166666666904348,-0.03133333333332189,0.024696131044182064,24.696131044182064,331.80923689605567,0.03627777776273433,-0.019444444448405797,-0.052222222222203143,0.04116021840697011
31/05/2023,Derecha,PF14 ,0.015766666656418238,-0.015666666666220408,-0.04533333333333189,0.022226835624646894,22.226835624646892,315.182276502511,0.02576252721636967,-0.02559912853957583,-0.07407407407407171,0.036318358863802115
11/06/2023,Derecha,PF14 ,0.015766666656418238,-0.01766666666662786,-0.04433333333332712,0.02367908124409287,23.679081244092867,311.74740732951386,0.025307651133897654,-0.028357410379820005,-0.0711610486891286,0.03800815609003671
19/06/2023,Derecha,PF14 ,0.016766666660259943,-0.015666666666220408,-0.04233333333331757,0.022947016261961682,22.947016261961682,316.94248329726355,0.026571579493280418,-0.02482831484345548,-0.06708927628101041,0.03636611135017699
07/07/2023,Derecha,PF14 ,0.015766666656418238,-0.01466666666965466,-0.02533333333332166,0.021533668722569538,21.533668722569537,317.07003062864726,0.024293785294943356,-0.022598870061101173,-0.03903441191574986,0.03317976690688681
12/07/2023,Derecha,PF14 ,0.009766666662471835,-0.01466666666965466,-0.03833333333332689,0.01762097865882022,17.62097865882022,303.6600067672398,0.014933741074115955,-0.02242609582516003,-0.05861365953108087,0.026943392444679234
17/07/2023,Derecha,PF14 ,0.01776666665682569,-0.012666666669247206,-0.023333333333340533,0.02181969038745921,21.81969038745921,324.5131974889232,0.026960040450418346,-0.01922104198671807,-0.03540718259990976,0.033110304078086815
28/07/2023,Derecha,PF14 ,,,,,,,,,,
07/08/2023,Derecha,PF14 ,0.00176666666084202,-0.009666666668636026,-0.03133333333332189,0.00982677747652044,9.826777476520439,280.35699670364363,0.002598039207120618,-0.01421568627740592,-0.046078431372532196,0.014451143347824175
19/08/2023,Derecha,PF14 ,0.016766666660259943,-0.007666666668228572,-0.028333333333335986,0.018436346945585488,18.436346945585488,335.42744498999843,0.024229287081300496,-0.011078998075474815,-0.040944123314069346,0.026642119863562845
25/08/2023,Derecha,PF14 ,0.012766666659445036,-0.010666666668839753,-0.024333333333316887,0.01663627228129915,16.636272281299153,320.12093510963444,0.01829035338029375,-0.015281757405214548,-0.0348615090735199,0.023834200976073285
24/09/2023,Derecha,PF14 ,0.018766666660667397,-0.006666666668024845,-0.03333333333333144,0.01991562758275919,19.91562758275919,340.4429374586793,0.02577838827014752,-0.009157509159374789,-0.04578754578754318,0.02735663129499889
04/10/2023,Derecha,PF14 ,0.018766666660667397,-0.006666666668024845,-0.03533333333334099,0.01991562758275919,19.91562758275919,340.4429374586793,0.025429087616080485,-0.009033423669410361,-0.04787714543813142,0.026985945234091046
14/10/2023,Derecha,PF14 ,0.009766666662471835,-0.010666666668839753,-0.03433333333333621,0.014462557018728592,14.462557018728592,312.4779986536511,0.013057040992609405,-0.014260249557272398,-0.04590017825312328,0.019334969276375125
01/11/2023,Derecha,PF14 ,0.01776666665682569,-0.008666666668432299,-0.026333333333326436,0.019767790853721545,19.767790853721547,333.99665413838363,0.023194081797422574,-0.0113141862512171,-0.03437771975630083,0.025806515474832304
14/09/2024,Derecha,PF14 ,0.04376666666212259,0.007333333331189351,-0.04733333333334144,0.044376783214420644,44.37678321442064,9.51184929402716,0.040375153747345564,0.006765067648698664,-0.04366543665437402,0.040937991895221994
21/04/2025,Derecha,PF14 ,0.05676666666113306,0.012333333332207985,-0.054333333333318024,0.058091010964688404,58.0910109646884,12.257789674329269,0.043566129440623984,0.009465336402308507,-0.04169864415450347,0.044582510333605836
25/05/2025,Derecha,PF14 ,0.05976666665810626,0.014333333332615439,-0.0723333333333187,0.06146136093388313,61.46136093388313,13.486064128293327,0.04470206930299645,0.01072051857338477,-0.05410122164047772,0.04596960428861865
04/10/2021,Derecha,PF15,-0.0010000000038417056,0.00033333333340124227,-0.0010000000000047748,0.0010540925570554965,1.0540925570554964,161.56505123961023,-0.1250000004802132,0.041666666675155284,-0.12500000000059686,0.13176156963193705
10/10/2021,Derecha,PF15,-0.0010000000038417056,0.00033333333340124227,0.0,0.0010540925570554965,1.0540925570554964,161.56505123961023,-0.07142857170297898,0.02380952381437445,0.0,0.07529232550396404
14/10/2021,Derecha,PF15,-0.0010000000038417056,0.00033333333340124227,-0.00899999999998613,0.0010540925570554965,1.0540925570554964,161.56505123961023,-0.05555555576898364,0.018518518522291236,-0.49999999999922945,0.05856069761419425
18/10/2021,Derecha,PF15,0.001999999993131496,0.001333333333604969,0.0010000000000047748,0.0024037008447450616,2.4037008447450616,33.69006762218325,0.09090909059688619,0.06060606061840769,0.0454545454547625,0.1092591293065937
27/10/2021,Derecha,PF15,0.001999999993131496,0.001333333333604969,0.0030000000000143245,0.0024037008447450616,2.4037008447450616,33.69006762218325,0.06451612881069342,0.04301075269693449,0.09677419354884918,0.07753873692726004
01/11/2021,Derecha,PF15,-0.0020000000076834112,0.001333333333604969,0.0030000000000143245,0.002403700856852987,2.403700856852987,146.30993257022368,-0.05555555576898364,0.03703703704458247,0.08333333333373123,0.06676946824591631
11/11/2021,Derecha,PF15,-7.275957614183426e-12,-0.0006666666668024845,-0.002999999999985903,0.0006666666668024845,0.6666666668024845,269.9999993746775,-1.5817299161268318e-10,-0.01449275362614097,-0.06521739130404137,0.01449275362614097
16/11/2021,Derecha,PF15,-0.0010000000038417056,0.001333333333604969,0.0,0.0016666666691889987,1.6666666691889986,126.86989774589561,-0.019607843212582465,0.026143790854999394,0.0,0.03267973861154899
24/11/2021,Derecha,PF15,9.999999747378752e-05,0.0,0.0,9.999999747378752e-05,0.09999999747378752,360.0,0.0016949152114201275,0.0,0.0,0.0016949152114201275
01/12/2021,Derecha,PF15,9.999999747378752e-05,0.0,0.0,9.999999747378752e-05,0.09999999747378752,360.0,0.0015151514768755685,0.0,0.0,0.0015151514768755685
08/12/2021,Derecha,PF15,9.999999747378752e-05,0.0,0.0,9.999999747378752e-05,0.09999999747378752,360.0,0.0013698629790929798,0.0,0.0,0.0013698629790929798
09/01/2022,Derecha,PF15,9.999999747378752e-05,0.0,0.0,9.999999747378752e-05,0.09999999747378752,360.0,0.0009523809283217858,0.0,0.0,0.0009523809283217858
12/02/2022,Derecha,PF15,9.999999747378752e-05,0.0,0.0,9.999999747378752e-05,0.09999999747378752,360.0,0.0007194244422574641,0.0,0.0,0.0007194244422574641
16/02/2022,Derecha,PF15,-0.0019000000102096237,0.001333333333604969,0.0049999999999954525,0.002321158722987015,2.321158722987015,144.9405731723888,-0.013286713358109256,0.009324009325908874,0.03496503496500317,0.016231879181727377
26/02/2022,Derecha,PF15,9.999999747378752e-05,0.0,0.0,9.999999747378752e-05,0.09999999747378752,360.0,0.0006535947547306374,0.0,0.0,0.0006535947547306374
07/03/2022,Derecha,PF15,,,,,,,,,,
11/03/2022,Derecha,PF15,9.999999747378752e-05,0.0,0.0,9.999999747378752e-05,0.09999999747378752,360.0,0.0006024096233360693,0.0,0.0,0.0006024096233360693
14/03/2022,Derecha,PF15,,,,,,,,,,
21/03/2022,Derecha,PF15,,,,,,,,,,
28/03/2022,Derecha,PF15,-0.006900000007590279,-0.0006666666668024845,0.0030000000000143245,0.006932131313627244,6.932131313627244,185.51869411014027,-0.03770491807426382,-0.003642987250286801,0.016393442623029098,0.037880498981569644
06/04/2022,Derecha,PF15,,,,,,,,,,
11/04/2022,Derecha,PF15,,,,,,,,,,
20/04/2022,Derecha,PF15,,,,,,,,,,
01/05/2022,Derecha,PF15,-0.007900000004156027,-0.0026666666635719594,0.008000000000009777,0.00833793206738165,8.337932067381649,198.65225159311476,-0.03640552997306925,-0.012288786468073546,0.03686635944704966,0.03842365008009977
09/05/2022,Derecha,PF15,,,,,,,,,,
16/05/2022,Derecha,PF15,,,,,,,,,,
24/05/2022,Derecha,PF15,-0.005900000003748573,-0.0026666666635719594,0.0010000000000047748,0.0064746514299102755,6.474651429910275,204.32189318910608,-0.02458333334895239,-0.011111111098216497,0.004166666666686562,0.026977714291292813
30/05/2022,Derecha,PF15,,,,,,,,,,
10/06/2022,Derecha,PF15,,,,,,,,,,
14/06/2022,Derecha,PF15,,,,,,,,,,
24/06/2022,Derecha,PF15,-0.00990000000456348,-0.003666666663775686,0.009000000000014552,0.010557198705793164,10.557198705793164,200.32313680634792,-0.036531365330492546,-0.013530135290685188,0.03321033210337473,0.03895645278890466
27/06/2022,Derecha,PF15,,,,,,,,,,
04/07/2022,Derecha,PF15,,,,,,,,,,
11/07/2022,Derecha,PF15,,,,,,,,,,
23/07/2022,Derecha,PF15,9.999999747378752e-05,0.0,0.0,9.999999747378752e-05,0.09999999747378752,360.0,0.000333333324912625,0.0,0.0,0.000333333324912625
01/08/2022,Derecha,PF15,,,,,,,,,,
08/08/2022,Derecha,PF15,,,,,,,,,,
16/08/2022,Derecha,PF15,,,,,,,,,,
30/08/2022,Derecha,PF15,,,,,,,,,,
16/11/2022,Derecha,PF15,-0.004900000007182825,-0.0006666666668024845,0.014000000000010004,0.004945143528252463,4.945143528252464,187.747772026448,-0.01177884617111256,-0.0016025641028905879,0.0336538461538702,0.011887364250606883
27/11/2022,Derecha,PF15,-0.005900000003748573,-0.0016666666633682325,0.009000000000014552,0.006130887196076614,6.130887196076614,195.77423646194885,-0.013817330219551695,-0.0039032006167874296,0.02107728337239942,0.014358049639523687
14/12/2022,Derecha,PF15,-0.005900000003748573,-0.0016666666633682325,0.01300000000000523,0.006130887196076614,6.130887196076614,195.77423646194885,-0.013288288296731022,-0.003753753746324848,0.029279279279291057,0.01380830449566805
09/02/2023,Derecha,PF15,-0.011900000004970934,-0.003666666663775686,0.01500000000001478,0.012452085951420033,12.452085951420033,197.12528190239118,-0.023752495019902065,-0.007318695935680013,0.029940119760508543,0.02485446297688629
18/02/2023,Derecha,PF15,-0.00990000000456348,-0.0006666666668024845,0.014000000000010004,0.009922421304045826,9.922421304045825,183.85248540599267,-0.019411764714830353,-0.0013071895427499696,0.02745098039217648,0.019455728047148676
04/03/2023,Derecha,PF15,-0.008900000007997733,-0.0006666666668024845,0.019000000000005457,0.008924933870174344,8.924933870174344,184.28381852330696,-0.016984732839690327,-0.0012722646313024512,0.03625954198474324,0.017032316546134244
08/03/2023,Derecha,PF15,0.01609999999345746,-0.0006666666668024845,-0.014999999999986358,0.01611379670450002,16.11379670450002,357.6288585288547,0.030492424230033066,-0.0012626262628834934,-0.02840909090906507,0.030518554364583374
17/03/2023,Derecha,PF15,0.01909999999043066,0.001333333333604969,-0.00899999999998613,0.01914648211586017,19.14648211586017,3.9932272407187623,0.035567970187021715,0.0024829298577373725,-0.016759776536287022,0.0356545290798141
29/03/2023,Derecha,PF15,0.01609999999345746,0.00033333333340124227,-0.012999999999976808,0.016103450279380708,16.10345027938071,1.1860785711407047,0.029326047346917048,0.0006071645417144668,-0.02367941712199783,0.029332332020729886
04/04/2023,Derecha,PF15,0.01909999999043066,0.0033333333340124227,-0.012000000000000455,0.019388685121742775,19.388685121742775,9.899562468228648,0.03441441439717236,0.0060060060072295906,-0.02162162162162244,0.034934567786923915
13/04/2023,Derecha,PF15,0.018099999993864913,-0.00566666666418314,-0.020999999999986585,0.0189663151629639,18.9663151629639,342.61593983680973,0.03209219857068247,-0.010047281319473652,-0.03723404255316771,0.03362821837404947
17/04/2023,Derecha,PF15,0.021099999990838114,-0.00566666666418314,-0.012999999999976808,0.021847679755441603,21.847679755441604,344.96722430050625,0.037147887307813585,-0.009976525817223837,-0.02288732394362114,0.03846422492155212
25/04/2023,Derecha,PF15,0.015099999996891711,0.00033333333340124227,-0.013999999999981583,0.015103678724644737,15.103678724644737,1.2646021050412941,0.026215277772381442,0.0005787037038216011,-0.02430555555552358,0.026221664452508224
08/05/2023,Derecha,PF15,0.018099999993864913,-0.013666666665812954,0.008000000000009777,0.022680118551990702,22.680118551990702,322.9448432700355,0.030730050923369973,-0.023203169211906544,0.013582342954176192,0.038506143551766896
19/05/2023,Derecha,PF15,0.018099999993864913,-0.010666666665201774,-0.009999999999990905,0.02100923076946028,21.00923076946028,329.48836403924395,0.03016666665644152,-0.01777777777533629,-0.01666666666665151,0.035015384615767135
31/05/2023,Derecha,PF15,0.014099999993050005,-0.014666666666016681,-0.027999999999991587,0.020345051263048097,20.345051263048095,313.87149211484075,0.023039215674918307,-0.023965141611138368,-0.04575163398691436,0.03324354781543806
11/06/2023,Derecha,PF15,0.014099999993050005,-0.014666666666016681,-0.027999999999991587,0.020345051263048097,20.345051263048095,313.87149211484075,0.022632423744863572,-0.023542001069047643,-0.0449438202247056,0.032656583086754565
19/06/2023,Derecha,PF15,0.013099999996484257,-0.014666666666016681,-0.020999999999986585,0.019665225933101618,19.665225933101617,311.7706489012028,0.020760697300292008,-0.02324352878924989,-0.03328050713151598,0.031165175805232363
07/07/2023,Derecha,PF15,0.013099999996484257,-0.015666666666220408,-0.003999999999990678,0.02042191088851259,20.421910888512592,309.9013633130932,0.020184899840499627,-0.02413970210511619,-0.006163328197212138,0.031466734805104146
12/07/2023,Derecha,PF15,0.010099999992235098,-0.01766666666662786,-0.016999999999995907,0.020349965871049737,20.349965871049736,299.75652202948476,0.01544342506457966,-0.027013251783834652,-0.025993883792042673,0.0311161557661311
17/07/2023,Derecha,PF15,0.018099999993864913,-0.0116666666654055,-0.002999999999985903,0.02153418470385154,21.53418470385154,327.1954987245928,0.02746585735032612,-0.01770359129803566,-0.00455235204853703,0.032677063283538
28/07/2023,Derecha,PF15,,,,,,,,,,
07/08/2023,Derecha,PF15,-0.0019000000102096237,-0.0116666666654055,-0.01099999999999568,0.01182036848497036,11.820368484970361,260.75017849987563,-0.002794117662072976,-0.017156862743243382,-0.01617647058822894,0.017382894830838765
19/08/2023,Derecha,PF15,0.015099999996891711,-0.00866666666479432,-0.003999999999990678,0.01741037366011387,17.41037366011387,330.1462690987831,0.021820809244063166,-0.012524084775714336,-0.005780346820795776,0.025159499508835073
25/08/2023,Derecha,PF15,0.013099999996484257,-0.012666666665609227,0.0,0.018222361107319313,18.222361107319312,315.9634863125653,0.018767908304418705,-0.01814708691348027,0.0,0.02610653453770675
24/09/2023,Derecha,PF15,0.01909999999043066,-0.007666666664590593,-0.007999999999981355,0.020581248197823084,20.581248197823083,338.12966328878974,0.02623626372311904,-0.010531135528283782,-0.010989010988985378,0.02827094532668006
04/10/2023,Derecha,PF15,0.018099999993864913,-0.00866666666479432,-0.009999999999990905,0.020067912468828615,20.067912468828617,334.41390475645227,0.02452574524913945,-0.011743450765303956,-0.01355013550134269,0.027192293318195955
14/10/2023,Derecha,PF15,0.007099999995261896,-0.010666666665201774,-0.009999999999990905,0.012813577864095791,12.813577864095791,303.6487285728882,0.009491978603291306,-0.014260249552408788,-0.013368983957207092,0.017130451689967637
01/11/2023,Derecha,PF15,0.017099999990023207,-0.009666666664998047,0.0,0.019643178054250237,19.643178054250235,330.5204308672386,0.02232375977809818,-0.01261966927545437,0.0,0.025643835579961145
14/09/2024,Derecha,PF15,0.031099999992875382,-0.006666666664386867,-0.009999999999990905,0.031806515747105905,31.806515747105905,347.90104911817883,0.028690036893796476,-0.006150061498511869,-0.00922509225091412,0.029341804194747145
21/04/2025,Derecha,PF15,0.043099999995320104,-0.003666666663775686,-0.0069999999999765805,0.04325568684022757,43.25568684022757,355.1373576401401,0.03307751342695327,-0.0028140189284540955,-0.0053722179585392014,0.03319699680754226
25/05/2025,Derecha,PF15,0.04709999999613501,-0.0006666666668024845,-0.02400000000000091,0.04710471785374098,47.10471785374098,359.1890735497989,0.035228122659786844,-0.0004986287709816638,-0.01795063575168355,0.03523165134909572
04/10/2021,Derecha,PF18 ,0.0016666666633682325,-0.0010000000002037268,-0.000666666666660376,0.001943650628891533,1.943650628891533,329.036243412751,0.20833333292102907,-0.12500000002546585,-0.083333333332547,0.24295632861144162
10/10/2021,Derecha,PF18 ,0.0006666666668024845,0.0,-0.000666666666660376,0.0006666666668024845,0.6666666668024845,360.0,0.0476190476287489,0.0,-0.04761904761859829,0.0476190476287489
14/10/2021,Derecha,PF18 ,0.0016666666633682325,-0.0010000000002037268,-0.010666666666679703,0.001943650628891533,1.943650628891533,329.036243412751,0.09259259240934625,-0.055555555566873714,-0.5925925925933169,0.10798059049397404
18/10/2021,Derecha,PF18 ,-0.001333333333604969,-0.0010000000002037268,0.001333333333320752,0.0016666666670062114,1.6666666670062114,216.86989764584402,-0.06060606061840769,-0.045454545463805764,0.06060606060548873,0.07575757577300961
27/10/2021,Derecha,PF18 ,0.0006666666668024845,-0.0010000000002037268,-0.0016666666666651508,0.0012018504253995122,1.2018504253995121,303.69006752597977,0.021505376348467244,-0.032258064522700865,-0.053763440860166156,0.03876936856127459
01/11/2021,Derecha,PF18 ,0.0016666666633682325,-0.0010000000002037268,0.00033333333331597714,0.001943650628891533,1.943650628891533,329.036243412751,0.046296296204673126,-0.027777777783436857,0.009259259258777143,0.05399029524698702
11/11/2021,Derecha,PF18 ,0.0006666666668024845,0.0,-0.0016666666666651508,0.0006666666668024845,0.6666666668024845,360.0,0.01449275362614097,0.0,-0.03623188405793806,0.01449275362614097
16/11/2021,Derecha,PF18 ,0.0006666666668024845,-0.0010000000002037268,-0.000666666666660376,0.0012018504253995122,1.2018504253995121,303.69006752597977,0.013071895427499697,-0.019607843141249543,-0.013071895424713256,0.02356569461567671
24/11/2021,Derecha,PF18 ,9.999999747378752e-05,0.0,0.0,9.999999747378752e-05,0.09999999747378752,360.0,0.0016949152114201275,0.0,0.0,0.0016949152114201275
01/12/2021,Derecha,PF18 ,9.999999747378752e-05,0.0,0.0,9.999999747378752e-05,0.09999999747378752,360.0,0.0015151514768755685,0.0,0.0,0.0015151514768755685
08/12/2021,Derecha,PF18 ,9.999999747378752e-05,0.0,0.0,9.999999747378752e-05,0.09999999747378752,360.0,0.0013698629790929798,0.0,0.0,0.0013698629790929798
09/01/2022,Derecha,PF18 ,9.999999747378752e-05,0.0,0.0,9.999999747378752e-05,0.09999999747378752,360.0,0.0009523809283217858,0.0,0.0,0.0009523809283217858
12/02/2022,Derecha,PF18 ,9.999999747378752e-05,0.0,0.0,9.999999747378752e-05,0.09999999747378752,360.0,0.0007194244422574641,0.0,0.0,0.0007194244422574641
16/02/2022,Derecha,PF18 ,0.0007666666642762721,-0.0020000000004074536,-0.0016666666666651508,0.0021419098430471625,2.1419098430471624,290.97349335771327,0.005361305344589316,-0.013986013988863313,-0.011655011655001055,0.014978390510819317
26/02/2022,Derecha,PF18 ,9.999999747378752e-05,0.0,0.0,9.999999747378752e-05,0.09999999747378752,360.0,0.0006535947547306374,0.0,0.0,0.0006535947547306374
07/03/2022,Derecha,PF18 ,9.999999747378752e-05,0.0,0.0,9.999999747378752e-05,0.09999999747378752,360.0,0.0006172839350233797,0.0,0.0,0.0006172839350233797
11/03/2022,Derecha,PF18 ,9.999999747378752e-05,0.0,0.0,9.999999747378752e-05,0.09999999747378752,360.0,0.0006024096233360693,0.0,0.0,0.0006024096233360693
14/03/2022,Derecha,PF18 ,9.999999747378752e-05,0.0,0.0,9.999999747378752e-05,0.09999999747378752,360.0,0.000591715961383358,0.0,0.0,0.000591715961383358
21/03/2022,Derecha,PF18 ,9.999999747378752e-05,0.0,0.0,9.999999747378752e-05,0.09999999747378752,360.0,0.0005681818038283382,0.0,0.0,0.0005681818038283382
28/03/2022,Derecha,PF18 ,9.999999747378752e-05,0.0,0.0,9.999999747378752e-05,0.09999999747378752,360.0,0.0005464480736272542,0.0,0.0,0.0005464480736272542
06/04/2022,Derecha,PF18 ,9.999999747378752e-05,0.0,0.0,9.999999747378752e-05,0.09999999747378752,360.0,0.0005208333201759766,0.0,0.0,0.0005208333201759766
11/04/2022,Derecha,PF18 ,9.999999747378752e-05,0.0,0.0,9.999999747378752e-05,0.09999999747378752,360.0,0.0005076142003745559,0.0,0.0,0.0005076142003745559
20/04/2022,Derecha,PF18 ,9.999999747378752e-05,0.0,0.0,9.999999747378752e-05,0.09999999747378752,360.0,0.00048543688094071605,0.0,0.0,0.00048543688094071605
01/05/2022,Derecha,PF18 ,9.999999747378752e-05,0.0,0.0,9.999999747378752e-05,0.09999999747378752,360.0,0.0004608294814460254,0.0,0.0,0.0004608294814460254
09/05/2022,Derecha,PF18 ,9.999999747378752e-05,0.0,0.0,9.999999747378752e-05,0.09999999747378752,360.0,0.0004444444332168334,0.0,0.0,0.0004444444332168334
16/05/2022,Derecha,PF18 ,9.999999747378752e-05,0.0,0.0,9.999999747378752e-05,0.09999999747378752,360.0,0.00043103447186977373,0.0,0.0,0.00043103447186977373
24/05/2022,Derecha,PF18 ,-0.00023333333956543356,-0.004000000000814907,-0.0016666666666651508,0.004006799777112904,4.006799777112904,266.66152936794873,-0.0009722222481893066,-0.016666666670062114,-0.006944444444438129,0.016694999071303764
30/05/2022,Derecha,PF18 ,9.999999747378752e-05,0.0,0.0,9.999999747378752e-05,0.09999999747378752,360.0,0.00040650405477149395,0.0,0.0,0.00040650405477149395
10/06/2022,Derecha,PF18 ,9.999999747378752e-05,0.0,0.0,9.999999747378752e-05,0.09999999747378752,360.0,0.0003891050485361382,0.0,0.0,0.0003891050485361382
14/06/2022,Derecha,PF18 ,9.999999747378752e-05,0.0,0.0,9.999999747378752e-05,0.09999999747378752,360.0,0.0003831417527731323,0.0,0.0,0.0003831417527731323
24/06/2022,Derecha,PF18 ,-0.0012333333361311816,-0.005000000001018634,-0.000666666666660376,0.005149865156312232,5.149865156312233,256.14364847079344,-0.004551045520779268,-0.018450184505603817,-0.0024600246002227898,0.019003192458716723
27/06/2022,Derecha,PF18 ,-0.0012333333361311816,-0.005000000001018634,-0.0026666666666699257,0.005149865156312232,5.149865156312233,256.14364847079344,-0.004501216555223291,-0.018248175186199395,-0.009732360097335496,0.018795128307708877
04/07/2022,Derecha,PF18 ,9.999999747378752e-05,0.0,0.0,9.999999747378752e-05,0.09999999747378752,360.0,0.0003558718771309164,0.0,0.0,0.0003558718771309164
11/07/2022,Derecha,PF18 ,9.999999747378752e-05,0.0,0.0,9.999999747378752e-05,0.09999999747378752,360.0,0.0003472222134506511,0.0,0.0,0.0003472222134506511
23/07/2022,Derecha,PF18 ,-0.0022333333326969296,-0.005000000001018634,0.001333333333320752,0.00547610973092409,5.47610973092409,245.93127670855145,-0.007444444442323099,-0.016666666670062114,0.004444444444402507,0.0182536991030803
01/08/2022,Derecha,PF18 ,-0.0012333333361311816,-0.005000000001018634,-0.000666666666660376,0.005149865156312232,5.149865156312233,256.14364847079344,-0.003991370019842012,-0.016181229776759332,-0.002157497303108013,0.016666230279327614
08/08/2022,Derecha,PF18 ,-0.0012333333361311816,-0.005000000001018634,0.001333333333320752,0.005149865156312232,5.149865156312233,256.14364847079344,-0.0039029535953518405,-0.01582278481335011,0.004219409282660608,0.01629704163389947
16/08/2022,Derecha,PF18 ,-0.0012333333361311816,-0.005000000001018634,0.00033333333331597714,0.005149865156312232,5.149865156312233,256.14364847079344,-0.003806584370775252,-0.015432098768576031,0.0010288065843085715,0.015894645544173556
30/08/2022,Derecha,PF18 ,-0.0022333333326969296,-0.006000000001222361,-0.000666666666660376,0.006402169772007261,6.4021697720072615,249.58361515772984,-0.00660749506715068,-0.01775147929355728,-0.001972386587752592,0.018941330686412013
16/11/2022,Derecha,PF18 ,-0.0012333333361311816,-0.006000000001222361,-0.0026666666666699257,0.006125447831194124,6.125447831194124,258.38432985220163,-0.0029647435964691863,-0.01442307692601529,-0.006410256410264244,0.01472463420960126
27/11/2022,Derecha,PF18 ,-0.0012333333361311816,-0.006000000001222361,-0.0016666666666651508,0.006125447831194124,6.125447831194124,258.38432985220163,-0.0028883684686912916,-0.014051522251106232,-0.00390320062450855,0.014345311080079916
14/12/2022,Derecha,PF18 ,-0.00023333333956543356,-0.007000000001426088,-0.0016666666666651508,0.007003887810874613,7.003887810874613,268.09084751643843,-0.0005255255395617873,-0.015765765768977674,-0.00375375375375034,0.015774522096564447
09/02/2023,Derecha,PF18 ,-0.0022333333326969296,-0.007000000001426088,0.00033333333331597714,0.007347637565564894,7.347637565564894,252.30484079685232,-0.004457751163067724,-0.013972055891070036,0.0006653359946426689,0.014665943244640506
18/02/2023,Derecha,PF18 ,-0.0022333333326969296,-0.007000000001426088,0.001333333333320752,0.007347637565564894,7.347637565564894,252.30484079685232,-0.004379084966072411,-0.01372549019887468,0.002614379084942651,0.014407132481499793
04/03/2023,Derecha,PF18 ,-0.0012333333361311816,-0.007000000001426088,0.002333333333325527,0.007107820421055789,7.107820421055789,260.00758545356723,-0.002353689572769431,-0.013358778628675738,0.004452926208636502,0.013564542788274408
08/03/2023,Derecha,PF18 ,0.02676666666229721,-0.006000000001222361,-0.02566666666666606,0.027430903088035606,27.430903088035606,347.3654667027629,0.05069444443616897,-0.011363636365951441,-0.04861111111110996,0.05195246796976441
17/03/2023,Derecha,PF18 ,0.024766666661889758,-0.006000000001222361,-0.024666666666661285,0.025483088069459512,25.483088069459512,346.38183379226206,0.046120422089180185,-0.011173184359818176,-0.045934202358773345,0.04745454016659127
29/03/2023,Derecha,PF18 ,0.022766666661482304,-0.006000000001222361,-0.02566666666666606,0.023544024950923708,23.544024950923706,345.2357930063121,0.041469338181206385,-0.010928961750860403,-0.04675166970248827,0.042885291349587816
04/04/2023,Derecha,PF18 ,0.025766666665731464,-0.007000000001426088,-0.02566666666666606,0.026700582598192163,26.700582598192163,344.80134268059754,0.046426426424741374,-0.01261261261518214,-0.046246246246245154,0.048109157834580474
13/04/2023,Derecha,PF18 ,0.028766666662704665,-0.00999999999839929,-0.03666666666666174,0.030455231255913158,30.45523125591316,340.83129280229014,0.05100472812536288,-0.017730496451062568,-0.06501182033096052,0.05399863697856943
17/04/2023,Derecha,PF18 ,0.02976666666654637,-0.008999999998195563,-0.028666666666680385,0.03109749900562428,31.09749900562428,343.17722296569843,0.052406103286173185,-0.015845070419358384,-0.050469483568099265,0.05474911796764838
25/04/2023,Derecha,PF18 ,0.022766666661482304,-0.005000000001018634,-0.02566666666666606,0.023309249470655123,23.30924947065512,347.6133871964964,0.03952546295396234,-0.008680555557324018,-0.04456018518518413,0.04046744699766514
08/05/2023,Derecha,PF18 ,0.019766666664509103,-0.011999999998806743,-0.01466666666667038,0.023124037515044323,23.124037515044325,328.73878968275096,0.03355970571223956,-0.020373514429213483,-0.024900962082632226,0.039259826001773045
19/05/2023,Derecha,PF18 ,0.02076666666107485,-0.011999999998806743,-0.02966666666668516,0.02398446255773849,23.98446255773849,329.9785682130769,0.03461111110179142,-0.01999999999801124,-0.049444444444475266,0.039974104262897485
31/05/2023,Derecha,PF18 ,0.01776666666410165,-0.014999999999417923,-0.04666666666668107,0.023251977213472375,23.251977213472376,319.8263443425404,0.029030501085133414,-0.02450980392061752,-0.07625272331157038,0.0379934268193993
11/06/2023,Derecha,PF18 ,0.018766666660667397,-0.01299999999901047,-0.04566666666667629,0.022829537391871903,22.829537391871902,325.2889735899333,0.030123060450509467,-0.02086677367417411,-0.07330123060461685,0.03664452229834976
19/06/2023,Derecha,PF18 ,0.018766666660667397,-0.014999999999417923,-0.04066666666668084,0.024024732621512,24.024732621512,321.3650219768159,0.029741151601691596,-0.023771790807318418,-0.06444796619125331,0.038074061206833605
07/07/2023,Derecha,PF18 ,0.019766666664509103,-0.014999999999417923,-0.021666666666675383,0.02481372827707181,24.81372827707181,322.8068356669654,0.030457113504636524,-0.0231124807387025,-0.033384694401656985,0.038233787792098316
12/07/2023,Derecha,PF18 ,0.022766666661482304,-0.014999999999417923,-0.04066666666668084,0.027263915912017985,27.263915912017985,326.6207915660798,0.03481141691358151,-0.022935779815623735,-0.0621814475025701,0.041687944819599365
17/07/2023,Derecha,PF18 ,0.024766666661889758,-0.010999999998603016,-0.017666666666684705,0.027099589987865644,27.099589987865645,336.0518224461076,0.03758219523807247,-0.016691957509261026,-0.026808295397093635,0.041122291332117825
28/07/2023,Derecha,PF18 ,0.01076666666631354,-0.024000000001251465,-0.030666666666661513,0.02630439338140261,26.30439338140261,294.1615342408393,0.016069651740766477,-0.03582089552425592,-0.045771144278599275,0.03926028862895912
07/08/2023,Derecha,PF18 ,0.009766666662471835,-0.018000000000029104,-0.02566666666666606,0.020478959389990656,20.478959389990656,298.48392982080685,0.014362745091870346,-0.026470588235336916,-0.037745098039214796,0.03011611674998626
19/08/2023,Derecha,PF18 ,0.02376666666532401,-0.00999999999839929,-0.021666666666675383,0.025784771558976616,25.784771558976615,337.18071737454227,0.0343448940250347,-0.014450867049709956,-0.03131021194606269,0.0372612305765558
25/08/2023,Derecha,PF18 ,0.022766666661482304,-0.01299999999901047,-0.015666666666675155,0.026216809700063088,26.216809700063088,330.2731902267148,0.032617000947682384,-0.01862464183239322,-0.02244508118434836,0.037559899283758004
24/09/2023,Derecha,PF18 ,0.024766666661889758,-0.008999999998195563,-0.02566666666666606,0.026351238633291637,26.351238633291636,340.0292777381819,0.03402014651358483,-0.01236263736015874,-0.03525641025640942,0.03619675636441159
04/10/2023,Derecha,PF18 ,0.02376666666532401,-0.010999999998603016,-0.02766666666667561,0.026188822889734654,26.188822889734656,335.16373852477375,0.03220415537306776,-0.014905149049597584,-0.03748870822042765,0.03548620987768924
14/10/2023,Derecha,PF18 ,0.0167666666675359,-0.01900000000023283,-0.02766666666667561,0.025340108743829554,25.340108743829553,311.42699001135855,0.022415329769433022,-0.02540106951902785,-0.036987522281651884,0.033877150727044864
01/11/2023,Derecha,PF18 ,0.025766666665731464,-0.010999999998603016,-0.017666666666684705,0.028016443582870816,28.016443582870817,336.8819690376442,0.03363794603881392,-0.014360313314103153,-0.023063533507421286,0.03657499162254676
14/09/2024,Derecha,PF18 ,0.044766666665964294,-0.011999999998806743,-0.039666666666676065,0.046347108263115194,46.347108263115196,344.9942589441412,0.04129766297598182,-0.01107011070000622,-0.03659286592866796,0.042755634929073055
21/04/2025,Derecha,PF18 ,0.06376666666619712,-0.013999999999214197,-0.04266666666666197,0.065285433120229,65.285433120229,347.6171523155903,0.048938347403067635,-0.01074443591651128,-0.03274494755691632,0.050103939462953946
25/05/2025,Derecha,PF18 ,0.06676666666317033,-0.014999999999417923,-0.05866666666668152,0.06843089782615334,68.43089782615334,347.3379958117302,0.049937671401024925,-0.011219147344366435,-0.04387933183745813,0.05118242170991275
04/10/2021,Derecha,PF20 ,0.0010000000038417056,0.0,0.0,0.0010000000038417056,1.0000000038417056,360.0,0.1250000004802132,0.0,0.0,0.1250000004802132
10/10/2021,Derecha,PF20 ,7.275957614183426e-12,0.0,0.0,7.275957614183426e-12,7.275957614183426e-09,360.0,5.19711258155959e-10,0.0,0.0,5.19711258155959e-10
14/10/2021,Derecha,PF20 ,7.275957614183426e-12,0.0010000000002037268,-0.009000000000014552,0.0010000000002037268,1.0000000002037268,89.99999958311834,4.0421986745463473e-10,0.055555555566873714,-0.5000000000008084,0.055555555566873714
18/10/2021,Derecha,PF20 ,0.0010000000038417056,0.0,0.0049999999999954525,0.0010000000038417056,1.0000000038417056,360.0,0.04545454562916844,0.0,0.22727272727252057,0.04545454562916844
27/10/2021,Derecha,PF20 ,0.0010000000038417056,0.0,0.002999999999985903,0.0010000000038417056,1.0000000038417056,360.0,0.032258064640055026,0.0,0.09677419354793235,0.032258064640055026
01/11/2021,Derecha,PF20 ,7.275957614183426e-12,0.0,0.0020000000000095497,7.275957614183426e-12,7.275957614183426e-09,360.0,2.0210993372731737e-10,0.0,0.05555555555582082,2.0210993372731737e-10
11/11/2021,Derecha,PF20 ,7.275957614183426e-12,0.0,0.0,7.275957614183426e-12,7.275957614183426e-09,360.0,1.5817299161268318e-10,0.0,0.0,1.5817299161268318e-10
16/11/2021,Derecha,PF20 ,0.0010000000038417056,0.0010000000002037268,0.0020000000000095497,0.0014142135652336477,1.4142135652336478,44.99999989577959,0.019607843212582465,0.019607843141249543,0.039215686274697056,0.02772967774967937
24/11/2021,Derecha,PF20 ,9.999999747378752e-05,0.0,0.0,9.999999747378752e-05,0.09999999747378752,360.0,0.0016949152114201275,0.0,0.0,0.0016949152114201275
01/12/2021,Derecha,PF20 ,9.999999747378752e-05,0.0,0.0,9.999999747378752e-05,0.09999999747378752,360.0,0.0015151514768755685,0.0,0.0,0.0015151514768755685
08/12/2021,Derecha,PF20 ,9.999999747378752e-05,0.0,0.0,9.999999747378752e-05,0.09999999747378752,360.0,0.0013698629790929798,0.0,0.0,0.0013698629790929798
09/01/2022,Derecha,PF20 ,9.999999747378752e-05,0.0,0.0,9.999999747378752e-05,0.09999999747378752,360.0,0.0009523809283217858,0.0,0.0,0.0009523809283217858
12/02/2022,Derecha,PF20 ,9.999999747378752e-05,0.0,0.0,9.999999747378752e-05,0.09999999747378752,360.0,0.0007194244422574641,0.0,0.0,0.0007194244422574641
16/02/2022,Derecha,PF20 ,0.0011000000013154931,0.0010000000002037268,0.006000000000000227,0.0014866068758422782,1.4866068758422781,42.2736889777986,0.007692307701506946,0.006993006994431656,0.04195804195804355,0.01039585227861733
26/02/2022,Derecha,PF20 ,9.999999747378752e-05,0.0,0.0,9.999999747378752e-05,0.09999999747378752,360.0,0.0006535947547306374,0.0,0.0,0.0006535947547306374
07/03/2022,Derecha,PF20 ,9.999999747378752e-05,0.0,0.0,9.999999747378752e-05,0.09999999747378752,360.0,0.0006172839350233797,0.0,0.0,0.0006172839350233797
11/03/2022,Derecha,PF20 ,9.999999747378752e-05,0.0,0.0,9.999999747378752e-05,0.09999999747378752,360.0,0.0006024096233360693,0.0,0.0,0.0006024096233360693
14/03/2022,Derecha,PF20 ,9.999999747378752e-05,0.0,0.0,9.999999747378752e-05,0.09999999747378752,360.0,0.000591715961383358,0.0,0.0,0.000591715961383358
21/03/2022,Derecha,PF20 ,9.999999747378752e-05,0.0,0.0,9.999999747378752e-05,0.09999999747378752,360.0,0.0005681818038283382,0.0,0.0,0.0005681818038283382
28/03/2022,Derecha,PF20 ,9.999999747378752e-05,0.0,0.0,9.999999747378752e-05,0.09999999747378752,360.0,0.0005464480736272542,0.0,0.0,0.0005464480736272542
06/04/2022,Derecha,PF20 ,9.999999747378752e-05,0.0,0.0,9.999999747378752e-05,0.09999999747378752,360.0,0.0005208333201759766,0.0,0.0,0.0005208333201759766
11/04/2022,Derecha,PF20 ,9.999999747378752e-05,0.0,0.0,9.999999747378752e-05,0.09999999747378752,360.0,0.0005076142003745559,0.0,0.0,0.0005076142003745559
20/04/2022,Derecha,PF20 ,9.999999747378752e-05,0.0,0.0,9.999999747378752e-05,0.09999999747378752,360.0,0.00048543688094071605,0.0,0.0,0.00048543688094071605
01/05/2022,Derecha,PF20 ,9.999999747378752e-05,0.0,0.0,9.999999747378752e-05,0.09999999747378752,360.0,0.0004608294814460254,0.0,0.0,0.0004608294814460254
09/05/2022,Derecha,PF20 ,9.999999747378752e-05,0.0,0.0,9.999999747378752e-05,0.09999999747378752,360.0,0.0004444444332168334,0.0,0.0,0.0004444444332168334
16/05/2022,Derecha,PF20 ,9.999999747378752e-05,0.0,0.0,9.999999747378752e-05,0.09999999747378752,360.0,0.00043103447186977373,0.0,0.0,0.00043103447186977373
24/05/2022,Derecha,PF20 ,0.00010000000474974513,0.0,0.002999999999985903,0.00010000000474974513,0.10000000474974513,360.0,0.00041666668645727134,0.0,0.012499999999941263,0.00041666668645727134
30/05/2022,Derecha,PF20 ,9.999999747378752e-05,0.0,0.0,9.999999747378752e-05,0.09999999747378752,360.0,0.00040650405477149395,0.0,0.0,0.00040650405477149395
10/06/2022,Derecha,PF20 ,9.999999747378752e-05,0.0,0.0,9.999999747378752e-05,0.09999999747378752,360.0,0.0003891050485361382,0.0,0.0,0.0003891050485361382
14/06/2022,Derecha,PF20 ,9.999999747378752e-05,0.0,0.0,9.999999747378752e-05,0.09999999747378752,360.0,0.0003831417527731323,0.0,0.0,0.0003831417527731323
24/06/2022,Derecha,PF20 ,9.999999747378752e-05,0.0,0.0,9.999999747378752e-05,0.09999999747378752,360.0,0.0003690036807150831,0.0,0.0,0.0003690036807150831
27/06/2022,Derecha,PF20 ,9.999999747378752e-05,0.0,0.0,9.999999747378752e-05,0.09999999747378752,360.0,0.0003649634944298814,0.0,0.0,0.0003649634944298814
04/07/2022,Derecha,PF20 ,9.999999747378752e-05,0.0,0.0,9.999999747378752e-05,0.09999999747378752,360.0,0.0003558718771309164,0.0,0.0,0.0003558718771309164
11/07/2022,Derecha,PF20 ,9.999999747378752e-05,0.0,0.0,9.999999747378752e-05,0.09999999747378752,360.0,0.0003472222134506511,0.0,0.0,0.0003472222134506511
23/07/2022,Derecha,PF20 ,9.999999747378752e-05,0.0,0.0,9.999999747378752e-05,0.09999999747378752,360.0,0.000333333324912625,0.0,0.0,0.000333333324912625
01/08/2022,Derecha,PF20 ,9.999999747378752e-05,0.0,0.0,9.999999747378752e-05,0.09999999747378752,360.0,0.00032362458729381075,0.0,0.0,0.00032362458729381075
08/08/2022,Derecha,PF20 ,9.999999747378752e-05,0.0,0.0,9.999999747378752e-05,0.09999999747378752,360.0,0.00031645568820818835,0.0,0.0,0.00031645568820818835
16/08/2022,Derecha,PF20 ,9.999999747378752e-05,0.0,0.0,9.999999747378752e-05,0.09999999747378752,360.0,0.00030864196751168987,0.0,0.0,0.00030864196751168987
30/08/2022,Derecha,PF20 ,9.999999747378752e-05,0.0,0.0,9.999999747378752e-05,0.09999999747378752,360.0,0.000295857980691679,0.0,0.0,0.000295857980691679
16/11/2022,Derecha,PF20 ,9.999999747378752e-05,0.0,0.0,9.999999747378752e-05,0.09999999747378752,360.0,0.00024038460931198922,0.0,0.0,0.00024038460931198922
27/11/2022,Derecha,PF20 ,9.999999747378752e-05,0.0,0.0,9.999999747378752e-05,0.09999999747378752,360.0,0.0002341920315545375,0.0,0.0,0.0002341920315545375
14/12/2022,Derecha,PF20 ,9.999999747378752e-05,0.0,0.0,9.999999747378752e-05,0.09999999747378752,360.0,0.00022522521953555747,0.0,0.0,0.00022522521953555747
09/02/2023,Derecha,PF20 ,9.999999747378752e-05,0.0,0.0,9.999999747378752e-05,0.09999999747378752,360.0,0.00019960079336085333,0.0,0.0,0.00019960079336085333
18/02/2023,Derecha,PF20 ,9.999999747378752e-05,0.0,0.0,9.999999747378752e-05,0.09999999747378752,360.0,0.00019607842641919122,0.0,0.0,0.00019607842641919122
04/03/2023,Derecha,PF20 ,9.999999747378752e-05,0.0,0.0,9.999999747378752e-05,0.09999999747378752,360.0,0.00019083968983547238,0.0,0.0,0.00019083968983547238
08/03/2023,Derecha,PF20 ,0.02410000000236323,0.001999999996769475,-0.012000000000000455,0.024182845161415265,24.182845161415266,4.743965934949611,0.04564393939841521,0.003787878781760369,-0.02272727272727359,0.04580084310874103
17/03/2023,Derecha,PF20 ,0.02810000000317814,0.001999999996769475,-0.006000000000000227,0.028171084469109268,28.171084469109267,4.07112618664665,0.052327746747072884,0.0037243947798314245,-0.011173184357542321,0.05246012005420721
29/03/2023,Derecha,PF20 ,0.02509999999892898,0.004999999997380655,-0.009000000000014552,0.02559316314799797,25.59316314799797,11.266027665443746,0.04571948997983421,0.009107468119090446,-0.016393442622977327,0.04661778351183601
04/04/2023,Derecha,PF20 ,0.023099999998521525,0.004999999997380655,-0.012000000000000455,0.023634931772812486,23.634931772812486,12.213276540991531,0.0416216216189577,0.009009009004289468,-0.02162162162162244,0.0425854626537162
13/04/2023,Derecha,PF20 ,0.02810000000317814,0.0,-0.019000000000005457,0.02810000000317814,28.10000000317814,360.0,0.049822695041095995,0.0,-0.03368794326242102,0.049822695041095995
17/04/2023,Derecha,PF20 ,0.032100000003993046,0.0010000000002037268,-0.01099999999999568,0.03211557255066085,32.11557255066085,1.7843381731285937,0.05651408451407226,0.0017605633806403642,-0.019366197183090985,0.05654150096947333
25/04/2023,Derecha,PF20 ,0.026100000002770685,0.0039999999971769284,-0.009999999999990905,0.02640473442627373,26.40473442627373,8.713167281112252,0.04531250000481021,0.006944444439543279,-0.017361111111095322,0.04584155282339189
08/05/2023,Derecha,PF20 ,0.02810000000317814,-0.0020000000004074536,0.0020000000000095497,0.028171084469367544,28.171084469367543,355.9288738059729,0.04770797963188139,-0.0033955857392316702,0.0033955857385561117,0.04782866633169362
19/05/2023,Derecha,PF20 ,0.02810000000317814,0.0,-0.01300000000000523,0.02810000000317814,28.10000000317814,360.0,0.046833333338630226,0.0,-0.021666666666675383,0.046833333338630226
31/05/2023,Derecha,PF20 ,0.02509999999892898,-0.006000000001222361,-0.028999999999996362,0.0258071695457077,25.807169545707698,346.55607901192315,0.041013071893674806,-0.009803921570624772,-0.04738562091502673,0.042168577689064866
11/06/2023,Derecha,PF20 ,0.02410000000236323,-0.006000000001222361,-0.028999999999996362,0.024835659848866026,24.835659848866026,346.019709422548,0.03868378812578368,-0.00963081862154472,-0.04654895666131037,0.03986462255034676
19/06/2023,Derecha,PF20 ,0.026100000002770685,-0.004000000000814907,-0.02400000000000091,0.026404734426824842,26.40473442682484,351.2868327110848,0.04136291601073008,-0.006339144216822357,-0.038034865293186865,0.041845854876109104
07/07/2023,Derecha,PF20 ,,,,,,,,,,
12/07/2023,Derecha,PF20 ,0.02810000000317814,-0.004000000000814907,-0.020000000000010232,0.02838326972329176,28.383269723291757,351.89844561461217,0.04296636086112865,-0.006116207952316372,-0.030581039755367325,0.04339949498974275
17/07/2023,Derecha,PF20 ,0.029099999999743886,0.0010000000002037268,-0.0020000000000095497,0.029117177060723136,29.117177060723137,1.9681526431799754,0.04415781487062805,0.0015174506831619526,-0.0030349013657201057,0.044183880213540416
28/07/2023,Derecha,PF20 ,0.013100000003760215,-0.012000000002444722,-0.012000000000000455,0.017765415845321236,17.765415845321236,317.5093647422293,0.01955223881158241,-0.01791044776484287,-0.017910447761194707,0.026515546037792888
07/08/2023,Derecha,PF20 ,0.011100000003352761,-0.007000000001426088,-0.008000000000009777,0.013122880784888527,13.122880784888528,327.76321345041157,0.016323529416695237,-0.010294117649156012,-0.01176470588236732,0.019298354095424304
19/08/2023,Derecha,PF20 ,0.027099999999336433,0.001999999996769475,-0.007000000000005002,0.02717370052000854,27.17370052000854,4.220818938596359,0.03916184971002375,0.002890173405736235,-0.010115606936423414,0.0392683533526135
25/08/2023,Derecha,PF20 ,0.026100000002770685,-0.0020000000004074536,0.0,0.026176516195748043,26.176516195748043,355.6180821564079,0.037392550147235935,-0.002865329513477727,0.0,0.0375021722002121
24/09/2023,Derecha,PF20 ,0.029099999999743886,0.001999999996769475,-0.012000000000000455,0.029168647551303644,29.168647551303643,3.931671473725967,0.03997252747217567,0.0027472527428152125,-0.01648351648351711,0.040066823559483024
04/10/2023,Derecha,PF20 ,0.02810000000317814,0.001999999996769475,-0.01099999999999568,0.028171084469109268,28.171084469109267,4.07112618664665,0.03807588076311401,0.002710027095893597,-0.014905149051484662,0.03817220117765484
14/10/2023,Derecha,PF20 ,0.01810000000114087,-0.007000000001426088,-0.009000000000014552,0.01940644223090015,19.40644223090015,338.8565035590607,0.02419786096409207,-0.009358288771960011,-0.01203208556151678,0.02594444148516063
01/11/2023,Derecha,PF20 ,0.030100000003585592,0.0010000000002037268,-0.0020000000000095497,0.030116606718159005,30.116606718159005,1.9028144044758966,0.03929503916917179,0.0013054830289865886,-0.00261096605745372,0.03931671895321019
14/09/2024,Derecha,PF20 ,0.05010000000038417,0.005999999997584382,-0.015999999999991132,0.05045800233867277,50.45800233867277,6.829244300422688,0.046217712177476174,0.005535055348325076,-0.014760147601467835,0.046547972637152005
21/04/2025,Derecha,PF20 ,0.06710000000020955,0.013999999999214197,-0.01500000000001478,0.06854494875631698,68.54494875631697,11.785337187061403,0.051496546431473174,0.01074443591651128,-0.011511895625491004,0.0526054863824382
25/05/2025,Derecha,PF20 ,0.0701000000044587,0.014999999999417923,-0.03100000000000591,0.07168688862412463,71.68688862412463,12.078010453281847,0.052430815261375247,0.011219147344366435,-0.02318623784592813,0.05361771774429666
04/10/2021,Derecha,PF21 ,-0.0026666666744858958,0.00033333332976326346,0.00333333333330188,0.0026874192567488855,2.6874192567488855,172.87498374730166,-0.333333334310737,0.04166666622040793,0.416666666662735,0.3359274070936107
10/10/2021,Derecha,PF21 ,-0.0006666666740784422,-0.0006666666704404633,-0.0006666666666887977,0.0009428090494914573,0.9428090494914574,224.9999998436694,-0.04761904814846015,-0.04761904788860453,-0.04761904762062841,0.0673435035351041
14/10/2021,Derecha,PF21 ,-0.0006666666740784422,-0.0016666666706441902,-0.0036666666666747005,0.0017950549421572035,1.7950549421572035,248.19859034114543,-0.037037037448802344,-0.09259259281356612,-0.20370370370415003,0.09972527456428908
18/10/2021,Derecha,PF21 ,0.00033333332976326346,0.00033333332976326346,0.004333333333306655,0.00047140451574219047,0.47140451574219044,45.0,0.015151514989239247,0.015151514989239247,0.1969696969684843,0.021427477988281384
27/10/2021,Derecha,PF21 ,-0.0006666666740784422,-0.0006666666704404633,0.004333333333306655,0.0009428090494914573,0.9428090494914574,224.9999998436694,-0.021505376583175553,-0.0215053764658214,0.13978494623569854,0.03041319514488572
01/11/2021,Derecha,PF21 ,0.00033333332976326346,0.00033333332976326346,0.00533333333331143,0.00047140451574219047,0.47140451574219044,45.0,0.009259259160090653,0.009259259160090653,0.1481481481475397,0.013094569881727514
11/11/2021,Derecha,PF21 ,0.0013333333263290115,0.00033333332976326346,-0.0026666666666983474,0.001374368534211494,1.374368534211494,14.036243394359126,0.028985507094108947,0.007246376733983988,-0.05797101449344233,0.029877576830684652
16/11/2021,Derecha,PF21 ,-0.0006666666740784422,0.00033333332976326346,0.00333333333330188,0.0007453559975326397,0.7453559975326397,153.43494932318,-0.013071895570165533,0.006535947642416931,0.06535947712356628,0.01461482348103215
24/11/2021,Derecha,PF21 ,9.999999747378752e-05,0.0,0.0,9.999999747378752e-05,0.09999999747378752,360.0,0.0016949152114201275,0.0,0.0,0.0016949152114201275
01/12/2021,Derecha,PF21 ,9.999999747378752e-05,0.0,0.0,9.999999747378752e-05,0.09999999747378752,360.0,0.0015151514768755685,0.0,0.0,0.0015151514768755685
08/12/2021,Derecha,PF21 ,9.999999747378752e-05,0.0,0.0,9.999999747378752e-05,0.09999999747378752,360.0,0.0013698629790929798,0.0,0.0,0.0013698629790929798
09/01/2022,Derecha,PF21 ,9.999999747378752e-05,0.0,0.0,9.999999747378752e-05,0.09999999747378752,360.0,0.0009523809283217858,0.0,0.0,0.0009523809283217858
12/02/2022,Derecha,PF21 ,9.999999747378752e-05,0.0,0.0,9.999999747378752e-05,0.09999999747378752,360.0,0.0007194244422574641,0.0,0.0,0.0007194244422574641
16/02/2022,Derecha,PF21 ,0.001433333323802799,0.00033333332976326346,0.00533333333331143,0.0014715826602181219,1.471582660218122,13.091893013012008,0.01002330995666293,0.0023310023060368074,0.03729603729588413,0.01029078783369316
26/02/2022,Derecha,PF21 ,9.999999747378752e-05,0.0,0.0,9.999999747378752e-05,0.09999999747378752,360.0,0.0006535947547306374,0.0,0.0,0.0006535947547306374
07/03/2022,Derecha,PF21 ,9.999999747378752e-05,0.0,0.0,9.999999747378752e-05,0.09999999747378752,360.0,0.0006172839350233797,0.0,0.0,0.0006172839350233797
11/03/2022,Derecha,PF21 ,9.999999747378752e-05,0.0,0.0,9.999999747378752e-05,0.09999999747378752,360.0,0.0006024096233360693,0.0,0.0,0.0006024096233360693
14/03/2022,Derecha,PF21 ,9.999999747378752e-05,0.0,0.0,9.999999747378752e-05,0.09999999747378752,360.0,0.000591715961383358,0.0,0.0,0.000591715961383358
21/03/2022,Derecha,PF21 ,9.999999747378752e-05,0.0,0.0,9.999999747378752e-05,0.09999999747378752,360.0,0.0005681818038283382,0.0,0.0,0.0005681818038283382
28/03/2022,Derecha,PF21 ,9.999999747378752e-05,0.0,0.0,9.999999747378752e-05,0.09999999747378752,360.0,0.0005464480736272542,0.0,0.0,0.0005464480736272542
06/04/2022,Derecha,PF21 ,9.999999747378752e-05,0.0,0.0,9.999999747378752e-05,0.09999999747378752,360.0,0.0005208333201759766,0.0,0.0,0.0005208333201759766
11/04/2022,Derecha,PF21 ,9.999999747378752e-05,0.0,0.0,9.999999747378752e-05,0.09999999747378752,360.0,0.0005076142003745559,0.0,0.0,0.0005076142003745559
20/04/2022,Derecha,PF21 ,9.999999747378752e-05,0.0,0.0,9.999999747378752e-05,0.09999999747378752,360.0,0.00048543688094071605,0.0,0.0,0.00048543688094071605
01/05/2022,Derecha,PF21 ,9.999999747378752e-05,0.0,0.0,9.999999747378752e-05,0.09999999747378752,360.0,0.0004608294814460254,0.0,0.0,0.0004608294814460254
09/05/2022,Derecha,PF21 ,9.999999747378752e-05,0.0,0.0,9.999999747378752e-05,0.09999999747378752,360.0,0.0004444444332168334,0.0,0.0,0.0004444444332168334
16/05/2022,Derecha,PF21 ,9.999999747378752e-05,0.0,0.0,9.999999747378752e-05,0.09999999747378752,360.0,0.00043103447186977373,0.0,0.0,0.00043103447186977373
24/05/2022,Derecha,PF21 ,0.0024333333276445046,0.00033333332976326346,0.004333333333306655,0.002456058263184435,2.4560582631844348,7.80018781967984,0.010138888865185436,0.0013888888740135976,0.018055555555444393,0.010233576096601811
30/05/2022,Derecha,PF21 ,9.999999747378752e-05,0.0,0.0,9.999999747378752e-05,0.09999999747378752,360.0,0.00040650405477149395,0.0,0.0,0.00040650405477149395
10/06/2022,Derecha,PF21 ,9.999999747378752e-05,0.0,0.0,9.999999747378752e-05,0.09999999747378752,360.0,0.0003891050485361382,0.0,0.0,0.0003891050485361382
14/06/2022,Derecha,PF21 ,9.999999747378752e-05,0.0,0.0,9.999999747378752e-05,0.09999999747378752,360.0,0.0003831417527731323,0.0,0.0,0.0003831417527731323
24/06/2022,Derecha,PF21 ,9.999999747378752e-05,0.0,0.0,9.999999747378752e-05,0.09999999747378752,360.0,0.0003690036807150831,0.0,0.0,0.0003690036807150831
27/06/2022,Derecha,PF21 ,9.999999747378752e-05,0.0,0.0,9.999999747378752e-05,0.09999999747378752,360.0,0.0003649634944298814,0.0,0.0,0.0003649634944298814
04/07/2022,Derecha,PF21 ,9.999999747378752e-05,0.0,0.0,9.999999747378752e-05,0.09999999747378752,360.0,0.0003558718771309164,0.0,0.0,0.0003558718771309164
11/07/2022,Derecha,PF21 ,-0.0005666666766046546,0.007333333331189351,0.007333333333320979,0.007355194685982613,7.355194685982614,94.4186205454611,-0.001967592627099495,0.025462962955518583,0.02546296296292007,0.02553887043743963
23/07/2022,Derecha,PF21 ,9.999999747378752e-05,0.0,0.0,9.999999747378752e-05,0.09999999747378752,360.0,0.000333333324912625,0.0,0.0,0.000333333324912625
01/08/2022,Derecha,PF21 ,9.999999747378752e-05,0.0,0.0,9.999999747378752e-05,0.09999999747378752,360.0,0.00032362458729381075,0.0,0.0,0.00032362458729381075
08/08/2022,Derecha,PF21 ,9.999999747378752e-05,0.0,0.0,9.999999747378752e-05,0.09999999747378752,360.0,0.00031645568820818835,0.0,0.0,0.00031645568820818835
16/08/2022,Derecha,PF21 ,9.999999747378752e-05,0.0,0.0,9.999999747378752e-05,0.09999999747378752,360.0,0.00030864196751168987,0.0,0.0,0.00030864196751168987
30/08/2022,Derecha,PF21 ,0.001433333323802799,0.0053333333307818975,0.01633333333330711,0.005522579907466501,5.5225799074665005,74.95719934256522,0.00424063113551124,0.015779092694620998,0.04832347140031689,0.01633899380907249
16/11/2022,Derecha,PF21 ,-0.0005666666766046546,0.007333333331189351,0.017333333333311884,0.007355194685982613,7.355194685982614,94.4186205454611,-0.0013621795110688813,0.017628205123051324,0.0416666666666151,0.017680756456688977
27/11/2022,Derecha,PF21 ,0.001433333323802799,0.0053333333307818975,0.014333333333325982,0.005522579907466501,5.5225799074665005,74.95719934256522,0.0033567525147606535,0.012490241992463461,0.033567525370786847,0.012933442406244734
14/12/2022,Derecha,PF21 ,9.999999747378752e-05,0.0,0.0,9.999999747378752e-05,0.09999999747378752,360.0,0.00022522521953555747,0.0,0.0,0.00022522521953555747
09/02/2023,Derecha,PF21 ,-0.00556666667398531,0.004333333330578171,0.024333333333316887,0.007054470611828954,7.054470611828954,142.10127177968542,-0.011111111125719181,0.008649367925305731,0.04856952761141095,0.01408077966432925
18/02/2023,Derecha,PF21 ,-0.009566666674800217,0.0013333333299669903,0.021333333333302562,0.0096591350045195,9.6591350045195,172.0656365186891,-0.01875816995058866,0.0026143790783666474,0.04183006535941679,0.018939480401018626
04/03/2023,Derecha,PF21 ,-0.00856666667823447,0.003333333330374444,0.028333333333307564,0.00919232772845692,9.19232772845692,158.7387367857607,-0.016348600530981812,0.00636132314956955,0.05407124681928925,0.017542610168810917
08/03/2023,Derecha,PF21 ,0.016433333323220722,0.006333333330985624,-0.004666666666679475,0.017611517685692225,17.611517685692224,21.076440076665257,0.031123737354584704,0.011994949490503077,-0.008838383838408096,0.03335514713199285
17/03/2023,Derecha,PF21 ,0.025433333321416285,0.006333333330985624,0.001333333333320752,0.02621002775503371,26.21002775503371,13.983224564405417,0.0473618870044996,0.011793916817477886,0.0024829298572081045,0.04880824535388028
29/03/2023,Derecha,PF21 ,0.021433333327877335,0.003333333330374444,0.002333333333325527,0.021690986345375873,21.690986345375872,8.839881172551125,0.03904068001434852,0.006071645410518113,0.004250151791121178,0.03950999334312545
04/04/2023,Derecha,PF21 ,0.015433333326654974,0.006333333330985624,-0.0036666666666747005,0.0166822926677664,16.6822926677664,22.311636707987144,0.027807807795774728,0.011411411407181306,-0.006606606606621082,0.030058184986966486
13/04/2023,Derecha,PF21 ,0.02343333332828479,0.002333333330170717,-0.013666666666694027,0.023549215598490502,23.549215598490502,5.686383648199304,0.041548463348022674,0.004137115833636023,-0.024231678487046146,0.04175392836611791
17/04/2023,Derecha,PF21 ,0.029433333322231192,0.009333333331596805,-0.004666666666679475,0.03087769780175104,30.87769780175104,17.593862604126812,0.05181924880674506,0.01643192487957184,-0.008215962441337104,0.054362144017167324
25/04/2023,Derecha,PF21 ,0.02043333332403563,0.002333333330170717,0.001333333333320752,0.02056612640146001,20.56612640146001,6.514529532420974,0.035474537020895196,0.004050925920435273,0.0023148148147929723,0.0357050805580903
08/05/2023,Derecha,PF21 ,0.025433333321416285,0.002333333330170717,0.010333333333306882,0.02554014268299904,25.54014268299904,5.241819942356762,0.043180531954866354,0.0039615166895937476,0.0175438596490779,0.043361872127332834
19/05/2023,Derecha,PF21 ,0.030433333326072898,0.003333333330374444,-0.0036666666666747005,0.030615337470412514,30.615337470412513,6.250634867161041,0.0507222222101215,0.0055555555506240735,-0.006111111111124501,0.051025562450687525
31/05/2023,Derecha,PF21 ,0.02743333332182374,0.0013333333299669903,-0.022666666666680158,0.027465715991306063,27.465715991306062,2.7825384278221934,0.044825708042195656,0.0021786492319722066,-0.03703703703705908,0.0448786209008269
11/06/2023,Derecha,PF21 ,0.02743333332182374,0.00033333332976326346,-0.021666666666675383,0.027435358358421633,27.43535835842163,0.6961477458211544,0.044034242892172934,0.0005350454731352543,-0.034777956126284724,0.04403749335220166
19/06/2023,Derecha,PF21 ,0.029433333322231192,-0.0006666666704404633,-0.015666666666675155,0.02944088237310562,29.44088237310562,358.70246920007406,0.046645536168353714,-0.0010565240419024777,-0.024828314844176157,0.046657499798899556
07/07/2023,Derecha,PF21 ,0.02743333332182374,0.00033333332976326346,0.00033333333331597714,0.027435358358421633,27.43535835842163,0.6961477458211544,0.04227015920157741,0.0005136106776013305,0.0005136106830754656,0.04227327944286846
12/07/2023,Derecha,PF21 ,0.025433333321416285,-0.005666666667821119,-0.008666666666698575,0.02605696749359869,26.05696749359869,347.43939221405554,0.038888888870667104,-0.008664627932448194,-0.013251783894034518,0.0398424579412824
17/07/2023,Derecha,PF21 ,0.031433333322638646,0.004333333330578171,0.00533333333331143,0.03173061962089623,31.73061962089623,7.849201211596216,0.04769853311477791,0.006575619621514675,0.008093070308515068,0.04814965041107167
28/07/2023,Derecha,PF21 ,0.010433333321998361,-0.009666666668636026,-0.0026666666666983474,0.014223181384290932,14.223181384290932,317.18435222415013,0.01557213928656472,-0.014427860699456755,-0.003980099502534846,0.021228628931777512
07/08/2023,Derecha,PF21 ,0.009433333325432613,-0.002666666670847917,0.00033333333331597714,0.009803004068250132,9.803004068250132,344.2151709836556,0.013872549007989137,-0.003921568633599878,0.0004901960784058488,0.014416182453309018
19/08/2023,Derecha,PF21 ,0.029433333322231192,0.0053333333307818975,0.00033333333331597714,0.029912632028539284,29.912632028539285,10.270582076629838,0.042533718673744496,0.007707129090725286,0.0004816955683756895,0.043226346862050985
25/08/2023,Derecha,PF21 ,0.02643333332525799,0.003333333330374444,0.002333333333325527,0.026642676700654157,26.642676700654157,7.187255683500687,0.03787010505051288,0.004775549183917541,0.0033428844316984625,0.03817002392643862
24/09/2023,Derecha,PF21 ,0.030433333326072898,0.007333333331189351,0.00033333333331597714,0.031304401528893536,31.304401528893536,13.54793898729858,0.041804029294056175,0.010073260070315043,0.0004578754578516169,0.04300055155067793
04/10/2023,Derecha,PF21 ,0.029433333322231192,0.0053333333307818975,-0.0016666666666935726,0.029912632028539284,29.912632028539285,10.270582076629838,0.03988256547727804,0.007226738930598777,-0.00225835591692896,0.040532021718887916
14/10/2023,Derecha,PF21 ,0.01943333332746988,-0.002666666670847917,0.00033333333331597714,0.019615441757706166,19.615441757706165,352.18659782557717,0.025980392149023906,-0.003565062394181707,0.0004456327985507716,0.026223852617254233
01/11/2023,Derecha,PF21 ,0.031433333322638646,0.0053333333307818975,0.00533333333331143,0.031882579697843375,31.882579697843376,9.629738067787262,0.0410356831888233,0.006962576149845819,0.00696257615314808,0.04162216670736733
14/09/2024,Derecha,PF21 ,0.05243333332327893,0.011333333332004258,-0.0006666666666887977,0.05364418782873305,53.64418782873305,12.19670675590896,0.04837023369306174,0.010455104549819428,-0.0006150061500819167,0.04948725814458769
21/04/2025,Derecha,PF21 ,0.0664333333261311,0.016333333329384914,0.008333333333325754,0.06841173550254107,68.41173550254106,13.812803246478246,0.05098490662020806,0.012535175233603157,0.006395497569705107,0.05250325057754495
25/05/2025,Derecha,PF21 ,0.06743333332269685,0.022333333330607275,-0.009666666666674928,0.07103542933400171,71.03542933400172,18.324421414459568,0.050436300166564585,0.016704063822443736,-0.007230117177767336,0.05313046322662806
04/10/2021,Derecha,PF22,-0.0010000000038417056,0.0010000000002037268,0.0013333333333491737,0.0014142135652336477,1.4142135652336478,135.00000010422042,-0.1250000004802132,0.12500000002546585,0.1666666666686467,0.17677669565420598
10/10/2021,Derecha,PF22,9.999999747378752e-05,0.0,0.00033333333334439885,9.999999747378752e-05,0.09999999747378752,360.0,0.007142856962413394,0.0,0.023809523810314204,0.007142856962413394
14/10/2021,Derecha,PF22,0.0020000000004074536,0.0,-0.002666666666641504,0.0020000000004074536,2.0000000004074536,360.0,0.11111111113374743,0.0,-0.14814814814675023,0.11111111113374743
18/10/2021,Derecha,PF22,9.999999747378752e-05,0.0,0.004333333333363498,9.999999747378752e-05,0.09999999747378752,360.0,0.004545454430626705,0.0,0.1969696969710681,0.004545454430626705
27/10/2021,Derecha,PF22,9.999999747378752e-05,0.0020000000004074536,0.004333333333363498,0.0020024984397308708,2.002498439730871,87.13759484666062,0.003225806370122178,0.06451612904540173,0.1397849462375322,0.06459672386228615
01/11/2021,Derecha,PF22,0.000999999996565748,0.0020000000004074536,0.007333333333349401,0.002236067976328383,2.2360679763283833,63.434948906298345,0.02777777768238189,0.055555555566873714,0.20370370370415003,0.062112999342455094
11/11/2021,Derecha,PF22,-0.0010000000038417056,0.0,0.00033333333334439885,0.0010000000038417056,1.0000000038417056,180.0,-0.02173913051829795,0.0,0.007246376811834757,0.02173913051829795
16/11/2021,Derecha,PF22,0.000999999996565748,0.0020000000004074536,0.0023333333333539485,0.002236067976328383,2.2360679763283833,63.434948906298345,0.019607843069916628,0.039215686282499086,0.04575163398733232,0.043844470124085946
24/11/2021,Derecha,PF22,9.999999747378752e-05,0.0,0.0,9.999999747378752e-05,0.09999999747378752,360.0,0.0016949152114201275,0.0,0.0,0.0016949152114201275
01/12/2021,Derecha,PF22,9.999999747378752e-05,0.0,0.0,9.999999747378752e-05,0.09999999747378752,360.0,0.0015151514768755685,0.0,0.0,0.0015151514768755685
08/12/2021,Derecha,PF22,9.999999747378752e-05,0.0,0.0,9.999999747378752e-05,0.09999999747378752,360.0,0.0013698629790929798,0.0,0.0,0.0013698629790929798
09/01/2022,Derecha,PF22,9.999999747378752e-05,0.0,0.0,9.999999747378752e-05,0.09999999747378752,360.0,0.0009523809283217858,0.0,0.0,0.0009523809283217858
12/02/2022,Derecha,PF22,9.999999747378752e-05,0.0,0.0,9.999999747378752e-05,0.09999999747378752,360.0,0.0007194244422574641,0.0,0.0,0.0007194244422574641
16/02/2022,Derecha,PF22,0.0010999999940395355,0.0020000000004074536,0.005333333333339851,0.002282542439587223,2.2825424395872234,61.18920639305358,0.007692307650626122,0.013986013988863313,0.03729603729608288,0.015961835241868696
26/02/2022,Derecha,PF22,9.999999747378752e-05,0.0,0.0,9.999999747378752e-05,0.09999999747378752,360.0,0.0006535947547306374,0.0,0.0,0.0006535947547306374
07/03/2022,Derecha,PF22,9.999999747378752e-05,0.0,0.0,9.999999747378752e-05,0.09999999747378752,360.0,0.0006172839350233797,0.0,0.0,0.0006172839350233797
11/03/2022,Derecha,PF22,9.999999747378752e-05,0.0,0.0,9.999999747378752e-05,0.09999999747378752,360.0,0.0006024096233360693,0.0,0.0,0.0006024096233360693
14/03/2022,Derecha,PF22,9.999999747378752e-05,0.0,0.0,9.999999747378752e-05,0.09999999747378752,360.0,0.000591715961383358,0.0,0.0,0.000591715961383358
21/03/2022,Derecha,PF22,9.999999747378752e-05,0.0,0.0,9.999999747378752e-05,0.09999999747378752,360.0,0.0005681818038283382,0.0,0.0,0.0005681818038283382
28/03/2022,Derecha,PF22,9.999999747378752e-05,0.0,0.0,9.999999747378752e-05,0.09999999747378752,360.0,0.0005464480736272542,0.0,0.0,0.0005464480736272542
06/04/2022,Derecha,PF22,9.999999747378752e-05,0.0,0.0,9.999999747378752e-05,0.09999999747378752,360.0,0.0005208333201759766,0.0,0.0,0.0005208333201759766
11/04/2022,Derecha,PF22,9.999999747378752e-05,0.0,0.0,9.999999747378752e-05,0.09999999747378752,360.0,0.0005076142003745559,0.0,0.0,0.0005076142003745559
20/04/2022,Derecha,PF22,9.999999747378752e-05,0.0,0.0,9.999999747378752e-05,0.09999999747378752,360.0,0.00048543688094071605,0.0,0.0,0.00048543688094071605
01/05/2022,Derecha,PF22,9.999999747378752e-05,0.0,0.0,9.999999747378752e-05,0.09999999747378752,360.0,0.0004608294814460254,0.0,0.0,0.0004608294814460254
09/05/2022,Derecha,PF22,9.999999747378752e-05,0.0,0.0,9.999999747378752e-05,0.09999999747378752,360.0,0.0004444444332168334,0.0,0.0,0.0004444444332168334
16/05/2022,Derecha,PF22,9.999999747378752e-05,0.0,0.0,9.999999747378752e-05,0.09999999747378752,360.0,0.00043103447186977373,0.0,0.0,0.00043103447186977373
24/05/2022,Derecha,PF22,9.999999747378752e-05,0.0020000000004074536,0.0013333333333491737,0.0020024984397308708,2.002498439730871,87.13759484666062,0.0004166666561407813,0.008333333335031057,0.005555555555621558,0.008343743498878628
30/05/2022,Derecha,PF22,9.999999747378752e-05,0.0,0.0,9.999999747378752e-05,0.09999999747378752,360.0,0.00040650405477149395,0.0,0.0,0.00040650405477149395
10/06/2022,Derecha,PF22,9.999999747378752e-05,0.0,0.0,9.999999747378752e-05,0.09999999747378752,360.0,0.0003891050485361382,0.0,0.0,0.0003891050485361382
14/06/2022,Derecha,PF22,9.999999747378752e-05,0.0,0.0,9.999999747378752e-05,0.09999999747378752,360.0,0.0003831417527731323,0.0,0.0,0.0003831417527731323
24/06/2022,Derecha,PF22,9.999999747378752e-05,0.0,0.0,9.999999747378752e-05,0.09999999747378752,360.0,0.0003690036807150831,0.0,0.0,0.0003690036807150831
27/06/2022,Derecha,PF22,9.999999747378752e-05,0.0,0.0,9.999999747378752e-05,0.09999999747378752,360.0,0.0003649634944298814,0.0,0.0,0.0003649634944298814
04/07/2022,Derecha,PF22,9.999999747378752e-05,0.0,0.0,9.999999747378752e-05,0.09999999747378752,360.0,0.0003558718771309164,0.0,0.0,0.0003558718771309164
11/07/2022,Derecha,PF22,-0.0009000000063679181,0.010000000002037268,0.007333333333349401,0.010040418320578462,10.040418320578462,95.14276459303447,-0.003125000022110827,0.03472222222929607,0.025462962963018754,0.03486256361311966
23/07/2022,Derecha,PF22,9.999999747378752e-05,0.0,0.0,9.999999747378752e-05,0.09999999747378752,360.0,0.000333333324912625,0.0,0.0,0.000333333324912625
01/08/2022,Derecha,PF22,9.999999747378752e-05,0.0,0.0,9.999999747378752e-05,0.09999999747378752,360.0,0.00032362458729381075,0.0,0.0,0.00032362458729381075
08/08/2022,Derecha,PF22,9.999999747378752e-05,0.005000000001018634,0.012333333333344854,0.005000999900987911,5.000999900987911,88.85423719099495,0.00031645568820818835,0.01582278481335011,0.03902953586501536,0.01582594905375921
16/08/2022,Derecha,PF22,9.999999747378752e-05,0.0,0.0,9.999999747378752e-05,0.09999999747378752,360.0,0.00030864196751168987,0.0,0.0,0.00030864196751168987
30/08/2022,Derecha,PF22,-0.0019000000029336661,0.007000000001426088,0.013333333333349628,0.007253275124460202,7.253275124460202,105.18583728161512,-0.005621301783827415,0.02071005917581683,0.039447731755472275,0.02145939385934971
16/11/2022,Derecha,PF22,9.999999747378752e-05,0.0,0.0,9.999999747378752e-05,0.09999999747378752,360.0,0.00024038460931198922,0.0,0.0,0.00024038460931198922
27/11/2022,Derecha,PF22,9.999999747378752e-05,0.008000000001629815,0.015333333333359178,0.008000624977185957,8.000624977185957,89.28384007276533,0.0002341920315545375,0.018735363001474974,0.035909445745571845,0.0187368266444636
14/12/2022,Derecha,PF22,9.999999747378752e-05,0.0,0.0,9.999999747378752e-05,0.09999999747378752,360.0,0.00022522521953555747,0.0,0.0,0.00022522521953555747
09/02/2023,Derecha,PF22,9.999999747378752e-05,0.0,0.0,9.999999747378752e-05,0.09999999747378752,360.0,0.00019960079336085333,0.0,0.0,0.00019960079336085333
18/02/2023,Derecha,PF22,-0.0029000000067753717,0.005000000001018634,0.017333333333340306,0.005780138410927847,5.780138410927847,120.11373320401287,-0.005686274523088964,0.009803921570624772,0.03398692810458884,0.011333604727309505
04/03/2023,Derecha,PF22,-0.0029000000067753717,0.005000000001018634,0.02233333333336418,0.005780138410927847,5.780138410927847,120.11373320401287,-0.005534351157968267,0.009541984734768385,0.04262086514000797,0.011030798494137113
08/03/2023,Derecha,PF22,0.021099999998114072,0.004000000000814907,-0.008666666666641731,0.021475800332628657,21.47580033262866,10.734377796564692,0.039962121208549375,0.007575757577300961,-0.01641414141409419,0.040673864266342154
17/03/2023,Derecha,PF22,0.024099999995087273,0.008000000001629815,-0.002666666666641504,0.025393109297391758,25.393109297391756,18.363596712975255,0.0448789571603115,0.014897579146424237,-0.004965859714416209,0.047286981931828224
29/03/2023,Derecha,PF22,0.023099999998521525,0.004000000000814907,-0.006666666666660603,0.023443762495346472,23.443762495346473,9.823931725994777,0.0420765027295474,0.007285974500573602,-0.012143290831804378,0.04270266392594986
04/04/2023,Derecha,PF22,0.019099999997706618,0.006000000001222361,-0.011666666666656056,0.02002023975698246,20.020239756982463,17.439387777918345,0.034414414410282194,0.010810810813013261,-0.021021021021001902,0.036072504066635064
13/04/2023,Derecha,PF22,0.02909999999246793,0.0020000000004074536,-0.01666666666665151,0.029168647544294254,29.168647544294256,3.9316714818351715,0.05159574466749633,0.0035460992915025773,-0.029550827423140972,0.05171746018491889
17/04/2023,Derecha,PF22,0.02909999999246793,0.004000000000814907,-0.0076666666666369565,0.029373627620165554,29.373627620165554,7.826661008597983,0.05123239435293649,0.007042253522561457,-0.013497652582107318,0.05171413313409429
25/04/2023,Derecha,PF22,0.024099999995087273,0.004000000000814907,-0.006666666666660603,0.02442969504045693,24.42969504045693,9.423765165455665,0.041840277769248736,0.006944444445859214,-0.011574074074063549,0.042412665000793284
08/05/2023,Derecha,PF22,0.024099999995087273,0.0,0.006333333333344626,0.024099999995087273,24.099999995087273,360.0,0.04091680814106498,0.0,0.010752688172062184,0.04091680814106498
19/05/2023,Derecha,PF22,0.031099999992875382,-0.0010000000002037268,-0.006666666666660603,0.03111607300989725,31.11607300989725,358.15832650445617,0.05183333332145897,-0.0016666666670062114,-0.011111111111101005,0.051860121683162085
31/05/2023,Derecha,PF22,0.027099999992060475,-0.0010000000002037268,-0.024666666666632864,0.027118443900233016,27.118443900233014,357.88672341655996,0.0442810457386609,-0.0016339869284374621,-0.040305010893190954,0.044311182843517996
11/06/2023,Derecha,PF22,0.02809999999590218,0.0010000000002037268,-0.02366666666665651,0.028117787960117168,28.11778796011717,2.0381356057192344,0.04510433386180126,0.00160513643692412,-0.037988228999448655,0.04513288597129562
19/06/2023,Derecha,PF22,0.02809999999590218,0.0,-0.017666666666656283,0.02809999999590218,28.09999999590218,360.0,0.04453248810761043,0.0,-0.0279978869519117,0.04453248810761043
07/07/2023,Derecha,PF22,0.024099999995087273,-0.0020000000004074536,0.00033333333334439885,0.024182845154465105,24.182845154465106,355.25603405503483,0.03713405238071999,-0.003081664099241069,0.0005136106831192586,0.03726170285741927
12/07/2023,Derecha,PF22,0.026099999995494727,-0.005000000001018634,-0.010666666666651281,0.026574611940252506,26.574611940252506,349.1551890939067,0.03990825687384515,-0.007645259940395465,-0.016309887869497372,0.04063396321139527
17/07/2023,Derecha,PF22,0.030099999996309634,0.0020000000004074536,0.005333333333339851,0.030166372002272162,30.166372002272162,3.8014407057401542,0.04567526554826955,0.0030349013663239052,0.008093070308558195,0.045775981794039695
28/07/2023,Derecha,PF22,,,,,,,,,,
07/08/2023,Derecha,PF22,0.007099999995261896,-0.005000000001018634,-0.002666666666641504,0.0086838931328584,8.6838931328584,324.8458223443577,0.010441176463620437,-0.00735294117796858,-0.003921568627413977,0.01277043107773294
19/08/2023,Derecha,PF22,0.026099999995494727,0.0030000000006111804,0.00033333333334439885,0.026271848046311698,26.2718480463117,6.556946500609558,0.037716762999269834,0.004335260116490145,0.0004816955684167614,0.03796509833282038
25/08/2023,Derecha,PF22,0.02509999999892898,-0.0010000000002037268,0.004333333333363498,0.02511991241916743,25.11991241916743,357.718506230313,0.03595988538528507,-0.0014326647567388636,0.006208213944646846,0.03598841320797626
24/09/2023,Derecha,PF22,0.027099999992060475,0.005000000001018634,-0.0016666666666367291,0.02755739464426679,27.557394644266793,10.453618043460395,0.03722527471436878,0.006868131869531091,-0.0022893772893361666,0.03785356407179504
04/10/2023,Derecha,PF22,0.027099999992060475,0.0030000000006111804,-0.0016666666666367291,0.027265546016416852,27.265546016416852,6.316985683254626,0.036720867197913926,0.004065040651234662,-0.0022583559168519365,0.03694518430408787
14/10/2023,Derecha,PF22,0.015099999996891711,-0.0030000000006111804,-0.003666666666646279,0.01539512909688635,15.39512909688635,348.76305573617,0.020187165771245602,-0.004010695187982862,-0.004901960784286469,0.02058172339155929
01/11/2023,Derecha,PF22,0.02809999999590218,0.004000000000814907,0.0033333333333587234,0.028383269716088417,28.383269716088417,8.101554387457718,0.03668407310169998,0.005221932115946354,0.004351610095768569,0.037053876913953544
14/09/2024,Derecha,PF22,0.04809999999270076,0.011999999998806743,-0.000666666666660376,0.04957428768292264,49.57428768292264,14.0082122675826,0.04437269372020365,0.01107011070000622,-0.0006150061500556974,0.04573273771487328
21/04/2025,Derecha,PF22,0.06609999999636784,0.020000000000436557,0.006333333333344626,0.06905946712462593,69.05946712462594,16.83433805584085,0.05072908672015951,0.015349194167641257,0.004860578152988969,0.053000358499329187
25/05/2025,Derecha,PF22,0.06709999999293359,0.021000000000640284,-0.01266666666666083,0.0703093877023444,70.30938770234441,17.378331348166924,0.05018698578379476,0.01570680628320141,-0.00947394664671715,0.05258742535702648
04/10/2021,Derecha,PF23,-0.0006666666668024845,3.637978807091713e-12,-0.00033333333334439885,0.0006666666668024845,0.6666666668024845,179.99999968733874,-0.08333333335031057,4.547473508864641e-10,-0.041666666668049857,0.08333333335031057
10/10/2021,Derecha,PF23,-0.0006666666668024845,0.0010000000038417056,-0.00033333333334439885,0.0012018504284264935,1.2018504284264935,123.69006742977632,-0.0476190476287489,0.07142857170297898,-0.023809523810314204,0.08584645917332097
14/10/2021,Derecha,PF23,-0.0006666666668024845,3.637978807091713e-12,-0.009333333333330529,0.0006666666668024845,0.6666666668024845,179.99999968733874,-0.03703703704458247,2.0210993372731737e-10,-0.5185185185183627,0.03703703704458247
18/10/2021,Derecha,PF23,-0.0006666666668024845,3.637978807091713e-12,-0.001333333333320752,0.0006666666668024845,0.6666666668024845,179.99999968733874,-0.030303030309203845,1.653626730496233e-10,-0.06060606060548873,0.030303030309203845
27/10/2021,Derecha,PF23,-0.0006666666668024845,3.637978807091713e-12,-0.001333333333320752,0.0006666666668024845,0.6666666668024845,179.99999968733874,-0.021505376348467244,1.173541550674746e-10,-0.0430107526877662,0.021505376348467244
01/11/2021,Derecha,PF23,0.0003333333370392211,3.637978807091713e-12,0.000666666666660376,0.0003333333370392211,0.3333333370392211,6.253224878610543e-07,0.009259259362200586,1.0105496686365868e-10,0.01851851851834378,0.009259259362200586
11/11/2021,Derecha,PF23,-0.0016666666633682325,3.637978807091713e-12,-0.006333333333344626,0.0016666666633682325,1.6666666633682325,179.9999998749355,-0.03623188398626593,7.908649580634159e-11,-0.13768115942053535,0.03623188398626593
16/11/2021,Derecha,PF23,-0.0006666666668024845,0.0010000000038417056,-0.0043333333333350765,0.0012018504284264935,1.2018504284264935,123.69006742977632,-0.013071895427499697,0.019607843212582465,-0.08496732026147209,0.023565694675029284
24/11/2021,Derecha,PF23,9.999999747378752e-05,0.0,0.0,9.999999747378752e-05,0.09999999747378752,360.0,0.0016949152114201275,0.0,0.0,0.0016949152114201275
01/12/2021,Derecha,PF23,9.999999747378752e-05,0.0,0.0,9.999999747378752e-05,0.09999999747378752,360.0,0.0015151514768755685,0.0,0.0,0.0015151514768755685
08/12/2021,Derecha,PF23,9.999999747378752e-05,0.0,0.0,9.999999747378752e-05,0.09999999747378752,360.0,0.0013698629790929798,0.0,0.0,0.0013698629790929798
09/01/2022,Derecha,PF23,9.999999747378752e-05,0.0,0.0,9.999999747378752e-05,0.09999999747378752,360.0,0.0009523809283217858,0.0,0.0,0.0009523809283217858
12/02/2022,Derecha,PF23,9.999999747378752e-05,0.0,0.0,9.999999747378752e-05,0.09999999747378752,360.0,0.0007194244422574641,0.0,0.0,0.0007194244422574641
16/02/2022,Derecha,PF23,-0.000566666669328697,3.637978807091713e-12,-0.0033333333333303017,0.000566666669328697,0.566666669328697,179.99999963216325,-0.003962703981319559,2.5440411238403588e-11,-0.02331002331000211,0.003962703981319559
26/02/2022,Derecha,PF23,9.999999747378752e-05,0.0,0.0,9.999999747378752e-05,0.09999999747378752,360.0,0.0006535947547306374,0.0,0.0,0.0006535947547306374
07/03/2022,Derecha,PF23,,,,,,,,,,
11/03/2022,Derecha,PF23,9.999999747378752e-05,0.0,0.0,9.999999747378752e-05,0.09999999747378752,360.0,0.0006024096233360693,0.0,0.0,0.0006024096233360693
14/03/2022,Derecha,PF23,,,,,,,,,,
21/03/2022,Derecha,PF23,,,,,,,,,,
28/03/2022,Derecha,PF23,9.999999747378752e-05,0.0,0.0,9.999999747378752e-05,0.09999999747378752,360.0,0.0005464480736272542,0.0,0.0,0.0005464480736272542
06/04/2022,Derecha,PF23,,,,,,,,,,
11/04/2022,Derecha,PF23,,,,,,,,,,
20/04/2022,Derecha,PF23,,,,,,,,,,
01/05/2022,Derecha,PF23,9.999999747378752e-05,0.0,0.0,9.999999747378752e-05,0.09999999747378752,360.0,0.0004608294814460254,0.0,0.0,0.0004608294814460254
09/05/2022,Derecha,PF23,,,,,,,,,,
16/05/2022,Derecha,PF23,,,,,,,,,,
24/05/2022,Derecha,PF23,0.0004333333345130086,0.0010000000038417056,-0.011333333333340079,0.0010898521856121473,1.0898521856121473,66.571307214653,0.001805555560470869,0.004166666682673774,-0.04722222222225033,0.004541050773383947
30/05/2022,Derecha,PF23,,,,,,,,,,
10/06/2022,Derecha,PF23,,,,,,,,,,
14/06/2022,Derecha,PF23,,,,,,,,,,
24/06/2022,Derecha,PF23,9.999999747378752e-05,0.0,0.0,9.999999747378752e-05,0.09999999747378752,360.0,0.0003690036807150831,0.0,0.0,0.0003690036807150831
27/06/2022,Derecha,PF23,,,,,,,,,,
04/07/2022,Derecha,PF23,,,,,,,,,,
11/07/2022,Derecha,PF23,,,,,,,,,,
23/07/2022,Derecha,PF23,9.999999747378752e-05,0.0,0.0,9.999999747378752e-05,0.09999999747378752,360.0,0.000333333324912625,0.0,0.0,0.000333333324912625
01/08/2022,Derecha,PF23,,,,,,,,,,
08/08/2022,Derecha,PF23,,,,,,,,,,
16/08/2022,Derecha,PF23,,,,,,,,,,
30/08/2022,Derecha,PF23,,,,,,,,,,
16/11/2022,Derecha,PF23,9.999999747378752e-05,0.0,0.0,9.999999747378752e-05,0.09999999747378752,360.0,0.00024038460931198922,0.0,0.0,0.00024038460931198922
27/11/2022,Derecha,PF23,9.999999747378752e-05,0.0,0.0,9.999999747378752e-05,0.09999999747378752,360.0,0.0002341920315545375,0.0,0.0,0.0002341920315545375
14/12/2022,Derecha,PF23,0.0034333333314862102,-0.0039999999971769284,-0.023333333333340533,0.0052714113615339895,5.27141136153399,310.6405921604059,0.007732732728572546,-0.009009009002650739,-0.05255255255256877,0.01187254811156304
09/02/2023,Derecha,PF23,9.999999747378752e-05,0.0,0.0,9.999999747378752e-05,0.09999999747378752,360.0,0.00019960079336085333,0.0,0.0,0.00019960079336085333
18/02/2023,Derecha,PF23,9.999999747378752e-05,0.0,0.0,9.999999747378752e-05,0.09999999747378752,360.0,0.00019607842641919122,0.0,0.0,0.00019607842641919122
04/03/2023,Derecha,PF23,9.999999747378752e-05,0.0,0.0,9.999999747378752e-05,0.09999999747378752,360.0,0.00019083968983547238,0.0,0.0,0.00019083968983547238
08/03/2023,Derecha,PF23,0.027433333329099696,3.637978807091713e-12,-0.054333333333318024,0.027433333329099696,27.433333329099696,7.598086207894068e-09,0.05195707069905245,6.8901113770676385e-12,-0.10290404040401141,0.05195707069905245
17/03/2023,Derecha,PF23,0.030433333333348855,-0.001999999996769475,-0.04933333333332257,0.030498979946316247,30.498979946316247,356.24007601959704,0.05667287399133865,-0.0037243947798314245,-0.09186840471754669,0.056795120942860794
29/03/2023,Derecha,PF23,0.02943333332950715,-0.001999999996769475,-0.05133333333333212,0.029501205244412545,29.501205244412546,356.11271752609383,0.05361262901549572,-0.003642987243660246,-0.09350333940497654,0.053736257275796985
04/04/2023,Derecha,PF23,0.03343333333032206,0.0010000000038417056,-0.054333333333318024,0.03344828512172346,33.44828512172346,1.7132214209361394,0.060240240234814516,0.0018018018087237939,-0.09789789789787032,0.060267180399501734
13/04/2023,Derecha,PF23,0.03243333333375631,-0.005999999997584382,-0.0623333333333278,0.0329836491478666,32.9836491478666,349.51906654550857,0.05750591016623459,-0.010638297868057414,-0.11052009456263795,0.05848164742529539
17/04/2023,Derecha,PF23,0.03243333333375631,-0.008999999994557584,-0.054333333333318024,0.03365889349103123,33.65889349103123,344.491075552381,0.05710093896788082,-0.01584507041295349,-0.0956572769952782,0.059258615301111324
25/04/2023,Derecha,PF23,0.027433333329099696,-0.0029999999969732016,-0.04933333333332257,0.02759687985130441,27.59687985130441,353.7591605852619,0.047627314807464745,-0.005208333328078476,-0.08564814814812947,0.04791124974184793
08/05/2023,Derecha,PF23,0.024433333332126494,-0.012999999995372491,-0.03633333333334576,0.0276764841986566,27.6764841986566,331.98434202291094,0.04148273910378013,-0.022071307292652786,-0.06168647425016258,0.04698893751894159
19/05/2023,Derecha,PF23,0.028433333332941402,-0.010999999994965037,-0.0553333333333228,0.030486955313894292,30.486955313894292,338.85004745327154,0.04738888888823567,-0.01833333332494173,-0.09222222222220466,0.05081159218982382
31/05/2023,Derecha,PF23,0.023433333335560746,-0.013999999995576218,-0.07033333333333758,0.027296906621293863,27.296906621293864,329.1442353955696,0.038289760352223444,-0.02287581698623565,-0.1149237472766954,0.04460278859688539
11/06/2023,Derecha,PF23,0.021433333335153293,-0.013999999995576218,-0.07033333333333758,0.025600542528077943,25.60054252807794,326.8479052146491,0.034403424293986025,-0.022471910105258775,-0.11289459604067026,0.04109236360847182
19/06/2023,Derecha,PF23,0.02243333333171904,-0.013999999995576218,-0.06633333333331848,0.02644341967764666,26.44341967764666,328.0328956403853,0.035552033806210845,-0.022187004747347413,-0.10512414157419728,0.04190716272210247
07/07/2023,Derecha,PF23,0.0254333333359682,-0.014999999995779945,-0.05133333333333212,0.02952718145119628,29.52718145119628,329.46886553666207,0.039188495124758395,-0.023112480733096987,-0.07909604519773825,0.045496427505695346
12/07/2023,Derecha,PF23,0.027433333329099696,-0.014999999995779945,-0.06633333333331848,0.03126640013527126,31.266400135271258,331.3310404549199,0.04194699285795061,-0.022935779810061077,-0.10142711518856037,0.04780795127717318
17/07/2023,Derecha,PF23,0.03243333333375631,-0.011999999995168764,-0.048333333333317796,0.03458209234593243,34.58209234593243,339.6960442491504,0.04921598381450123,-0.018209408186902528,-0.07334344967119544,0.052476619644814
28/07/2023,Derecha,PF23,,,,,,,,,,
07/08/2023,Derecha,PF23,0.017433333334338386,-0.011999999995168764,-0.06333333333333258,0.021164146829726074,21.164146829726075,325.4589437334824,0.0256372549034388,-0.017647058816424654,-0.09313725490195968,0.03112374533783246
19/08/2023,Derecha,PF23,0.03443333333416376,-0.007999999994353857,-0.0623333333333278,0.03535045182754098,35.35045182754098,346.9203446643106,0.049759152216999655,-0.01156069363345933,-0.09007707129093613,0.051084467958874245
25/08/2023,Derecha,PF23,0.03443333333416376,-0.011999999995168764,-0.0593333333333419,0.03646442710897408,36.46442710897408,340.78657881455206,0.0493314231148478,-0.017191977070442354,-0.08500477554920043,0.05224129958305742
24/09/2023,Derecha,PF23,0.037433333331136964,-0.006999999997788109,-0.0763333333333378,0.03808220639943336,38.08220639943336,349.40807146999526,0.05141941391639693,-0.009615384612346303,-0.104853479853486,0.052310723076144726
04/10/2023,Derecha,PF23,0.03343333333032206,-0.00999999999476131,-0.07533333333333303,0.03489681615092772,34.89681615092772,343.3479343546301,0.045302619688783276,-0.013550135494256519,-0.10207768744354069,0.047285658741094465
14/10/2023,Derecha,PF23,0.0254333333359682,-0.013999999995576218,-0.0763333333333378,0.029031955574067094,29.031955574067094,331.16903169776555,0.03400178253471684,-0.018716577534192803,-0.10204991087344627,0.0388127748316405
01/11/2023,Derecha,PF23,0.0314333333299146,-0.00999999999476131,-0.0723333333333187,0.03298567028460611,32.98567028460611,342.3523836999006,0.04103568319832193,-0.013054830280367247,-0.09442993907743956,0.04306223274752756
14/09/2024,Derecha,PF23,,,,,,,,,,
21/04/2025,Derecha,PF23,,,,,,,,,,
25/05/2025,Derecha,PF23,,,,,,,,,,
04/10/2021,Derecha,PF24 ,0.001999999993131496,-0.0016666666670062114,0.0016666666666367291,0.0026034165535763916,2.6034165535763916,320.1944288052229,0.249999999141437,-0.20833333337577642,0.20833333332959114,0.32542706919704895
10/10/2021,Derecha,PF24 ,0.0009999999892897904,-0.0016666666670062114,-0.0023333333333539485,0.0019436506263958999,1.9436506263959,300.96375625619595,0.07142857066355646,-0.11904761907187224,-0.16666666666813917,0.13883218759970714
14/10/2021,Derecha,PF24 ,0.004999999990104698,0.0043333333342161495,0.009666666666646506,0.006616477740193481,6.616477740193481,40.91438328192253,0.27777777722803876,0.2407407407897861,0.5370370370359171,0.3675820966774156
18/10/2021,Derecha,PF24 ,0.00399999999353895,0.001333333333604969,0.012666666666632409,0.004216370207514247,4.216370207514247,18.434948854188136,0.1818181815244977,0.06060606061840769,0.5757575757560186,0.1916531912506476
27/10/2021,Derecha,PF24 ,0.004999999990104698,0.0043333333342161495,0.018666666666632636,0.006616477740193481,6.616477740193481,40.91438328192253,0.16129032226144185,0.1397849462650371,0.602150537633311,0.21343476581269294
01/11/2021,Derecha,PF24 ,0.007999999994353857,0.00033333333340124227,-0.0023333333333539485,0.008006941427337788,8.006941427337788,2.3859440325563086,0.22222222206538492,0.009259259261145618,-0.06481481481538746,0.2224150396482719
11/11/2021,Derecha,PF24 ,0.00399999999353895,0.00033333333340124227,-0.007333333333349401,0.004013864853164339,4.013864853164339,4.763641699351316,0.08695652159867283,0.007246376813070485,-0.15942028985542178,0.08725793159052912
16/11/2021,Derecha,PF24 ,0.005999999993946403,0.001333333333604969,0.0056666666666558285,0.006146362965678075,6.146362965678074,12.528807723864979,0.11764705870483144,0.026143790854999394,0.1111111111108986,0.12051692089564853
24/11/2021,Derecha,PF24 ,0.006099999991420191,0.00033333333340124227,0.0076666666666369565,0.0061091006708420435,6.109100670842044,3.127806126312715,0.10338983036305409,0.005649717515275293,0.12994350282435518,0.1035440791668143
01/12/2021,Derecha,PF24 ,9.999999747378752e-05,0.0,0.0,9.999999747378752e-05,0.09999999747378752,360.0,0.0015151514768755685,0.0,0.0,0.0015151514768755685
08/12/2021,Derecha,PF24 ,9.999999747378752e-05,0.0,0.0,9.999999747378752e-05,0.09999999747378752,360.0,0.0013698629790929798,0.0,0.0,0.0013698629790929798
09/01/2022,Derecha,PF24 ,9.999999747378752e-05,0.0,0.0,9.999999747378752e-05,0.09999999747378752,360.0,0.0009523809283217858,0.0,0.0,0.0009523809283217858
12/02/2022,Derecha,PF24 ,9.999999747378752e-05,0.0,0.0,9.999999747378752e-05,0.09999999747378752,360.0,0.0007194244422574641,0.0,0.0,0.0007194244422574641
16/02/2022,Derecha,PF24 ,0.007099999987985939,0.0033333333340124227,0.0056666666666558285,0.00784353943988546,7.843539439885459,25.14928404566158,0.04965034956633524,0.023310023314772187,0.03962703962696384,0.054849926153045174
26/02/2022,Derecha,PF24 ,0.007099999987985939,0.0033333333340124227,0.0056666666666558285,0.00784353943988546,7.843539439885459,25.14928404566158,0.04640522867964666,0.02178649237916616,0.037037037036966196,0.051264963659382094
07/03/2022,Derecha,PF24 ,,,,,,,,,,
11/03/2022,Derecha,PF24 ,9.999999747378752e-05,0.0,0.0,9.999999747378752e-05,0.09999999747378752,360.0,0.0006024096233360693,0.0,0.0,0.0006024096233360693
14/03/2022,Derecha,PF24 ,,,,,,,,,,
21/03/2022,Derecha,PF24 ,,,,,,,,,,
28/03/2022,Derecha,PF24 ,9.999999747378752e-05,0.0,0.0,9.999999747378752e-05,0.09999999747378752,360.0,0.0005464480736272542,0.0,0.0,0.0005464480736272542
06/04/2022,Derecha,PF24 ,,,,,,,,,,
11/04/2022,Derecha,PF24 ,,,,,,,,,,
20/04/2022,Derecha,PF24 ,,,,,,,,,,
01/05/2022,Derecha,PF24 ,9.999999747378752e-05,0.0,0.0,9.999999747378752e-05,0.09999999747378752,360.0,0.0004608294814460254,0.0,0.0,0.0004608294814460254
09/05/2022,Derecha,PF24 ,,,,,,,,,,
16/05/2022,Derecha,PF24 ,,,,,,,,,,
24/05/2022,Derecha,PF24 ,0.005099999987578485,0.0033333333340124227,0.010666666666651281,0.0060927096590055,6.0927096590055,33.16842089051307,0.02124999994824369,0.013888888891718429,0.04444444444438034,0.02538629024585625
30/05/2022,Derecha,PF24 ,,,,,,,,,,
10/06/2022,Derecha,PF24 ,,,,,,,,,,
14/06/2022,Derecha,PF24 ,,,,,,,,,,
24/06/2022,Derecha,PF24 ,0.005099999987578485,0.0033333333340124227,0.015666666666646734,0.0060927096590055,6.0927096590055,33.16842089051307,0.018819188146046068,0.012300123003735878,0.0578105781057075,0.022482323464964947
27/06/2022,Derecha,PF24 ,,,,,,,,,,
04/07/2022,Derecha,PF24 ,,,,,,,,,,
11/07/2022,Derecha,PF24 ,,,,,,,,,,
23/07/2022,Derecha,PF24 ,9.999999747378752e-05,0.0,0.0,9.999999747378752e-05,0.09999999747378752,360.0,0.000333333324912625,0.0,0.0,0.000333333324912625
01/08/2022,Derecha,PF24 ,,,,,,,,,,
08/08/2022,Derecha,PF24 ,,,,,,,,,,
16/08/2022,Derecha,PF24 ,,,,,,,,,,
30/08/2022,Derecha,PF24 ,,,,,,,,,,
16/11/2022,Derecha,PF24 ,9.999999747378752e-05,0.0,0.0,9.999999747378752e-05,0.09999999747378752,360.0,0.00024038460931198922,0.0,0.0,0.00024038460931198922
27/11/2022,Derecha,PF24 ,9.999999747378752e-05,0.0,0.0,9.999999747378752e-05,0.09999999747378752,360.0,0.0002341920315545375,0.0,0.0,0.0002341920315545375
14/12/2022,Derecha,PF24 ,9.999999747378752e-05,0.0,0.0,9.999999747378752e-05,0.09999999747378752,360.0,0.00022522521953555747,0.0,0.0,0.00022522521953555747
09/02/2023,Derecha,PF24 ,,,,,,,,,,
18/02/2023,Derecha,PF24 ,0.011099999988800846,0.0043333333342161495,-0.012333333333344854,0.01191586243361376,11.91586243361376,21.325195815073855,0.021764705860393817,0.008496732027874803,-0.0241830065359703,0.02336443614434071
04/03/2023,Derecha,PF24 ,,,,,,,,,,
08/03/2023,Derecha,PF24 ,,,,,,,,,,
17/03/2023,Derecha,PF24 ,,,,,,,,,,
29/03/2023,Derecha,PF24 ,0.007099999987985939,0.0033333333340124227,0.006666666666632182,0.00784353943988546,7.843539439885459,25.14928404566158,0.012932604713999889,0.006071645417144667,0.012143290831752607,0.014286957085401565
04/04/2023,Derecha,PF24 ,,,,,,,,,,
13/04/2023,Derecha,PF24 ,,,,,,,,,,
17/04/2023,Derecha,PF24 ,,,,,,,,,,
25/04/2023,Derecha,PF24 ,0.007099999987985939,0.005333333334419876,0.004666666666651054,0.008880002493548892,8.880002493548892,36.91291253940922,0.012326388868031142,0.009259259261145618,0.008101851851824745,0.015416670995744607
08/05/2023,Derecha,PF24 ,,,,,,,,,,
19/05/2023,Derecha,PF24 ,,,,,,,,,,
31/05/2023,Derecha,PF24 ,,,,,,,,,,
11/06/2023,Derecha,PF24 ,0.007099999987985939,0.005333333334419876,0.004666666666651054,0.008880002493548892,8.880002493548892,36.91291253940922,0.011396468680555279,0.008560727663595308,0.007490636704094789,0.014253615559468528
19/06/2023,Derecha,PF24 ,0.0020999999906052835,0.016333333333022892,0.015666666666646734,0.016467779987848357,16.467779987848356,82.67359337211258,0.003328050698265109,0.025884838879592538,0.024828314844131116,0.02609790806315112
07/07/2023,Derecha,PF24 ,-0.0029000000067753717,0.011333333332004258,0.017666666666656283,0.01169848043352708,11.69848043352708,104.35301030611335,-0.004468412953428924,0.017462763223427206,0.027221366204401052,0.01802539358016499
12/07/2023,Derecha,PF24 ,,,,,,,,,,
17/07/2023,Derecha,PF24 ,0.0020999999906052835,0.01733333333322662,0.014666666666641959,0.01746008145460058,17.46008145460058,83.09206350305293,0.0031866464197348766,0.026302478502620057,0.022255943348470347,0.026494812525949287
28/07/2023,Derecha,PF24 ,,,,,,,,,,
07/08/2023,Derecha,PF24 ,,,,,,,,,,
19/08/2023,Derecha,PF24 ,-0.0029000000067753717,0.008333333331393078,0.002666666666641504,0.008823516558119218,8.823516558119218,109.1878966503204,-0.004190751454877705,0.012042389207215431,0.0038535645471698033,0.012750746471270545
25/08/2023,Derecha,PF24 ,,,,,,,,,,
24/09/2023,Derecha,PF24 ,-0.0039000000106170774,0.005333333334419876,-0.00033333333334439885,0.006607151015289981,6.607151015289982,126.1761381257165,-0.005357142871726755,0.00732600732749983,-0.00045787545789065774,0.00907575688913459
04/10/2023,Derecha,PF24 ,,,,,,,,,,
14/10/2023,Derecha,PF24 ,,,,,,,,,,
01/11/2023,Derecha,PF24 ,-0.0029000000067753717,0.005333333334419876,-0.0013333333333491737,0.006070786151342459,6.0707861513424595,118.5351366499714,-0.00378590079213495,0.006962576154595139,-0.0017406440383148482,0.00792530829156979
14/09/2024,Derecha,PF24 ,-0.0009000000063679181,0.007333333331189351,0.0076666666666369565,0.007388354198182093,7.388354198182093,96.99676640817432,-0.000830258308457489,0.006765067648698664,0.007072570725679849,0.006815824906072041
21/04/2025,Derecha,PF24 ,-0.005900000011024531,0.009333333331596805,0.0016666666666367291,0.011041789311917946,11.041789311917945,122.29873508903071,-0.004528012287816217,0.007162957276743519,0.0012790995139192087,0.008474128405155754
25/05/2025,Derecha,PF24 ,-0.0019000000102096237,0.014333333332615439,0.017666666666656283,0.014458715173301582,14.458715173301583,97.55099946602579,-0.0014210920046444455,0.01072051857338477,0.013213662428314347,0.010814297063052791
04/10/2021,Derecha,PF29 ,0.0023333333374466747,-0.001333333333604969,0.00033333333331597714,0.0026874192531389993,2.6874192531389993,330.25511874153915,0.29166666718083434,-0.16666666670062114,0.04166666666449714,0.3359274066423749
10/10/2021,Derecha,PF29 ,0.0003333333370392211,0.0006666666668024845,0.00033333333331597714,0.0007453559942787325,0.7453559942787326,63.43494857279301,0.023809524074230076,0.0476190476287489,0.02380952380828408,0.05323971387705232
14/10/2021,Derecha,PF29 ,0.001333333333604969,0.0006666666668024845,0.004333333333306655,0.001490711985303558,1.490711985303558,26.56505117707799,0.07407407408916494,0.03703703704458247,0.24074074073925858,0.08281733251686434
18/10/2021,Derecha,PF29 ,0.0003333333370392211,0.0006666666668024845,-0.0016666666666935726,0.0007453559942787325,0.7453559942787326,63.43494857279301,0.015151515319964596,0.030303030309203845,-0.07575757575879875,0.03387981792176057
27/10/2021,Derecha,PF29 ,0.001333333333604969,-0.00033333333340124227,0.002333333333297105,0.0013743685421525491,1.374368542152549,345.96375653207355,0.04301075269693449,-0.010752688174233622,0.07526881720313242,0.04433446910169513
01/11/2021,Derecha,PF29 ,0.0003333333370392211,0.006666666668024845,-0.0026666666666983474,0.006674994799708476,6.674994799708475,87.1375947427001,0.009259259362200586,0.18518518522291239,-0.07407407407495409,0.18541652221412433
11/11/2021,Derecha,PF29 ,0.0033333333340124227,-0.001333333333604969,-0.004666666666679475,0.0035901098721544044,3.5901098721544042,338.1985905136482,0.07246376813070483,-0.02898550725228194,-0.10144927536259729,0.07804586678596531
16/11/2021,Derecha,PF29 ,0.0033333333340124227,-0.00033333333340124227,-0.0016666666666935726,0.0033499585410561067,3.3499585410561066,354.28940686250036,0.06535947713749848,-0.006535947713749849,-0.03267973856261907,0.06568546158933543
24/11/2021,Derecha,PF29 ,9.999999747378752e-05,0.0,0.0,9.999999747378752e-05,0.09999999747378752,360.0,0.0016949152114201275,0.0,0.0,0.0016949152114201275
01/12/2021,Derecha,PF29 ,9.999999747378752e-05,0.0,0.0,9.999999747378752e-05,0.09999999747378752,360.0,0.0015151514768755685,0.0,0.0,0.0015151514768755685
08/12/2021,Derecha,PF29 ,9.999999747378752e-05,0.0,0.0,9.999999747378752e-05,0.09999999747378752,360.0,0.0013698629790929798,0.0,0.0,0.0013698629790929798
09/01/2022,Derecha,PF29 ,0.0024333333349204622,-0.0053333333307818975,-0.00566666666668425,0.005862214217858664,5.862214217858664,294.52484291045414,0.023174603189718687,-0.050793650769351405,-0.05396825396842143,0.05583061159865395
12/02/2022,Derecha,PF29 ,9.999999747378752e-05,0.0,0.0,9.999999747378752e-05,0.09999999747378752,360.0,0.0007194244422574641,0.0,0.0,0.0007194244422574641
16/02/2022,Derecha,PF29 ,0.0034333333314862102,-0.0053333333307818975,-0.0006666666666887977,0.006342887527169572,6.342887527169572,302.77140926512004,0.024009323996407067,-0.03729603727819509,-0.0046620046621594245,0.04435585683335365
26/02/2022,Derecha,PF29 ,0.0034333333314862102,-0.0053333333307818975,-0.0006666666666887977,0.006342887527169572,6.342887527169572,302.77140926512004,0.0224400871338968,-0.034858387782888224,-0.0043572984750901815,0.04145678122333054
07/03/2022,Derecha,PF29 ,,,,,,,,,,
11/03/2022,Derecha,PF29 ,9.999999747378752e-05,0.0,0.0,9.999999747378752e-05,0.09999999747378752,360.0,0.0006024096233360693,0.0,0.0,0.0006024096233360693
14/03/2022,Derecha,PF29 ,,,,,,,,,,
21/03/2022,Derecha,PF29 ,,,,,,,,,,
28/03/2022,Derecha,PF29 ,9.999999747378752e-05,0.0,0.0,9.999999747378752e-05,0.09999999747378752,360.0,0.0005464480736272542,0.0,0.0,0.0005464480736272542
06/04/2022,Derecha,PF29 ,,,,,,,,,,
11/04/2022,Derecha,PF29 ,,,,,,,,,,
20/04/2022,Derecha,PF29 ,,,,,,,,,,
01/05/2022,Derecha,PF29 ,0.005433333331893664,-0.00033333333340124227,-0.00566666666668425,0.005443548677712278,5.443548677712278,356.4893215680914,0.025038402451122876,-0.0015360983106048032,-0.02611367127504263,0.025085477777475936
09/05/2022,Derecha,PF29 ,,,,,,,,,,
16/05/2022,Derecha,PF29 ,,,,,,,,,,
24/05/2022,Derecha,PF29 ,0.0024333333349204622,-0.00033333333340124227,-0.004666666666679475,0.002456058270886813,2.456058270886813,352.19981211927376,0.010138888895501925,-0.001388888889171843,-0.019444444444497815,0.010233576128695054
30/05/2022,Derecha,PF29 ,,,,,,,,,,
10/06/2022,Derecha,PF29 ,,,,,,,,,,
14/06/2022,Derecha,PF29 ,,,,,,,,,,
24/06/2022,Derecha,PF29 ,0.0074333333323011175,-0.00033333333340124227,0.002333333333297105,0.007440803420347511,7.440803420347511,357.43240266993377,0.027429274288934012,-0.0012300123003735877,0.008610086100727325,0.02745683918947421
27/06/2022,Derecha,PF29 ,,,,,,,,,,
04/07/2022,Derecha,PF29 ,,,,,,,,,,
11/07/2022,Derecha,PF29 ,,,,,,,,,,
23/07/2022,Derecha,PF29 ,0.005433333331893664,-0.00033333333340124227,-0.0016666666666935726,0.005443548677712278,5.443548677712278,356.4893215680914,0.01811111110631221,-0.0011111111113374743,-0.005555555555645242,0.018145162259040927
01/08/2022,Derecha,PF29 ,,,,,,,,,,
08/08/2022,Derecha,PF29 ,,,,,,,,,,
16/08/2022,Derecha,PF29 ,,,,,,,,,,
30/08/2022,Derecha,PF29 ,,,,,,,,,,
16/11/2022,Derecha,PF29 ,0.005433333331893664,-0.00033333333340124227,-0.004666666666679475,0.005443548677712278,5.443548677712278,356.4893215680914,0.013060897432436692,-0.0008012820514452939,-0.011217948717979508,0.013085453552192976
27/11/2022,Derecha,PF29 ,0.006433333328459412,-0.00033333333340124227,-0.00966666666670335,0.00644196311897414,6.44196311897414,357.03395910716665,0.01506635439920237,-0.0007806401250614573,-0.022638563622256087,0.015086564681438265
14/12/2022,Derecha,PF29 ,9.999999747378752e-05,0.0,0.0,9.999999747378752e-05,0.09999999747378752,360.0,0.00022522521953555747,0.0,0.0,0.00022522521953555747
09/02/2023,Derecha,PF29 ,,,,,,,,,,
18/02/2023,Derecha,PF29 ,0.008433333328866865,-0.001333333333604969,-0.011666666666684478,0.008538084610395872,8.538084610395872,351.01574444037885,0.016535947703660517,-0.002614379085499939,-0.022875816993498978,0.016741342373325238
04/03/2023,Derecha,PF29 ,,,,,,,,,,
08/03/2023,Derecha,PF29 ,,,,,,,,,,
17/03/2023,Derecha,PF29 ,,,,,,,,,,
29/03/2023,Derecha,PF29 ,0.006433333328459412,-0.001333333333604969,-0.00966666666670335,0.0065700498851659255,6.5700498851659255,348.29099888719054,0.011718275643824065,-0.002428658166857867,-0.01760777170619918,0.011967303980265801
04/04/2023,Derecha,PF29 ,,,,,,,,,,
13/04/2023,Derecha,PF29 ,,,,,,,,,,
17/04/2023,Derecha,PF29 ,,,,,,,,,,
25/04/2023,Derecha,PF29 ,0.009433333332708571,-0.0053333333307818975,-0.008666666666698575,0.01083661488580358,10.836614885803579,330.5174401744984,0.016377314813730157,-0.009259259254829684,-0.015046296296351692,0.01881356751007566
08/05/2023,Derecha,PF29 ,,,,,,,,,,
19/05/2023,Derecha,PF29 ,,,,,,,,,,
31/05/2023,Derecha,PF29 ,,,,,,,,,,
11/06/2023,Derecha,PF29 ,0.009433333332708571,-0.0053333333307818975,-0.008666666666698575,0.01083661488580358,10.836614885803579,330.5174401744984,0.015141787050896582,-0.008560727657755854,-0.013911182450559511,0.017394245402573963
19/06/2023,Derecha,PF29 ,0.014433333330089226,-0.002333333333808696,0.00333333333330188,0.01462072349318348,14.62072349318348,350.816852915198,0.022873745372566128,-0.0036978341264797083,0.00528262017955924,0.02317071868967271
07/07/2023,Derecha,PF29 ,0.014433333330089226,-0.0033333333340124227,-0.00966666666670335,0.014813244821209935,14.813244821209935,346.9957195530178,0.022239342573327003,-0.005136106832068448,-0.01489470981002057,0.022824722374745664
12/07/2023,Derecha,PF29 ,,,,,,,,,,
17/07/2023,Derecha,PF29 ,0.017433333334338386,-0.00033333333340124227,-0.0076666666666938,0.017436519786279324,17.436519786279323,358.9046118783792,0.02645422357259239,-0.0005058168943873175,-0.011633788568579363,0.026459058856266045
28/07/2023,Derecha,PF29 ,,,,,,,,,,
07/08/2023,Derecha,PF29 ,,,,,,,,,,
19/08/2023,Derecha,PF29 ,0.010433333329274319,0.0016666666670062114,-0.004666666666679475,0.010565615085675606,10.565615085675606,9.075997604411356,0.015077071285078495,0.002408477842494525,-0.006743737957629299,0.015268229892594805
25/08/2023,Derecha,PF29 ,,,,,,,,,,
24/09/2023,Derecha,PF29 ,0.010433333329274319,0.0006666666668024845,-0.0076666666666938,0.010454610887277052,10.454610887277052,3.6561017195352856,0.014331501825926263,0.0009157509159374788,-0.010531135531172802,0.014360729240765181
04/10/2023,Derecha,PF29 ,,,,,,,,,,
14/10/2023,Derecha,PF29 ,,,,,,,,,,
01/11/2023,Derecha,PF29 ,0.010433333329274319,-0.00033333333340124227,-0.0076666666666938,0.010438656784802474,10.438656784802474,358.17008635940897,0.013620539594352896,-0.00043516100966219616,-0.010008703220226893,0.013627489275199052
14/09/2024,Derecha,PF29 ,0.011433333333116025,-0.002333333333808696,-0.0016666666666935726,0.011668999766595455,11.668999766595455,348.465379343855,0.010547355473354267,-0.0021525215256537784,-0.0015375153751785724,0.010764759932283631
21/04/2025,Derecha,PF29 ,0.018433333330904134,-0.002333333333808696,-0.0076666666666938,0.018580425779160286,18.580425779160286,352.7857379583983,0.01414684062233625,-0.0017907393198838802,-0.005883857764154873,0.014259728149777657
25/05/2025,Derecha,PF29 ,0.01643333333049668,-0.001333333333604969,-0.0026666666666983474,0.01648733520401994,16.48733520401994,355.3614160561664,0.012291199200072312,-0.0009972575419633276,-0.0019945150835440142,0.012331589531802498
04/10/2021,Derecha,PF30 ,-0.000999999996565748,0.0,0.0033333333333303017,0.000999999996565748,0.999999996565748,180.0,-0.1249999995707185,0.0,0.4166666666662877,0.1249999995707185
10/10/2021,Derecha,PF30 ,0.00010000000474974513,0.0,0.001333333333320752,0.00010000000474974513,0.10000000474974513,360.0,0.0071428574821246526,0.0,0.09523809523719658,0.0071428574821246526
14/10/2021,Derecha,PF30 ,0.0010000000038417056,0.0,0.001333333333320752,0.0010000000038417056,1.0000000038417056,360.0,0.05555555576898364,0.0,0.07407407407337512,0.05555555576898364
18/10/2021,Derecha,PF30 ,0.0010000000038417056,0.0010000000002037268,0.0063333333333162045,0.0014142135652336477,1.4142135652336478,44.99999989577959,0.04545454562916844,0.045454545463805764,0.2878787878780093,0.06428243478334762
27/10/2021,Derecha,PF30 ,0.00010000000474974513,0.0010000000002037268,0.012333333333316432,0.001004987562787422,1.004987562787422,84.28940659421018,0.003225806604830488,0.032258064522700865,0.3978494623650462,0.03241895363830394
01/11/2021,Derecha,PF30 ,0.00010000000474974513,0.0,-0.0026666666666699257,0.00010000000474974513,0.10000000474974513,360.0,0.0027777779097151426,0.0,-0.07407407407416461,0.0027777779097151426
11/11/2021,Derecha,PF30 ,0.0030000000042491592,0.0010000000002037268,0.00033333333331597714,0.0031622776642639097,3.1622776642639097,18.43494880207793,0.06521739139672085,0.021739130439211454,0.0072463768112168946,0.06874516661443282
16/11/2021,Derecha,PF30 ,0.0010000000038417056,0.0020000000004074536,0.001333333333320752,0.0022360679795822903,2.23606797958229,63.43494873954568,0.019607843212582465,0.039215686282499086,0.026143790849426512,0.04384447018788804
24/11/2021,Derecha,PF30 ,9.999999747378752e-05,0.0,0.0,9.999999747378752e-05,0.09999999747378752,360.0,0.0016949152114201275,0.0,0.0,0.0016949152114201275
01/12/2021,Derecha,PF30 ,9.999999747378752e-05,0.0,0.0,9.999999747378752e-05,0.09999999747378752,360.0,0.0015151514768755685,0.0,0.0,0.0015151514768755685
08/12/2021,Derecha,PF30 ,9.999999747378752e-05,0.0,0.0,9.999999747378752e-05,0.09999999747378752,360.0,0.0013698629790929798,0.0,0.0,0.0013698629790929798
09/01/2022,Derecha,PF30 ,9.999999747378752e-05,0.0,0.0,9.999999747378752e-05,0.09999999747378752,360.0,0.0009523809283217858,0.0,0.0,0.0009523809283217858
12/02/2022,Derecha,PF30 ,9.999999747378752e-05,0.0,0.0,9.999999747378752e-05,0.09999999747378752,360.0,0.0007194244422574641,0.0,0.0,0.0007194244422574641
16/02/2022,Derecha,PF30 ,0.006099999998696148,-0.0010000000002037268,0.007333333333320979,0.0061814237829565175,6.181423782956517,350.69005982119535,0.04265734264822481,-0.006993006994431656,0.05128205128196489,0.043226739740954666
26/02/2022,Derecha,PF30 ,0.006099999998696148,-0.0010000000002037268,0.007333333333320979,0.0061814237829565175,6.181423782956517,350.69005982119535,0.03986928103722973,-0.006535947713749849,0.04793028322432013,0.04040146263370273
07/03/2022,Derecha,PF30 ,,,,,,,,,,
11/03/2022,Derecha,PF30 ,9.999999747378752e-05,0.0,0.0,9.999999747378752e-05,0.09999999747378752,360.0,0.0006024096233360693,0.0,0.0,0.0006024096233360693
14/03/2022,Derecha,PF30 ,,,,,,,,,,
21/03/2022,Derecha,PF30 ,,,,,,,,,,
28/03/2022,Derecha,PF30 ,9.999999747378752e-05,0.0,0.0,9.999999747378752e-05,0.09999999747378752,360.0,0.0005464480736272542,0.0,0.0,0.0005464480736272542
06/04/2022,Derecha,PF30 ,,,,,,,,,,
11/04/2022,Derecha,PF30 ,,,,,,,,,,
20/04/2022,Derecha,PF30 ,,,,,,,,,,
01/05/2022,Derecha,PF30 ,9.999999747378752e-05,0.0,0.0,9.999999747378752e-05,0.09999999747378752,360.0,0.0004608294814460254,0.0,0.0,0.0004608294814460254
09/05/2022,Derecha,PF30 ,,,,,,,,,,
16/05/2022,Derecha,PF30 ,,,,,,,,,,
24/05/2022,Derecha,PF30 ,0.0031000000017229468,0.0010000000002037268,0.002333333333325527,0.003257299496682754,3.2572994966827538,17.87869658994763,0.012916666673845612,0.004166666667515528,0.009722222222189695,0.013572081236178141
30/05/2022,Derecha,PF30 ,,,,,,,,,,
10/06/2022,Derecha,PF30 ,,,,,,,,,,
14/06/2022,Derecha,PF30 ,,,,,,,,,,
24/06/2022,Derecha,PF30 ,9.999999747378752e-05,0.0,0.0,9.999999747378752e-05,0.09999999747378752,360.0,0.0003690036807150831,0.0,0.0,0.0003690036807150831
27/06/2022,Derecha,PF30 ,,,,,,,,,,
04/07/2022,Derecha,PF30 ,,,,,,,,,,
11/07/2022,Derecha,PF30 ,,,,,,,,,,
23/07/2022,Derecha,PF30 ,9.999999747378752e-05,0.0,0.0,9.999999747378752e-05,0.09999999747378752,360.0,0.000333333324912625,0.0,0.0,0.000333333324912625
01/08/2022,Derecha,PF30 ,,,,,,,,,,
08/08/2022,Derecha,PF30 ,,,,,,,,,,
16/08/2022,Derecha,PF30 ,,,,,,,,,,
30/08/2022,Derecha,PF30 ,,,,,,,,,,
16/11/2022,Derecha,PF30 ,9.999999747378752e-05,0.0,0.0,9.999999747378752e-05,0.09999999747378752,360.0,0.00024038460931198922,0.0,0.0,0.00024038460931198922
27/11/2022,Derecha,PF30 ,9.999999747378752e-05,0.0,0.0,9.999999747378752e-05,0.09999999747378752,360.0,0.0002341920315545375,0.0,0.0,0.0002341920315545375
14/12/2022,Derecha,PF30 ,9.999999747378752e-05,0.0,0.0,9.999999747378752e-05,0.09999999747378752,360.0,0.00022522521953555747,0.0,0.0,0.00022522521953555747
09/02/2023,Derecha,PF30 ,,,,,,,,,,
18/02/2023,Derecha,PF30 ,0.0051000000021304,0.0,-0.004666666666679475,0.0051000000021304,5.1000000021304,360.0,0.010000000004177256,0.0,-0.009150326797410735,0.010000000004177256
04/03/2023,Derecha,PF30 ,,,,,,,,,,
08/03/2023,Derecha,PF30 ,,,,,,,,,,
17/03/2023,Derecha,PF30 ,,,,,,,,,,
29/03/2023,Derecha,PF30 ,9.999999747378752e-05,0.0,0.0,9.999999747378752e-05,0.09999999747378752,360.0,0.00018214935787575138,0.0,0.0,0.00018214935787575138
04/04/2023,Derecha,PF30 ,,,,,,,,,,
13/04/2023,Derecha,PF30 ,,,,,,,,,,
17/04/2023,Derecha,PF30 ,,,,,,,,,,
25/04/2023,Derecha,PF30 ,9.999999747378752e-05,0.0,0.0,9.999999747378752e-05,0.09999999747378752,360.0,0.00017361110672532555,0.0,0.0,0.00017361110672532555
08/05/2023,Derecha,PF30 ,,,,,,,,,,
19/05/2023,Derecha,PF30 ,,,,,,,,,,
31/05/2023,Derecha,PF30 ,,,,,,,,,,
11/06/2023,Derecha,PF30 ,9.999999747378752e-05,0.0,0.0,9.999999747378752e-05,0.09999999747378752,360.0,0.00016051363960479536,0.0,0.0,0.00016051363960479536
19/06/2023,Derecha,PF30 ,0.0051000000021304,0.00999999999839929,0.011333333333340079,0.011225417586429285,11.225417586429286,62.97841839542426,0.008082408878178132,0.015847860536290476,0.017960908610681583,0.01778988523998302
07/07/2023,Derecha,PF30 ,0.007100000002537854,0.007999999997991836,0.007333333333320979,0.010696261029159063,10.696261029159063,48.4109449380479,0.010939907553987448,0.012326656391358761,0.011299435028229552,0.016481141801477753
12/07/2023,Derecha,PF30 ,,,,,,,,,,
17/07/2023,Derecha,PF30 ,0.010099999999511056,0.00999999999839929,0.001333333333320752,0.014213022196496743,14.213022196496743,44.714948719217496,0.015326251896071404,0.015174506826099074,0.0020232675771179845,0.02156756023747609
28/07/2023,Derecha,PF30 ,,,,,,,,,,
07/08/2023,Derecha,PF30 ,,,,,,,,,,
19/08/2023,Derecha,PF30 ,0.0051000000021304,0.006999999997788109,0.00033333333331597714,0.008660831368336622,8.660831368336622,53.92398842362375,0.007369942199610405,0.01011560693321981,0.0004816955683756895,0.012515652266382403
25/08/2023,Derecha,PF30 ,,,,,,,,,,
24/09/2023,Derecha,PF30 ,0.0011000000013154931,0.006000000001222361,-0.009666666666674928,0.0061000000014395424,6.100000001439542,79.61114217444725,0.001510989012796007,0.008241758243437309,-0.013278388278399627,0.008379120881098273
04/10/2023,Derecha,PF30 ,,,,,,,,,,
14/10/2023,Derecha,PF30 ,,,,,,,,,,
01/11/2023,Derecha,PF30 ,0.0011000000013154931,0.005000000001018634,-0.004666666666679475,0.005119570295745574,5.119570295745574,77.59258146067017,0.0014360313333100431,0.006527415144932942,-0.006092254134046312,0.006683512135438086
14/09/2024,Derecha,PF30 ,0.004099999998288695,0.007999999997991836,0.00033333333331597714,0.008989438244619997,8.989438244619997,62.86486038179222,0.003782287821299534,0.007380073798885458,0.0003075030750147391,0.008292839709059037
21/04/2025,Derecha,PF30 ,0.008099999999103602,0.011999999998806743,-0.000666666666660376,0.014477914212925845,14.477914212925844,55.98065001047187,0.006216423637071068,0.009209516499467954,-0.000511639805572046,0.011111215819590058
25/05/2025,Derecha,PF30 ,0.004099999998288695,0.014999999999417923,0.0063333333333162045,0.015550241154673615,15.550241154673616,74.71256558140007,0.0030665669396325317,0.011219147344366435,0.004736973323347947,0.011630696450765607
04/10/2021,Derecha,PF31 ,0.0016666666633682325,0.00033333333340124227,0.0043333333333350765,0.001699673167976532,1.699673167976532,11.309932498071078,0.20833333292102907,0.041666666675155284,0.5416666666668846,0.2124591459970665
10/10/2021,Derecha,PF31 ,0.0006666666595265269,0.001333333333604969,0.002333333333325527,0.0014907119820496506,1.4907119820496506,63.434949073051015,0.04761904710903764,0.0952380952574978,0.16666666666610905,0.10647942728926076
14/10/2021,Derecha,PF31 ,0.006666666660748888,0.0043333333342161495,0.014333333333325982,0.007951240290103776,7.951240290103776,33.02386758437026,0.37037037004160483,0.2407407407897861,0.7962962962958878,0.441735571672432
18/10/2021,Derecha,PF31 ,0.007666666657314636,0.001333333333604969,0.007333333333349401,0.007781745010785313,7.781745010785313,9.865806956852937,0.3484848480597562,0.06060606061840769,0.3333333333340637,0.3537156823084234
27/10/2021,Derecha,PF31 ,0.0006666666595265269,0.002333333333808696,0.019333333333349856,0.002426703294922365,2.426703294922365,74.05460426425668,0.021505376113758932,0.07526881721963534,0.6236559139790276,0.07828075144910855
01/11/2021,Derecha,PF31 ,0.0006666666595265269,0.0043333333342161495,-0.000666666666660376,0.00438431547910881,4.3843154791088095,81.2538378314239,0.018518518320181306,0.12037037039489305,-0.01851851851834378,0.12178654108635582
11/11/2021,Derecha,PF31 ,0.005666666656907182,-0.0006666666668024845,-0.0016666666666651508,0.005705747579864461,5.705747579864461,353.29016317943785,0.12318840558493875,-0.01449275362614097,-0.03623188405793806,0.12403799086661872
16/11/2021,Derecha,PF31 ,0.006666666660748888,0.001333333333604969,0.006333333333344626,0.006798692679040793,6.798692679040792,11.309932486045646,0.13071895413233114,0.026143790854999394,0.12418300653616914,0.13330769958903516
24/11/2021,Derecha,PF31 ,9.999999747378752e-05,0.0,0.0,9.999999747378752e-05,0.09999999747378752,360.0,0.0016949152114201275,0.0,0.0,0.0016949152114201275
01/12/2021,Derecha,PF31 ,9.999999747378752e-05,0.0,0.0,9.999999747378752e-05,0.09999999747378752,360.0,0.0015151514768755685,0.0,0.0,0.0015151514768755685
08/12/2021,Derecha,PF31 ,9.999999747378752e-05,0.0,0.0,9.999999747378752e-05,0.09999999747378752,360.0,0.0013698629790929798,0.0,0.0,0.0013698629790929798
09/01/2022,Derecha,PF31 ,9.999999747378752e-05,0.0,0.0,9.999999747378752e-05,0.09999999747378752,360.0,0.0009523809283217858,0.0,0.0,0.0009523809283217858
12/02/2022,Derecha,PF31 ,9.999999747378752e-05,0.0,0.0,9.999999747378752e-05,0.09999999747378752,360.0,0.0007194244422574641,0.0,0.0,0.0007194244422574641
16/02/2022,Derecha,PF31 ,0.012766666659445036,0.00033333333340124227,0.005333333333339851,0.012771017528158901,12.7710175281589,1.4956335533810792,0.08927738922688837,0.0023310023314772185,0.03729603729608288,0.08930781488223008
26/02/2022,Derecha,PF31 ,0.012766666659445036,0.00033333333340124227,0.005333333333339851,0.012771017528158901,12.7710175281589,1.4956335533810792,0.08344226574800677,0.002178649237916616,0.03485838779960687,0.0834707027984242
07/03/2022,Derecha,PF31 ,,,,,,,,,,
11/03/2022,Derecha,PF31 ,0.008766666658630129,0.00033333333340124227,0.007333333333349401,0.008773001505453737,8.773001505453736,2.177497795111048,0.052811244931506796,0.0020080321289231463,0.04417670682740603,0.05284940665935986
14/03/2022,Derecha,PF31 ,,,,,,,,,,
21/03/2022,Derecha,PF31 ,,,,,,,,,,
28/03/2022,Derecha,PF31 ,9.999999747378752e-05,0.0,0.0,9.999999747378752e-05,0.09999999747378752,360.0,0.0005464480736272542,0.0,0.0,0.0005464480736272542
06/04/2022,Derecha,PF31 ,,,,,,,,,,
11/04/2022,Derecha,PF31 ,,,,,,,,,,
20/04/2022,Derecha,PF31 ,,,,,,,,,,
01/05/2022,Derecha,PF31 ,0.0007666666570003144,0.008333333331393078,0.007333333333349401,0.008368525687064771,8.368525687064771,84.7435851232409,0.003533026069125873,0.0384024577483552,0.03379416282649494,0.038564634502602634
09/05/2022,Derecha,PF31 ,,,,,,,,,,
16/05/2022,Derecha,PF31 ,,,,,,,,,,
24/05/2022,Derecha,PF31 ,0.00576666665438097,0.002333333333808696,0.006333333333344626,0.006220843089920547,6.220843089920547,22.029451232241826,0.024027777726587374,0.009722222224202898,0.02638888888893594,0.02592017954133561
30/05/2022,Derecha,PF31 ,,,,,,,,,,
10/06/2022,Derecha,PF31 ,,,,,,,,,,
14/06/2022,Derecha,PF31 ,,,,,,,,,,
24/06/2022,Derecha,PF31 ,9.999999747378752e-05,0.0,0.0,9.999999747378752e-05,0.09999999747378752,360.0,0.0003690036807150831,0.0,0.0,0.0003690036807150831
27/06/2022,Derecha,PF31 ,,,,,,,,,,
04/07/2022,Derecha,PF31 ,,,,,,,,,,
11/07/2022,Derecha,PF31 ,,,,,,,,,,
23/07/2022,Derecha,PF31 ,9.999999747378752e-05,0.0,0.0,9.999999747378752e-05,0.09999999747378752,360.0,0.000333333324912625,0.0,0.0,0.000333333324912625
01/08/2022,Derecha,PF31 ,,,,,,,,,,
08/08/2022,Derecha,PF31 ,,,,,,,,,,
16/08/2022,Derecha,PF31 ,,,,,,,,,,
30/08/2022,Derecha,PF31 ,,,,,,,,,,
16/11/2022,Derecha,PF31 ,9.999999747378752e-05,0.0,0.0,9.999999747378752e-05,0.09999999747378752,360.0,0.00024038460931198922,0.0,0.0,0.00024038460931198922
27/11/2022,Derecha,PF31 ,9.999999747378752e-05,0.0,0.0,9.999999747378752e-05,0.09999999747378752,360.0,0.0002341920315545375,0.0,0.0,0.0002341920315545375
14/12/2022,Derecha,PF31 ,9.999999747378752e-05,0.0,0.0,9.999999747378752e-05,0.09999999747378752,360.0,0.00022522521953555747,0.0,0.0,0.00022522521953555747
09/02/2023,Derecha,PF31 ,,,,,,,,,,
18/02/2023,Derecha,PF31 ,0.010766666659037583,0.0053333333307818975,-0.009666666666674928,0.012015221819178397,12.015221819178397,26.35179244190812,0.021111111096152123,0.010457516334866466,-0.01895424836602927,0.02355925846897725
04/03/2023,Derecha,PF31 ,,,,,,,,,,
08/03/2023,Derecha,PF31 ,,,,,,,,,,
17/03/2023,Derecha,PF31 ,,,,,,,,,,
29/03/2023,Derecha,PF31 ,0.007766666654788423,0.007333333331189351,0.002333333333325527,0.01068170813460727,10.68170813460727,43.35620144357288,0.014146933797428823,0.013357619911091714,0.004250151791121178,0.0194566632688657
04/04/2023,Derecha,PF31 ,,,,,,,,,,
13/04/2023,Derecha,PF31 ,,,,,,,,,,
17/04/2023,Derecha,PF31 ,,,,,,,,,,
25/04/2023,Derecha,PF31 ,0.007766666654788423,0.008333333331393078,0.0043333333333350765,0.011391468533016683,11.391468533016683,47.015789559772124,0.013483796275674345,0.014467592589224094,0.007523148148151175,0.019776855092042852
08/05/2023,Derecha,PF31 ,,,,,,,,,,
19/05/2023,Derecha,PF31 ,,,,,,,,,,
31/05/2023,Derecha,PF31 ,,,,,,,,,,
11/06/2023,Derecha,PF31 ,0.007766666654788423,0.008333333331393078,0.0043333333333350765,0.011391468533016683,11.391468533016683,47.015789559772124,0.012466559638504692,0.013376136968528215,0.006955591225256945,0.018284861208694513
19/06/2023,Derecha,PF31 ,0.01476666665985249,0.014333333332615439,0.015333333333330756,0.020579088625764356,20.579088625764356,44.14686131165308,0.02340200738486924,0.02271526677118136,0.024300052826197713,0.03261345265572798
07/07/2023,Derecha,PF31 ,0.01476666665985249,0.013333333332411712,0.0033333333333303017,0.01989553271456686,19.895532714566862,42.07997022591966,0.022752953250928337,0.020544427322668278,0.005136106831017414,0.030655674444633067
12/07/2023,Derecha,PF31 ,,,,,,,,,,
17/07/2023,Derecha,PF31 ,0.01176666665560333,0.016333333333022892,0.014333333333325982,0.02013038057145776,20.13038057145776,54.23071399126544,0.01785533635144663,0.024785027819458107,0.021750126454212412,0.030546859744245463
28/07/2023,Derecha,PF31 ,,,,,,,,,,
07/08/2023,Derecha,PF31 ,,,,,,,,,,
19/08/2023,Derecha,PF31 ,0.003766666653973516,0.011333333332004258,0.0043333333333350765,0.011942873276413628,11.942873276413629,71.6156211928147,0.005443159904586006,0.016377649323705574,0.006262042389212538,0.01725848739366131
25/08/2023,Derecha,PF31 ,,,,,,,,,,
24/09/2023,Derecha,PF31 ,0.003766666653973516,0.0053333333307818975,-0.007666666666665378,0.006529335502130762,6.529335502130762,54.76835024570116,0.005173992656557028,0.007326007322502606,-0.010531135531133762,0.008968867447981815
04/10/2023,Derecha,PF31 ,,,,,,,,,,
14/10/2023,Derecha,PF31 ,,,,,,,,,,
01/11/2023,Derecha,PF31 ,0.00176666666084202,0.009333333331596805,-0.009666666666674928,0.009499064278613268,9.499064278613268,79.28153773298006,0.0023063533431357964,0.012184508265792173,-0.012619669277643509,0.012400867204455962
14/09/2024,Derecha,PF31 ,0.006766666658222675,0.011333333332004258,0.008333333333325754,0.013199705378447701,13.199705378447701,59.16031385147945,0.006242312415334571,0.010455104549819428,0.007687576875761766,0.012176849980117806
21/04/2025,Derecha,PF31 ,0.012766666659445036,0.018333333333430346,0.005333333333339851,0.02234052122731369,22.34052122731369,55.14804989469633,0.009797902271254825,0.014070094653438484,0.004093118444619993,0.017145449905843203
25/05/2025,Derecha,PF31 ,0.010766666659037583,0.01733333333322662,0.013333333333349628,0.020405037500273716,20.405037500273714,58.15335795741902,0.008052854644007167,0.012964348042802259,0.009972575417613785,0.015261808152785128
04/10/2021,Derecha,PF35 ,-0.000999999996565748,-0.0010000000002037268,0.0,0.0014142135600887689,1.4142135600887689,225.00000010422042,-0.1249999995707185,-0.12500000002546585,0.0,0.1767766950110961
10/10/2021,Derecha,PF35 ,0.00010000000474974513,0.0010000000002037268,0.002999999999985903,0.001004987562787422,1.004987562787422,84.28940659421018,0.0071428574821246526,0.07142857144312334,0.21428571428470736,0.07178482591338728
14/10/2021,Derecha,PF35 ,0.00010000000474974513,0.0,-0.0049999999999954525,0.00010000000474974513,0.10000000474974513,360.0,0.005555555819430285,0.0,-0.27777777777752516,0.005555555819430285
18/10/2021,Derecha,PF35 ,-0.0029999999969732016,0.0,-0.007000000000005002,0.0029999999969732016,2.9999999969732016,180.0,-0.1363636362260546,0.0,-0.31818181818204555,0.1363636362260546
27/10/2021,Derecha,PF35 ,0.00010000000474974513,-0.0010000000002037268,0.0020000000000095497,0.001004987562787422,1.004987562787422,275.71059340578984,0.003225806604830488,-0.032258064522700865,0.06451612903256612,0.03241895363830394
01/11/2021,Derecha,PF35 ,-0.0020000000004074536,0.0010000000002037268,-0.008000000000009777,0.002236067977955337,2.236067977955337,153.43494882292202,-0.055555555566873714,0.027777777783436857,-0.2222222222224938,0.06211299938764824
11/11/2021,Derecha,PF35 ,-0.006000000001222361,-0.0030000000006111804,-0.018000000000000682,0.00670820393386601,6.7082039338660095,206.56505117707798,-0.1304347826352687,-0.06521739131763435,-0.3913043478261018,0.145830520301435
16/11/2021,Derecha,PF35 ,0.0010000000038417056,0.0,-0.016999999999995907,0.0010000000038417056,1.0000000038417056,360.0,0.019607843212582465,0.0,-0.3333333333332531,0.019607843212582465
24/11/2021,Derecha,PF35 ,9.999999747378752e-05,0.0,0.0,9.999999747378752e-05,0.09999999747378752,360.0,0.0016949152114201275,0.0,0.0,0.0016949152114201275
01/12/2021,Derecha,PF35 ,0.0051000000021304,0.0010000000002037268,-0.027000000000015234,0.005197114586204305,5.197114586204305,11.093723009242694,0.07727272730500608,0.015151515154601922,-0.40909090909113993,0.07874416039703491
08/12/2021,Derecha,PF35 ,0.006099999998696148,0.0010000000002037268,-0.01099999999999568,0.0061814237829565175,6.181423782956517,9.309940178804634,0.08356164381775547,0.013698630139777079,-0.15068493150679013,0.08467703812269202
09/01/2022,Derecha,PF35 ,9.999999747378752e-05,0.0,0.0,9.999999747378752e-05,0.09999999747378752,360.0,0.0009523809283217858,0.0,0.0,0.0009523809283217858
12/02/2022,Derecha,PF35 ,9.999999747378752e-05,0.0,0.0,9.999999747378752e-05,0.09999999747378752,360.0,0.0007194244422574641,0.0,0.0,0.0007194244422574641
16/02/2022,Derecha,PF35 ,0.0051000000021304,0.0010000000002037268,-0.0010000000000047748,0.005197114586204305,5.197114586204305,11.093723009242694,0.03566433567923357,0.006993006994431656,-0.006993006993040383,0.036343458644785345
26/02/2022,Derecha,PF35 ,0.0051000000021304,0.0010000000002037268,-0.0010000000000047748,0.005197114586204305,5.197114586204305,11.093723009242694,0.03333333334725752,0.006535947713749849,-0.006535947712449509,0.03396806919087781
07/03/2022,Derecha,PF35 ,,,,,,,,,,
11/03/2022,Derecha,PF35 ,9.999999747378752e-05,0.0,0.0,9.999999747378752e-05,0.09999999747378752,360.0,0.0006024096233360693,0.0,0.0,0.0006024096233360693
14/03/2022,Derecha,PF35 ,,,,,,,,,,
21/03/2022,Derecha,PF35 ,,,,,,,,,,
28/03/2022,Derecha,PF35 ,9.999999747378752e-05,0.0,0.0,9.999999747378752e-05,0.09999999747378752,360.0,0.0005464480736272542,0.0,0.0,0.0005464480736272542
06/04/2022,Derecha,PF35 ,,,,,,,,,,
11/04/2022,Derecha,PF35 ,,,,,,,,,,
20/04/2022,Derecha,PF35 ,,,,,,,,,,
01/05/2022,Derecha,PF35 ,9.999999747378752e-05,0.0,0.0,9.999999747378752e-05,0.09999999747378752,360.0,0.0004608294814460254,0.0,0.0,0.0004608294814460254
09/05/2022,Derecha,PF35 ,,,,,,,,,,
16/05/2022,Derecha,PF35 ,,,,,,,,,,
24/05/2022,Derecha,PF35 ,-0.0008999999990919605,0.0,-0.003999999999990678,0.0008999999990919605,0.8999999990919605,180.0,-0.003749999996216502,0.0,-0.016666666666627823,0.003749999996216502
30/05/2022,Derecha,PF35 ,,,,,,,,,,
10/06/2022,Derecha,PF35 ,,,,,,,,,,
14/06/2022,Derecha,PF35 ,,,,,,,,,,
24/06/2022,Derecha,PF35 ,9.999999747378752e-05,0.0,0.0,9.999999747378752e-05,0.09999999747378752,360.0,0.0003690036807150831,0.0,0.0,0.0003690036807150831
27/06/2022,Derecha,PF35 ,,,,,,,,,,
04/07/2022,Derecha,PF35 ,,,,,,,,,,
11/07/2022,Derecha,PF35 ,,,,,,,,,,
23/07/2022,Derecha,PF35 ,9.999999747378752e-05,0.0,0.0,9.999999747378752e-05,0.09999999747378752,360.0,0.000333333324912625,0.0,0.0,0.000333333324912625
01/08/2022,Derecha,PF35 ,,,,,,,,,,
08/08/2022,Derecha,PF35 ,,,,,,,,,,
16/08/2022,Derecha,PF35 ,,,,,,,,,,
30/08/2022,Derecha,PF35 ,,,,,,,,,,
16/11/2022,Derecha,PF35 ,9.999999747378752e-05,0.0,0.0,9.999999747378752e-05,0.09999999747378752,360.0,0.00024038460931198922,0.0,0.0,0.00024038460931198922
27/11/2022,Derecha,PF35 ,9.999999747378752e-05,0.0,0.0,9.999999747378752e-05,0.09999999747378752,360.0,0.0002341920315545375,0.0,0.0,0.0002341920315545375
14/12/2022,Derecha,PF35 ,9.999999747378752e-05,0.0,0.0,9.999999747378752e-05,0.09999999747378752,360.0,0.00022522521953555747,0.0,0.0,0.00022522521953555747
09/02/2023,Derecha,PF35 ,,,,,,,,,,
18/02/2023,Derecha,PF35 ,9.999999747378752e-05,0.0,0.0,9.999999747378752e-05,0.09999999747378752,360.0,0.00019607842641919122,0.0,0.0,0.00019607842641919122
04/03/2023,Derecha,PF35 ,,,,,,,,,,
08/03/2023,Derecha,PF35 ,,,,,,,,,,
17/03/2023,Derecha,PF35 ,,,,,,,,,,
29/03/2023,Derecha,PF35 ,0.0011000000013154931,-0.007000000001426088,-0.014000000000010004,0.007085901496835764,7.085901496835763,278.9305901091369,0.002003642989645707,-0.012750455376003804,-0.02550091074683061,0.012906924402250936
04/04/2023,Derecha,PF35 ,,,,,,,,,,
13/04/2023,Derecha,PF35 ,,,,,,,,,,
17/04/2023,Derecha,PF35 ,,,,,,,,,,
25/04/2023,Derecha,PF35 ,9.999999747378752e-05,-0.008000000001629815,-0.014000000000010004,0.008000624977185957,8.000624977185957,270.7161599272347,0.00017361110672532555,-0.013888888891718429,-0.024305555555572924,0.01388997391872562
08/05/2023,Derecha,PF35 ,,,,,,,,,,
19/05/2023,Derecha,PF35 ,,,,,,,,,,
31/05/2023,Derecha,PF35 ,-0.0008999999990919605,-0.010999999998603016,-0.006000000000000227,0.011036756768527242,11.036756768527242,265.3225821452251,-0.001470588233810393,-0.017973856206867672,-0.009803921568627822,0.018033916288443207
11/06/2023,Derecha,PF35 ,-0.0008999999990919605,-0.010999999998603016,-0.006000000000000227,0.011036756768527242,11.036756768527242,265.3225821452251,-0.0014446227914798723,-0.01765650080032587,-0.009630818619583028,0.01771550043102286
19/06/2023,Derecha,PF35 ,0.004099999998288695,-0.009000000001833541,-0.008000000000009777,0.009889893832542948,9.889893832542947,294.49190101480576,0.006497622818207123,-0.014263074487850302,-0.0126782884310773,0.015673365820194848
07/07/2023,Derecha,PF35 ,,,,,,,,,,
12/07/2023,Derecha,PF35 ,,,,,,,,,,
17/07/2023,Derecha,PF35 ,0.002099999997881241,-0.009000000001833541,-0.022999999999996135,0.009241753081753751,9.241753081753751,283.1340222910213,0.003186646430775783,-0.013657056148457573,-0.0349013657056087,0.014023904524664267
28/07/2023,Derecha,PF35 ,,,,,,,,,,
07/08/2023,Derecha,PF35 ,,,,,,,,,,
19/08/2023,Derecha,PF35 ,0.0031000000017229468,-0.005000000001018634,-0.01099999999999568,0.00588302643380672,5.88302643380672,301.79891283332825,0.004479768788616975,-0.007225433527483575,-0.01589595375721919,0.008501483285847862
25/08/2023,Derecha,PF35 ,,,,,,,,,,
24/09/2023,Derecha,PF35 ,0.002099999997881241,-0.008000000001629815,-0.016999999999995907,0.008271033793739344,8.271033793739344,284.70830388261993,0.002884615381705002,-0.010989010991249746,-0.023351648351642728,0.011361310156235363
04/10/2023,Derecha,PF35 ,,,,,,,,,,
14/10/2023,Derecha,PF35 ,,,,,,,,,,
01/11/2023,Derecha,PF35 ,0.004099999998288695,-0.008000000001629815,-0.019000000000005457,0.008989438247857556,8.989438247857557,297.13513960763225,0.005352480415520489,-0.010443864231892709,-0.02480417754569903,0.011735559070310125
14/09/2024,Derecha,PF35 ,0.017099999997299165,-0.0030000000006111804,-0.009999999999990905,0.01736116355292175,17.36116355292175,350.04937330852147,0.015774907746585947,-0.0027675276758405724,-0.00922509225091412,0.016015833535905674
21/04/2025,Derecha,PF35 ,0.006099999998696148,-0.013999999999214197,-0.022999999999996135,0.015271214750703054,15.271214750703054,293.54344486412964,0.004681504220027742,-0.01074443591651128,-0.017651573292399185,0.011720042018958597
25/05/2025,Derecha,PF35 ,0.02509999999892898,0.0,-0.02600000000001046,0.02509999999892898,25.09999999892898,0.0,0.018773373222833938,0.0,-0.019446522064330934,0.018773373222833938
04/10/2021,Derecha,PF36,-0.0030000000042491592,-0.006000000001222361,-0.0009999999999763531,0.006708203935492964,6.708203935492964,243.4349487951299,-0.3750000005311449,-0.7500000001527951,-0.12499999999704414,0.8385254919366205
10/10/2021,Derecha,PF36,9.999999747378752e-05,0.0,0.0,9.999999747378752e-05,0.09999999747378752,360.0,0.007142856962413394,0.0,0.0,0.007142856962413394
14/10/2021,Derecha,PF36,9.999999747378752e-05,-0.0010000000002037268,-0.002999999999985903,0.0010049875620634372,1.0049875620634372,275.7105929930357,0.0055555554152104175,-0.055555555566873714,-0.16666666666588348,0.05583264233685762
18/10/2021,Derecha,PF36,-0.0010000000038417056,0.0,-0.0069999999999765805,0.0010000000038417056,1.0000000038417056,180.0,-0.04545454562916844,0.0,-0.3181818181807537,0.04545454562916844
27/10/2021,Derecha,PF36,0.001999999993131496,0.0020000000004074536,0.0030000000000143245,0.0028284271201775377,2.8284271201775377,45.00000010422042,0.06451612881069342,0.06451612904540173,0.09677419354884918,0.09123958452185606
01/11/2021,Derecha,PF36,9.999999747378752e-05,0.0,-0.0009999999999763531,9.999999747378752e-05,0.09999999747378752,360.0,0.0027777777076052087,0.0,-0.027777777777120923,0.0027777777076052087
11/11/2021,Derecha,PF36,-0.005000000004656613,-0.005000000001018634,-0.006000000000000227,0.0070710678158784806,7.0710678158784805,224.99999997915592,-0.10869565227514376,-0.10869565219605727,-0.1304347826087006,0.15371886556257566
16/11/2021,Derecha,PF36,0.000999999996565748,-0.0010000000002037268,-0.00899999999998613,0.0014142135600887689,1.4142135600887689,314.9999998957796,0.019607843069916628,-0.019607843141249543,-0.17647058823502215,0.02772967764879939
24/11/2021,Derecha,PF36,0.004099999991012737,0.0039999999971769284,-0.001999999999981128,0.005728001388243535,5.728001388243535,44.292680674020616,0.06949152527140232,0.06779661012164286,-0.03389830508442589,0.09708476929226331
01/12/2021,Derecha,PF36,0.00909999999566935,0.011999999998806743,-0.014999999999986358,0.015060212478333232,15.060212478333233,52.82574517679372,0.13787878781317198,0.18181818180010217,-0.22727272727252057,0.22818503755050354
08/12/2021,Derecha,PF36,9.999999747378752e-05,0.0,0.0,9.999999747378752e-05,0.09999999747378752,360.0,0.0013698629790929798,0.0,0.0,0.0013698629790929798
09/01/2022,Derecha,PF36,-0.010900000008405186,-0.018000000000029104,0.0010000000000047748,0.02104305111394925,21.04305111394925,238.80276560660118,-0.1038095238895732,-0.1714285714288486,0.009523809523854999,0.20041001060904046
12/02/2022,Derecha,PF36,9.999999747378752e-05,-0.005000000001018634,-0.0069999999999765805,0.005000999900987911,5.000999900987911,271.1457628090051,0.0007194244422574641,-0.03597122302891104,-0.05035971223004734,0.03597841655386986
16/02/2022,Derecha,PF36,0.007099999995261896,0.006999999997788109,0.0010000000000047748,0.009970456353735894,9.970456353735894,44.5936537767555,0.04965034961721606,0.04895104893558118,0.006993006993040383,0.06972347100514611
26/02/2022,Derecha,PF36,0.007099999995261896,0.006999999997788109,0.0010000000000047748,0.009970456353735894,9.970456353735894,44.5936537767555,0.04640522872720194,0.0457516339724713,0.006535947712449509,0.06516638139696662
07/03/2022,Derecha,PF36,,,,,,,,,,
11/03/2022,Derecha,PF36,9.999999747378752e-05,0.0,0.0,9.999999747378752e-05,0.09999999747378752,360.0,0.0006024096233360693,0.0,0.0,0.0006024096233360693
14/03/2022,Derecha,PF36,,,,,,,,,,
21/03/2022,Derecha,PF36,,,,,,,,,,
28/03/2022,Derecha,PF36,9.999999747378752e-05,0.0,0.0,9.999999747378752e-05,0.09999999747378752,360.0,0.0005464480736272542,0.0,0.0,0.0005464480736272542
06/04/2022,Derecha,PF36,,,,,,,,,,
11/04/2022,Derecha,PF36,,,,,,,,,,
20/04/2022,Derecha,PF36,,,,,,,,,,
01/05/2022,Derecha,PF36,9.999999747378752e-05,0.0,0.0,9.999999747378752e-05,0.09999999747378752,360.0,0.0004608294814460254,0.0,0.0,0.0004608294814460254
09/05/2022,Derecha,PF36,,,,,,,,,,
16/05/2022,Derecha,PF36,,,,,,,,,,
24/05/2022,Derecha,PF36,9.999999747378752e-05,-0.005000000001018634,-0.0009999999999763531,0.005000999900987911,5.000999900987911,271.1457628090051,0.0004166666561407813,-0.020833333337577642,-0.004166666666568139,0.02083749958744963
30/05/2022,Derecha,PF36,,,,,,,,,,
10/06/2022,Derecha,PF36,,,,,,,,,,
14/06/2022,Derecha,PF36,,,,,,,,,,
24/06/2022,Derecha,PF36,9.999999747378752e-05,0.0,0.0,9.999999747378752e-05,0.09999999747378752,360.0,0.0003690036807150831,0.0,0.0,0.0003690036807150831
27/06/2022,Derecha,PF36,,,,,,,,,,
04/07/2022,Derecha,PF36,,,,,,,,,,
11/07/2022,Derecha,PF36,,,,,,,,,,
23/07/2022,Derecha,PF36,0.007099999995261896,-0.0010000000002037268,-0.0049999999999954525,0.007170076703433959,7.170076703433959,351.98290691945203,0.023666666650872987,-0.0033333333340124227,-0.01666666666665151,0.023900255678113193
01/08/2022,Derecha,PF36,,,,,,,,,,
08/08/2022,Derecha,PF36,,,,,,,,,,
16/08/2022,Derecha,PF36,,,,,,,,,,
30/08/2022,Derecha,PF36,,,,,,,,,,
16/11/2022,Derecha,PF36,0.007099999995261896,0.0010000000002037268,-0.009999999999990905,0.007170076703433959,7.170076703433959,8.017093080547944,0.01706730768091802,0.0024038461543358816,-0.024038461538439675,0.017235761306331632
27/11/2022,Derecha,PF36,0.007099999995261896,0.0010000000002037268,-0.0069999999999765805,0.007170076703433959,7.170076703433959,8.017093080547944,0.016627634649325287,0.002341920375184372,-0.016393442622895976,0.01679174871998585
14/12/2022,Derecha,PF36,0.008099999991827644,0.0029999999969732016,-0.003999999999990678,0.008637708020617915,8.637708020617914,20.32313682966294,0.018243243224837037,0.006756756749939643,-0.009009009008988014,0.01945429734373404
09/02/2023,Derecha,PF36,,,,,,,,,,
18/02/2023,Derecha,PF36,0.006099999991420191,0.004999999997380655,-0.012000000000000455,0.007887331606388366,7.887331606388366,39.34051818463197,0.011960784296902335,0.009803921563491481,-0.023529411764706774,0.015465356090957578
04/03/2023,Derecha,PF36,,,,,,,,,,
08/03/2023,Derecha,PF36,,,,,,,,,,
17/03/2023,Derecha,PF36,,,,,,,,,,
29/03/2023,Derecha,PF36,0.008099999991827644,-0.0010000000002037268,0.0020000000000095497,0.008161494953010466,8.161494953010466,352.9620592283663,0.014754098345769845,-0.0018214936251434006,0.003642987249562021,0.014866111025519975
04/04/2023,Derecha,PF36,,,,,,,,,,
13/04/2023,Derecha,PF36,,,,,,,,,,
17/04/2023,Derecha,PF36,,,,,,,,,,
25/04/2023,Derecha,PF36,0.007099999995261896,0.0,-0.0009999999999763531,0.007099999995261896,7.099999995261896,360.0,0.012326388880663015,0.0,-0.0017361111110700577,0.012326388880663015
08/05/2023,Derecha,PF36,,,,,,,,,,
19/05/2023,Derecha,PF36,,,,,,,,,,
31/05/2023,Derecha,PF36,0.012099999992642552,-0.004000000000814907,0.0010000000000047748,0.012744018197902458,12.744018197902458,341.707224021574,0.019771241818043385,-0.006535947713749849,0.0016339869281123773,0.02082355914689944
11/06/2023,Derecha,PF36,0.012099999992642552,-0.0030000000006111804,0.0010000000000047748,0.01246635471281067,12.46635471281067,346.07522676872657,0.019422150871015332,-0.00481540931077236,0.0016051364366047752,0.020010200181076517
19/06/2023,Derecha,PF36,0.013099999996484257,-0.0010000000002037268,-0.001999999999981128,0.013138112494125439,13.138112494125439,355.6347422629192,0.020760697300292008,-0.0015847860542055892,-0.003169572107735544,0.020821097455032394
07/07/2023,Derecha,PF36,,,,,,,,,,
12/07/2023,Derecha,PF36,,,,,,,,,,
17/07/2023,Derecha,PF36,0.012099999992642552,-0.004000000000814907,-0.013999999999981583,0.012744018197902458,12.744018197902458,341.707224021574,0.0183611532513544,-0.0060698027326478105,-0.021244309559911353,0.019338419116695687
28/07/2023,Derecha,PF36,,,,,,,,,,
07/08/2023,Derecha,PF36,,,,,,,,,,
19/08/2023,Derecha,PF36,0.012099999992642552,0.0029999999969732016,-0.002999999999985903,0.012466354711935199,12.4663547119352,13.924773215044508,0.017485549122315824,0.0043352601112329504,-0.004335260115586564,0.018014963456553755
25/08/2023,Derecha,PF36,,,,,,,,,,
24/09/2023,Derecha,PF36,0.011099999996076804,-0.0020000000004074536,-0.00899999999998613,0.011278741060709517,11.278741060709518,349.7860270093584,0.015247252741863742,-0.0027472527478124365,-0.01236263736261831,0.015492776182293295
04/10/2023,Derecha,PF36,,,,,,,,,,
14/10/2023,Derecha,PF36,,,,,,,,,,
01/11/2023,Derecha,PF36,0.013099999996484257,0.0,-0.012000000000000455,0.013099999996484257,13.099999996484257,0.0,0.017101827671650464,0.0,-0.01566579634464811,0.017101827671650464
14/09/2024,Derecha,PF36,0.01609999999345746,-0.0020000000004074536,0.0,0.016223748019214303,16.2237480192143,352.91878775106494,0.014852398517949684,-0.0018450184505603817,0.0,0.014966557213297328
21/04/2025,Derecha,PF36,0.014099999993050005,-0.013000000002648449,-0.007999999999981355,0.019178373233224705,19.178373233224704,317.3243829510567,0.010821181882617043,-0.009976976210781618,-0.006139677666908178,0.014718628728491716
25/05/2025,Derecha,PF36,0.03509999999369029,0.011999999998806743,-0.006000000000000227,0.03709460876634798,37.09460876634798,18.87454975961211,0.026252804782116897,0.008975317874948948,-0.004487658937920888,0.027744658763162285
04/10/2021,Derecha,PF37,0.000999999996565748,0.0010000000002037268,-0.003999999999990678,0.0014142135600887689,1.4142135600887689,45.00000010422042,0.1249999995707185,0.12500000002546585,-0.4999999999988347,0.1767766950110961
10/10/2021,Derecha,PF37,9.999999747378752e-05,0.0010000000002037268,-0.0049999999999954525,0.0010049875620634372,1.0049875620634372,84.2894070069643,0.007142856962413394,0.07142857144312334,-0.3571428571425323,0.07178482586167408
14/10/2021,Derecha,PF37,-0.0010000000038417056,0.0010000000002037268,-0.003999999999990678,0.0014142135652336477,1.4142135652336478,135.00000010422042,-0.05555555576898364,0.055555555566873714,-0.22222222222170432,0.07856742029075821
18/10/2021,Derecha,PF37,9.999999747378752e-05,-0.0010000000002037268,0.0020000000000095497,0.0010049875620634372,1.0049875620634372,275.7105929930357,0.004545454430626705,-0.045454545463805764,0.090909090909525,0.045681252821065325
27/10/2021,Derecha,PF37,9.999999747378752e-05,0.0,0.0020000000000095497,9.999999747378752e-05,0.09999999747378752,360.0,0.003225806370122178,0.0,0.06451612903256612,0.003225806370122178
01/11/2021,Derecha,PF37,9.999999747378752e-05,0.0,0.007000000000005002,9.999999747378752e-05,0.09999999747378752,360.0,0.0027777777076052087,0.0,0.1944444444445834,0.0027777777076052087
11/11/2021,Derecha,PF37,0.000999999996565748,-0.0010000000002037268,-0.00899999999998613,0.0014142135600887689,1.4142135600887689,314.9999998957796,0.021739130360124957,-0.021739130439211454,-0.19565217391274198,0.030743773045408023
16/11/2021,Derecha,PF37,-0.0020000000004074536,0.0,0.0030000000000143245,0.0020000000004074536,2.0000000004074536,180.0,-0.039215686282499086,0.0,0.05882352941204558,0.039215686282499086
24/11/2021,Derecha,PF37,9.999999747378752e-05,0.0,0.0,9.999999747378752e-05,0.09999999747378752,360.0,0.0016949152114201275,0.0,0.0,0.0016949152114201275
01/12/2021,Derecha,PF37,9.999999747378752e-05,0.0,0.0,9.999999747378752e-05,0.09999999747378752,360.0,0.0015151514768755685,0.0,0.0,0.0015151514768755685
08/12/2021,Derecha,PF37,9.999999747378752e-05,0.0,0.0,9.999999747378752e-05,0.09999999747378752,360.0,0.0013698629790929798,0.0,0.0,0.0013698629790929798
09/01/2022,Derecha,PF37,-0.005900000003748573,0.0,0.0010000000000047748,0.005900000003748573,5.900000003748573,180.0,-0.05619047622617689,0.0,0.009523809523854999,0.05619047622617689
12/02/2022,Derecha,PF37,9.999999747378752e-05,0.0,0.0,9.999999747378752e-05,0.09999999747378752,360.0,0.0007194244422574641,0.0,0.0,0.0007194244422574641
16/02/2022,Derecha,PF37,-0.0029000000067753717,-0.0020000000004074536,0.0030000000000143245,0.003522782996570605,3.522782996570605,214.59228863040286,-0.0202797203271005,-0.013986013988863313,0.02097902097912115,0.02463484612986437
26/02/2022,Derecha,PF37,9.999999747378752e-05,0.0,0.0,9.999999747378752e-05,0.09999999747378752,360.0,0.0006535947547306374,0.0,0.0,0.0006535947547306374
07/03/2022,Derecha,PF37,,,,,,,,,,
11/03/2022,Derecha,PF37,,,,,,,,,,
14/03/2022,Derecha,PF37,,,,,,,,,,
21/03/2022,Derecha,PF37,,,,,,,,,,
28/03/2022,Derecha,PF37,,,,,,,,,,
06/04/2022,Derecha,PF37,,,,,,,,,,
11/04/2022,Derecha,PF37,,,,,,,,,,
20/04/2022,Derecha,PF37,,,,,,,,,,
01/05/2022,Derecha,PF37,,,,,,,,,,
09/05/2022,Derecha,PF37,,,,,,,,,,
16/05/2022,Derecha,PF37,,,,,,,,,,
24/05/2022,Derecha,PF37,,,,,,,,,,
30/05/2022,Derecha,PF37,,,,,,,,,,
10/06/2022,Derecha,PF37,,,,,,,,,,
14/06/2022,Derecha,PF37,,,,,,,,,,
24/06/2022,Derecha,PF37,,,,,,,,,,
27/06/2022,Derecha,PF37,,,,,,,,,,
04/07/2022,Derecha,PF37,,,,,,,,,,
11/07/2022,Derecha,PF37,,,,,,,,,,
23/07/2022,Derecha,PF37,,,,,,,,,,
01/08/2022,Derecha,PF37,,,,,,,,,,
08/08/2022,Derecha,PF37,,,,,,,,,,
16/08/2022,Derecha,PF37,,,,,,,,,,
30/08/2022,Derecha,PF37,,,,,,,,,,
16/11/2022,Derecha,PF37,,,,,,,,,,
27/11/2022,Derecha,PF37,,,,,,,,,,
14/12/2022,Derecha,PF37,,,,,,,,,,
09/02/2023,Derecha,PF37,,,,,,,,,,
18/02/2023,Derecha,PF37,,,,,,,,,,
04/03/2023,Derecha,PF37,,,,,,,,,,
08/03/2023,Derecha,PF37,,,,,,,,,,
17/03/2023,Derecha,PF37,,,,,,,,,,
29/03/2023,Derecha,PF37,,,,,,,,,,
04/04/2023,Derecha,PF37,,,,,,,,,,
13/04/2023,Derecha,PF37,,,,,,,,,,
17/04/2023,Derecha,PF37,,,,,,,,,,
25/04/2023,Derecha,PF37,,,,,,,,,,
08/05/2023,Derecha,PF37,,,,,,,,,,
19/05/2023,Derecha,PF37,,,,,,,,,,
31/05/2023,Derecha,PF37,,,,,,,,,,
11/06/2023,Derecha,PF37,,,,,,,,,,
19/06/2023,Derecha,PF37,,,,,,,,,,
07/07/2023,Derecha,PF37,,,,,,,,,,
12/07/2023,Derecha,PF37,,,,,,,,,,
17/07/2023,Derecha,PF37,,,,,,,,,,
28/07/2023,Derecha,PF37,,,,,,,,,,
07/08/2023,Derecha,PF37,,,,,,,,,,
19/08/2023,Derecha,PF37,0.0,0.0,0.0,0.0,0.0,,0.0,0.0,0.0,0.0
25/08/2023,Derecha,PF37,-0.0010000000038417056,-0.0030000000006111804,0.0030000000000143245,0.0031622776619630497,3.1622776619630497,251.56505111454572,-2.2142018994347266e-05,-6.642605674138521e-05,6.642605672816961e-05,7.001921178759271e-05
24/09/2023,Derecha,PF37,0.0,0.0010000000002037268,0.0,0.0010000000002037268,1.0000000002037268,90.0,0.0,2.212732060725614e-05,0.0,2.212732060725614e-05
04/10/2023,Derecha,PF37,0.004999999997380655,-0.0010000000002037268,-0.0049999999999954525,0.00509901951106426,5.09901951106426,348.6900675179628,0.00011061212745571434,-2.2122425507239052e-05,-0.00011061212751356,0.00011280267927049666
14/10/2023,Derecha,PF37,-0.0070000000050640665,-0.011000000002240995,-0.006000000000000227,0.013038404815014712,13.038404815014712,237.52880769566417,-0.0001548227280884716,-0.00024329285829829907,-0.00013270519540840527,0.00028837734313172565
01/11/2023,Derecha,PF37,0.0029999999969732016,-0.0020000000004074536,0.0020000000000095497,0.0036055512731715555,3.6055512731715553,326.3099324419524,6.632619214638637e-05,-4.421746148454497e-05,4.4217461475747827e-05,7.971416225976776e-05
14/09/2024,Derecha,PF37,0.01299999999901047,-0.004000000000814907,0.0020000000000095497,0.013601470508029324,13.601470508029324,342.8972710264408,0.00028540692438934923,-8.781751522129811e-05,4.390875760191332e-05,0.00029861183578189037
21/04/2025,Derecha,PF37,,,,,,,,,,
25/05/2025,Derecha,PF37,,,,,,,,,,
04/10/2021,Derecha,PF38,-0.0020000000004074536,-0.0003333333370392211,0.0016666666666651508,0.0020275875111105605,2.0275875111105606,189.46232230942925,-0.2500000000509317,-0.041666667129902635,0.20833333333314386,0.25344843888882007
10/10/2021,Derecha,PF38,9.999999747378752e-05,-0.001333333333604969,0.000666666666660376,0.0013370780747573782,1.3370780747573783,274.2891532199997,0.007142856962413394,-0.0952380952574978,0.04761904761859829,0.09550557676838417
14/10/2021,Derecha,PF38,0.000999999996565748,-0.001333333333604969,0.0026666666666699257,0.001666666664823424,1.666666664823424,306.8698975457924,0.05555555536476378,-0.07407407408916494,0.14814814814832922,0.09259259249019022
18/10/2021,Derecha,PF38,-0.0010000000038417056,-0.0003333333370392211,-0.002333333333325527,0.0010540925582059263,1.0540925582059264,198.4349489479865,-0.04545454562916844,-0.015151515319964596,-0.10606060606025122,0.047913298100269376
27/10/2021,Derecha,PF38,0.000999999996565748,-0.0033333333340124227,0.0056666666666558285,0.003480102169300475,3.480102169300475,286.6992441766246,0.03225806440534671,-0.10752688174233622,0.18279569892438155,0.11226136030001531
01/11/2021,Derecha,PF38,9.999999747378752e-05,0.0006666666631645057,-0.001333333333320752,0.000674124943367069,0.6741249433670691,81.4692345582315,0.0027777777076052087,0.01851851842123627,-0.03703703703668756,0.018725692871307473
11/11/2021,Derecha,PF38,-0.0020000000004074536,-0.0003333333370392211,-0.0033333333333303017,0.0020275875111105605,2.0275875111105606,189.46232230942925,-0.04347826087842291,-0.00724637689215698,-0.07246376811587613,0.04407798937196871
16/11/2021,Derecha,PF38,0.000999999996565748,-0.002333333333808696,-0.006333333333344626,0.0025385910343720783,2.5385910343720783,293.19859043817826,0.019607843069916628,-0.045751633996248944,-0.12418300653616914,0.049776294791609374
24/11/2021,Derecha,PF38,9.999999747378752e-05,0.0,0.0,9.999999747378752e-05,0.09999999747378752,360.0,0.0016949152114201275,0.0,0.0,0.0016949152114201275
01/12/2021,Derecha,PF38,0.003099999994446989,-0.00733333333482733,-0.007333333333320979,0.007961644162185413,7.961644162185413,292.9151062462665,0.046969696885560436,-0.11111111113374743,-0.11111111111092394,0.12063097215432443
08/12/2021,Derecha,PF38,0.002099999997881241,-0.005333333334419876,-0.005333333333339851,0.005731879660908405,5.731879660908405,291.4920400096589,0.02876712325864714,-0.07305936074547775,-0.07305936073068289,0.0785188994644987
09/01/2022,Derecha,PF38,0.002099999997881241,-0.006333333334623603,0.000666666666660376,0.006672414189673461,6.672414189673461,288.3444342178866,0.019999999979821347,-0.0603174603297486,0.006349206349146438,0.06354680180641391
12/02/2022,Derecha,PF38,9.999999747378752e-05,0.0,0.0,9.999999747378752e-05,0.09999999747378752,360.0,0.0007194244422574641,0.0,0.0,0.0007194244422574641
16/02/2022,Derecha,PF38,-0.0009000000063679181,-0.001333333333604969,0.0036666666666747005,0.0016086571387229761,1.6086571387229762,235.98064982759763,-0.00629370633823719,-0.009324009325908874,0.02564102564108182,0.011249350620440393
26/02/2022,Derecha,PF38,9.999999747378752e-05,0.0,0.0,9.999999747378752e-05,0.09999999747378752,360.0,0.0006535947547306374,0.0,0.0,0.0006535947547306374
07/03/2022,Derecha,PF38,,,,,,,,,,
11/03/2022,Derecha,PF38,9.999999747378752e-05,0.0,0.0,9.999999747378752e-05,0.09999999747378752,360.0,0.0006024096233360693,0.0,0.0,0.0006024096233360693
14/03/2022,Derecha,PF38,,,,,,,,,,
21/03/2022,Derecha,PF38,,,,,,,,,,
28/03/2022,Derecha,PF38,9.999999747378752e-05,0.0,0.0,9.999999747378752e-05,0.09999999747378752,360.0,0.0005464480736272542,0.0,0.0,0.0005464480736272542
06/04/2022,Derecha,PF38,,,,,,,,,,
11/04/2022,Derecha,PF38,,,,,,,,,,
20/04/2022,Derecha,PF38,,,,,,,,,,
01/05/2022,Derecha,PF38,9.999999747378752e-05,0.0,0.0,9.999999747378752e-05,0.09999999747378752,360.0,0.0004608294814460254,0.0,0.0,0.0004608294814460254
09/05/2022,Derecha,PF38,,,,,,,,,,
16/05/2022,Derecha,PF38,,,,,,,,,,
24/05/2022,Derecha,PF38,9.999999747378752e-05,-0.0043333333342161495,0.0026666666666699257,0.004334487026733799,4.3344870267337985,271.3219756258837,0.0004166666561407813,-0.01805555555923396,0.01111111111112469,0.018060362611390827
30/05/2022,Derecha,PF38,,,,,,,,,,
10/06/2022,Derecha,PF38,,,,,,,,,,
14/06/2022,Derecha,PF38,,,,,,,,,,
24/06/2022,Derecha,PF38,9.999999747378752e-05,0.0,0.0,9.999999747378752e-05,0.09999999747378752,360.0,0.0003690036807150831,0.0,0.0,0.0003690036807150831
27/06/2022,Derecha,PF38,,,,,,,,,,
04/07/2022,Derecha,PF38,,,,,,,,,,
11/07/2022,Derecha,PF38,,,,,,,,,,
23/07/2022,Derecha,PF38,9.999999747378752e-05,0.0,0.0,9.999999747378752e-05,0.09999999747378752,360.0,2.233888025774322e-06,0.0,0.0,2.233888025774322e-06
01/08/2022,Derecha,PF38,,,,,,,,,,
08/08/2022,Derecha,PF38,,,,,,,,,,
16/08/2022,Derecha,PF38,,,,,,,,,,
30/08/2022,Derecha,PF38,,,,,,,,,,
16/11/2022,Derecha,PF38,9.999999747378752e-05,0.0,0.0,9.999999747378752e-05,0.09999999747378752,360.0,2.2281142905413763e-06,0.0,0.0,2.2281142905413763e-06
27/11/2022,Derecha,PF38,9.999999747378752e-05,0.0,0.0,9.999999747378752e-05,0.09999999747378752,360.0,2.22756833007635e-06,0.0,0.0,2.22756833007635e-06
14/12/2022,Derecha,PF38,9.999999747378752e-05,0.0,0.0,9.999999747378752e-05,0.09999999747378752,360.0,2.2267250990622708e-06,0.0,0.0,2.2267250990622708e-06
09/02/2023,Derecha,PF38,,,,,,,,,,
18/02/2023,Derecha,PF38,9.999999747378752e-05,0.0,0.0,9.999999747378752e-05,0.09999999747378752,360.0,2.223457420206504e-06,0.0,0.0,2.223457420206504e-06
04/03/2023,Derecha,PF38,,,,,,,,,,
08/03/2023,Derecha,PF38,,,,,,,,,,
17/03/2023,Derecha,PF38,,,,,,,,,,
29/03/2023,Derecha,PF38,9.999999747378752e-05,0.0,0.0,9.999999747378752e-05,0.09999999747378752,360.0,2.221531023099203e-06,0.0,0.0,2.221531023099203e-06
04/04/2023,Derecha,PF38,,,,,,,,,,
13/04/2023,Derecha,PF38,,,,,,,,,,
17/04/2023,Derecha,PF38,,,,,,,,,,
25/04/2023,Derecha,PF38,-0.0019000000029336661,-0.005333333334419876,0.004666666666651054,0.00566166446084384,5.66166446084384,250.3915587038329,-4.2183788169304994e-05,-0.00011841063329899151,0.00010360930411516293,0.00012570023891218755
08/05/2023,Derecha,PF38,,,,,,,,,,
19/05/2023,Derecha,PF38,,,,,,,,,,
31/05/2023,Derecha,PF38,-0.0029000000067753717,-0.0003333333370392211,0.0026666666666699257,0.0029190942350117545,2.9190942350117544,186.55694655524067,-6.43343613544684e-05,-7.394754243610291e-06,5.9158033291255534e-05,6.47579527255974e-05
11/06/2023,Derecha,PF38,-0.0029000000067753717,-0.001333333333604969,0.0036666666666747005,0.0031918298541431206,3.1918298541431205,204.69155811710232,-6.431866587063901e-05,-2.9571800337228733e-05,8.132245091098964e-05,7.079111635342266e-05
19/06/2023,Derecha,PF38,-0.0039000000033411197,-0.002333333333808696,0.0036666666666747005,0.0045447161047444465,4.544716104744446,210.89168639069084,-8.648217144183785e-05,-5.174147005962161e-05,8.13080243630189e-05,0.00010077869666366079
07/07/2023,Derecha,PF38,,,,,,,,,,
12/07/2023,Derecha,PF38,,,,,,,,,,
17/07/2023,Derecha,PF38,-0.004900000007182825,-0.005333333334419876,-0.00033333333334439885,0.007242544064513928,7.242544064513928,227.42475700800932,-0.00010858966419605588,-0.00011819283162884223,-7.3870519755429235e-06,0.00016050314831384468
28/07/2023,Derecha,PF38,,,,,,,,,,
07/08/2023,Derecha,PF38,,,,,,,,,,
19/08/2023,Derecha,PF38,-0.0019000000029336661,-0.0003333333370392211,-0.00033333333334439885,0.0019290181763606154,1.9290181763606153,189.9506267813112,-4.207542580183949e-05,-7.381653720114735e-06,-7.381653638293041e-06,4.2718032118179135e-05
25/08/2023,Derecha,PF38,,,,,,,,,,
24/09/2023,Derecha,PF38,-0.0009000000063679181,-0.0003333333370392211,-0.0033333333333303017,0.0009597453438511466,0.9597453438511466,200.3231369050939,-1.9914588683378357e-05,-7.375773616250771e-06,-7.375773534242696e-05,2.1236592920389142e-05
04/10/2023,Derecha,PF38,,,,,,,,,,
14/10/2023,Derecha,PF38,,,,,,,,,,
01/11/2023,Derecha,PF38,-0.0019000000029336661,-0.0003333333370392211,-0.002333333333325527,0.0019290181763606154,1.9290181763606153,189.9506267813112,-4.2006588466619486e-05,-7.369576994521923e-06,-5.158703838795355e-05,4.264814344941778e-05
14/09/2024,Derecha,PF38,9.999999747378752e-05,-0.0003333333370392211,0.000666666666660376,0.0003480102197873799,0.3480102197873799,286.6992436603033,2.195437824623757e-06,-7.3181263483110734e-06,1.4636252533763112e-05,7.64034819177984e-06
21/04/2025,Derecha,PF38,-0.0029000000067753717,0.003666666663775686,-0.00033333333334439885,0.004674873737604159,4.674873737604159,128.34079282097406,-6.336304856614603e-05,8.011419908616689e-05,-7.2831090138174895e-06,0.00010214284516701973
25/05/2025,Derecha,PF38,0.007099999995261896,0.00866666666479432,0.0026666666666699257,0.011203620442132804,11.203620442132804,50.67461087763173,0.0001550150647408824,0.0001892202669052513,5.822162059888052e-05,0.00024460985201809536
04/10/2021,Derecha,PF39,-0.004000000000814907,-0.0010000000002037268,-0.003999999999990678,0.004123105626457648,4.123105626457648,194.03624346792648,-0.5000000001018634,-0.12500000002546585,-0.4999999999988347,0.515388203307206
10/10/2021,Derecha,PF39,-0.0010000000038417056,0.0020000000004074536,-0.002999999999985903,0.0022360679795822903,2.23606797958229,116.56505126045431,-0.07142857170297898,0.14285714288624668,-0.21428571428470736,0.15971914139873503
14/10/2021,Derecha,PF39,-0.0010000000038417056,0.0020000000004074536,-0.003999999999990678,0.0022360679795822903,2.23606797958229,116.56505126045431,-0.05555555576898364,0.11111111113374743,-0.22222222222170432,0.1242259988656828
18/10/2021,Derecha,PF39,-0.0010000000038417056,0.0010000000002037268,0.008000000000009777,0.0014142135652336477,1.4142135652336478,135.00000010422042,-0.04545454562916844,0.045454545463805764,0.363636363636808,0.06428243478334762
27/10/2021,Derecha,PF39,-0.0010000000038417056,0.0020000000004074536,0.0020000000000095497,0.0022360679795822903,2.23606797958229,116.56505126045431,-0.032258064640055026,0.06451612904540173,0.06451612903256612,0.07213122514781581
01/11/2021,Derecha,PF39,-0.0010000000038417056,0.0020000000004074536,-0.007000000000005002,0.0022360679795822903,2.23606797958229,116.56505126045431,-0.02777777788449182,0.055555555566873714,-0.1944444444445834,0.0621129994328414
11/11/2021,Derecha,PF39,-0.004000000000814907,0.0020000000004074536,-0.01999999999998181,0.004472135955910674,4.472135955910674,153.43494882292202,-0.08695652175684582,0.04347826087842291,-0.4347826086952567,0.09722034686762335
16/11/2021,Derecha,PF39,-0.0030000000042491592,0.0010000000002037268,-0.0049999999999954525,0.0031622776642639097,3.1622776642639097,161.56505119792206,-0.05882352949508155,0.019607843141249543,-0.09803921568618534,0.06200544439733157
24/11/2021,Derecha,PF39,-0.004900000007182825,-0.0010000000002037268,-0.015999999999991132,0.0050009999070984934,5.000999907098493,191.5346206394764,-0.08305084757936991,-0.01694915254582588,-0.27118644067781583,0.08476271028980498
01/12/2021,Derecha,PF39,-0.005900000003748573,-0.004000000000814907,-0.002999999999985903,0.007128113358438713,7.128113358438713,214.1359400664257,-0.08939393945073595,-0.06060606061840769,-0.04545454545433186,0.10800171755210171
08/12/2021,Derecha,PF39,-0.004900000007182825,-0.0010000000002037268,-0.006000000000000227,0.0050009999070984934,5.000999907098493,191.5346206394764,-0.06712328776962775,-0.013698630139777079,-0.08219178082192093,0.06850684804244511
09/01/2022,Derecha,PF39,-0.008900000007997733,-0.0020000000004074536,-0.006000000000000227,0.009121951553477439,9.12195155347744,192.66506375652537,-0.08476190483807365,-0.01904761905149956,-0.05714285714285931,0.08687572908073751
12/02/2022,Derecha,PF39,9.999999747378752e-05,0.0,0.0,9.999999747378752e-05,0.09999999747378752,360.0,0.0007194244422574641,0.0,0.0,0.0007194244422574641
16/02/2022,Derecha,PF39,-0.004900000007182825,0.0,0.014000000000010004,0.004900000007182825,4.900000007182825,180.0,-0.03426573431596382,0.0,0.09790209790216786,0.03426573431596382
26/02/2022,Derecha,PF39,-0.004900000007182825,0.0,0.014000000000010004,0.004900000007182825,4.900000007182825,180.0,-0.03202614383779624,0.0,0.0915032679739216,0.03202614383779624
07/03/2022,Derecha,PF39,,,,,,,,,,
11/03/2022,Derecha,PF39,-0.006900000007590279,0.0,0.004000000000019099,0.006900000007590279,6.900000007590279,180.0,-0.04156626510596553,0.0,0.02409638554228373,0.04156626510596553
14/03/2022,Derecha,PF39,,,,,,,,,,
21/03/2022,Derecha,PF39,,,,,,,,,,
28/03/2022,Derecha,PF39,-0.008900000007997733,-0.0010000000002037268,0.007000000000005002,0.008956003580993428,8.956003580993428,186.41084001581467,-0.048633879825124224,-0.005464480875430201,0.03825136612024591,0.04893991027865261
06/04/2022,Derecha,PF39,,,,,,,,,,
11/04/2022,Derecha,PF39,,,,,,,,,,
20/04/2022,Derecha,PF39,,,,,,,,,,
01/05/2022,Derecha,PF39,-0.024900000003981404,0.004000000000814907,0.01099999999999568,0.02521923869201434,25.21923869201434,170.87382909474832,-0.11474654379714933,0.018433179727257637,0.050691244239611424,0.11621768982495088
09/05/2022,Derecha,PF39,,,,,,,,,,
16/05/2022,Derecha,PF39,,,,,,,,,,
24/05/2022,Derecha,PF39,-0.011900000004970934,-0.0010000000002037268,0.0030000000000143245,0.011941942895472063,11.941942895472064,184.80348575804595,-0.049583333354045564,-0.004166666667515528,0.012500000000059686,0.04975809539780026
30/05/2022,Derecha,PF39,,,,,,,,,,
10/06/2022,Derecha,PF39,,,,,,,,,,
14/06/2022,Derecha,PF39,,,,,,,,,,
24/06/2022,Derecha,PF39,-0.02290000000357395,0.0020000000004074536,0.016999999999995907,0.02298717033837172,22.98717033837172,175.0086667422388,-0.0845018450316382,0.007380073802241527,0.06273062730625796,0.08482350678365948
27/06/2022,Derecha,PF39,,,,,,,,,,
04/07/2022,Derecha,PF39,,,,,,,,,,
11/07/2022,Derecha,PF39,,,,,,,,,,
23/07/2022,Derecha,PF39,-0.01590000000578584,0.004000000000814907,0.01300000000000523,0.016395426197281637,16.395426197281637,165.8789995257836,-0.00035518820520017515,8.935552330648736e-05,0.0002904054506870374,0.0003662554718481322
01/08/2022,Derecha,PF39,,,,,,,,,,
08/08/2022,Derecha,PF39,,,,,,,,,,
16/08/2022,Derecha,PF39,,,,,,,,,,
30/08/2022,Derecha,PF39,,,,,,,,,,
16/11/2022,Derecha,PF39,-0.02890000000479631,-0.006000000001222361,-0.0010000000000047748,0.02951626670654497,29.51626670654497,191.72869815688873,-0.00064392504634024,-0.00013368686083693236,-2.2281143468389183e-05,0.0006576561731366274
27/11/2022,Derecha,PF39,-0.02590000000782311,0.0010000000002037268,-0.007000000000005002,0.025919297837820463,25.919297837820462,177.7889060230461,-0.0005769402122387756,2.2275683868032762e-05,-0.00015592978704457368,0.000577370084599048
14/12/2022,Derecha,PF39,-0.02990000000136206,-0.006000000001222361,0.0010000000000047748,0.030496065321547947,30.49606532154795,191.3467786311476,-0.0006657908214692391,-0.0001336035093460634,2.2267251553247117e-05,0.0006790635578959217
09/02/2023,Derecha,PF39,-0.03290000000561122,-0.005000000001018634,0.01099999999999568,0.03327777036370382,33.27777036370382,188.64144082676336,-0.0007316639239783663,-0.00011119512522836442,0.0002446292754524681,0.000740065168431789
18/02/2023,Derecha,PF39,-0.02890000000479631,-0.005000000001018634,-0.019000000000005457,0.029329336853863797,29.329336853863797,189.81559888311713,-0.0006425792107792398,-0.0001111728738414371,-0.00042245692051151655,0.000652125333048667
04/03/2023,Derecha,PF39,-0.037900000002991874,0.0,0.020000000000010232,0.037900000002991874,37.900000002991874,180.0,-0.0008424281491696164,0.0,0.0004445531129834011,0.0008424281491696164
08/03/2023,Derecha,PF39,-0.011900000004970934,0.006000000001222361,-0.02400000000000091,0.013327040186514654,13.327040186514655,153.2426818330525,-0.00026448558675729413,0.00013335407732808127,-0.000533416309203674,0.0002962025245374759
17/03/2023,Derecha,PF39,-0.0039000000033411197,-0.009000000001833541,-0.00899999999998613,0.00980866963757392,9.808669637573919,246.57130717760555,-8.666281506024443e-05,-0.00019999111154689884,-0.0001999911115058471,0.0002179607492461206
29/03/2023,Derecha,PF39,,,,,,,,,,
04/04/2023,Derecha,PF39,-0.021900000007008202,-0.0030000000006111804,-0.016999999999995907,0.022104524430772682,22.10452443077268,187.80018788328584,-0.00048645046661502004,-6.663705021348691e-05,-0.0003776099511327389,0.0004909934347128538
13/04/2023,Derecha,PF39,-0.006900000007590279,-0.0010000000002037268,-0.030000000000001137,0.006972087212962364,6.972087212962364,188.2463208071789,-0.000153234582326729,-2.220791046222938e-05,-0.0006662373137311763,0.00015483548852877844
17/04/2023,Derecha,PF39,-0.0019000000029336661,-0.006000000001222361,-0.03100000000000591,0.006293647593074803,6.2936475930748035,252.4287411995758,-4.2191282013937915e-05,-0.00013323562723385873,-0.0006883840739014925,0.00013975634741355902
25/04/2023,Derecha,PF39,,,,,,,,,,
08/05/2023,Derecha,PF39,-0.01990000000660075,0.0030000000006111804,0.0049999999999954525,0.020124860254580077,20.124860254580078,171.42700163746937,-0.000441692191738819,6.658676256517025e-05,0.00011097793758590698,0.00044668309705198376
19/05/2023,Derecha,PF39,-0.030900000005203765,0.0030000000006111804,-0.013999999999981583,0.031045289503002862,31.045289503002863,174.45468269094332,-0.0006856762455387499,6.657050927795807e-05,-0.0003106623765667721,0.0006889002441585012
31/05/2023,Derecha,PF39,-0.017900000006193295,0.007999999997991836,-0.022999999999996135,0.019606376518612238,19.606376518612237,155.91882497382088,-0.0003970982986044611,0.00017747409982900008,-0.0005102380371363697,0.000434953003052826
11/06/2023,Derecha,PF39,-0.017900000006193295,0.007000000001426088,-0.022999999999996135,0.019220041629551304,19.220041629551304,158.64144762570427,-0.00039700141958377605,0.00015525195177045086,-0.0005101135557131862,0.00042627842506989225
19/06/2023,Derecha,PF39,-0.020900000003166497,0.004000000000814907,-0.020999999999986585,0.02127933269956741,21.27933269956741,169.1653211560695,-0.0004634557389384091,8.869966295935133e-05,-0.00046567323044142684,0.00047186740951675113
07/07/2023,Derecha,PF39,-0.020900000003166497,0.0010000000002037268,-0.002999999999985903,0.020923909771664737,20.923909771664736,177.2606642779386,-0.0004632708250912465,2.2166068187341553e-05,-6.64982045481647e-05,0.00046380081065001413
12/07/2023,Derecha,PF39,-0.01590000000578584,-0.0010000000002037268,-0.007999999999981355,0.015931415511008344,15.931415511008344,183.59876811623343,-0.00035240142746483395,-2.2163611786691346e-05,-0.00017730889425699497,0.0003530977085265264
17/07/2023,Derecha,PF39,-0.01590000000578584,0.00999999999839929,-0.007000000000005002,0.018783237211726193,18.783237211726192,147.8329474277535,-0.0003523623793499211,0.00022161155922345734,-0.00015512809148136253,0.0004162582486421016
28/07/2023,Derecha,PF39,-0.02590000000782311,-0.01900000000023283,-0.006000000000000227,0.032121799457908405,32.1217994579084,216.26342698123761,-0.0005738340535686963,-0.0004209593441948118,-0.00013293452974410606,0.0007116827175785623
07/08/2023,Derecha,PF39,-0.023900000007415656,-0.013999999999214197,-0.007000000000005002,0.027698555925038146,27.698555925038146,210.36066532853715,-0.000529405249915066,-0.00031011186176130686,-0.00015505593088946734,0.0006135464818925274
19/08/2023,Derecha,PF39,-0.01590000000578584,0.005000000001018634,-0.009999999999990905,0.016667633311126574,16.667633311126572,162.54344186895918,-0.00035210487866301664,0.00011072480459327755,-0.00022144960914123845,0.00036910408820618225
25/08/2023,Derecha,PF39,-0.01590000000578584,0.0030000000006111804,-0.007000000000005002,0.016180543877993003,16.180543877993003,169.3150876016692,-0.00035205810078572816,6.642605674138521e-05,-0.0001549941323650998,0.00035826990850902293
24/09/2023,Derecha,PF39,-0.01990000000660075,0.005000000001018634,-0.025000000000005684,0.020518528218975554,20.518528218975554,165.89603105764974,-0.0004403336801407463,0.00011063660303628072,-0.0005531830150688311,0.0004540200521978084
04/10/2023,Derecha,PF39,-0.017900000006193295,0.004000000000814907,-0.016999999999995907,0.018341483043315752,18.34148304331575,167.40342676591638,-0.00039599141663591565,8.848970202895621e-05,-0.0003760812335463555,0.00040575809223537715
14/10/2023,Derecha,PF39,,,,,,,,,,
01/11/2023,Derecha,PF39,-0.017900000006193295,0.006000000001222361,-0.016999999999995907,0.018878824122184844,18.878824122184845,161.46907843928807,-0.00039574628034297923,0.00013265238445363492,-0.0003758484225419714,0.0004173868391630705
14/09/2024,Derecha,PF39,-0.007900000004156027,0.006000000001222361,-0.009999999999990905,0.009920181454002419,9.92018145400242,142.78355953536135,-0.00017343959261797244,0.00013172627283194717,-0.00021954378800831864,0.00021779142141435418
21/04/2025,Derecha,PF39,-0.010900000001129229,0.008999999998195563,-0.015999999999991132,0.014135416512863614,14.135416512863614,140.45391889714546,-0.00023815766476859877,0.00019664394332711857,-0.00034958923265144057,0.00030884933824645194
25/05/2025,Derecha,PF39,-0.010900000001129229,0.004000000000814907,-0.02199999999999136,0.011610770862915882,11.610770862915881,159.84825296393268,-0.00023798087422228787,8.733243091600601e-05,-0.00048032836993998866,0.0002534992110151496
04/10/2021,Derecha,PF40,-0.00033333332976326346,0.0006666666668024845,-0.00033333333334439885,0.0007453559910248253,0.7453559910248253,116.56505092694898,-0.04166666622040793,0.08333333335031057,-0.041666666668049857,0.09316949887810316
10/10/2021,Derecha,PF40,-0.00033333332976326346,0.0016666666670062114,0.0026666666666699257,0.0016996731708303976,1.6996731708303976,101.30993235376589,-0.02380952355451882,0.11904761907187224,0.19047619047642325,0.12140522648788554
14/10/2021,Derecha,PF40,0.0006666666668024845,0.002666666667209938,0.0016666666666651508,0.0027487370843050983,2.748737084305098,75.96375653207353,0.03703703704458247,0.14814814817832989,0.09259259259250839,0.1527076157947277
18/10/2021,Derecha,PF40,-0.00033333332976326346,0.0016666666670062114,-0.002333333333325527,0.0016996731708303976,1.6996731708303976,101.30993235376589,-0.015151514989239247,0.07575757577300961,-0.10606060606025122,0.07725787140138171
27/10/2021,Derecha,PF40,0.0006666666668024845,0.003666666667413665,0.004666666666651054,0.0037267799632588945,3.7267799632588945,79.69515353123397,0.021505376348467244,0.11827956991656983,0.1505376344080985,0.12021870849222241
01/11/2021,Derecha,PF40,-0.00033333332976326346,0.004666666667617392,-0.00033333333334439885,0.004678556283233352,4.678556283233352,94.08561673553571,-0.009259259160090653,0.12962962965603866,-0.009259259259566636,0.129959896756482
11/11/2021,Derecha,PF40,-0.00033333332976326346,0.0006666666668024845,-0.002333333333325527,0.0007453559910248253,0.7453559910248253,116.56505092694898,-0.007246376733983988,0.01449275362614097,-0.05072463768098972,0.016203391109235334
16/11/2021,Derecha,PF40,0.0006666666668024845,0.003666666667413665,-0.0033333333333303017,0.0037267799632588945,3.7267799632588945,79.69515353123397,0.013071895427499697,0.07189542485124832,-0.06535947712412356,0.07307411692664499
24/11/2021,Derecha,PF40,9.999999747378752e-05,0.0,0.0,9.999999747378752e-05,0.09999999747378752,360.0,0.0016949152114201275,0.0,0.0,0.0016949152114201275
01/12/2021,Derecha,PF40,-0.00023333333228947595,0.007666666668228572,-0.002333333333325527,0.007670216570976618,7.670216570976618,91.74324647615695,-0.0035353535195375143,0.1161616161852814,-0.03535353535341707,0.11621540259055482
08/12/2021,Derecha,PF40,9.999999747378752e-05,0.0,0.0,9.999999747378752e-05,0.09999999747378752,360.0,0.0013698629790929798,0.0,0.0,0.0013698629790929798
09/01/2022,Derecha,PF40,0.0007666666642762721,-0.011333333332004258,0.0036666666666747005,0.011359235105782047,11.359235105782046,273.8699949489289,0.0073015872788216385,-0.10793650792385008,0.03492063492071144,0.10818319148363854
12/02/2022,Derecha,PF40,9.999999747378752e-05,0.0,0.0,9.999999747378752e-05,0.09999999747378752,360.0,0.0007194244422574641,0.0,0.0,0.0007194244422574641
16/02/2022,Derecha,PF40,-0.00023333333228947595,0.006666666668024845,0.0026666666666699257,0.00667074875156536,6.67074875156536,92.00453402273753,-0.0016317016244019298,0.04662004662954437,0.01864801864804144,0.04664859266828923
26/02/2022,Derecha,PF40,-0.00023333333228947595,0.006666666668024845,0.0026666666666699257,0.00667074875156536,6.67074875156536,92.00453402273753,-0.0015250544594083394,0.04357298475833232,0.017429193899803436,0.04359966504291085
07/03/2022,Derecha,PF40,,,,,,,,,,
11/03/2022,Derecha,PF40,9.999999747378752e-05,0.0,0.0,9.999999747378752e-05,0.09999999747378752,360.0,0.0006024096233360693,0.0,0.0,0.0006024096233360693
14/03/2022,Derecha,PF40,,,,,,,,,,
21/03/2022,Derecha,PF40,,,,,,,,,,
28/03/2022,Derecha,PF40,9.999999747378752e-05,0.0,0.0,9.999999747378752e-05,0.09999999747378752,360.0,0.0005464480736272542,0.0,0.0,0.0005464480736272542
06/04/2022,Derecha,PF40,,,,,,,,,,
11/04/2022,Derecha,PF40,,,,,,,,,,
20/04/2022,Derecha,PF40,,,,,,,,,,
01/05/2022,Derecha,PF40,9.999999747378752e-05,0.0,0.0,9.999999747378752e-05,0.09999999747378752,360.0,0.0004608294814460254,0.0,0.0,0.0004608294814460254
09/05/2022,Derecha,PF40,,,,,,,,,,
16/05/2022,Derecha,PF40,,,,,,,,,,
24/05/2022,Derecha,PF40,-0.00023333333228947595,0.002666666667209938,0.0016666666666651508,0.002676855535505394,2.676855535505394,95.00064457428701,-0.0009722222178728164,0.011111111113374744,0.006944444444438129,0.011153564731272476
30/05/2022,Derecha,PF40,,,,,,,,,,
10/06/2022,Derecha,PF40,,,,,,,,,,
14/06/2022,Derecha,PF40,,,,,,,,,,
24/06/2022,Derecha,PF40,9.999999747378752e-05,0.0,0.0,9.999999747378752e-05,0.09999999747378752,360.0,0.0003690036807150831,0.0,0.0,0.0003690036807150831
27/06/2022,Derecha,PF40,,,,,,,,,,
04/07/2022,Derecha,PF40,,,,,,,,,,
11/07/2022,Derecha,PF40,,,,,,,,,,
23/07/2022,Derecha,PF40,9.999999747378752e-05,0.0,0.0,9.999999747378752e-05,0.09999999747378752,360.0,2.233888025774322e-06,0.0,0.0,2.233888025774322e-06
01/08/2022,Derecha,PF40,,,,,,,,,,
08/08/2022,Derecha,PF40,,,,,,,,,,
16/08/2022,Derecha,PF40,,,,,,,,,,
30/08/2022,Derecha,PF40,,,,,,,,,,
16/11/2022,Derecha,PF40,9.999999747378752e-05,0.0,0.0,9.999999747378752e-05,0.09999999747378752,360.0,2.2281142905413763e-06,0.0,0.0,2.2281142905413763e-06
27/11/2022,Derecha,PF40,9.999999747378752e-05,0.0,0.0,9.999999747378752e-05,0.09999999747378752,360.0,2.22756833007635e-06,0.0,0.0,2.22756833007635e-06
14/12/2022,Derecha,PF40,9.999999747378752e-05,0.0,0.0,9.999999747378752e-05,0.09999999747378752,360.0,2.2267250990622708e-06,0.0,0.0,2.2267250990622708e-06
09/02/2023,Derecha,PF40,,,,,,,,,,
18/02/2023,Derecha,PF40,9.999999747378752e-05,0.0,0.0,9.999999747378752e-05,0.09999999747378752,360.0,2.223457420206504e-06,0.0,0.0,2.223457420206504e-06
04/03/2023,Derecha,PF40,,,,,,,,,,
08/03/2023,Derecha,PF40,,,,,,,,,,
17/03/2023,Derecha,PF40,,,,,,,,,,
29/03/2023,Derecha,PF40,9.999999747378752e-05,0.0,0.0,9.999999747378752e-05,0.09999999747378752,360.0,2.221531023099203e-06,0.0,0.0,2.221531023099203e-06
04/04/2023,Derecha,PF40,,,,,,,,,,
13/04/2023,Derecha,PF40,,,,,,,,,,
17/04/2023,Derecha,PF40,,,,,,,,,,
25/04/2023,Derecha,PF40,9.999999747378752e-05,0.0,0.0,9.999999747378752e-05,0.09999999747378752,360.0,2.2201993178168226e-06,0.0,0.0,2.2201993178168226e-06
08/05/2023,Derecha,PF40,,,,,,,,,,
19/05/2023,Derecha,PF40,,,,,,,,,,
31/05/2023,Derecha,PF40,0.008766666665906087,0.003666666667413665,-0.00033333333334439885,0.00950257275063082,9.50257275063082,22.697166282552676,0.000194482034427892,8.134229579194856e-05,-7.394754161643385e-06,0.00021080756817514078
11/06/2023,Derecha,PF40,0.008766666665906087,0.003666666667413665,-0.00033333333334439885,0.00950257275063082,9.50257275063082,22.697166282552676,0.00019443458716079858,8.1322450927379e-05,-7.392950083046461e-06,0.0002107561380107971
19/06/2023,Derecha,PF40,0.008766666665906087,0.005666666667821119,0.000666666666660376,0.010438656788845193,10.438656788845194,32.87813564060344,0.000194400094596108,0.00012565785585908103,1.4783277156740643e-05,0.00023147633468257039
07/07/2023,Derecha,PF40,,,,,,,,,,
12/07/2023,Derecha,PF40,,,,,,,,,,
17/07/2023,Derecha,PF40,0.0077666666693403386,0.003666666667413665,-0.0033333333333303017,0.008588687653103038,8.588687653103038,25.272136759708104,0.00017211831108368802,8.125757174482902e-05,-7.38705197529098e-05,0.00019033524627920927
28/07/2023,Derecha,PF40,,,,,,,,,,
07/08/2023,Derecha,PF40,,,,,,,,,,
19/08/2023,Derecha,PF40,0.0037666666685254313,0.005666666667821119,-0.00033333333334439885,0.0068043286895898385,6.8043286895898385,56.38777994497551,8.341268615110462e-05,0.00012548811187238122,-7.381653638293041e-06,0.00015068159287795555
25/08/2023,Derecha,PF40,,,,,,,,,,
24/09/2023,Derecha,PF40,0.004766666665091179,-0.00033333333340124227,-0.00033333333334439885,0.004778307462611406,4.778307462611406,355.99981423735676,0.00010547356150490518,-7.3757735357520475e-06,-7.375773534494254e-06,0.0001057311411637069
04/10/2023,Derecha,PF40,,,,,,,,,,
14/10/2023,Derecha,PF40,,,,,,,,,,
01/11/2023,Derecha,PF40,0.004766666665091179,0.0006666666668024845,-0.005333333333339851,0.004813060932578872,4.813060932578872,7.961750895207103,0.00010538494981519708,1.4739153828181657e-05,-0.00011791323060157528,0.00010641066818285848
14/09/2024,Derecha,PF40,0.005766666668932885,0.003666666667413665,-0.00033333333334439885,0.006833658531160591,6.833658531160591,32.449757277768015,0.000126603584467999,8.049938895285659e-05,-7.318126267193546e-06,0.00015002872798877234
21/04/2025,Derecha,PF40,0.011766666670155246,-0.009333333331596805,-0.00033333333334439885,0.01501884002196036,15.01884002196036,321.5785090519545,0.00025709374825544584,-0.00020392705234217805,-7.2831090138174895e-06,0.0003281515474121736
25/05/2025,Derecha,PF40,0.018766666667943355,0.015666666666220408,-0.0033333333333303017,0.024446517589549594,24.446517589549593,39.85558485085816,0.000409734654991995,0.0003420520210082618,-7.277702574844552e-05,0.0005337434520228285
04/10/2021,Derecha,PF41,-0.0003333333370392211,0.001333333333604969,0.00033333333331597714,0.0013743685430348887,1.3743685430348886,104.03624361506118,-0.041666667129902635,0.16666666670062114,0.04166666666449714,0.17179606787936108
10/10/2021,Derecha,PF41,-0.0013333333408809267,0.0033333333340124227,0.001333333333320752,0.003590109874856627,3.590109874856627,111.80140959416603,-0.09523809577720906,0.23809523814374448,0.09523809523719658,0.2564364196326162
14/10/2021,Derecha,PF41,-0.0003333333370392211,-0.0006666666668024845,0.00033333333331597714,0.0007453559942787325,0.7453559942787326,243.43494857279302,-0.018518518724401172,-0.03703703704458247,0.018518518517554285,0.04140866634881848
18/10/2021,Derecha,PF41,-0.0003333333370392211,0.00033333333340124227,-0.0016666666666935726,0.0004714045234595089,0.4714045234595089,135.00000031266123,-0.015151515319964596,0.015151515154601922,-0.07575757575879875,0.02142747833906859
27/10/2021,Derecha,PF41,0.0006666666595265269,0.00033333333340124227,0.007333333333320979,0.0007453559861439646,0.7453559861439646,26.565051427206992,0.021505376113758932,0.010752688174233622,0.2365591397845477,0.024043741488514986
01/11/2021,Derecha,PF41,-0.0003333333370392211,0.004333333330578171,-0.0016666666666935726,0.004346134934338947,4.346134934338947,94.39870540649268,-0.009259259362200586,0.12037037029383807,-0.04629629629704368,0.12072597039830409
11/11/2021,Derecha,PF41,-0.0003333333370392211,0.002333333333808696,-0.0026666666666983474,0.002357022604949835,2.357022604949835,98.13010244170111,-0.00724637689215698,0.05072463769149339,-0.05797101449344233,0.051239621846735535
16/11/2021,Derecha,PF41,-0.0003333333370392211,0.00033333333340124227,-0.0036666666667031222,0.0004714045234595089,0.4714045234595089,135.00000031266123,-0.0065359477850827664,0.006535947713749849,-0.07189542483731613,0.00924322595018645
24/11/2021,Derecha,PF41,9.999999747378752e-05,0.0,0.0,9.999999747378752e-05,0.09999999747378752,360.0,0.0016949152114201275,0.0,0.0,0.0016949152114201275
01/12/2021,Derecha,PF41,-0.0012333333434071392,0.007333333331189351,-0.004666666666679475,0.007436322268587647,7.436322268587647,99.54676700068582,-0.01868686883950211,0.11111111107862653,-0.07070707070726477,0.11267154952405527
08/12/2021,Derecha,PF41,9.999999747378752e-05,0.0,0.0,9.999999747378752e-05,0.09999999747378752,360.0,0.0013698629790929798,0.0,0.0,0.0013698629790929798
09/01/2022,Derecha,PF41,9.999999747378752e-05,0.0,0.0,9.999999747378752e-05,0.09999999747378752,360.0,0.0009523809283217858,0.0,0.0,0.0009523809283217858
12/02/2022,Derecha,PF41,9.999999747378752e-05,0.0,0.0,9.999999747378752e-05,0.09999999747378752,360.0,0.0007194244422574641,0.0,0.0,0.0007194244422574641
16/02/2022,Derecha,PF41,0.0007666666570003144,0.002333333333808696,0.004333333333306655,0.0024560582667393785,2.4560582667393787,71.81095451804246,0.005361305293708493,0.016317016320340532,0.03030303030284374,0.017175232634541106
26/02/2022,Derecha,PF41,9.999999747378752e-05,0.0,0.0,9.999999747378752e-05,0.09999999747378752,360.0,0.0006535947547306374,0.0,0.0,0.0006535947547306374
07/03/2022,Derecha,PF41,,,,,,,,,,
11/03/2022,Derecha,PF41,9.999999747378752e-05,0.0,0.0,9.999999747378752e-05,0.09999999747378752,360.0,0.0006024096233360693,0.0,0.0,0.0006024096233360693
14/03/2022,Derecha,PF41,,,,,,,,,,
21/03/2022,Derecha,PF41,,,,,,,,,,
28/03/2022,Derecha,PF41,9.999999747378752e-05,0.0,0.0,9.999999747378752e-05,0.09999999747378752,360.0,0.0005464480736272542,0.0,0.0,0.0005464480736272542
06/04/2022,Derecha,PF41,,,,,,,,,,
11/04/2022,Derecha,PF41,,,,,,,,,,
20/04/2022,Derecha,PF41,,,,,,,,,,
01/05/2022,Derecha,PF41,9.999999747378752e-05,0.0,0.0,9.999999747378752e-05,0.09999999747378752,360.0,0.0004608294814460254,0.0,0.0,0.0004608294814460254
09/05/2022,Derecha,PF41,,,,,,,,,,
16/05/2022,Derecha,PF41,,,,,,,,,,
24/05/2022,Derecha,PF41,0.00176666666084202,0.00033333333340124227,-0.0006666666666887977,0.0017978382023105073,1.7978382023105073,10.684912436546144,0.00736111108684175,0.001388888889171843,-0.0027777777778699906,0.007490992509627113
30/05/2022,Derecha,PF41,,,,,,,,,,
10/06/2022,Derecha,PF41,,,,,,,,,,
14/06/2022,Derecha,PF41,,,,,,,,,,
24/06/2022,Derecha,PF41,9.999999747378752e-05,0.0,0.0,9.999999747378752e-05,0.09999999747378752,360.0,0.0003690036807150831,0.0,0.0,0.0003690036807150831
27/06/2022,Derecha,PF41,,,,,,,,,,
04/07/2022,Derecha,PF41,,,,,,,,,,
11/07/2022,Derecha,PF41,,,,,,,,,,
23/07/2022,Derecha,PF41,0.002766666657407768,0.004333333330578171,0.00033333333331597714,0.0051412276887054485,5.141227688705449,57.44333427834027,6.180423673422916e-05,9.680181683409294e-05,7.44629360696922e-06,0.00011484927261712161
01/08/2022,Derecha,PF41,,,,,,,,,,
08/08/2022,Derecha,PF41,,,,,,,,,,
16/08/2022,Derecha,PF41,,,,,,,,,,
30/08/2022,Derecha,PF41,,,,,,,,,,
16/11/2022,Derecha,PF41,0.0007666666570003144,0.0053333333307818975,-0.004666666666679475,0.005388155730877233,5.388155730877234,81.81977021538486,1.708220977697276e-05,0.00011883276510732598,-0.00010397866951893843,0.00012005427086912577
27/11/2022,Derecha,PF41,9.999999747378752e-05,0.0,0.0,9.999999747378752e-05,0.09999999747378752,360.0,2.22756833007635e-06,0.0,0.0,2.22756833007635e-06
14/12/2022,Derecha,PF41,9.999999747378752e-05,0.0,0.0,9.999999747378752e-05,0.09999999747378752,360.0,2.2267250990622708e-06,0.0,0.0,2.2267250990622708e-06
09/02/2023,Derecha,PF41,,,,,,,,,,
18/02/2023,Derecha,PF41,9.999999747378752e-05,0.0,0.0,9.999999747378752e-05,0.09999999747378752,360.0,2.223457420206504e-06,0.0,0.0,2.223457420206504e-06
04/03/2023,Derecha,PF41,,,,,,,,,,
08/03/2023,Derecha,PF41,,,,,,,,,,
17/03/2023,Derecha,PF41,,,,,,,,,,
29/03/2023,Derecha,PF41,9.999999747378752e-05,0.0,0.0,9.999999747378752e-05,0.09999999747378752,360.0,2.221531023099203e-06,0.0,0.0,2.221531023099203e-06
04/04/2023,Derecha,PF41,,,,,,,,,,
13/04/2023,Derecha,PF41,,,,,,,,,,
17/04/2023,Derecha,PF41,,,,,,,,,,
25/04/2023,Derecha,PF41,0.005766666661656927,-0.0006666666668024845,-0.0026666666666983474,0.005805074403596476,5.805074403596476,353.4054849607619,0.0001280314971172249,-1.4801329162373939e-05,-5.9205316638137415e-05,0.00012888422556329735
08/05/2023,Derecha,PF41,,,,,,,,,,
19/05/2023,Derecha,PF41,,,,,,,,,,
31/05/2023,Derecha,PF41,0.012766666659445036,0.002333333333808696,0.00333333333330188,0.012978144013688872,12.97814401368887,10.357495926033165,0.00028321908422133317,5.17632791403309e-05,7.394754161328127e-05,0.0002879105533573413
11/06/2023,Derecha,PF41,0.012766666659445036,0.001333333333604969,0.002333333333297105,0.012836103589948456,12.836103589948456,5.962278409940434,0.0002831499880111124,2.9571800337228733e-05,5.1750650578803785e-05,0.00028469001929445654
19/06/2023,Derecha,PF41,0.010766666659037583,0.0053333333307818975,0.002333333333297105,0.012015221819178397,12.015221819178397,26.35179244190812,0.00023874992591443991,0.00011826621719846322,5.174147004827712e-05,0.00026643653138146167
07/07/2023,Derecha,PF41,,,,,,,,,,
12/07/2023,Derecha,PF41,,,,,,,,,,
17/07/2023,Derecha,PF41,0.01176666665560333,0.004333333330578171,-0.0036666666667031222,0.012539227326194663,12.539227326194663,20.21733734424408,0.0002607629344828324,9.603167561781248e-05,-8.125757172908259e-05,0.0002778837719660195
28/07/2023,Derecha,PF41,,,,,,,,,,
07/08/2023,Derecha,PF41,,,,,,,,,,
19/08/2023,Derecha,PF41,0.008766666658630129,0.004333333330578171,-0.0006666666666887977,0.009779172871845392,9.779172871845391,26.30302962817178,0.0001941374905026935,9.596149723361097e-05,-1.4763307276586082e-05,0.0002165594010196734
25/08/2023,Derecha,PF41,,,,,,,,,,
24/09/2023,Derecha,PF41,0.008766666658630129,0.002333333333808696,-0.0006666666666887977,0.009071873497255127,9.071873497255128,14.90429493362822,0.0001939828437729323,5.163041475026433e-05,-1.4751547068988509e-05,0.00020073625334133887
04/10/2023,Derecha,PF41,,,,,,,,,,
14/10/2023,Derecha,PF41,,,,,,,,,,
01/11/2023,Derecha,PF41,0.009766666662471835,0.001333333333604969,0.00033333333331597714,0.009857259024411445,9.857259024411444,7.773892154733153,0.00021592860344612843,2.9478307656363315e-05,7.369576912205725e-06,0.0002179314855831497
14/09/2024,Derecha,PF41,0.01476666665985249,0.002333333333808696,0.00033333333331597714,0.014949879219908832,14.949879219908832,8.979268069625125,0.000324192993476311,5.1226883879090565e-05,7.318126266569565e-06,0.0003282153114208618
21/04/2025,Derecha,PF41,0.015766666656418238,0.007333333331189351,-0.0006666666666887977,0.01738866168515977,17.388661685159768,24.943905271260384,0.00034449105611821006,0.00016022839825182117,-1.4566218027634979e-05,0.0003799305559596174
25/05/2025,Derecha,PF41,0.023766666658048052,0.0203333333338378,-0.0006666666666887977,0.03127776987733832,31.27776987733832,40.548310480100824,0.0005189001933987174,0.0004439398570769355,-1.4555405150185531e-05,0.0006828909191157225
04/10/2021,Derecha,PF43,-0.0006666666668024845,0.0006666666668024845,0.00033333333331597714,0.0009428090417741388,0.9428090417741388,135.0,-0.08333333335031057,0.08333333335031057,0.04166666666449714,0.11785113022176735
10/10/2021,Derecha,PF43,-0.0016666666633682325,-0.00033333333340124227,-0.0006666666666887977,0.001699673167976532,1.699673167976532,191.30993249807108,-0.11904761881201661,-0.02380952381437445,-0.04761904762062841,0.121405226284038
14/10/2021,Derecha,PF43,0.0003333333370392211,-0.00033333333340124227,-0.0026666666666983474,0.0004714045234595089,0.4714045234595089,315.00000031266126,0.018518518724401172,-0.018518518522291236,-0.14814814814990818,0.02618914019219494
18/10/2021,Derecha,PF43,-0.0006666666668024845,0.0006666666668024845,-0.006666666666689025,0.0009428090417741388,0.9428090417741388,135.0,-0.030303030309203845,0.030303030309203845,-0.3030303030313193,0.04285495644427904
27/10/2021,Derecha,PF43,-0.002666666667209938,-0.0013333333299669903,0.0063333333333162045,0.002981423968980162,2.9814239689801623,206.56505111454575,-0.08602150539386898,-0.04301075257958033,0.20430107526826466,0.09617496674129555
01/11/2021,Derecha,PF43,-0.0006666666668024845,-0.0013333333299669903,-0.0076666666666938,0.0014907119820496506,1.4907119820496506,243.43494876038977,-0.018518518522291236,-0.03703703694352751,-0.21296296296371667,0.04140866616804585
11/11/2021,Derecha,PF43,-0.003666666663775686,-0.00033333333340124227,-0.016666666666708352,0.0036817870028561274,3.6817870028561273,185.1944289128604,-0.07971014486468883,-0.007246376813070485,-0.3623188405806163,0.08003884788817668
16/11/2021,Derecha,PF43,-0.004666666667617392,-0.003333333330374444,-0.017666666666684705,0.005734883510415568,5.7348835104155675,215.53767776239832,-0.09150326799249789,-0.06535947706616557,-0.3464052287585236,0.11244869628265819
24/11/2021,Derecha,PF43,9.999999747378752e-05,0.0,0.0,9.999999747378752e-05,0.09999999747378752,360.0,0.0016949152114201275,0.0,0.0,0.0016949152114201275
01/12/2021,Derecha,PF43,-0.004566666670143604,-0.0053333333307818975,-0.028666666666708807,0.0070213167492593305,7.021316749259331,229.42820880829,-0.06919191924460005,-0.08080808076942268,-0.4343434343440728,0.10638358710998985
08/12/2021,Derecha,PF43,9.999999747378752e-05,0.0,0.0,9.999999747378752e-05,0.09999999747378752,360.0,0.0013698629790929798,0.0,0.0,0.0013698629790929798
09/01/2022,Derecha,PF43,-0.011566666667931713,-0.010333333331800532,-0.00966666666670335,0.015510175871122236,15.510175871122236,221.7767017857488,-0.11015873017077822,-0.09841269839810031,-0.09206349206384143,0.14771596067735462
12/02/2022,Derecha,PF43,9.999999747378752e-05,0.0,0.0,9.999999747378752e-05,0.09999999747378752,360.0,0.0007194244422574641,0.0,0.0,0.0007194244422574641
16/02/2022,Derecha,PF43,-0.004566666670143604,-0.0013333333299669903,0.004333333333306655,0.004757333522573474,4.757333522573474,196.27626289140542,-0.031934731959046184,-0.009324009300468464,0.03030303030284374,0.033268066591422896
26/02/2022,Derecha,PF43,9.999999747378752e-05,0.0,0.0,9.999999747378752e-05,0.09999999747378752,360.0,0.0006535947547306374,0.0,0.0,0.0006535947547306374
07/03/2022,Derecha,PF43,,,,,,,,,,
11/03/2022,Derecha,PF43,9.999999747378752e-05,0.0,0.0,9.999999747378752e-05,0.09999999747378752,360.0,0.0006024096233360693,0.0,0.0,0.0006024096233360693
14/03/2022,Derecha,PF43,,,,,,,,,,
21/03/2022,Derecha,PF43,,,,,,,,,,
28/03/2022,Derecha,PF43,9.999999747378752e-05,0.0,0.0,9.999999747378752e-05,0.09999999747378752,360.0,0.0005464480736272542,0.0,0.0,0.0005464480736272542
06/04/2022,Derecha,PF43,,,,,,,,,,
11/04/2022,Derecha,PF43,,,,,,,,,,
20/04/2022,Derecha,PF43,,,,,,,,,,
01/05/2022,Derecha,PF43,-0.001566666665894445,0.007666666668228572,0.0013333333332923303,0.00782510205963806,7.825102059638061,101.5492618157299,-0.007219662054813111,0.035330261143910476,0.006144393240978481,0.0360603781550141
09/05/2022,Derecha,PF43,,,,,,,,,,
16/05/2022,Derecha,PF43,,,,,,,,,,
24/05/2022,Derecha,PF43,-0.007566666667116806,-0.004333333330578171,0.0063333333333162045,0.008719645761449043,8.719645761449042,209.79921581019153,-0.031527777779653356,-0.01805555554407571,0.02638888888881752,0.03633185733937101
30/05/2022,Derecha,PF43,,,,,,,,,,
10/06/2022,Derecha,PF43,,,,,,,,,,
14/06/2022,Derecha,PF43,,,,,,,,,,
24/06/2022,Derecha,PF43,9.999999747378752e-05,0.0,0.0,9.999999747378752e-05,0.09999999747378752,360.0,0.0003690036807150831,0.0,0.0,0.0003690036807150831
27/06/2022,Derecha,PF43,,,,,,,,,,
04/07/2022,Derecha,PF43,,,,,,,,,,
11/07/2022,Derecha,PF43,,,,,,,,,,
23/07/2022,Derecha,PF43,9.999999747378752e-05,0.0,0.0,9.999999747378752e-05,0.09999999747378752,360.0,2.233888025774322e-06,0.0,0.0,2.233888025774322e-06
01/08/2022,Derecha,PF43,,,,,,,,,,
08/08/2022,Derecha,PF43,,,,,,,,,,
16/08/2022,Derecha,PF43,,,,,,,,,,
30/08/2022,Derecha,PF43,,,,,,,,,,
16/11/2022,Derecha,PF43,9.999999747378752e-05,0.0,0.0,9.999999747378752e-05,0.09999999747378752,360.0,2.2281142905413763e-06,0.0,0.0,2.2281142905413763e-06
27/11/2022,Derecha,PF43,9.999999747378752e-05,0.0,0.0,9.999999747378752e-05,0.09999999747378752,360.0,2.22756833007635e-06,0.0,0.0,2.22756833007635e-06
14/12/2022,Derecha,PF43,9.999999747378752e-05,0.0,0.0,9.999999747378752e-05,0.09999999747378752,360.0,2.2267250990622708e-06,0.0,0.0,2.2267250990622708e-06
09/02/2023,Derecha,PF43,,,,,,,,,,
18/02/2023,Derecha,PF43,9.999999747378752e-05,0.0,0.0,9.999999747378752e-05,0.09999999747378752,360.0,2.223457420206504e-06,0.0,0.0,2.223457420206504e-06
04/03/2023,Derecha,PF43,,,,,,,,,,
08/03/2023,Derecha,PF43,,,,,,,,,,
17/03/2023,Derecha,PF43,,,,,,,,,,
29/03/2023,Derecha,PF43,-0.006566666670551058,0.003666666667413665,-0.0006666666666887977,0.0075210076194648645,7.521007619464864,150.82207328654582,-0.00014588054095505972,8.14561395879874e-05,-1.4810207195290304e-05,0.00016708152173690105
04/04/2023,Derecha,PF43,,,,,,,,,,
13/04/2023,Derecha,PF43,,,,,,,,,,
17/04/2023,Derecha,PF43,,,,,,,,,,
25/04/2023,Derecha,PF43,-0.00956666666752426,0.002666666667209938,-0.0016666666666935726,0.009931375646985078,9.931375646985078,164.42441957638331,-0.00021239907345583492,5.9205316649495754e-05,-3.700332289899364e-05,0.00022049633993439485
08/05/2023,Derecha,PF43,,,,,,,,,,
19/05/2023,Derecha,PF43,,,,,,,,,,
31/05/2023,Derecha,PF43,-0.008566666670958512,0.01166666666904348,0.008333333333297333,0.014474076447838786,14.474076447838787,126.28930621913358,-0.00019004518204313758,0.0002588163957016545,0.00018486885403414896,0.0003210967111351418
11/06/2023,Derecha,PF43,-0.008566666670958512,0.01166666666904348,0.008333333333297333,0.014474076447838786,14.474076447838787,126.28930621913358,-0.00018999881722317496,0.0002587532529507514,0.00018482375206922756,0.00032101837402055504
19/06/2023,Derecha,PF43,-0.011566666667931713,0.009666666668636026,0.004333333333306655,0.015074223770714075,15.074223770714076,140.1133194186088,-0.0002564898586999227,0.00021435751881843237,9.609130151912931e-05,0.00033426964189094545
07/07/2023,Derecha,PF43,,,,,,,,,,
12/07/2023,Derecha,PF43,,,,,,,,,,
17/07/2023,Derecha,PF43,-0.01656666666531237,0.002666666667209938,-0.006666666666689025,0.016779915241549363,16.779915241549364,170.85577649748348,-0.0003671364831422828,5.9096415814421115e-05,-0.00014774103950644944,0.00037186231809124555
28/07/2023,Derecha,PF43,,,,,,,,,,
07/08/2023,Derecha,PF43,,,,,,,,,,
19/08/2023,Derecha,PF43,-0.011566666667931713,0.005666666667821119,-0.00566666666668425,0.0128801742585742,12.8801742585742,153.89914058179895,-0.0002561433812682798,0.00012548811187238122,-0.00012548811184720531,0.0002852309555234892
25/08/2023,Derecha,PF43,,,,,,,,,,
04/10/2021,Derecha,PF44,-0.00033333332976326346,0.0006666666668024845,0.002333333333297105,0.0007453559910248253,0.7453559910248253,116.56505092694898,-0.04166666622040793,0.08333333335031057,0.29166666666213814,0.09316949887810316
10/10/2021,Derecha,PF44,-0.002333333330170717,-0.00033333333340124227,0.00033333333331597714,0.002357022600833932,2.357022600833932,188.13010236666244,-0.1666666664407655,-0.02380952381437445,0.02380952380828408,0.16835875720242371
14/10/2021,Derecha,PF44,-0.001333333333604969,-0.002333333333808696,-0.0016666666666935726,0.0026874192499803493,2.687419249980349,240.2551187030578,-0.07407407408916494,-0.12962962965603866,-0.09259259259408736,0.14930106944335275
18/10/2021,Derecha,PF44,0.0006666666668024845,-0.00033333333340124227,-0.0036666666667031222,0.000745355992651779,0.745355992651779,333.434948822922,0.030303030309203845,-0.015151515154601922,-0.16666666666832372,0.033879817847808136
27/10/2021,Derecha,PF44,0.0006666666668024845,0.0006666666668024845,0.010333333333306882,0.0009428090417741388,0.9428090417741388,45.0,0.021505376348467244,0.021505376348467244,0.33333333333248005,0.030413194895939962
01/11/2021,Derecha,PF44,-0.002333333330170717,0.0006666666668024845,0.00033333333331597714,0.0024267032934232203,2.42670329342322,164.05460407548006,-0.06481481472696436,0.018518518522291236,0.009259259258777143,0.06740842481731167
11/11/2021,Derecha,PF44,-0.0033333333340124227,0.0006666666668024845,-0.0006666666666887977,0.003399346343087728,3.399346343087728,168.6900675259798,-0.07246376813070483,0.01449275362614097,-0.014492753623669514,0.07389883354538539
16/11/2021,Derecha,PF44,-0.005333333334419876,-0.00033333333340124227,-0.0006666666666887977,0.0053437398483824625,5.343739848382462,183.57633437499734,-0.10457516341999758,-0.006535947713749849,-0.013071895425270545,0.10477921271338161
24/11/2021,Derecha,PF44,9.999999747378752e-05,0.0,0.0,9.999999747378752e-05,0.09999999747378752,360.0,0.0016949152114201275,0.0,0.0,0.0016949152114201275
01/12/2021,Derecha,PF44,-0.009233333330485038,-0.002333333333808696,-0.0036666666667031222,0.009523596423542354,9.523596423542354,194.18215770829457,-0.1398989898558339,-0.03535353536073781,-0.05555555555610791,0.1442969155082175
08/12/2021,Derecha,PF44,-0.007233333330077585,-0.00033333333340124227,0.00333333333330188,0.00724100974831326,7.24100974831326,182.6384918271339,-0.09908675794626828,-0.0045662100465923595,0.04566210045619014,0.09919191436045562
09/01/2022,Derecha,PF44,-0.010233333334326744,-0.001333333333604969,0.001333333333320752,0.01031982988764568,10.31982988764568,187.42342916967957,-0.09746031746977851,-0.012698412700999705,0.012698412698292876,0.0982840941680541
12/02/2022,Derecha,PF44,-0.005233333336946089,-0.001333333333604969,-0.006666666666689025,0.005400514382361501,5.400514382361501,194.29355810637702,-0.03764988012191431,-0.009592326141042943,-0.047961630695604496,0.038852621455838135
16/02/2022,Derecha,PF44,-0.004233333333104383,-0.00033333333340124227,0.004333333333306655,0.004246436414257142,4.246436414257142,184.5021894931969,-0.029603729602128554,-0.0023310023314772185,0.03030303030284374,0.029695359540259734
26/02/2022,Derecha,PF44,9.999999747378752e-05,0.0,0.0,9.999999747378752e-05,0.09999999747378752,360.0,0.0006535947547306374,0.0,0.0,0.0006535947547306374
07/03/2022,Derecha,PF44,,,,,,,,,,
11/03/2022,Derecha,PF44,9.999999747378752e-05,0.0,0.0,9.999999747378752e-05,0.09999999747378752,360.0,0.0006024096233360693,0.0,0.0,0.0006024096233360693
14/03/2022,Derecha,PF44,,,,,,,,,,
21/03/2022,Derecha,PF44,,,,,,,,,,
28/03/2022,Derecha,PF44,9.999999747378752e-05,0.0,0.0,9.999999747378752e-05,0.09999999747378752,360.0,0.0005464480736272542,0.0,0.0,0.0005464480736272542
06/04/2022,Derecha,PF44,,,,,,,,,,
11/04/2022,Derecha,PF44,,,,,,,,,,
20/04/2022,Derecha,PF44,,,,,,,,,,
01/05/2022,Derecha,PF44,9.999999747378752e-05,0.0,0.0,9.999999747378752e-05,0.09999999747378752,360.0,0.0004608294814460254,0.0,0.0,0.0004608294814460254
09/05/2022,Derecha,PF44,,,,,,,,,,
16/05/2022,Derecha,PF44,,,,,,,,,,
24/05/2022,Derecha,PF44,-0.013233333331299946,-0.001333333333604969,0.0063333333333162045,0.01330033416256134,13.30033416256134,185.75345780449737,-0.055138888880416445,-0.005555555556687372,0.02638888888881752,0.055418059010672246
30/05/2022,Derecha,PF44,,,,,,,,,,
10/06/2022,Derecha,PF44,,,,,,,,,,
14/06/2022,Derecha,PF44,,,,,,,,,,
24/06/2022,Derecha,PF44,9.999999747378752e-05,0.0,0.0,9.999999747378752e-05,0.09999999747378752,360.0,0.0003690036807150831,0.0,0.0,0.0003690036807150831
27/06/2022,Derecha,PF44,,,,,,,,,,
04/07/2022,Derecha,PF44,,,,,,,,,,
11/07/2022,Derecha,PF44,,,,,,,,,,
23/07/2022,Derecha,PF44,9.999999747378752e-05,0.0,0.0,9.999999747378752e-05,0.09999999747378752,360.0,2.233888025774322e-06,0.0,0.0,2.233888025774322e-06
01/08/2022,Derecha,PF44,,,,,,,,,,
08/08/2022,Derecha,PF44,,,,,,,,,,
16/08/2022,Derecha,PF44,,,,,,,,,,
30/08/2022,Derecha,PF44,,,,,,,,,,
16/11/2022,Derecha,PF44,9.999999747378752e-05,0.0,0.0,9.999999747378752e-05,0.09999999747378752,360.0,2.2281142905413763e-06,0.0,0.0,2.2281142905413763e-06
27/11/2022,Derecha,PF44,9.999999747378752e-05,0.0,0.0,9.999999747378752e-05,0.09999999747378752,360.0,2.22756833007635e-06,0.0,0.0,2.22756833007635e-06
14/12/2022,Derecha,PF44,9.999999747378752e-05,0.0,0.0,9.999999747378752e-05,0.09999999747378752,360.0,2.2267250990622708e-06,0.0,0.0,2.2267250990622708e-06
09/02/2023,Derecha,PF44,,,,,,,,,,
18/02/2023,Derecha,PF44,9.999999747378752e-05,0.0,0.0,9.999999747378752e-05,0.09999999747378752,360.0,2.223457420206504e-06,0.0,0.0,2.223457420206504e-06
04/03/2023,Derecha,PF44,,,,,,,,,,
08/03/2023,Derecha,PF44,,,,,,,,,,
17/03/2023,Derecha,PF44,,,,,,,,,,
29/03/2023,Derecha,PF44,9.999999747378752e-05,0.0,0.0,9.999999747378752e-05,0.09999999747378752,360.0,2.221531023099203e-06,0.0,0.0,2.221531023099203e-06
04/04/2023,Derecha,PF44,,,,,,,,,,
13/04/2023,Derecha,PF44,,,,,,,,,,
17/04/2023,Derecha,PF44,,,,,,,,,,
25/04/2023,Derecha,PF44,9.999999747378752e-05,0.0,0.0,9.999999747378752e-05,0.09999999747378752,360.0,2.2201993178168226e-06,0.0,0.0,2.2201993178168226e-06
08/05/2023,Derecha,PF44,,,,,,,,,,
19/05/2023,Derecha,PF44,,,,,,,,,,
31/05/2023,Derecha,PF44,-0.0012333333361311816,0.007666666664590593,0.00533333333331143,0.007765235918113314,7.765235918113314,99.13884914250751,-2.7360590459240447e-05,0.00017007934566609564,0.00011831606658188055,0.00017226603185911473
11/06/2023,Derecha,PF44,-0.0012333333361311816,0.007666666664590593,0.00533333333331143,0.007765235918113314,7.765235918113314,99.13884914250751,-2.735391536841691e-05,0.00017003785185837903,0.00011828720132433085,0.00017222400457135635
19/06/2023,Derecha,PF44,-0.005233333336946089,0.006666666664386867,0.007333333333320979,0.008475389208150762,8.475389208150762,128.13191370432926,-0.00011604872576162163,0.000147832771518247,0.00016261604872540756,0.0001879410415147854
07/07/2023,Derecha,PF44,,,,,,,,,,
12/07/2023,Derecha,PF44,,,,,,,,,,
17/07/2023,Derecha,PF44,-0.012233333334734198,0.006666666664386867,-0.0026666666666983474,0.01393193772928827,13.93193772928827,151.41142148946864,-0.0002711048075244703,0.00014774103945543095,-5.909641580308367e-05,0.00030874784436859035
28/07/2023,Derecha,PF44,,,,,,,,,,
07/08/2023,Derecha,PF44,,,,,,,,,,
19/08/2023,Derecha,PF44,-0.004233333333104383,0.00566666666418314,0.00033333333331597714,0.007073345897956436,7.073345897956436,126.76189442991262,-9.374700119813944e-05,0.0001254881117918183,7.381653637663644e-06,0.00015663896844246596
25/08/2023,Derecha,PF44,,,,,,,,,,
24/09/2023,Derecha,PF44,-0.0022333333326969296,0.003666666663775686,0.00033333333331597714,0.0042932763943379065,4.293276394337907,121.34521415453197,-4.94176826653891e-05,8.11335088127738e-05,7.375773533865358e-06,9.499870321372572e-05
04/10/2023,Derecha,PF44,,,,,,,,,,
14/10/2023,Derecha,PF44,,,,,,,,,,
01/11/2023,Derecha,PF44,-0.003233333336538635,0.0026666666635719594,0.00033333333331597714,0.0041911281965334906,4.191128196533491,140.48615648552322,-7.148489612298281e-05,5.895661523229553e-05,7.369576912205725e-06,9.266052478462759e-05
14/09/2024,Derecha,PF44,0.0007666666642762721,0.003666666663775686,0.00033333333331597714,0.003745960784279038,3.745960784279038,78.19011706970974,1.6831690361506777e-05,8.049938887298704e-05,7.318126266569565e-06,8.2240242031198e-05
21/04/2025,Derecha,PF44,-0.0012333333361311816,0.006666666664386867,0.00033333333331597714,0.0067797902277326825,6.779790227732683,100.48121817088575,-2.6947503411361247e-05,0.00014566218022170222,7.283109013196494e-06,0.00014813385395325736
25/05/2025,Derecha,PF44,0.004766666665091179,0.014666666666016681,0.00333333333330188,0.015421809951757813,15.421809951757814,71.99583839890693,0.00010407114678597396,0.0003202189132792603,7.277702574782499e-05,0.0003367060379843198
04/10/2021,Derecha,PF45,-0.001333333333604969,0.0006666666668024845,0.002666666666641504,0.001490711985303558,1.490711985303558,153.43494882292202,-0.16666666670062114,0.08333333335031057,0.333333333330188,0.18633899816294475
10/10/2021,Derecha,PF45,-0.0003333333370392211,0.0016666666633682325,0.0016666666666367291,0.0016996731686899985,1.6996731686899984,101.3099326183254,-0.023809524074230076,0.11904761881201661,0.11904761904548065,0.1214052263349999
14/10/2021,Derecha,PF45,-0.0003333333370392211,0.0006666666668024845,-0.0033333333333587234,0.0007453559942787325,0.7453559942787326,116.56505142720698,-0.018518518724401172,0.03703703704458247,-0.18518518518659574,0.04140866634881848
18/10/2021,Derecha,PF45,-0.0003333333370392211,0.0016666666633682325,-0.006333333333344626,0.0016996731686899985,1.6996731686899984,101.3099326183254,-0.015151515319964596,0.07575757560764693,-0.28787878787930116,0.07725787130409084
27/10/2021,Derecha,PF45,-0.004333333337854128,0.0006666666668024845,0.004666666666651054,0.004384315483810846,4.3843154838108465,171.25383774467394,-0.13978494638239125,0.021505376348467244,0.1505376344080985,0.14142953173583375
01/11/2021,Derecha,PF45,-0.0033333333340124227,0.0026666666635719594,-0.00033333333334439885,0.00426874949021893,4.26874949021893,141.34019178403932,-0.09259259261145619,0.07407407398810999,-0.009259259259566636,0.11857637472830361
11/11/2021,Derecha,PF45,-0.004333333337854128,0.0006666666668024845,-0.0013333333333491737,0.004384315483810846,4.3843154838108465,171.25383774467394,-0.09420289864900279,0.01449275362614097,-0.028985507246721165,0.095311206169801
16/11/2021,Derecha,PF45,-0.004333333337854128,0.0006666666668024845,-0.005333333333339851,0.004384315483810846,4.3843154838108465,171.25383774467394,-0.08496732035008095,0.013071895427499697,-0.10457516339882061,0.0859669702708009
24/11/2021,Derecha,PF45,-0.004233333340380341,0.0026666666635719594,0.0016666666666367291,0.005003221188932364,5.003221188932364,147.7923021001401,-0.07175141254881934,0.04519774006054168,0.028248587570114052,0.08480035913444685
01/12/2021,Derecha,PF45,-0.010233333341602702,0.0006666666668024845,-0.006333333333344626,0.010255025876368283,10.255025876368283,176.27264303830077,-0.15505050517579852,0.010101010103067947,-0.09595959595976705,0.155379179944974
08/12/2021,Derecha,PF45,-0.008233333341195248,0.0026666666635719594,-0.00033333333334439885,0.008654414422815868,8.654414422815869,162.0535539389079,-0.11278538823555134,0.03652968032290355,-0.004566210045813683,0.11855362223035436
09/01/2022,Derecha,PF45,-0.0062333333407877944,0.0026666666635719594,0.003666666666646279,0.0067797902351018745,6.779790235101874,156.83839841287306,-0.05936507943607423,0.025396825367351994,0.03492063492044075,0.06456943081049404
12/02/2022,Derecha,PF45,9.999999747378752e-05,0.0,0.0,9.999999747378752e-05,0.09999999747378752,360.0,0.0007194244422574641,0.0,0.0,0.0007194244422574641
16/02/2022,Derecha,PF45,-0.002233333339972887,0.0016666666633682325,0.002666666666641504,0.0027866746444853317,2.786674644485332,143.26717347150867,-0.015617715664146065,0.011655011631945683,0.018648018647842685,0.0194872352761212
26/02/2022,Derecha,PF45,9.999999747378752e-05,0.0,0.0,9.999999747378752e-05,0.09999999747378752,360.0,0.0006535947547306374,0.0,0.0,0.0006535947547306374
07/03/2022,Derecha,PF45,,,,,,,,,,
11/03/2022,Derecha,PF45,-0.005233333336946089,0.0026666666635719594,-0.004333333333363498,0.005873575479228755,5.873575479228754,152.99869501591945,-0.03152610443943427,0.016064257009469635,-0.026104417670864445,0.03538298481463105
14/03/2022,Derecha,PF45,,,,,,,,,,
21/03/2022,Derecha,PF45,,,,,,,,,,
28/03/2022,Derecha,PF45,9.999999747378752e-05,0.0,0.0,9.999999747378752e-05,0.09999999747378752,360.0,0.0005464480736272542,0.0,0.0,0.0005464480736272542
06/04/2022,Derecha,PF45,,,,,,,,,,
11/04/2022,Derecha,PF45,,,,,,,,,,
20/04/2022,Derecha,PF45,,,,,,,,,,
01/05/2022,Derecha,PF45,0.0007666666642762721,0.00566666666418314,0.0056666666666558285,0.005718294226172432,5.718294226172432,82.29500282155959,0.0035330261026556317,0.026113671263516772,0.026113671274911654,0.026351586295725492
09/05/2022,Derecha,PF45,,,,,,,,,,
16/05/2022,Derecha,PF45,,,,,,,,,,
24/05/2022,Derecha,PF45,-0.0062333333407877944,0.0026666666635719594,0.002666666666641504,0.0067797902351018745,6.779790235101874,156.83839841287306,-0.025972222253282478,0.011111111098216497,0.011111111111006267,0.02824912597959114
30/05/2022,Derecha,PF45,,,,,,,,,,
10/06/2022,Derecha,PF45,,,,,,,,,,
14/06/2022,Derecha,PF45,,,,,,,,,,
24/06/2022,Derecha,PF45,9.999999747378752e-05,0.0,0.0,9.999999747378752e-05,0.09999999747378752,360.0,0.0003690036807150831,0.0,0.0,0.0003690036807150831
27/06/2022,Derecha,PF45,,,,,,,,,,
04/07/2022,Derecha,PF45,,,,,,,,,,
11/07/2022,Derecha,PF45,,,,,,,,,,
23/07/2022,Derecha,PF45,9.999999747378752e-05,0.0,0.0,9.999999747378752e-05,0.09999999747378752,360.0,2.233888025774322e-06,0.0,0.0,2.233888025774322e-06
01/08/2022,Derecha,PF45,,,,,,,,,,
08/08/2022,Derecha,PF45,,,,,,,,,,
16/08/2022,Derecha,PF45,,,,,,,,,,
30/08/2022,Derecha,PF45,,,,,,,,,,
16/11/2022,Derecha,PF45,9.999999747378752e-05,0.0,0.0,9.999999747378752e-05,,360.0,2.2281142905413763e-06,0.0,0.0,2.2281142905413763e-06
27/11/2022,Derecha,PF45,-0.005233333336946089,0.0016666666633682325,-0.006333333333344626,0.005492317869749919,,162.33481384264408,-0.00011657607896609838,3.7126139699016146e-05,-0.0001410793311357174,0.00012234513654437137
14/12/2022,Derecha,PF45,9.999999747378752e-05,0.0,0.0,9.999999747378752e-05,,360.0,2.2267250990622708e-06,0.0,0.0,2.2267250990622708e-06
09/02/2023,Derecha,PF45,,,,,,,,,,
18/02/2023,Derecha,PF45,-0.0062333333407877944,0.0016666666633682325,-0.007333333333349401,0.006452303643208348,,165.03044924259578,-0.0001385955161931694,3.705762453292346e-05,-0.00016305354826791333,0.00014346422775338182
04/03/2023,Derecha,PF45,,,,,,,,,,
08/03/2023,Derecha,PF45,,,,,,,,,,
17/03/2023,Derecha,PF45,,,,,,,,,,
29/03/2023,Derecha,PF45,9.999999747378752e-05,0.0,0.0,9.999999747378752e-05,,360.0,2.221531023099203e-06,0.0,0.0,2.221531023099203e-06
04/04/2023,Derecha,PF45,,,,,,,,,,
13/04/2023,Derecha,PF45,,,,,,,,,,
17/04/2023,Derecha,PF45,,,,,,,,,,
25/04/2023,Derecha,PF45,9.999999747378752e-05,0.0,0.0,9.999999747378752e-05,,360.0,2.2201993178168226e-06,0.0,0.0,2.2201993178168226e-06
08/05/2023,Derecha,PF45,,,,,,,,,,
19/05/2023,Derecha,PF45,,,,,,,,,,
31/05/2023,Derecha,PF45,0.00176666666084202,0.009666666664998047,0.004666666666651054,0.009826777472941736,,79.64300329254296,3.9192196926193404e-05,0.00021444787064352214,0.00010352655825922429,0.00021799981083350128
11/06/2023,Derecha,PF45,0.00176666666084202,0.009666666664998047,0.004666666666651054,0.009826777472941736,,79.64300329254296,3.918263530966155e-05,0.00021439555236422213,0.0001035013011588683,0.00021794662599675604
19/06/2023,Derecha,PF45,0.00176666666084202,0.007666666664590593,0.002666666666641504,0.007867584688865786,,77.02357815792776,3.917568433657132e-05,0.00017000768725808482,5.913310862696257e-05,0.00017446302751609425
07/07/2023,Derecha,PF45,,,,,,,,,,
12/07/2023,Derecha,PF45,,,,,,,,,,
17/07/2023,Derecha,PF45,-0.0072333333373535424,0.009666666664998047,-0.0013333333333491737,0.012073340696818532,,126.80662239670832,-0.00016029902795305253,0.0002142245072466547,-2.9548207901541833e-05,0.0002675591857286263
28/07/2023,Derecha,PF45,,,,,,,,,,
07/08/2023,Derecha,PF45,,,,,,,,,,
19/08/2023,Derecha,PF45,-0.002233333339972887,0.00566666666418314,-0.00033333333334439885,0.006090885722979781,,111.51027496764715,-4.9457079521954225e-05,0.0001254881117918183,-7.381653638293041e-06,0.00013488242626790489
25/08/2023,Derecha,PF45,,,,,,,,,,
24/09/2023,Derecha,PF45,-0.003233333336538635,0.004666666663979413,-0.00033333333334439885,0.005677342883591655,,124.71642939089921,-7.154500335314397e-05,0.00010326082942002994,-7.375773534494254e-06,0.00012562438615696357
04/10/2023,Derecha,PF45,,,,,,,,,,
14/10/2023,Derecha,PF45,,,,,,,,,,
01/11/2023,Derecha,PF45,-0.0012333333361311816,0.003666666663775686,-0.0033333333333587234,0.0038685340299984944,,108.59106777970685,-2.7267434638437832e-05,8.106534597456803e-05,-7.369576912645582e-05,8.552837721913056e-05
14/09/2024,Derecha,PF45,0.0027666666646837257,0.003666666663775686,-0.0033333333333587234,0.00459335268150793,,52.96378705874294,6.074044797215583e-05,8.049938887298704e-05,-7.318126267006353e-05,0.00010084420473573361
21/04/2025,Derecha,PF45,0.005766666661656927,0.007666666664590593,-0.0033333333333587234,0.009593342594352091,,53.05046964980723,0.00012599778582540044,0.00016751150726688064,-7.28310901363119e-05,0.00020960807975773665
25/05/2025,Derecha,PF45,0.008766666658630129,0.016666666666424135,-0.00033333333334439885,0.018831681339520127,,62.25562985181417,0.0001914035775431232,0.0003638851287372633,-7.277702575092766e-06,0.0004111541273202071
01/06/2025,Derecha,PF45,0.0,0.0,0.0,0.0,,0.0,0.0,0.0,0.0,0.0
08/06/2025,Derecha,PF45,0.0,0.0,0.0,0.0,,0.0,0.0,0.0,0.0,0.0
15/06/2025,Derecha,PF45,0.0,0.0,0.0,0.0,,0.0,0.0,0.0,0.0,0.0
22/06/2025,Derecha,PF45,0.0,0.0,0.0,0.0,,0.0,0.0,0.0,0.0,0.0
29/06/2025,Derecha,PF45,0.0,0.0,0.0,0.0,,0.0,0.0,0.0,0.0,0.0
06/07/2025,Derecha,PF45,0.0,0.0,0.0,0.0,,0.0,0.0,0.0,0.0,0.0
13/07/2025,Derecha,PF45,0.0,0.0,0.0,0.0,,0.0,0.0,0.0,0.0,0.0
20/07/2025,Derecha,PF45,0.0,0.0,0.0,0.0,,0.0,0.0,0.0,0.0,0.0
27/07/2025,Derecha,PF45,0.0,0.0,0.0,0.0,,0.0,0.0,0.0,0.0,0.0
03/08/2025,Derecha,PF45,0.0,0.0,0.0,0.0,,0.0,0.0,0.0,0.0,0.0
10/08/2025,Derecha,PF45,0.0,0.0,0.0,0.0,,0.0,0.0,0.0,0.0,0.0
17/08/2025,Derecha,PF45,0.0,0.0,0.0,0.0,,0.0,0.0,0.0,0.0,0.0
24/08/2025,Derecha,PF45,0.0,0.0,0.0,0.0,,0.0,0.0,0.0,0.0,0.0
31/08/2025,Derecha,PF45,0.0,0.0,0.0,0.0,,0.0,0.0,0.0,0.0,0.0
07/09/2025,Derecha,PF45,0.0,0.0,0.0,0.0,,0.0,0.0,0.0,0.0,0.0
14/09/2025,Derecha,PF45,0.0,0.0,0.0,0.0,,0.0,0.0,0.0,0.0,0.0
21/09/2025,Derecha,PF45,0.0,0.0,0.0,0.0,,0.0,0.0,0.0,0.0,0.0
28/09/2025,Derecha,PF45,0.0,0.0,0.0,0.0,,0.0,0.0,0.0,0.0,0.0
05/10/2025,Derecha,PF45,0.0,0.0,0.0,0.0,,0.0,0.0,0.0,0.0,0.0
12/10/2025,Derecha,PF45,0.0,0.0,0.0,0.0,,0.0,0.0,0.0,0.0,0.0
19/10/2025,Derecha,PF45,0.0,0.0,0.0,0.0,,0.0,0.0,0.0,0.0,0.0
26/10/2025,Derecha,PF45,0.0,0.0,0.0,0.0,,0.0,0.0,0.0,0.0,0.0
02/11/2025,Derecha,PF45,0.0,0.0,0.0,0.0,,0.0,0.0,0.0,0.0,0.0
09/11/2025,Derecha,PF45,0.0,0.0,0.0,0.0,,0.0,0.0,0.0,0.0,0.0
16/11/2025,Derecha,PF45,0.0,0.0,0.0,0.0,,0.0,0.0,0.0,0.0,0.0
23/11/2025,Derecha,PF45,0.0,0.0,0.0,0.0,,0.0,0.0,0.0,0.0,0.0
30/11/2025,Derecha,PF45,0.0,0.0,0.0,0.0,,0.0,0.0,0.0,0.0,0.0
07/12/2025,Derecha,PF45,0.0,0.0,0.0,0.0,,0.0,0.0,0.0,0.0,0.0
14/12/2025,Derecha,PF45,0.0,0.0,0.0,0.0,,0.0,0.0,0.0,0.0,0.0
21/12/2025,Derecha,PF45,0.0,0.0,0.0,0.0,,0.0,0.0,0.0,0.0,0.0
28/12/2025,Derecha,PF45,0.0,0.0,0.0,0.0,,0.0,0.0,0.0,0.0,0.0
04/01/2026,Derecha,PF45,0.0,0.0,0.0,0.0,,0.0,0.0,0.0,0.0,0.0
11/01/2026,Derecha,PF45,0.0,0.0,0.0,0.0,,0.0,0.0,0.0,0.0,0.0
18/01/2026,Derecha,PF45,0.0,0.0,0.0,0.0,,0.0,0.0,0.0,0.0,0.0
25/01/2026,Derecha,PF45,0.0,0.0,0.0,0.0,,0.0,0.0,0.0,0.0,0.0
01/02/2026,Derecha,PF45,0.0,0.0,0.0,0.0,,0.0,0.0,0.0,0.0,0.0
08/02/2026,Derecha,PF45,0.0,0.0,0.0,0.0,,0.0,0.0,0.0,0.0,0.0
04/10/2021,Derecha,PF49,0.0010000000038417056,-0.0020000000004074536,-0.0010000000000047748,0.0022360679795822903,2.23606797958229,296.5650512604543,0.1250000004802132,-0.2500000000509317,-0.12500000000059686,0.2795084974477863
10/10/2021,Derecha,PF49,-0.0020000000004074536,-0.005999999997584382,-0.0010000000000047748,0.006324555318173951,6.3245553181739504,251.56505116665596,-0.14285714288624668,-0.42857142839888446,-0.07142857142891249,0.45175395129813933
14/10/2021,Derecha,PF49,0.0010000000038417056,-0.0020000000004074536,0.0020000000000095497,0.0022360679795822903,2.23606797958229,296.5650512604543,0.05555555576898364,-0.11111111113374743,0.11111111111164164,0.1242259988656828
18/10/2021,Derecha,PF49,-0.000999999996565748,-0.0020000000004074536,0.0,0.002236067976328383,2.2360679763283833,243.43494890629836,-0.045454545298443096,-0.09090909092761153,0.0,0.10163945346947197
27/10/2021,Derecha,PF49,-0.0020000000004074536,-0.0039999999971769284,0.0,0.004472135952656766,4.4721359526567666,243.43494880207794,-0.06451612904540173,-0.1290322579734493,0.0,0.14426245008570215
01/11/2021,Derecha,PF49,0.00010000000474974513,-0.0029999999969732016,0.006000000000000227,0.0030016662010938456,3.0016662010938457,271.90915252553395,0.0027777779097151426,-0.08333333324925561,0.16666666666667299,0.08337961669705127
11/11/2021,Derecha,PF49,-0.004000000000814907,-0.004999999997380655,-0.006000000000000227,0.006403124235896553,6.403124235896553,231.34019172557421,-0.08695652175684582,-0.10869565211697076,-0.1304347826087006,0.1391983529542729
16/11/2021,Derecha,PF49,-0.000999999996565748,-0.0039999999971769284,-0.002999999999985903,0.0041231056220459505,4.1231056220459505,255.9637565688572,-0.019607843069916628,-0.07843137249366526,-0.05882352941148829,0.0808452082754108
24/11/2021,Derecha,PF49,9.999999747378752e-05,0.0,0.0,9.999999747378752e-05,0.09999999747378752,360.0,0.0016949152114201275,0.0,0.0,0.0016949152114201275
01/12/2021,Derecha,PF49,9.999999747378752e-05,0.0,0.0,9.999999747378752e-05,0.09999999747378752,360.0,0.0015151514768755685,0.0,0.0,0.0015151514768755685
08/12/2021,Derecha,PF49,9.999999747378752e-05,0.0,0.0,9.999999747378752e-05,0.09999999747378752,360.0,0.0013698629790929798,0.0,0.0,0.0013698629790929798
09/01/2022,Derecha,PF49,-0.0019000000029336661,-0.004999999997380655,0.0030000000000143245,0.005348831646720103,5.348831646720103,249.19320894794657,-0.018095238123177773,-0.047619047594101474,0.028571428571564993,0.05094125377828669
12/02/2022,Derecha,PF49,-0.00789999999688007,-0.004999999997380655,-0.01099999999999568,0.009349331522868983,9.349331522868983,212.33018573171188,-0.05683453235165518,-0.03597122300273853,-0.07913669064745094,0.06726137786236679
16/02/2022,Derecha,PF49,-0.0039000000033411197,-0.004999999997380655,0.006000000000000227,0.006341135544984612,6.341135544984612,232.04576908650733,-0.027272727296091745,-0.03496503494671787,0.04195804195804355,0.0443436052096826
26/02/2022,Derecha,PF49,-0.0039000000033411197,-0.004999999997380655,0.006000000000000227,0.006341135544984612,6.341135544984612,232.04576908650733,-0.025490196100268755,-0.0326797385449716,0.03921568627451129,0.041445330359376545
07/03/2022,Derecha,PF49,,,,,,,,,,
11/03/2022,Derecha,PF49,-0.005899999996472616,-0.0029999999969732016,-0.001999999999981128,0.006618912292833021,6.618912292833021,206.95217892171326,-0.035542168653449495,-0.018072289138392778,-0.01204819277097065,0.03987296561947603
14/03/2022,Derecha,PF49,,,,,,,,,,
21/03/2022,Derecha,PF49,,,,,,,,,,
28/03/2022,Derecha,PF49,-0.009899999997287523,-0.004999999997380655,0.0,0.011090987328461768,11.090987328461768,206.79608128821215,-0.05409836064091543,-0.02732240435727134,0.0,0.060606488133670866
06/04/2022,Derecha,PF49,,,,,,,,,,
11/04/2022,Derecha,PF49,,,,,,,,,,
20/04/2022,Derecha,PF49,,,,,,,,,,
01/05/2022,Derecha,PF49,-0.00789999999688007,-0.006999999997788109,0.0020000000000095497,0.010555093553339005,10.555093553339004,221.54338083020312,-0.036405529939539494,-0.03225806450593599,0.00921658986179516,0.048640984116769606
09/05/2022,Derecha,PF49,,,,,,,,,,
16/05/2022,Derecha,PF49,,,,,,,,,,
24/05/2022,Derecha,PF49,-0.011899999997694977,-0.004999999997380655,-0.003999999999990678,0.012907749607075084,12.907749607075084,202.79059083502923,-0.049583333323729065,-0.0208333333224194,-0.016666666666627823,0.05378229002947952
30/05/2022,Derecha,PF49,,,,,,,,,,
10/06/2022,Derecha,PF49,,,,,,,,,,
14/06/2022,Derecha,PF49,,,,,,,,,,
24/06/2022,Derecha,PF49,-0.01389999999810243,-0.008999999998195563,0.0010000000000047748,0.016559287421708934,16.559287421708934,212.92233083596344,-0.05129151290812705,-0.03321033209666259,0.0036900369003866227,0.06110438162992226
27/06/2022,Derecha,PF49,,,,,,,,,,
04/07/2022,Derecha,PF49,,,,,,,,,,
11/07/2022,Derecha,PF49,,,,,,,,,,
23/07/2022,Derecha,PF49,-0.004899999999906868,-0.007999999997991836,0.0049999999999954525,0.009381364504535396,9.381364504535396,238.51253062986507,-0.00010946051602606652,-0.00017871104653170638,0.00011169440411025248,0.00020956918361522163
01/08/2022,Derecha,PF49,,,,,,,,,,
08/08/2022,Derecha,PF49,,,,,,,,,,
16/08/2022,Derecha,PF49,,,,,,,,,,
30/08/2022,Derecha,PF49,,,,,,,,,,
16/11/2022,Derecha,PF49,-0.008900000000721775,-0.008999999998195563,0.007000000000005002,0.012657408896783249,12.657408896783249,225.32008481571518,-0.0001983021768837988,-0.00020053029117434018,0.000155968004278091,0.00028202154356594657
27/11/2022,Derecha,PF49,-0.006900000000314321,-0.008999999998195563,0.009000000000014552,0.01134063490162071,11.34063490162071,232.5238204318316,-0.00015370221866511453,-0.00020048115473125642,0.00020048115477177563,0.00025262039787981623
14/12/2022,Derecha,PF49,-0.008900000000721775,-0.008999999998195563,0.004000000000019099,0.012657408896783249,12.657408896783249,225.32008481571518,-0.00019817853883902502,-0.0002004052639380873,8.906900621298847e-05,0.00028184570791563494
09/02/2023,Derecha,PF49,-0.009899999997287523,-0.008999999998195563,0.006000000000000227,0.013379461869365788,13.379461869365787,222.27368900818968,-0.0002201663478469849,-0.00020015122533015083,0.00013343415024685823,0.00029754618754983296
18/02/2023,Derecha,PF49,-0.011899999997694977,-0.008999999998195563,0.0030000000000143245,0.014920120640016975,14.920120640016975,217.1003083855475,-0.0002645914396374648,-0.0002001111728336979,6.670372429159143e-05,0.000331742537854741
04/03/2023,Derecha,PF49,-0.009899999997287523,-0.011999999998806743,0.016999999999995907,0.015556670592310386,15.556670592310386,230.47736873373825,-0.00022005379086637898,-0.0002667318677633809,0.00037787014603560666,0.00034578831697326874
08/03/2023,Derecha,PF49,0.014100000000325963,-0.010999999998603016,-0.018000000000000682,0.017883232369414054,17.883232369414053,322.04071659117596,0.0003133820816643914,-0.0002444824750206258,-0.0004000622319027556,0.00039746699196350664
17/03/2023,Derecha,PF49,0.016100000000733417,-0.007999999997991836,-0.015999999999991132,0.017978042162356985,17.978042162356985,333.5774753504201,0.00035776187726619746,-0.00017776987684973636,-0.00035553975378852345,0.0003994942927504774
29/03/2023,Derecha,PF49,0.014100000000325963,-0.010999999998603016,-0.018000000000000682,0.017883232369414054,17.883232369414053,322.04071659117596,0.00031323588217723293,-0.0002443684186831434,-0.0003998755942595789,0.00039728156505562835
04/04/2023,Derecha,PF49,0.01209999999991851,-0.008999999998195563,-0.02199999999999136,0.015080119361780532,15.080119361780532,323.3580684490162,0.0002687694358044982,-0.00019991115055965265,-0.0004886717014658231,0.00033496489031054045
13/04/2023,Derecha,PF49,0.016100000000733417,-0.01299999999901047,-0.028999999999996362,0.020693235609683863,20.693235609683864,321.0807409362244,0.0003575473583853387,-0.00028870283592819,-0.0006440294032733652,0.0004595535235000525
17/04/2023,Derecha,PF49,0.019099999997706618,-0.01299999999901047,-0.020999999999986585,0.023104328596318592,23.10432859631859,325.759689802258,0.0004241334132237829,-0.00028867719225924253,-0.00046632469522320485,0.0005130532852867584
25/04/2023,Derecha,PF49,0.013099999996484257,-0.010999999998603016,-0.018000000000000682,0.017105846950009634,17.105846950009635,319.9799995923218,0.00029084611790333823,-0.0002442219310983996,-0.00039963588730269493,0.00037978390688505215
08/05/2023,Derecha,PF49,0.016100000000733417,-0.023999999997613486,0.0030000000000143245,0.0288999999984267,28.8999999984267,303.8550261321374,0.000357348959043224,-0.0005326941003598679,6.658676255192268e-05,0.0006414524792122053
19/05/2023,Derecha,PF49,0.021099999998114072,-0.018000000000029104,-0.016999999999995907,0.027734635384685725,27.734635384685724,319.5331496410925,0.0004682125817844019,-0.0003994230555870211,-0.00037723288583148577,0.0006154362672736209
31/05/2023,Derecha,PF49,0.014100000000325963,-0.023999999997613486,-0.03700000000000614,0.027835409102340124,27.835409102340126,300.43423575651025,0.00031279810103436255,-0.000532422299567706,-0.0008208177119153036,0.0006175080218812282
11/06/2023,Derecha,PF49,0.013099999996484257,-0.021999999997206032,-0.036000000000001364,0.02560488234272817,25.60488234272817,300.77187586771765,0.0002905429381761058,-0.0004879347054029017,-0.0007984386089425427,0.0005678868511073494
19/06/2023,Derecha,PF49,0.01209999999991851,-0.02599999999802094,-0.03100000000000591,0.028677691676547414,28.677691676547415,294.9565440396329,0.00026831648039556745,-0.0005765478090744398,-0.0006874223877950575,0.0006359253964109326
07/07/2023,Derecha,PF49,0.013099999996484257,-0.023999999997613486,-0.014999999999986358,0.027342457822831782,27.342457822831783,298.6271834733032,0.0002903754931170869,-0.0005319856363349179,-0.0003324910227420835,0.000606074784386926
12/07/2023,Derecha,PF49,0.009100000002945308,-0.02899999999863212,-0.02400000000000091,0.030394242875489884,30.394242875489883,287.4214975605179,0.00020168886728308047,-0.0006427447416527876,-0.0005319266827722447,0.0006736461995055272
17/07/2023,Derecha,PF49,0.01810000000114087,-0.021999999997206032,-0.009999999999990905,0.028488769715773354,28.488769715773355,309.44506308520647,0.000401116922283948,-0.0004875454303077305,-0.0002216115592587294,0.0006313440678081144
28/07/2023,Derecha,PF49,,,,,,,,,,
07/08/2023,Derecha,PF49,-0.002899999999499414,-0.01900000000023283,-0.01999999999998181,0.01922004162341862,19.22004162341862,261.3218311163391,-6.4237457071645e-05,-0.0004208660981334108,-0.0004430169453977586,0.0004257402065216218
19/08/2023,Derecha,PF49,0.016100000000733417,-0.018000000000029104,-0.014999999999986358,0.024149741199952095,24.149741199952096,311.81086408651754,0.0003565338707339596,-0.00039860929645523625,-0.00033217441371185765,0.0005347950749596318
25/08/2023,Derecha,PF49,0.013099999996484257,-0.021999999997206032,-0.012000000000000455,0.02560488234272817,25.60488234272817,300.77187586771765,0.0002900604476337767,-0.00048712441594238716,-0.00026570422691141985,0.0005669437890026829
24/09/2023,Derecha,PF49,0.017099999997299165,-0.018000000000029104,-0.019000000000005457,0.0248276056016016,24.8276056016016,313.5311992810491,0.0003783771822472322,-0.0003982917708501118,-0.0004204190914523368,0.000549368388945226
04/10/2023,Derecha,PF49,0.016100000000733417,-0.020000000000436557,-0.019000000000005457,0.025675085200269118,25.675085200269116,308.8340649544325,0.00035617105061021205,-0.0004424485100643001,-0.000420326084552031,0.0005679951596192535
14/10/2023,Derecha,PF49,0.004099999998288695,-0.021999999997206032,-0.019000000000005457,0.022378784593070123,22.378784593070122,280.55674475272156,9.068188349122364e-05,-0.0004865857164356719,-0.0004202331187933881,0.000494963497070978
01/11/2023,Derecha,PF49,0.01810000000114087,-0.01900000000023283,-0.007999999999981355,0.02624137953786247,26.241379537862468,313.6103479858758,0.0004001680263788302,-0.00042006588402274613,-0.00017686984590173453,0.0005801635943901853
14/09/2024,Derecha,PF49,0.027099999999336433,-0.018000000000029104,-0.019000000000005457,0.03253321379705796,32.53321379705796,326.4076233923269,0.0005949636654885163,-0.0003951788184159719,-0.00041713319721630457,0.0007142464993097096
21/04/2025,Derecha,PF49,0.03209999999671709,-0.018000000000029104,-0.012000000000000455,0.03680230970727632,36.80230970727632,330.71857293640164,0.0007013633979356119,-0.0003932878867337245,-0.00026219192448873567,0.0008041057006484076
25/05/2025,Derecha,PF49,0.03510000000096625,-0.014999999999417923,-0.033999999999991815,0.038170800359048906,38.170800359048904,336.86053823816167,0.0007663420811529245,-0.00032749661585559415,-0.0007423256626346407,0.0008333871961715407
04/10/2021,Derecha,PF50,-0.0013333333263290115,0.00033333333340124227,0.000666666666660376,0.0013743685350938336,1.3743685350938335,165.96375645850617,-0.16666666579112643,0.041666666675155284,0.083333333332547,0.1717960668867292
10/10/2021,Derecha,PF50,-0.004333333323302213,-0.004666666667617392,0.004666666666679475,0.006368324385385264,6.3683243853852645,227.12109646861637,-0.30952380880730096,-0.33333333340124227,0.33333333333424825,0.45488031324180456
14/10/2021,Derecha,PF50,0.0006666666740784422,-0.0006666666668024845,-0.005333333333339851,0.0009428090469190178,0.9428090469190178,315.00000031266126,0.037037037448802344,-0.03703703704458247,-0.29629629629665843,0.05237828038438988
18/10/2021,Derecha,PF50,-0.0023333333228947595,0.001333333333604969,-0.00033333333334439885,0.002687419240504399,2.687419240504399,150.25511858761362,-0.10606060558612543,0.06060606061840769,-0.01515151515201813,0.12215542002292723
27/10/2021,Derecha,PF50,-0.00033333332976326346,-0.0006666666668024845,0.0026666666666699257,0.0007453559910248253,0.7453559910248253,243.43494907305103,-0.010752688056879466,-0.021505376348467244,0.08602150537644922,0.024043741645962107
01/11/2021,Derecha,PF50,-0.0013333333263290115,0.00033333333340124227,0.0036666666666747005,0.0013743685350938336,1.3743685350938335,165.96375645850617,-0.03703703684247254,0.009259259261145618,0.10185185185207501,0.03817690375260648
11/11/2021,Derecha,PF50,-0.0023333333228947595,-0.0016666666670062114,-0.008333333333325754,0.002867441747384015,2.867441747384015,215.53767791872895,-0.050724637454233897,-0.03623188406535242,-0.18115942028969031,0.06233569016052207
16/11/2021,Derecha,PF50,-0.0023333333228947595,0.001333333333604969,0.000666666666660376,0.002687419240504399,2.687419240504399,150.25511858761362,-0.04575163378225019,0.026143790854999394,0.013071895424713256,0.05269449491185096
24/11/2021,Derecha,PF50,9.999999747378752e-05,0.0,0.0,9.999999747378752e-05,0.09999999747378752,360.0,0.0016949152114201275,0.0,0.0,0.0016949152114201275
01/12/2021,Derecha,PF50,-0.005233333329670131,-0.0016666666670062114,0.000666666666660376,0.005492317863921011,5.492317863921011,197.6651862165507,-0.07929292923742623,-0.02525252525766987,0.010101010100914787,0.08321693733213653
08/12/2021,Derecha,PF50,-0.005233333329670131,-0.002666666667209938,-0.00033333333334439885,0.005873575474397585,5.873575474397585,207.0013050479239,-0.07168949766671412,-0.036529680372738876,-0.004566210045813683,0.08045993800544637
09/01/2022,Derecha,PF50,9.999999747378752e-05,0.0,0.0,9.999999747378752e-05,0.09999999747378752,360.0,0.0009523809283217858,0.0,0.0,0.0009523809283217858
12/02/2022,Derecha,PF50,-0.006233333326235879,-0.002666666667209938,-0.005333333333339851,0.006779790223153767,6.779790223153767,203.1616016637637,-0.04484412464917899,-0.019184652282085886,-0.03836930455640181,0.04877546923132207
16/02/2022,Derecha,PF50,-0.006233333326235879,-0.002666666667209938,0.0056666666666558285,0.006779790223153767,6.779790223153767,203.1616016637637,-0.043589743540111046,-0.018648018651817748,0.03962703962696384,0.04741112044163474
26/02/2022,Derecha,PF50,-0.006233333326235879,-0.002666666667209938,0.0056666666666558285,0.006779790223153767,6.779790223153767,203.1616016637637,-0.04074074069435215,-0.01742919390333293,0.037037037036966196,0.04431235439969783
07/03/2022,Derecha,PF50,,,,,,,,,,
11/03/2022,Derecha,PF50,-0.005233333329670131,-0.003666666667413665,-0.00033333333334439885,0.00639000956097553,6.39000956097553,215.01650559726133,-0.0315261043956032,-0.022088353418154606,-0.002008032128580716,0.038494033499852594
14/03/2022,Derecha,PF50,,,,,,,,,,
21/03/2022,Derecha,PF50,,,,,,,,,,
28/03/2022,Derecha,PF50,-0.008233333326643333,-0.002666666667209938,0.0016666666666651508,0.00865441441009294,8.65441441009294,197.9464461136901,-0.04499089249531876,-0.014571949001147205,0.009107468123853282,0.04729188202236579
06/04/2022,Derecha,PF50,,,,,,,,,,
11/04/2022,Derecha,PF50,,,,,,,,,,
20/04/2022,Derecha,PF50,,,,,,,,,,
01/05/2022,Derecha,PF50,-0.011233333330892492,-0.004666666667617392,0.000666666666660376,0.012164109318383793,12.164109318383792,202.55947735298452,-0.05176651304558752,-0.021505376348467244,0.0030721966205547284,0.056055803310524385
09/05/2022,Derecha,PF50,,,,,,,,,,
16/05/2022,Derecha,PF50,,,,,,,,,,
24/05/2022,Derecha,PF50,-0.008233333326643333,-0.002666666667209938,-0.002333333333325527,0.00865441441009294,8.65441441009294,197.9464461136901,-0.034305555527680553,-0.011111111113374744,-0.009722222222189695,0.036060060042053914
30/05/2022,Derecha,PF50,,,,,,,,,,
10/06/2022,Derecha,PF50,,,,,,,,,,
14/06/2022,Derecha,PF50,,,,,,,,,,
24/06/2022,Derecha,PF50,-0.01223333332745824,-0.004666666667617392,0.0056666666666558285,0.013093212825252316,13.093212825252316,200.88042192510696,-0.04514145139283483,-0.017220172205230228,0.020910209102051026,0.04831443846956574
27/06/2022,Derecha,PF50,,,,,,,,,,
04/07/2022,Derecha,PF50,,,,,,,,,,
11/07/2022,Derecha,PF50,,,,,,,,,,
23/07/2022,Derecha,PF50,9.999999747378752e-05,0.0,0.0,9.999999747378752e-05,0.09999999747378752,360.0,2.233888025774322e-06,0.0,0.0,2.233888025774322e-06
01/08/2022,Derecha,PF50,,,,,,,,,,
08/08/2022,Derecha,PF50,,,,,,,,,,
16/08/2022,Derecha,PF50,,,,,,,,,,
30/08/2022,Derecha,PF50,,,,,,,,,,
16/11/2022,Derecha,PF50,-0.004233333325828426,-0.005666666667821119,0.007666666666665378,0.007073345896516334,7.073345896516334,233.23810563494015,-9.432350718184589e-05,-0.00012625981301265832,0.0001708220999234727,0.00015760223472106982
27/11/2022,Derecha,PF50,-0.004233333325828426,-0.004666666667617392,0.004666666666679475,0.006300705423539555,6.300705423539555,227.78748089838788,-9.430039485495022e-05,-0.0001039531913841529,0.00010395319136326016,0.00014035252213177304
14/12/2022,Derecha,PF50,-0.007233333330077585,-0.007666666668228572,0.008666666666670153,0.010540345765948016,10.540345765948016,226.66585067100826,-0.0001610664528285552,-0.00017071559527552543,0.00019298284679396453,0.00023470453062744698
09/02/2023,Derecha,PF50,-0.010233333327050786,-0.006666666668024845,0.013666666666665606,0.012213335148315624,12.213335148315624,213.08286778698877,-0.00022757935611463742,-0.00014826016697115256,0.00030393334222891973,0.0002716126661992533
18/02/2023,Derecha,PF50,-0.008233333326643333,-0.004666666667617392,0.007666666666665378,0.00946390804341774,9.46390804341774,209.5446347645488,-0.00018306466540618863,-0.00010376134891867465,0.00017046507318877995,0.00021042597094869905
04/03/2023,Derecha,PF50,-0.008233333326643333,-0.008666666668432299,0.01666666666667993,0.011954032324254907,11.954032324254907,226.46880074346177,-0.00018300769802937012,-0.00019263968233195446,0.00037046092748627287,0.0002657101141224501
08/03/2023,Derecha,PF50,0.014766666674404405,-0.003666666667413665,-0.01633333333333553,0.015215087548972174,15.215087548972173,346.05508873240757,0.00032819920152922467,-8.149415836716078e-05,-0.0003630194326525355,0.0003381656601909669
17/03/2023,Derecha,PF50,0.017766666671377607,-0.004666666667617392,-0.011333333333340079,0.018369328305588396,18.369328305588397,345.2828968371751,0.0003947972683742413,-0.00010369909487616976,-0.0002518406589338269,0.00040818915393956703
29/03/2023,Derecha,PF50,0.0137666666705627,-0.010666666668839753,-0.015333333333330756,0.01741547843277694,17.41547843277694,322.23081673020073,0.0003058307786591438,-0.00023696331516505427,-0.0003406347654803118,0.0003868902659789608
04/04/2023,Derecha,PF50,0.02076666666835081,-0.0016666666670062114,-0.014333333333325982,0.02083344000143284,20.83344000143284,355.4114578072851,0.0004612764697545715,-3.702058345193717e-05,-0.0003183770176216344,0.0004627596624041058
13/04/2023,Derecha,PF50,0.01976666667178506,-0.010666666668839753,-0.02733333333333121,0.022461052716593564,22.461052716593564,331.64741371215183,0.000438976363494305,-0.00023688437826378008,-0.0006070162191772238,0.0004988130475159022
17/04/2023,Derecha,PF50,0.022766666668758262,-0.010666666668839753,-0.017333333333340306,0.0251415769002361,25.1415769002361,334.89591236882893,0.000505555185503037,-0.00023686333730463778,-0.00038490292304177616,0.0005582922945448027
25/04/2023,Derecha,PF50,0.014766666674404405,-0.012666666669247206,-0.014333333333325982,0.019455047910061384,19.455047910061385,319.37740977704476,0.0003278494410515842,-0.0002812252540851048,-0.00031822857692604474,0.00043194085189186257
08/05/2023,Derecha,PF50,0.0167666666675359,-0.019666666667035315,0.004666666666679475,0.025843739840288933,25.843739840288933,310.44899788504165,0.00037214601739103963,-0.0004365132211798135,0.00010357940841389166,0.0005736169893969222
19/05/2023,Derecha,PF50,0.023766666672599968,-0.014666666666016681,-0.014333333333325982,0.027927863430962974,27.927863430962976,328.32081647314624,0.0005273863679707083,-0.0003254558230559565,-0.00031805909981861717,0.0006197240304219011
31/05/2023,Derecha,PF50,0.018766666667943355,-0.019666666667035315,-0.030333333333317114,0.0271839209022167,27.183920902216702,313.65854001061916,0.0004163246593150244,-0.0004362904955306545,-0.0006729226286868495,0.0006030552366443352
11/06/2023,Derecha,PF50,0.018766666667943355,-0.020666666667239042,-0.028333333333335986,0.02791592536457399,27.91592536457399,312.2414745161331,0.0004162230896900141,-0.0004583629051463592,-0.0006284007570381473,0.0006191431282064849
19/06/2023,Derecha,PF50,0.017766666671377607,-0.02166666666744277,-0.023333333333340533,0.02801961614815441,28.01961614815441,309.3517526327074,0.0003939743363353204,-0.00048045650761581444,-0.0005174147004909644,0.0006213326270213414
07/07/2023,Derecha,PF50,0.01976666667178506,-0.01866666666683159,-0.012333333333344854,0.027187599301226648,27.187599301226648,316.63941431624875,0.0004381492811939766,-0.0004137666060830693,-0.0002733815075884394,0.000602642179838335
12/07/2023,Derecha,PF50,0.0137666666705627,-0.01866666666683159,-0.021333333333330984,0.023194084497323523,23.194084497323523,306.4087745752762,0.0003051190556209734,-0.00041372075327094103,-0.0004728237180197031,0.0005140646844416658
17/07/2023,Derecha,PF50,0.02076666666835081,-0.01866666666683159,-0.008333333333325754,0.02792308881490359,27.92308881490359,318.04837494235676,0.00046021333809836913,-0.00041367491062032594,-0.0001846762993822745,0.00061880792515964
28/07/2023,Derecha,PF50,0.0017666666681179777,-0.020666666667239042,-0.017333333333340306,0.020742039973228484,20.742039973228483,274.8859866937713,3.91418337901402e-05,-0.00045788560246458495,-0.0003840330859275575,0.00045955555496241245
07/08/2023,Derecha,PF50,0.0007666666715522297,-0.01766666666662786,-0.011333333333340079,0.017683294062334907,17.683294062334905,272.4848615614676,1.6982316348482218e-05,-0.00039133163510084976,-0.00025104293572577425,0.0003916999460036528
19/08/2023,Derecha,PF50,0.017766666671377607,-0.015666666666220408,-0.010333333333335304,0.023687526021986795,23.687526021986795,318.59411595421847,0.00039344213901228175,-0.0003469377209783734,-0.0002288312627795315,0.0005245593379096661
25/08/2023,Derecha,PF50,0.018766666667943355,-0.014666666666016681,-0.009333333333330529,0.023818037050053916,23.818037050053917,321.99139442528866,0.0004155318882258343,-0.0003247496106551088,-0.00020665884315325663,0.0005273794267443243
24/09/2023,Derecha,PF50,0.01976666667178506,-0.012666666669247206,-0.02033333333332621,0.02347691538135443,23.47691538135443,327.3478677038085,0.000437383370694246,-0.0002802793943585778,-0.000449922185589056,0.0005194812334068204
04/10/2023,Derecha,PF50,0.017766666671377607,-0.016666666666424135,-0.01833333333334508,0.02436046433017099,24.36046433017099,316.82973662236463,0.00039304175986942477,-0.0003687070917068366,-0.0004055778008836821,0.0005389125573561709
14/10/2023,Derecha,PF50,0.0077666666693403386,-0.01866666666683159,-0.014333333333325982,0.020217951320627016,20.217951320627016,292.59079924802165,0.0001717795030044531,-0.00041286060794089286,-0.0003170179668087935,0.0004471711967935553
01/11/2023,Derecha,PF50,0.018766666667943355,-0.01766666666662786,-0.005333333333339851,0.02577399637106043,25.77399637106043,316.72935637983704,0.00041490718020701186,-0.0003905875763663828,-0.00011791323060157528,0.0005698303458039935
14/09/2024,Derecha,PF50,0.028766666669980623,-0.013666666665812954,-0.014333333333325982,0.03184805942371084,31.848059423710843,334.5882193249605,0.0006315542969105934,-0.0003000431769262323,-0.0003146794294787148,0.0006992043606601866
21/04/2025,Derecha,PF50,0.03576666666776873,-0.013666666665812954,-0.008333333333325754,0.0382888002198779,38.2888002198779,339.08783112799,0.0007814775971807537,-0.00029860746953795127,-0.00018207772533922726,0.0008365845180011776
25/05/2025,Derecha,PF50,0.03976666666858364,-0.012666666669247206,-0.028333333333335986,0.041735263536247846,41.73526353624785,342.33203650540577,0.0008682299172215981,-0.0002765526979006857,-0.0006186047188624073,0.0009112105046995294
04/10/2021,Derecha,PF51,0.0016666666706441902,0.0020000000004074536,-0.002999999999985903,0.0026034165614949147,2.6034165614949147,50.19442884622767,0.20833333383052377,0.2500000000509317,-0.37499999999823785,0.32542707018686434
10/10/2021,Derecha,PF51,-0.001333333333604969,0.0010000000002037268,0.0,0.0016666666670062114,1.6666666670062114,143.13010235415598,-0.0952380952574978,0.07142857144312334,0.0,0.11904761907187224
14/10/2021,Derecha,PF51,0.0006666666668024845,-0.0010000000002037268,-0.0049999999999954525,0.0012018504253995122,1.2018504253995121,303.69006752597977,0.03703703704458247,-0.055555555566873714,-0.27777777777752516,0.06676946807775068
18/10/2021,Derecha,PF51,-0.00033333332976326346,0.0,0.0,0.00033333332976326346,0.33333332976326346,180.0,-0.015151514989239247,0.0,0.0,0.015151514989239247
27/10/2021,Derecha,PF51,-0.001333333333604969,0.0,0.0010000000000047748,0.001333333333604969,1.333333333604969,180.0,-0.04301075269693449,0.0,0.03225806451628306,0.04301075269693449
01/11/2021,Derecha,PF51,-0.00033333332976326346,0.0,0.0010000000000047748,0.00033333332976326346,0.33333332976326346,180.0,-0.009259259160090653,0.0,0.02777777777791041,0.009259259160090653
11/11/2021,Derecha,PF51,-0.001333333333604969,-0.0010000000002037268,-0.006000000000000227,0.0016666666670062114,1.6666666670062114,216.86989764584402,-0.02898550725228194,-0.021739130439211454,-0.1304347826087006,0.03623188406535242
16/11/2021,Derecha,PF51,-0.001333333333604969,0.0010000000002037268,0.0010000000000047748,0.0016666666670062114,1.6666666670062114,143.13010235415598,-0.026143790854999394,0.019607843141249543,0.019607843137348528,0.03267973856874924
24/11/2021,Derecha,PF51,9.999999747378752e-05,0.0,0.0,9.999999747378752e-05,0.09999999747378752,360.0,0.0016949152114201275,0.0,0.0,0.0016949152114201275
01/12/2021,Derecha,PF51,9.999999747378752e-05,0.0,0.0,9.999999747378752e-05,0.09999999747378752,360.0,0.0015151514768755685,0.0,0.0,0.0015151514768755685
08/12/2021,Derecha,PF51,9.999999747378752e-05,0.0,0.0,9.999999747378752e-05,0.09999999747378752,360.0,0.0013698629790929798,0.0,0.0,0.0013698629790929798
09/01/2022,Derecha,PF51,9.999999747378752e-05,0.0,0.0,9.999999747378752e-05,0.09999999747378752,360.0,0.0009523809283217858,0.0,0.0,0.0009523809283217858
12/02/2022,Derecha,PF51,9.999999747378752e-05,0.0,0.0,9.999999747378752e-05,0.09999999747378752,360.0,0.0007194244422574641,0.0,0.0,0.0007194244422574641
16/02/2022,Derecha,PF51,-0.004233333333104383,0.0010000000002037268,0.0030000000000143245,0.004349840354493498,4.349840354493498,166.7091985854092,-0.029603729602128554,0.006993006994431656,0.02097902097912115,0.030418464017437044
26/02/2022,Derecha,PF51,9.999999747378752e-05,0.0,0.0,9.999999747378752e-05,0.09999999747378752,360.0,0.0006535947547306374,0.0,0.0,0.0006535947547306374
07/03/2022,Derecha,PF51,,,,,,,,,,
11/03/2022,Derecha,PF51,9.999999747378752e-05,0.0,0.0,9.999999747378752e-05,0.09999999747378752,360.0,0.0006024096233360693,0.0,0.0,0.0006024096233360693
14/03/2022,Derecha,PF51,,,,,,,,,,
21/03/2022,Derecha,PF51,,,,,,,,,,
28/03/2022,Derecha,PF51,-0.00823333333391929,-0.0010000000002037268,0.0020000000000095497,0.008293839749346136,8.293839749346136,186.92508173930173,-0.044990892535078084,-0.005464480875430201,0.010928961748686064,0.04532152868495157
06/04/2022,Derecha,PF51,,,,,,,,,,
11/04/2022,Derecha,PF51,,,,,,,,,,
20/04/2022,Derecha,PF51,,,,,,,,,,
01/05/2022,Derecha,PF51,-0.00823333333391929,-0.0020000000004074536,0.004000000000019099,0.0084727668319774,8.472766831977399,193.65354834346016,-0.03794162826690917,-0.009216589863628818,0.01843317972359032,0.03904500844229216
09/05/2022,Derecha,PF51,,,,,,,,,,
16/05/2022,Derecha,PF51,,,,,,,,,,
24/05/2022,Derecha,PF51,-0.009233333337760996,-0.0020000000004074536,0.0,0.00944745704027483,9.44745704027483,192.22182981157832,-0.03847222224067082,-0.008333333335031057,0.0,0.03936440433447846
30/05/2022,Derecha,PF51,,,,,,,,,,
10/06/2022,Derecha,PF51,,,,,,,,,,
14/06/2022,Derecha,PF51,,,,,,,,,,
24/06/2022,Derecha,PF51,-0.010233333334326744,-0.0010000000002037268,0.008000000000009777,0.010282077179823655,10.282077179823656,185.5812157913405,-0.03776137761744186,-0.0036900369011207633,0.029520295202988107,0.03794124420599135
27/06/2022,Derecha,PF51,,,,,,,,,,
04/07/2022,Derecha,PF51,,,,,,,,,,
11/07/2022,Derecha,PF51,,,,,,,,,,
23/07/2022,Derecha,PF51,-0.005233333336946089,-0.0010000000002037268,0.009000000000014552,0.005328018188407275,,190.8178335797012,-0.00011690680971620883,-2.233888082662184e-05,0.0002010499273989624,0.00011902196332865576
01/08/2022,Derecha,PF51,,,,,,,,,,
08/08/2022,Derecha,PF51,,,,,,,,,,
16/08/2022,Derecha,PF51,,,,,,,,,,
30/08/2022,Derecha,PF51,,,,,,,,,,
16/11/2022,Derecha,PF51,-0.01123333333816845,-0.0030000000006111804,0.009000000000014552,0.011627027904416236,,194.95257905002717,-0.0002502915117347753,-6.684343041846618e-05,0.00020053029121486936,0.00025906347684802555
27/11/2022,Derecha,PF51,-0.010233333334326744,-0.0030000000006111804,0.008000000000009777,0.010664010086975257,,196.3390060574553,-0.00022795449822522374,-6.682705160409829e-05,0.00017820547090817464,0.0002375481174145785
14/12/2022,Derecha,PF51,-0.012233333334734198,-0.0020000000004074536,0.01300000000000523,0.01239574299831796,,189.2850148806772,-0.00027240271069794915,-4.453450311535446e-05,0.0002894742701909468,0.00027601912753162975
09/02/2023,Derecha,PF51,-0.014233333335141651,-0.0030000000006111804,0.014000000000010004,0.014546057123252392,,191.90218235975192,-0.00031653545645913915,-6.671707513701866e-05,0.00031134635057621324,0.00032349012861389477
18/02/2023,Derecha,PF51,-0.019233333332522307,-0.0030000000006111804,0.011000000000024102,0.019465896102763437,,188.8655127589418,-0.00042764498793823917,-6.670372430486226e-05,0.00024458032240186995,0.00043281592224043216
04/03/2023,Derecha,PF51,-0.016233333335549105,-0.0030000000006111804,0.019000000000005457,0.01650821344624296,,190.4704108401649,-0.00036082894342059403,-6.668296696106116e-05,0.00042232545733413625,0.00036693888386589966
08/03/2023,Derecha,PF51,0.009766666662471835,-0.0010000000002037268,-0.013999999999981583,0.009817727725713633,,354.15391033554016,0.00021707080351325396,-2.2225679554680216e-05,-0.0003111595137017221,0.0002182056703423562
17/03/2023,Derecha,PF51,0.011766666662879288,0.0,-0.007999999999981355,0.011766666662879288,,360.0,0.000261469860514628,0.0,-0.00017776987689394595,0.000261469860514628
29/03/2023,Derecha,PF51,0.012766666666720994,-0.0010000000002037268,-0.01099999999999568,0.012805771268438787,,355.5212247308586,0.00028361546778160113,-2.2215310796723837e-05,-0.00024436841871408187,0.00028448418866216705
04/04/2023,Derecha,PF51,0.013766666663286742,0.0030000000006111804,-0.01099999999999568,0.014089751985812866,,12.293568473768579,0.0003057900191756273,6.663705021348691e-05,-0.00024433585073291156,0.00031296650346096993
13/04/2023,Derecha,PF51,0.015766666663694195,-0.004000000000814907,-0.02199999999999136,0.016266154360836647,,345.7644181378617,0.0003501447214838037,-8.883164184891752e-05,-0.0004885740300693189,0.0003612372995366685
17/04/2023,Derecha,PF51,0.0167666666675359,-0.006000000001222361,-0.018000000000000682,0.017807894630048993,,340.3101045642532,0.0003723195582691782,-0.00013323562723385873,-0.0003997068816201604,0.00039544100171094514
25/04/2023,Derecha,PF51,0.013766666663286742,-0.0020000000004074536,-0.012000000000000455,0.013911186542480133,,351.7339878813032,0.0003056474470657122,-4.440398748712182e-05,-0.0002664239248684633,0.0003088560765187303
08/05/2023,Derecha,PF51,0.012766666666720994,-0.012000000002444722,0.006000000000000227,0.017521066686644344,,316.7730581950874,0.000283363667304146,-0.000266347050260681,0.00013317352510321454,0.00038889036903813965
19/05/2023,Derecha,PF51,0.0167666666675359,-0.008000000001629815,-0.015999999999991132,0.01857743553794055,,334.4924554684594,0.0003720551795747454,-0.00017752135807455485,-0.0003550427160765812,0.00041223644819572946
31/05/2023,Derecha,PF51,0.009766666662471835,-0.014999999999417923,-0.028999999999996362,0.017899379253995835,,303.0685984128201,0.00021666629683589933,-0.00033276393724999276,-0.000643343612041537,0.00039708452767477504
11/06/2023,Derecha,PF51,0.011766666662879288,-0.014999999999417923,-0.026999999999986812,0.019064481223937158,,308.11221370098934,0.00026097113783887706,-0.0003326827537131371,-0.0005988289567065918,0.0004228282741291953
19/06/2023,Derecha,PF51,0.009766666662471835,-0.01599999999962165,-0.024999999999977263,0.018745340159189737,,301.40058687670785,0.00021657501025527397,-0.0003547986517567334,-0.000554372893382501,0.0004156763384599463
07/07/2023,Derecha,PF51,0.012766666666720994,-0.013000000002648449,-0.006000000000000227,0.01822053176633505,,314.48116494389603,0.00028298680380194606,-0.0002881588864354402,-0.00013299640909695943,0.00040387754945992485
12/07/2023,Derecha,PF51,0.007766666662064381,-0.014000000002852175,-0.016999999999995907,0.016010031577716615,,299.01984425819586,0.00017213738473956383,-0.0003102905650136788,-0.00037678140029690166,0.00035484012450889016
17/07/2023,Derecha,PF51,0.014766666667128447,-0.010000000002037268,-0.0049999999999954525,0.017834080982737175,,325.8941072595882,0.00032724640251592164,-0.00022161155930407916,-0.0001108057796293647,0.0003952238494534433
28/07/2023,Derecha,PF51,-0.004233333333104383,-0.018000000000029104,-0.012999999999976808,0.018491108974591556,,256.7653941833058,-9.379269598104316e-05,-0.0003988035892329479,-0.00028802481444503843,0.00040968447933070913
07/08/2023,Derecha,PF51,-0.003233333336538635,-0.013000000002648449,-0.009999999999990905,0.013396060784201889,,256.0329125283707,-7.162107291036959e-05,-0.0002879610145674703,-0.0002215084726988793,0.000296734096449261
19/08/2023,Derecha,PF51,0.012766666666720994,-0.008000000001629815,-0.006000000000000227,0.015066113560080516,,327.9274313350241,0.0002827173343384413,-0.0001771596873492441,-0.00013286976548486894,0.0003336384959160377
25/08/2023,Derecha,PF51,0.01076666666631354,-0.013000000002648449,-0.003999999999990678,0.01687960636899945,,309.63172854595786,0.0002383957369154737,-0.00028784624587933596,-8.856807563693017e-05,0.000373748563403659
24/09/2023,Derecha,PF51,0.013766666663286742,-0.008000000001629815,-0.01099999999999568,0.015922346279494348,,329.8385376591334,0.00030461944688971176,-0.00017701856485804912,-0.00024340052663013472,0.00035231886087434665
04/10/2023,Derecha,PF51,0.013766666663286742,-0.009000000001833541,-0.01099999999999568,0.016447525985723636,,326.82522631025313,0.0003045520576795067,-0.00019910182956515147,-0.00024334668052995774,0.00036385916832342184
14/10/2023,Derecha,PF51,0.0027666666646837257,-0.014999999999417923,-0.012000000000000455,0.015253014273120244,,280.45043745686104,6.11918400611268e-05,-0.00033176298850812647,-0.00026541039081681055,0.00033735903994692334
01/11/2023,Derecha,PF51,0.014766666667128447,-0.010000000002037268,-0.002999999999985903,0.017834080982737175,,325.8941072595882,0.00032647225723792195,-0.00022108730742272488,-6.632619221299335e-05,0.00039428889440289123
14/09/2024,Derecha,PF51,0.022766666661482304,-0.006000000001222361,-0.007999999999981355,0.023544024950923708,,345.2357930063121,0.0004998280239189071,-0.00013172627283194717,-0.0001756350304064053,0.000516894442269286
21/04/2025,Derecha,PF51,0.03276666666351957,-0.005000000001018634,-0.007999999999981355,0.033145956680240674,,351.3239296390733,0.0007159296159657309,-0.0001092466352258922,-0.0001747946163254098,0.0007242168475843531
25/05/2025,Derecha,PF51,0.03376666666736128,-0.0020000000004074536,-0.02400000000000091,0.033825844820585295,,356.61033058445173,0.0007372312708475891,-4.3666215458003007e-05,-0.0005239945853893043,0.0007385233138418692
01/06/2025,Derecha,PF51,0.0,0.0,0.0,0.0,,0.0,0.0,0.0,0.0,0.0
08/06/2025,Derecha,PF51,0.0,0.0,0.0,0.0,,0.0,0.0,0.0,0.0,0.0
15/06/2025,Derecha,PF51,0.0,0.0,0.0,0.0,,0.0,0.0,0.0,0.0,0.0
22/06/2025,Derecha,PF51,0.0,0.0,0.0,0.0,,0.0,0.0,0.0,0.0,0.0
29/06/2025,Derecha,PF51,0.0,0.0,0.0,0.0,,0.0,0.0,0.0,0.0,0.0
06/07/2025,Derecha,PF51,0.0,0.0,0.0,0.0,,0.0,0.0,0.0,0.0,0.0
13/07/2025,Derecha,PF51,0.0,0.0,0.0,0.0,,0.0,0.0,0.0,0.0,0.0
20/07/2025,Derecha,PF51,0.0,0.0,0.0,0.0,,0.0,0.0,0.0,0.0,0.0
27/07/2025,Derecha,PF51,0.0,0.0,0.0,0.0,,0.0,0.0,0.0,0.0,0.0
03/08/2025,Derecha,PF51,0.0,0.0,0.0,0.0,,0.0,0.0,0.0,0.0,0.0
10/08/2025,Derecha,PF51,0.0,0.0,0.0,0.0,,0.0,0.0,0.0,0.0,0.0
17/08/2025,Derecha,PF51,0.0,0.0,0.0,0.0,,0.0,0.0,0.0,0.0,0.0
24/08/2025,Derecha,PF51,0.0,0.0,0.0,0.0,,0.0,0.0,0.0,0.0,0.0
31/08/2025,Derecha,PF51,0.0,0.0,0.0,0.0,,0.0,0.0,0.0,0.0,0.0
07/09/2025,Derecha,PF51,0.0,0.0,0.0,0.0,,0.0,0.0,0.0,0.0,0.0
14/09/2025,Derecha,PF51,0.0,0.0,0.0,0.0,,0.0,0.0,0.0,0.0,0.0
21/09/2025,Derecha,PF51,0.0,0.0,0.0,0.0,,0.0,0.0,0.0,0.0,0.0
28/09/2025,Derecha,PF51,0.0,0.0,0.0,0.0,,0.0,0.0,0.0,0.0,0.0
05/10/2025,Derecha,PF51,0.0,0.0,0.0,0.0,,0.0,0.0,0.0,0.0,0.0
12/10/2025,Derecha,PF51,0.0,0.0,0.0,0.0,,0.0,0.0,0.0,0.0,0.0
19/10/2025,Derecha,PF51,0.0,0.0,0.0,0.0,,0.0,0.0,0.0,0.0,0.0
26/10/2025,Derecha,PF51,0.0,0.0,0.0,0.0,,0.0,0.0,0.0,0.0,0.0
02/11/2025,Derecha,PF51,0.0,0.0,0.0,0.0,,0.0,0.0,0.0,0.0,0.0
09/11/2025,Derecha,PF51,0.0,0.0,0.0,0.0,,0.0,0.0,0.0,0.0,0.0
16/11/2025,Derecha,PF51,0.0,0.0,0.0,0.0,,0.0,0.0,0.0,0.0,0.0
23/11/2025,Derecha,PF51,0.0,0.0,0.0,0.0,,0.0,0.0,0.0,0.0,0.0
30/11/2025,Derecha,PF51,0.0,0.0,0.0,0.0,,0.0,0.0,0.0,0.0,0.0
07/12/2025,Derecha,PF51,0.0,0.0,0.0,0.0,,0.0,0.0,0.0,0.0,0.0
14/12/2025,Derecha,PF51,0.0,0.0,0.0,0.0,,0.0,0.0,0.0,0.0,0.0
21/12/2025,Derecha,PF51,0.0,0.0,0.0,0.0,,0.0,0.0,0.0,0.0,0.0
28/12/2025,Derecha,PF51,0.0,0.0,0.0,0.0,,0.0,0.0,0.0,0.0,0.0
04/01/2026,Derecha,PF51,0.0,0.0,0.0,0.0,,0.0,0.0,0.0,0.0,0.0
11/01/2026,Derecha,PF51,0.0,0.0,0.0,0.0,,0.0,0.0,0.0,0.0,0.0
18/01/2026,Derecha,PF51,0.0,0.0,0.0,0.0,,0.0,0.0,0.0,0.0,0.0
25/01/2026,Derecha,PF51,0.0,0.0,0.0,0.0,,0.0,0.0,0.0,0.0,0.0
01/02/2026,Derecha,PF51,0.0,0.0,0.0,0.0,,0.0,0.0,0.0,0.0,0.0
08/02/2026,Derecha,PF51,0.0,0.0,0.0,0.0,,0.0,0.0,0.0,0.0,0.0
04/10/2021,Derecha,PF52,0.0010000000038417056,-0.0010000000002037268,0.0,0.0014142135652336477,1.4142135652336478,315.0000001042204,0.1250000004802132,-0.12500000002546585,0.0,0.17677669565420598
10/10/2021,Derecha,PF52,0.0010000000038417056,-0.0010000000002037268,0.0,0.0014142135652336477,1.4142135652336478,315.0000001042204,0.07142857170297898,-0.07142857144312334,0.0,0.10101525465954626
14/10/2021,Derecha,PF52,0.00010000000474974513,0.0010000000002037268,-0.009999999999990905,0.001004987562787422,1.004987562787422,84.28940659421018,0.005555555819430285,0.055555555566873714,-0.5555555555550503,0.055832642377079
18/10/2021,Derecha,PF52,-0.001999999993131496,-0.0020000000004074536,-0.0010000000000047748,0.0028284271201775377,2.8284271201775377,225.00000010422042,-0.09090909059688619,-0.09090909092761153,-0.0454545454547625,0.128564869098979
27/10/2021,Derecha,PF52,0.00010000000474974513,0.0,0.0,0.00010000000474974513,0.10000000474974513,360.0,0.003225806604830488,0.0,0.0,0.003225806604830488
01/11/2021,Derecha,PF52,-0.000999999996565748,0.0,0.0,0.000999999996565748,0.999999996565748,180.0,-0.02777777768238189,0.0,0.0,0.02777777768238189
11/11/2021,Derecha,PF52,-0.00399999999353895,-0.0030000000006111804,-0.012000000000000455,0.0049999999951978675,4.999999995197867,216.8698976958698,-0.08695652159867283,-0.06521739131763435,-0.2608695652174012,0.10869565206951885
16/11/2021,Derecha,PF52,-0.001999999993131496,0.0,-0.002999999999985903,0.001999999993131496,1.999999993131496,180.0,-0.039215686139833256,0.0,-0.05882352941148829,0.039215686139833256
24/11/2021,Derecha,PF52,9.999999747378752e-05,0.0,0.0,9.999999747378752e-05,0.09999999747378752,360.0,0.0016949152114201275,0.0,0.0,0.0016949152114201275
01/12/2021,Derecha,PF52,9.999999747378752e-05,0.0,0.0,9.999999747378752e-05,0.09999999747378752,360.0,0.0015151514768755685,0.0,0.0,0.0015151514768755685
08/12/2021,Derecha,PF52,9.999999747378752e-05,0.0,0.0,9.999999747378752e-05,0.09999999747378752,360.0,0.0013698629790929798,0.0,0.0,0.0013698629790929798
09/01/2022,Derecha,PF52,9.999999747378752e-05,0.0,0.0,9.999999747378752e-05,0.09999999747378752,360.0,0.0009523809283217858,0.0,0.0,0.0009523809283217858
12/02/2022,Derecha,PF52,-0.005899999996472616,-0.0010000000002037268,-0.00899999999998613,0.005984145716707133,5.984145716707133,189.61972780726583,-0.04244604314009076,-0.007194244605782207,-0.06474820143874914,0.043051408033864265
16/02/2022,Derecha,PF52,-0.004899999999906868,-0.0030000000006111804,0.0010000000000047748,0.005745432969128992,5.745432969128992,211.476839355267,-0.03426573426508299,-0.02097902098329497,0.006993006993040383,0.04017785293097198
26/02/2022,Derecha,PF52,-0.004899999999906868,-0.0030000000006111804,0.0010000000000047748,0.005745432969128992,5.745432969128992,211.476839355267,-0.03202614379024096,-0.019607843141249543,0.006535947712449509,0.03755184947143132
07/03/2022,Derecha,PF52,,,,,,,,,,
11/03/2022,Derecha,PF52,,,,,,,,,,
14/03/2022,Derecha,PF52,,,,,,,,,,
21/03/2022,Derecha,PF52,,,,,,,,,,
28/03/2022,Derecha,PF52,-0.009899999997287523,-0.006999999997788109,0.0,0.012124768035526555,12.124768035526555,215.26301172846297,-0.05409836064091543,-0.03825136610813174,0.0,0.06625556303566423
06/04/2022,Derecha,PF52,,,,,,,,,,
11/04/2022,Derecha,PF52,,,,,,,,,,
20/04/2022,Derecha,PF52,,,,,,,,,,
01/05/2022,Derecha,PF52,-0.010900000001129229,-0.005000000001018634,0.0,0.011992080721659755,11.992080721659756,204.64166200173247,-0.0502304147517476,-0.023041474659072046,0.0,0.05526304480027537
09/05/2022,Derecha,PF52,,,,,,,,,,
16/05/2022,Derecha,PF52,,,,,,,,,,
24/05/2022,Derecha,PF52,-0.011899999997694977,-0.005000000001018634,-0.006000000000000227,0.012907749608484308,12.907749608484307,202.79059084991698,-0.049583333323729065,-0.020833333337577642,-0.025000000000000945,0.05378229003535128
30/05/2022,Derecha,PF52,,,,,,,,,,
10/06/2022,Derecha,PF52,,,,,,,,,,
14/06/2022,Derecha,PF52,,,,,,,,,,
24/06/2022,Derecha,PF52,-0.01389999999810243,-0.004000000000814907,0.0030000000000143245,0.014464093471551089,14.464093471551088,196.05421966795663,-0.05129151290812705,-0.014760147604483053,0.011070110701159869,0.053373038640409924
27/06/2022,Derecha,PF52,,,,,,,,,,
04/07/2022,Derecha,PF52,,,,,,,,,,
11/07/2022,Derecha,PF52,,,,,,,,,,
23/07/2022,Derecha,PF52,-0.008900000000721775,-0.008999999998195563,0.006000000000000227,0.012657408896783249,12.657408896783249,225.32008481571518,-0.0001988160393325539,-0.00020104992735832822,0.00013403328493242995,0.00028275234886145984
01/08/2022,Derecha,PF52,,,,,,,,,,
08/08/2022,Derecha,PF52,,,,,,,,,,
16/08/2022,Derecha,PF52,,,,,,,,,,
30/08/2022,Derecha,PF52,,,,,,,,,,
16/11/2022,Derecha,PF52,-0.012900000001536682,-0.005999999997584382,0.003999999999990678,0.014227086842029854,14.227086842029854,204.94390525199387,-0.0002874267507750871,-0.00013368686075587404,8.912457387292346e-05,0.00031699576306298556
27/11/2022,Derecha,PF52,-0.01389999999810243,-0.007999999997991836,0.0049999999999954525,0.016037767921849876,16.037767921849877,209.92212985322718,-0.0003096320056603054,-0.00017820547086322365,0.00011137841931737175,0.00035725224810322277
14/12/2022,Derecha,PF52,-0.01389999999810243,-0.006999999997788109,0.0030000000000143245,0.015563097375403172,15.563097375403173,206.7296937643547,-0.00030951479654640337,-0.00015587076082273281,6.680175465974137e-05,0.00034654740420412774
09/02/2023,Derecha,PF52,-0.01690000000235159,-0.006999999997788109,0.007000000000005002,0.018292348128343645,18.292348128343644,202.49939459592937,-0.0003758395232476002,-0.00015567317523880507,0.00015567317528810662,0.0004068039880875249
18/02/2023,Derecha,PF52,-0.018899999995483086,-0.004000000000814907,0.007000000000005002,0.019318643840492013,19.31864384049201,191.94975722663213,-0.0004202334629345878,-8.893829907314969e-05,0.00015564202334641472,0.00042954183080582575
04/03/2023,Derecha,PF52,-0.018899999995483086,-0.007999999997991836,0.01300000000000523,0.02052340127262365,20.523401272623648,202.94198924972486,-0.0004201026916686987,-0.0001778212451486327,0.00028895952343917914,0.0004561870962373836
08/03/2023,Derecha,PF52,0.009100000002945308,-0.0020000000004074536,-0.020999999999986585,0.009317188420077938,9.317188420077938,347.6045931676822,0.0002022536839718469,-4.445135910936043e-05,-0.000466739270552899,0.00020708084413304155
17/03/2023,Derecha,PF52,0.009100000002945308,-0.005000000001018634,-0.016999999999995907,0.010383159445168457,10.383159445168458,331.21338169288606,0.00020221323503278316,-0.00011110617308161046,-0.0003777609884004246,0.00023072662204276381
29/03/2023,Derecha,PF52,0.011100000003352761,-0.005999999997584382,-0.01300000000000523,0.012617844508688632,12.617844508688632,331.60698059550595,0.0002465899498678802,-0.0001332918646995242,-0.00028879904029868996,0.0002803093372881466
04/04/2023,Derecha,PF52,0.004099999998288695,-0.0030000000006111804,-0.020999999999986585,0.005080354317332048,5.0803543173320485,323.80679267747576,9.107063523519979e-05,-6.663705021348691e-05,-0.0004664593513990801,0.00011284660855913036
13/04/2023,Derecha,PF52,0.01209999999991851,-0.007999999997991836,-0.028999999999996362,0.014505516190949473,14.505516190949473,326.52903573179344,0.00026871571653642117,-0.00017766328361704312,-0.0006440294032733652,0.00032213720471139644
17/04/2023,Derecha,PF52,0.014100000000325963,-0.008999999998195563,-0.02199999999999136,0.01672752223064469,16.727522230644688,327.4499965136171,0.0003131037239430187,-0.0001998534407700034,-0.0004885306330910967,0.00037145031933570247
25/04/2023,Derecha,PF52,0.013100000003760215,-0.006999999997788109,0.016999999999995907,0.014852945838033314,14.852945838033314,331.88213029234555,0.000290846118064879,-0.00015541395612415597,0.00037743389356355116,0.0003297650105022827
08/05/2023,Derecha,PF52,0.011100000003352761,-0.01599999999962165,0.0010000000000047748,0.019473315076337774,19.473315076337773,304.7509792249838,0.00024637102151535406,-0.0003551294002668276,2.219558751730756e-05,0.00043222166902689605
19/05/2023,Derecha,PF52,0.014100000000325963,-0.00999999999839929,-0.020000000000010232,0.01728612160020801,17.28612160020801,324.6549771006089,0.0003128813935498938,-0.0002219016975124662,-0.0004438033950961995,0.000383581972710707
31/05/2023,Derecha,PF52,0.008099999999103602,-0.021000000000640284,-0.03200000000001069,0.02250799857855803,22.50799857855803,291.092339503112,0.00017969252610208314,-0.00046586951218227223,-0.0007098963994944359,0.0004993233484605903
11/06/2023,Derecha,PF52,0.008099999999103602,-0.021000000000640284,-0.03200000000001069,0.02250799857855803,22.50799857855803,291.092339503112,0.00017964868699218422,-0.00046575585523066633,-0.000709723207949137,0.0004992015298651089
19/06/2023,Derecha,PF52,0.006099999998696148,-0.02200000000084401,-0.028999999999996362,0.022830024091560427,22.83002409156043,285.4972431030874,0.00013526698595654044,-0.0004878481461957604,-0.0006430725563242053,0.0005062538604656827
07/07/2023,Derecha,PF52,0.007100000002537854,-0.018000000000029104,-0.012000000000000455,0.01934967700084643,19.34967700084643,291.5264798399084,0.00015737908415431692,-0.00039898922729150824,-0.00026599281819391886,0.00042890625971641683
12/07/2023,Derecha,PF52,0.007100000002537854,-0.023999999997613486,-0.022999999999996135,0.025028184111546822,25.02818411154682,286.479973288967,0.00015736164370969778,-0.0005319266827193308,-0.0005097630709899628,0.0005547149562611499
17/07/2023,Derecha,PF52,0.013100000003760215,-0.016999999999825377,-0.009999999999990905,0.021461826578662413,21.461826578662414,307.61742365550714,0.00029031114271253024,-0.0003767396507363127,-0.0002216115592587294,0.00047561888526421444
28/07/2023,Derecha,PF52,-0.011899999997694977,-0.027999999998428393,-0.015999999999991132,0.030423839334593035,30.423839334593033,246.97450799430942,-0.0002636534839413975,-0.0006203611387709848,-0.0003544920793174063,0.0006740631291590348
07/08/2023,Derecha,PF52,-0.009899999997287523,-0.020000000000436557,-0.016999999999995907,0.02231613765784203,22.31613765784203,243.66459000285727,-0.00021929338791200627,-0.00044301694540783157,-0.00037656440358834663,0.000494321356913103
19/08/2023,Derecha,PF52,0.009100000002945308,-0.013999999999214197,-0.01099999999999568,0.016697604619573495,16.697604619573493,303.02386756573986,0.000201519144383934,-0.00031002945278061424,-0.00024359457005548822,0.00036976780166028515
25/08/2023,Derecha,PF52,0.007100000002537854,-0.018000000000029104,-0.007000000000005002,0.01934967700084643,19.34967700084643,291.5264798399084,0.00015720833431211064,-0.0003985563403677591,-0.0001549941323650998,0.00042844091404128226
24/09/2023,Derecha,PF52,0.011100000003352761,-0.011999999998806743,-0.015999999999991132,0.01634655927239103,16.34655927239103,312.7688254034357,0.0002456132587646928,-0.00026552784720657496,-0.0003540371296437752,0.0003617055577720229
04/10/2023,Derecha,PF52,0.010099999999511056,-0.01299999999901047,-0.014999999999986358,0.016462381357640683,16.462381357640684,307.84445846588324,0.00022343649756677777,-0.00028759153151362675,-0.00033183638254067997,0.00036418780518197207
14/10/2023,Derecha,PF52,-0.0008999999990919605,-0.016999999999825377,-0.019000000000005457,0.017023806859584267,17.02380685958427,266.9695231571602,-1.9905779291176443e-05,-0.00037599805365327177,-0.0004202331187933881,0.00037652460264933244
01/11/2023,Derecha,PF52,0.011100000003352761,-0.013999999999214197,-0.007000000000005002,0.01786644900511651,17.86644900511651,308.40939124184183,0.00024540691126335393,-0.00030952223031138374,-0.000154761115164489,0.0003950045102941901
14/09/2024,Derecha,PF52,0.021099999998114072,-0.013999999999214197,-0.02199999999999136,0.025322124711374662,25.322124711374663,326.43544328993556,0.00046323739265656923,-0.00030736130319467377,-0.00048299633361855056,0.0005559315179559302
21/04/2025,Derecha,PF52,0.02810000000317814,-0.00999999999839929,-0.01300000000000523,0.029826330651734505,29.826330651734505,340.41078550398055,0.000613966089913873,-0.000218493270372297,-0.00028404125152956715,0.0006516852528346117
25/05/2025,Derecha,PF52,0.02810000000317814,-0.010999999998603016,-0.03100000000000591,0.030176315218195176,30.176315218195175,338.62169012239616,0.0006135103271293423,-0.00024016418493958818,-0.0006768263394612879,0.0006588427408889388
04/10/2021,Derecha,PF53,0.001333333333604969,0.0016666666670062114,-0.0033333333333303017,0.002134374746245779,2.1343747462457787,51.34019174590991,0.16666666670062114,0.20833333337577642,-0.4166666666662877,0.26679684328072234
10/10/2021,Derecha,PF53,0.00033333332976326346,-0.00033333333340124227,-0.00033333333334439885,0.0004714045183146299,0.47140451831462993,314.99999968733874,0.02380952355451882,-0.02380952381437445,-0.023809523810314204,0.03367175130818785
14/10/2021,Derecha,PF53,0.00033333332976326346,0.0006666666668024845,-0.0043333333333350765,0.0007453559910248253,0.7453559910248253,63.434949073051015,0.018518518320181306,0.03703703704458247,-0.2407407407408376,0.04140866616804585
18/10/2021,Derecha,PF53,-0.0006666666668024845,0.0006666666668024845,-0.00033333333334439885,0.0009428090417741388,0.9428090417741388,135.0,-0.030303030309203845,0.030303030309203845,-0.01515151515201813,0.04285495644427904
27/10/2021,Derecha,PF53,0.001333333333604969,0.003666666663775686,0.000666666666660376,0.003901566634282447,3.901566634282447,70.01689345984244,0.04301075269693449,0.1182795697992157,0.0215053763438831,0.1258569882026596
01/11/2021,Derecha,PF53,-0.0006666666668024845,0.0006666666668024845,0.000666666666660376,0.0009428090417741388,0.9428090417741388,135.0,-0.018518518522291236,0.018518518522291236,0.01851851851834378,0.026189140049281634
11/11/2021,Derecha,PF53,-0.0016666666706441902,0.0006666666668024845,-0.005333333333339851,0.0017950549394549807,1.7950549394549808,158.19859055677387,-0.03623188414443892,0.01449275362614097,-0.11594202898564894,0.039022933466412627
16/11/2021,Derecha,PF53,-0.002666666667209938,0.0006666666668024845,-0.0023333333333539485,0.0027487370843050983,2.748737084305098,165.96375653207352,-0.05228758170999879,0.013071895427499697,-0.04575163398733232,0.053896805574609775
24/11/2021,Derecha,PF53,9.999999747378752e-05,0.0,0.0,9.999999747378752e-05,0.09999999747378752,360.0,0.0016949152114201275,0.0,0.0,0.0016949152114201275
01/12/2021,Derecha,PF53,9.999999747378752e-05,0.0,0.0,9.999999747378752e-05,0.09999999747378752,360.0,0.0015151514768755685,0.0,0.0,0.0015151514768755685
08/12/2021,Derecha,PF53,9.999999747378752e-05,0.0,0.0,9.999999747378752e-05,0.09999999747378752,360.0,0.0013698629790929798,0.0,0.0,0.0013698629790929798
09/01/2022,Derecha,PF53,9.999999747378752e-05,0.0,0.0,9.999999747378752e-05,0.09999999747378752,360.0,0.0009523809283217858,0.0,0.0,0.0009523809283217858
12/02/2022,Derecha,PF53,-0.00556666667398531,0.0016666666670062114,-0.012333333333344854,0.005810813681247082,5.810813681247082,163.3322369778637,-0.04004796168334755,0.01199040767630368,-0.08872901678665363,0.04180441497300059
16/02/2022,Derecha,PF53,-0.0035666666735778563,0.0016666666670062114,0.003666666666646279,0.0039368628296297704,3.9368628296297703,154.95379925846203,-0.02494172499005494,0.011655011657386093,0.025641025640883067,0.02753050929811028
26/02/2022,Derecha,PF53,9.999999747378752e-05,0.0,0.0,9.999999747378752e-05,0.09999999747378752,360.0,0.0006535947547306374,0.0,0.0,0.0006535947547306374
07/03/2022,Derecha,PF53,,,,,,,,,,
11/03/2022,Derecha,PF53,9.999999747378752e-05,0.0,0.0,9.999999747378752e-05,0.09999999747378752,360.0,0.0006024096233360693,0.0,0.0,0.0006024096233360693
14/03/2022,Derecha,PF53,,,,,,,,,,
21/03/2022,Derecha,PF53,,,,,,,,,,
28/03/2022,Derecha,PF53,-0.009566666674800217,-0.00033333333340124227,0.0016666666666651508,0.009572472114239321,9.572472114239321,181.99556131441872,-0.05227686707541102,-0.0018214936251434006,0.009107468123853282,0.05230859078819301
06/04/2022,Derecha,PF53,,,,,,,,,,
11/04/2022,Derecha,PF53,,,,,,,,,,
20/04/2022,Derecha,PF53,,,,,,,,,,
01/05/2022,Derecha,PF53,-0.00556666667398531,-0.001333333333604969,0.0016666666666651508,0.005724120512162616,5.724120512162616,193.46977821514457,-0.025652841815600506,-0.006144393242419213,0.0076804915514523085,0.02637843553991989
09/05/2022,Derecha,PF53,,,,,,,,,,
16/05/2022,Derecha,PF53,,,,,,,,,,
24/05/2022,Derecha,PF53,-0.009566666674800217,0.0026666666635719594,-0.010333333333335304,0.00993137565301701,9.93137565301701,164.42441960787167,-0.039861111145000905,0.011111111098216497,-0.043055555555563764,0.041380731887570875
30/05/2022,Derecha,PF53,,,,,,,,,,
10/06/2022,Derecha,PF53,,,,,,,,,,
14/06/2022,Derecha,PF53,,,,,,,,,,
24/06/2022,Derecha,PF53,-0.01156666667520767,-0.002333333333808696,0.003666666666646279,0.011799670437008929,11.79967043700893,191.40516082279933,-0.04268142684578476,-0.008610086102615114,0.013530135301277781,0.04354121932475619
27/06/2022,Derecha,PF53,,,,,,,,,,
04/07/2022,Derecha,PF53,,,,,,,,,,
11/07/2022,Derecha,PF53,,,,,,,,,,
23/07/2022,Derecha,PF53,-0.006566666670551058,-0.0043333333342161495,0.004666666666651054,0.007867584695925108,7.867584695925108,213.42075913706975,-0.00014669198415170464,-9.680181691536132e-05,0.00010424811050264835,0.00017575303687981922
01/08/2022,Derecha,PF53,,,,,,,,,,
08/08/2022,Derecha,PF53,,,,,,,,,,
16/08/2022,Derecha,PF53,,,,,,,,,,
30/08/2022,Derecha,PF53,,,,,,,,,,
16/11/2022,Derecha,PF53,-0.009566666674800217,-0.001333333333604969,0.006666666666660603,0.00965913500502168,9.65913500502168,187.93436350268396,-0.00021315627269446352,-2.9708191297096078e-05,0.00014854095645508352,0.0002152165728264005
27/11/2022,Derecha,PF53,-0.008566666670958512,-0.00033333333340124227,0.006666666666660603,0.008573149302471512,8.573149302471512,182.22828365527988,-0.0001908283585262076,-7.4252279560109215e-06,0.000148504559089829,0.00019097276357639471
14/12/2022,Derecha,PF53,-0.0075666666743927635,-0.00033333333340124227,0.011666666666656056,0.007574005259604883,7.574005259604883,182.52241228138044,-0.00016848887025747096,-7.4224171858924105e-06,0.00025978460145307305,0.0001686522803804334
09/02/2023,Derecha,PF53,-0.012566666671773419,-0.0033333333340124227,0.006666666666660603,0.013001239262281854,13.001239262281853,194.8557167674332,-0.00027947041479725615,-7.413008348557628e-05,0.00014826016694081314,0.00028913488551976724
18/02/2023,Derecha,PF53,-0.010566666671365965,-0.001333333333604969,0.0056666666666558285,0.0106504564372734,10.6504564372734,187.19174276831635,-0.00023494534010819266,-2.9646099691049897e-05,0.00012599592366105232,0.0002368083699226993
04/03/2023,Derecha,PF53,-0.01156666667520767,-0.005333333334419876,0.013666666666665606,0.012737041353131971,12.737041353131971,204.75419529051828,-0.00025709988386511527,-0.00011854749681966428,0.00030377796053847843,0.0002831145691865116
08/03/2023,Derecha,PF53,0.012433333329681773,-0.001333333333604969,-0.023333333333340533,0.012504621364338777,12.504621364338776,353.87907274843803,0.0002763392823257345,-2.9634239406240283e-05,-0.0005185991895037124,0.0002779237073397812
17/03/2023,Derecha,PF53,0.01343333332624752,0.0006666666668024845,-0.015333333333330756,0.01344986575021096,13.449865750210959,2.8411320437005525,0.0002985052514609911,1.4814156410881396e-05,-0.0003407255973807999,0.00029887262233258433
29/03/2023,Derecha,PF53,0.01343333332624752,-0.006333333334623603,-0.02033333333335463,0.014851449605392964,14.851449605392965,334.75780900851095,0.0002984256748177794,-0.00014069696837925097,-0.00045171131944183213,0.00032992956869847077
04/04/2023,Derecha,PF53,0.014433333330089226,0.0016666666670062114,-0.025333333333350083,0.014529242540351997,14.529242540351998,6.586967079028117,0.0003205982525564022,3.702058345193717e-05,-0.0005627128683551773,0.0003227286215093735
13/04/2023,Derecha,PF53,0.015433333326654974,-0.008333333335031057,-0.02933333333334076,0.017539447598039652,17.53944759803965,331.63286993828194,0.00034274208458226864,-0.00018506592051857818,-0.0006514320400928459,0.00038951448173487425
17/04/2023,Derecha,PF53,0.017433333327062428,-0.006333333334623603,-0.019333333333349856,0.01854810561809265,18.54810561809265,340.0344877492418,0.00038712351668914857,-0.00014063760652462866,-0.0004293147987775599,0.00041187808092049493
25/04/2023,Derecha,PF53,0.012433333329681773,-0.00733333333482733,-0.021333333333330984,0.014434872894718034,14.434872894718033,329.467371877187,0.0002760447887409643,-0.00016281462078611333,-0.00047364253309942016,0.0003204829576323357
08/05/2023,Derecha,PF53,0.015433333326654974,-0.014333333336253418,0.0026666666666699257,0.021062578714388054,21.062578714388053,317.11635020722395,0.0003425519005339143,-0.00031813675447803566,5.918823337927655e-05,0.0004674963091931472
19/05/2023,Derecha,PF53,0.021433333327877335,-0.01033333333543851,-0.017333333333340306,0.023794233657867238,23.794233657867238,334.26058271870664,0.00047560930495678096,-0.00022929842084630004,-0.00038462960908333086,0.000527998084053417
31/05/2023,Derecha,PF53,0.014433333330089226,-0.016333333333022892,-0.03733333333335054,0.021796763263959656,21.796763263959658,311.4661785000286,0.0003201928551165611,-0.0003623429539016104,-0.0008282124660769469,0.0004835451175535119
11/06/2023,Derecha,PF53,0.014433333330089226,-0.014333333336253418,-0.03633333333334576,0.020341227975361226,20.341227975361225,315.1991733900028,0.00032011473851333456,-0.00031789685362520884,-0.0008058315590255892,0.0004511450491341649
19/06/2023,Derecha,PF53,0.015433333326654974,-0.014333333336253418,-0.02933333333334076,0.021062578714388054,21.062578714388053,317.11635020722395,0.0003422328660336831,-0.0003178404589376756,-0.0006504641949028907,0.00046706090816010413
07/07/2023,Derecha,PF53,0.01343333332624752,-0.01733333333322662,-0.015333333333330756,0.021929406938967076,21.929406938967077,307.7756842914922,0.0002977641824322277,-0.00038421184849994725,-0.0003398797121366041,0.0004860887294180758
12/07/2023,Derecha,PF53,0.012433333329681773,-0.019333333333634073,-0.02033333333335463,0.022986203589901097,22.9862035899011,302.7452107162437,0.0002755675730774568,-0.00042849649446206856,-0.00045066010623805115,0.0005094572927126287
17/07/2023,Derecha,PF53,0.02043333332403563,-0.01333333333604969,-0.010333333333335304,0.024398747684693963,24.398747684693962,326.87440463205337,0.000452826285879701,-0.00029548207907210554,-0.00022899861123427232,0.000540704451837026
28/07/2023,Derecha,PF53,-0.004566666670143604,-0.022333333334245253,-0.021333333333330984,0.02279544301597823,22.795443015978233,258.4436002418256,-0.00010117794771559996,-0.0004948118607343581,-0.0004726561057567516,0.000505050249606253
07/08/2023,Derecha,PF53,-0.0025666666697361507,-0.015333333336457144,-0.01833333333334508,0.015546668099642521,15.54666809964252,260.49728598150443,-5.685384139408906e-05,-0.0003396463248744522,-0.00040609886661524156,0.0003443718706311335
19/08/2023,Derecha,PF53,0.017433333327062428,-0.011333333335642237,-0.013333333333349628,0.020793401727212533,20.793401727212533,326.9722819066403,0.0003860604851310412,-0.00025097622374476244,-0.00029526614552228067,0.0004604690685212156
25/08/2023,Derecha,PF53,0.01343333332624752,-0.01733333333322662,-0.011333333333340079,0.021929406938967076,21.929406938967077,307.7756842914922,0.0002974411205244895,-0.00038379499442522903,-0.0002509428809720364,0.000485561343111996
24/09/2023,Derecha,PF53,0.018433333330904134,-0.01033333333543851,-0.019333333333349856,0.021132097754589015,21.132097754589015,330.7259401729265,0.0004078802763902404,-0.00022864897960831346,-0.000427794864986831,0.00046759670202440673
04/10/2023,Derecha,PF53,0.017433333327062428,-0.011333333335642237,-0.01833333333334508,0.020793401727212533,20.793401727212533,326.9722819066403,0.0003856676177922357,-0.00025072082241537594,-0.0004055778008836821,0.0004600004806586406
14/10/2023,Derecha,PF53,0.0034333333242102526,-0.016333333333022892,-0.02233333333333576,0.016690283265504192,16.690283265504192,281.8709777651044,7.593686161524898e-05,-0.00036125303193822335,-0.0004939582273535434,0.0003691478836950477
01/11/2023,Derecha,PF53,0.018433333330904134,-0.012333333335845964,-0.012333333333344854,0.022178793674618794,22.178793674618795,326.21439978248907,0.00040753760321248997,-0.00027267434582136063,-0.00027267434576606426,0.0004903449774406667
14/09/2024,Derecha,PF53,0.027433333329099696,-0.00733333333482733,-0.021333333333330984,0.028396576472264786,28.396576472264787,345.03392374829843,0.0006022817916770883,-0.00016099877790571319,-0.00046836008108478745,0.0006234291965194578
21/04/2025,Derecha,PF53,0.034433333326887805,-0.009333333335234784,-0.01833333333334508,0.03567583993611317,35.675839936113164,344.83409041454007,0.0007523451609615409,-0.00020392705242166544,-0.000400570995746921,0.0007794930942167708
25/05/2025,Derecha,PF53,0.03243333332648035,-0.00733333333482733,-0.03533333333334099,0.03325205089112957,33.25205089112957,347.2593789086562,0.000708120460383397,-0.00016010945667934437,-0.0007714364729343912,0.0007259956091683676
04/10/2021,Derecha,PF54,0.0003333333370392211,-0.0006666666668024845,-0.00033333333331597714,0.0007453559942787325,0.7453559942787326,296.565051427207,0.041666667129902635,-0.08333333335031057,-0.04166666666449714,0.09316949928484157
10/10/2021,Derecha,PF54,-0.0016666666633682325,-0.0006666666668024845,-0.00033333333331597714,0.0017950549326994235,1.7950549326994234,201.8014095294775,-0.11904761881201661,-0.0476190476287489,-0.02380952380828408,0.12821820947853024
14/10/2021,Derecha,PF54,-0.0016666666633682325,-0.0016666666670062114,-0.009333333333330529,0.0023570226018629075,2.3570226018629072,225.00000006253225,-0.09259259240934625,-0.09259259261145619,-0.5185185185183627,0.13094570010349485
18/10/2021,Derecha,PF54,-0.002666666667209938,-0.0006666666668024845,-0.001333333333320752,0.0027487370843050983,2.748737084305098,194.03624346792648,-0.12121212123681538,-0.030303030309203845,-0.06060606060548873,0.12494259474114085
27/10/2021,Derecha,PF54,-0.002666666667209938,0.00033333333340124227,-0.002333333333325527,0.0026874192499803493,2.687419249980349,172.8749836510982,-0.08602150539386898,0.010752688174233622,-0.07526881720404925,0.08669094354775321
01/11/2021,Derecha,PF54,-0.0016666666633682325,0.00033333333340124227,-0.00033333333331597714,0.001699673167976532,1.699673167976532,168.69006750192892,-0.046296296204673126,0.009259259261145618,-0.009259259258777143,0.047213143554903664
11/11/2021,Derecha,PF54,-0.002666666667209938,0.00033333333340124227,-0.010333333333335304,0.0026874192499803493,2.687419249980349,172.8749836510982,-0.05797101450456388,0.007246376813070485,-0.22463768115946314,0.05842215760826846
16/11/2021,Derecha,PF54,-0.003666666663775686,0.00033333333340124227,-0.005333333333339851,0.0036817870028561274,3.6817870028561273,174.8055710871396,-0.07189542477991541,0.006535947713749849,-0.10457516339882061,0.07219190201678681
24/11/2021,Derecha,PF54,9.999999747378752e-05,0.0,0.0,9.999999747378752e-05,0.09999999747378752,360.0,0.0016949152114201275,0.0,0.0,0.0016949152114201275
01/12/2021,Derecha,PF54,-0.005566666666709352,-0.0006666666668024845,-0.008333333333325754,0.00560644470434504,5.60644470434504,186.82924430452437,-0.08434343434408109,-0.010101010103067947,-0.12626262626251142,0.08494613188401576
08/12/2021,Derecha,PF54,-0.004566666670143604,-0.002666666667209938,-0.001333333333320752,0.00528824692976879,5.28824692976879,210.28243341802872,-0.06255707767320005,-0.036529680372738876,-0.018264840182476056,0.07244173876395603
09/01/2022,Derecha,PF54,9.999999747378752e-05,0.0,0.0,9.999999747378752e-05,0.09999999747378752,360.0,0.0009523809283217858,0.0,0.0,0.0009523809283217858
12/02/2022,Derecha,PF54,-0.00956666666752426,-0.002666666667209938,-0.015333333333330756,0.009931375646985078,9.931375646985078,195.57558042361669,-0.06882494005413137,-0.019184652282085886,-0.11031175059950185,0.07144874566176315
16/02/2022,Derecha,PF54,-0.005566666666709352,0.00033333333340124227,0.000666666666660376,0.005576637776421326,5.576637776421326,176.57320684203927,-0.03892773892803743,0.0023310023314772185,0.004662004661960671,0.03899746696798131
26/02/2022,Derecha,PF54,-0.005566666666709352,0.00033333333340124227,0.000666666666660376,0.005576637776421326,5.576637776421326,176.57320684203927,-0.0363834422660742,0.002178649237916616,0.004357298474904419,0.03644861291778644
07/03/2022,Derecha,PF54,,,,,,,,,,
11/03/2022,Derecha,PF54,-0.006566666670551058,0.001333333333604969,0.0016666666666651508,0.006700663320942804,6.700663320942804,168.52237304472519,-0.03955823295512686,0.008032128515692585,0.01004016064256115,0.040365441692426535
14/03/2022,Derecha,PF54,,,,,,,,,,
21/03/2022,Derecha,PF54,,,,,,,,,,
28/03/2022,Derecha,PF54,-0.010566666664090008,-0.0016666666670062114,-0.0033333333333303017,0.010697299760635888,10.697299760635888,188.96334494396666,-0.05774134789120223,-0.009107468125717002,-0.018214936247706565,0.05845518994882999
06/04/2022,Derecha,PF54,,,,,,,,,,
11/04/2022,Derecha,PF54,,,,,,,,,,
20/04/2022,Derecha,PF54,,,,,,,,,,
01/05/2022,Derecha,PF54,-0.010566666664090008,-0.005666666667821119,0.0016666666666651508,0.011990227500518326,11.990227500518326,208.20366266389902,-0.048694316424377916,-0.02611367128028165,0.0076804915514523085,0.05525450461068353
09/05/2022,Derecha,PF54,,,,,,,,,,
16/05/2022,Derecha,PF54,,,,,,,,,,
24/05/2022,Derecha,PF54,-0.010566666664090008,0.001333333333604969,-0.008333333333325754,0.010650456430054685,10.650456430054685,172.80825722678344,-0.0440277777670417,0.005555555556687372,-0.034722222222190645,0.044376901791894525
30/05/2022,Derecha,PF54,,,,,,,,,,
10/06/2022,Derecha,PF54,,,,,,,,,,
14/06/2022,Derecha,PF54,,,,,,,,,,
24/06/2022,Derecha,PF54,-0.014566666664904915,-0.002666666667209938,-0.00033333333331597714,0.014808743661785109,14.808743661785108,190.37405817124906,-0.05375153750887422,-0.009840098402988702,-0.0012300123000589564,0.054644810560092655
27/06/2022,Derecha,PF54,,,,,,,,,,
04/07/2022,Derecha,PF54,,,,,,,,,,
11/07/2022,Derecha,PF54,,,,,,,,,,
23/07/2022,Derecha,PF54,-0.00956666666752426,-0.01166666666904348,0.006666666666660603,0.01508748561868709,15.08748561868709,230.6482473769402,-0.00021370862655030177,-0.0002606202763105882,0.00014892587214700333,0.0003370375431405583
01/08/2022,Derecha,PF54,,,,,,,,,,
08/08/2022,Derecha,PF54,,,,,,,,,,
16/08/2022,Derecha,PF54,,,,,,,,,,
30/08/2022,Derecha,PF54,,,,,,,,,,
16/11/2022,Derecha,PF54,-0.014566666664904915,-0.005666666667821119,0.0026666666666699257,0.015630063622731897,15.630063622731896,201.25683234416954,-0.0003245619898153988,-0.00012625981301265832,5.9416382582160066e-05,0.0003482556899964773
27/11/2022,Derecha,PF54,-0.013566666668339167,-0.004666666667617392,0.0016666666666651508,0.014346854089885914,14.346854089885914,198.9822100164484,-0.00030220677778533295,-0.0001039531913841529,3.712613977245725e-05,0.0003195859861419833
14/12/2022,Derecha,PF54,-0.014566666664904915,-0.005666666667821119,0.0016666666666651508,0.015630063622731897,15.630063622731896,201.25683234416954,-0.0003243596309181882,-0.000126181092160171,3.7112085921867575e-05,0.00034803855847896626
09/02/2023,Derecha,PF54,-0.018566666665719822,-0.01166666666904348,0.0016666666666651508,0.02192788686222459,21.92788686222459,212.14386774883522,-0.0004129045649094832,-0.000259455292199517,3.7065041735203284e-05,0.0004876548250283457
18/02/2023,Derecha,PF54,-0.019566666669561528,-0.009666666668636026,-0.001333333333320752,0.021824272932683204,21.824272932683204,206.29109803612627,-0.00043505651294189053,-0.00021493422276011175,-2.964609968473045e-05,0.000485253428186397
04/03/2023,Derecha,PF54,-0.02156666666996898,-0.01166666666904348,0.0026666666666699257,0.024520037161882953,24.520037161882954,208.41153837198647,-0.00047937644024025836,-0.00025932264929301566,5.9273748397828925e-05,0.0005450229425389085
08/03/2023,Derecha,PF54,0.005433333331893664,-0.008666666668432299,-0.03433333333333621,0.010228989306729289,10.22898930672929,302.0845482986611,0.00012075952552382959,-0.00019262255614056187,-0.0007630816645552911,0.00022734623845329914
17/03/2023,Derecha,PF54,0.0074333333323011175,-0.003666666667413665,-0.02233333333333576,0.008288479286275695,8.288479286275695,333.7440957045111,0.00016517784392473928,-8.147786025984768e-05,-0.0004962742396634763,0.00018418024279533566
29/03/2023,Derecha,PF54,0.0064333333357353695,-0.012666666665609227,-0.019333333333321434,0.014206766775953632,14.206766775953632,296.92577535863734,0.000142918499483169,-0.0002813939366776831,-0.0004294960086488966,0.00031560773928008244
04/04/2023,Derecha,PF54,0.005433333331893664,-0.003666666667413665,-0.032333333333326664,0.00655481163309741,6.55481163309741,325.9866874876376,0.00012068710199674954,-8.144528359426178e-05,-0.0007181993188211165,0.0001455977706152246
13/04/2023,Derecha,PF54,0.008433333336142823,-0.016666666666424135,-0.03633333333331734,0.01867883532044199,18.67883532044199,296.83941036271915,0.0001872867115890387,-0.00037013184095636444,-0.0008068874132962611,0.0004148179022505939
17/04/2023,Derecha,PF54,0.010433333329274319,-0.01166666666904348,-0.03133333333332189,0.015651375515472,15.651375515472001,311.8058112186233,0.00023168195166376477,-0.0002590692751769476,-0.0006957860531903691,0.00034755347224195595
25/04/2023,Derecha,PF54,0.005433333331893664,-0.014666666666016681,-0.021333333333330984,0.0156407231989928,15.6407231989928,290.3273778158784,0.00012063083261680832,-0.00032562924149145625,-0.00047364253309942016,0.00034725523853806087
08/05/2023,Derecha,PF54,0.011433333333116025,-0.014666666666016681,0.000666666666660376,0.018596564795633274,18.596564795633274,307.9380351051409,0.00025376955060851477,-0.00032553528357119637,1.479705834466143e-05,0.0004127616814407883
19/05/2023,Derecha,PF54,0.014433333330089226,-0.014666666666016681,-0.02933333333334076,0.020577468797437392,20.57746879743739,314.5405935097167,0.00032027811672227286,-0.0003254558230559565,-0.0006509116461409244,0.00045661752573920763
31/05/2023,Derecha,PF54,0.009433333332708571,-0.02166666666744277,-0.041333333333312794,0.023631170564406372,23.63117056440637,293.5275680344181,0.0002092715427537008,-0.00048065902050808105,-0.0009169495160128845,0.000524240090609543
11/06/2023,Derecha,PF54,0.010433333329274319,-0.02166666666744277,-0.041333333333312794,0.024047845825308802,24.0478458253088,295.7126040224392,0.0002313993375016483,-0.0004805417553992807,-0.0009167258102668736,0.0005333535713562101
19/06/2023,Derecha,PF54,0.008433333336142823,-0.02766666666866513,-0.03833333333332689,0.028923443012779857,28.923443012779856,286.9522320167668,0.00018700845609683392,-0.0006135060020548414,-0.000850038436520465,0.0006413749115837293
07/07/2023,Derecha,PF54,0.008433333336142823,-0.022666666667646496,-0.02233333333333576,0.024184682941496144,24.184682941496146,290.40816162499647,0.00018693384173743902,-0.0005024308788324355,-0.0004950421894164951,0.0005360793310612259
12/07/2023,Derecha,PF54,0.0034333333314862102,-0.029666666665434605,-0.030333333333317114,0.02986467627152692,29.864676271526918,276.60149201933626,7.609506707786542e-05,-0.000657520482843915,-0.0006722962240589799,0.0006619090908824867
17/07/2023,Derecha,PF54,0.013433333333523478,-0.01866666666683159,-0.019333333333321434,0.022997801827569404,22.997801827569404,305.74040843213464,0.00029769819460871103,-0.00041367491062032594,-0.00042844901456700284,0.0005096578722535547
28/07/2023,Derecha,PF54,-0.012566666664497461,-0.03166666666584206,-0.026333333333326436,0.03406903122752604,34.06903122752604,248.35473778487176,-0.00027842398724930675,-0.0007015989069644856,-0.0005834348805434017,0.0007548251075113778
07/08/2023,Derecha,PF54,-0.010566666664090008,-0.023666666667850222,-0.02733333333333121,0.025918440453798985,25.918440453798986,245.94024746180378,-0.00023406061942828679,-0.0005242367187473745,-0.000605456492044107,0.0005741154159663083
19/08/2023,Derecha,PF54,0.011433333333116025,-0.016666666666424135,-0.024333333333316887,0.02021135544380523,20.21135544380523,304.4501224850393,0.00025319071978023393,-0.00036908268189702893,-0.0005388607155771395,0.0004475796763249381
25/08/2023,Derecha,PF54,0.008433333336142823,-0.023666666667850222,-0.019333333333321434,0.02512433526136822,25.12433526136822,289.61291677552344,0.00018673102619717077,-0.0005240277808792645,-0.0004280790322458967,0.0005563035064404095
24/09/2023,Derecha,PF54,0.012433333329681773,-0.01866666666683159,-0.02733333333333121,0.022428379837553518,22.428379837553518,303.6664501328761,0.00027511635274670354,-0.0004130433179216159,-0.0006048134298084042,0.0004962799512657606
04/10/2023,Derecha,PF54,0.011433333333116025,-0.019666666667035315,-0.02933333333334076,0.022748601910852016,22.748601910852017,300.1718321282922,0.00025293306490976316,-0.00043507436822855374,-0.0006489244814136398,0.0005032542510641333
14/10/2023,Derecha,PF54,-0.0025666666697361507,-0.02166666666744277,-0.02933333333334076,0.02181816266947357,21.81816266947357,263.2441383804167,-5.6768333659260624e-05,-0.00047921320565861073,-0.0006487809553301211,0.00048256392341745885
01/11/2023,Derecha,PF54,0.011433333333116025,-0.019666666667035315,-0.02733333333333121,0.022748601910852016,22.748601910852017,300.1718321282922,0.0002527764880970136,-0.00043480503785092776,-0.0006043053068322878,0.0005029427143077096
14/09/2024,Derecha,PF54,0.01943333333474584,-0.013666666665812954,-0.03133333333332189,0.02375778235134304,23.75778235134304,324.8828512901372,0.0004266467613942312,-0.0003000431769262323,-0.000687903869093106,0.0005215873532095774
21/04/2025,Derecha,PF54,0.027433333336375654,-0.014666666666016681,-0.02733333333333121,0.031107858959381063,31.107858959381062,331.86972976110604,0.000599399871883754,-0.00032045679658312975,-0.0005972149391131623,0.0006796857839403309
25/05/2025,Derecha,PF54,0.028433333332941402,-0.012666666665609227,-0.04533333333333189,0.031127140710958543,31.127140710958543,335.98767237076845,0.0006207880296262478,-0.0002765526978212573,-0.0009897675501797279,0.0006796022162996931
04/10/2021,Derecha,PF55,-0.001333333333604969,0.006000000001222361,0.0010000000000047748,0.00614636297278077,6.14636297278077,102.52880770915151,-0.16666666670062114,0.7500000001527951,0.12500000000059686,0.7682953715975962
10/10/2021,Derecha,PF55,-0.0033333333340124227,0.0,0.0,0.0033333333340124227,3.3333333340124227,180.0,-0.23809523814374448,0.0,0.0,0.23809523814374448
14/10/2021,Derecha,PF55,-0.004333333330578171,-0.0030000000006111804,-0.004000000000019099,0.005270462765029915,5.270462765029915,214.69515355374557,-0.24074074058767614,-0.16666666670062114,-0.22222222222328328,0.29280348694610636
18/10/2021,Derecha,PF55,-0.006333333330985624,-0.0010000000002037268,0.0,0.0064117946849365755,6.4117946849365755,188.97262661996658,-0.2878787877720739,-0.045454545463805764,0.0,0.29144521295166254
27/10/2021,Derecha,PF55,-0.005333333327143919,0.0,0.0010000000000047748,0.005333333327143919,5.333333327143919,180.0,-0.17204301055302965,0.0,0.03225806451628306,0.17204301055302965
01/11/2021,Derecha,PF55,-0.004333333330578171,0.0,0.006000000000000227,0.004333333330578171,4.333333330578171,180.0,-0.12037037029383807,0.0,0.16666666666667299,0.12037037029383807
11/11/2021,Derecha,PF55,-0.006333333330985624,0.0,-0.004000000000019099,0.006333333330985624,6.333333330985624,180.0,-0.1376811593692527,0.0,-0.08695652173954564,0.1376811593692527
16/11/2021,Derecha,PF55,-0.005333333327143919,0.004000000000814907,-0.0049999999999954525,0.00666666666220408,6.666666662204079,143.13010231663662,-0.10457516327733174,0.07843137256499817,-0.09803921568618534,0.1307189541608643
24/11/2021,Derecha,PF55,-0.006233333333511837,0.0030000000006111804,0.001999999999981128,0.006917690687674382,6.917690687674382,154.29925923649697,-0.10564971751714977,0.05084745763747763,0.03389830508442589,0.11724899470634545
01/12/2021,Derecha,PF55,-0.006233333333511837,0.0,0.0010000000000047748,0.006233333333511837,6.233333333511837,180.0,-0.09444444444714904,0.0,0.015151515151587499,0.09444444444714904
08/12/2021,Derecha,PF55,-0.006233333333511837,0.0010000000002037268,-0.0010000000000047748,0.0063130376560794595,6.31303765607946,170.88582494363976,-0.08538812785632653,0.013698630139777079,-0.01369863013705171,0.08647996789149945
09/01/2022,Derecha,PF55,-0.005233333329670131,0.0020000000004074536,0.009999999999990905,0.005602479606483729,5.602479606483729,159.08486335370068,-0.049841269806382205,0.01904761905149956,0.09523809523800861,0.05335694863317837
12/02/2022,Derecha,PF55,-0.011233333330892492,0.0010000000002037268,-0.01500000000001478,0.011277755881528366,11.277755881528366,174.91289514352243,-0.08081534770426253,0.007194244605782207,-0.10791366906485453,0.08113493439948465
16/02/2022,Derecha,PF55,-0.00823333333391929,0.0010000000002037268,0.001999999999981128,0.008293839749346136,8.293839749346136,173.07491826069827,-0.057575757579855176,0.006993006994431656,0.013986013985882013,0.057998879366056896
26/02/2022,Derecha,PF55,-0.00823333333391929,0.0010000000002037268,0.001999999999981128,0.008293839749346136,8.293839749346136,173.07491826069827,-0.05381263616940713,0.006535947713749849,0.013071895424713256,0.05420810293690285
07/03/2022,Derecha,PF55,,,,,,,,,,
11/03/2022,Derecha,PF55,-0.009233333330485038,0.0010000000002037268,0.002999999999985903,0.009287327085456471,9.287327085456472,173.81877354127283,-0.05562248994268095,0.006024096386769439,0.01807228915654158,0.05594775352684621
14/03/2022,Derecha,PF55,,,,,,,,,,
21/03/2022,Derecha,PF55,,,,,,,,,,
28/03/2022,Derecha,PF55,-0.013233333331299946,-0.0020000000004074536,0.002999999999985903,0.013383613527703344,13.383613527703343,188.59427076130567,-0.07231329689234943,-0.010928961750860403,0.016393442622873785,0.07313450015138438
06/04/2022,Derecha,PF55,,,,,,,,,,
11/04/2022,Derecha,PF55,,,,,,,,,,
20/04/2022,Derecha,PF55,,,,,,,,,,
01/05/2022,Derecha,PF55,-0.014233333335141651,-0.004000000000814907,0.0049999999999954525,0.014784714330543347,14.784714330543347,195.69697970915033,-0.06559139785779564,-0.018433179727257637,0.023041474654356926,0.0681323241038864
09/05/2022,Derecha,PF55,,,,,,,,,,
16/05/2022,Derecha,PF55,,,,,,,,,,
24/05/2022,Derecha,PF55,-0.017233333332114853,0.0010000000002037268,-0.0049999999999954525,0.017262322489635867,17.262322489635867,176.679017323229,-0.07180555555047856,0.004166666667515528,-0.020833333333314386,0.07192634370681612
30/05/2022,Derecha,PF55,,,,,,,,,,
10/06/2022,Derecha,PF55,,,,,,,,,,
14/06/2022,Derecha,PF55,,,,,,,,,,
24/06/2022,Derecha,PF55,-0.02123333333292976,-0.004000000000814907,0.007000000000005002,0.02160681476835087,21.606814768350873,190.66852391859953,-0.07835178351634599,-0.014760147604483053,0.025830258302601484,0.07972994379465266
27/06/2022,Derecha,PF55,,,,,,,,,,
04/07/2022,Derecha,PF55,,,,,,,,,,
11/07/2022,Derecha,PF55,,,,,,,,,,
23/07/2022,Derecha,PF55,-0.010233333334326744,0.0,0.012000000000000455,0.010233333334326744,10.233333334326744,180.0,-0.0002286012137680497,0.0,0.0002680665698648599,0.0002286012137680497
01/08/2022,Derecha,PF55,,,,,,,,,,
08/08/2022,Derecha,PF55,,,,,,,,,,
16/08/2022,Derecha,PF55,,,,,,,,,,
30/08/2022,Derecha,PF55,,,,,,,,,,
16/11/2022,Derecha,PF55,-0.02123333333292976,-0.0020000000004074536,0.007999999999981355,0.021327316859580246,21.327316859580247,185.3809010011899,-0.00047310294630087917,-4.456228694564412e-05,0.00017824914774584692,0.0004751970067418339
27/11/2022,Derecha,PF55,-0.022233333336771466,0.004000000000814907,0.0049999999999954525,0.02259028798555947,22.59028798555947,169.80101864891103,-0.000495262704641617,8.910273547213105e-05,0.00011137841931737175,0.0005032141135516233
14/12/2022,Derecha,PF55,-0.022233333336771466,-0.0030000000006111804,0.009999999999990905,0.02243481917171744,22.43481917171744,187.68465139234095,-0.0004950752262747214,-6.68017546730317e-05,0.00022267251553120544,0.0004995617620458581
09/02/2023,Derecha,PF55,-0.030233333331125323,-0.010999999998603016,0.006000000000000227,0.032172262032381244,32.17226203238124,199.99325005970698,-0.0006723598570280951,-0.0002446292754214966,0.00013343415024685823,0.0007154797409683148
18/02/2023,Derecha,PF55,-0.030233333331125323,-0.004000000000814907,0.002999999999985903,0.030496794000639683,30.496794000639685,187.53670616301284,-0.0006722253103085119,-8.893829907314969e-05,6.670372429095949e-05,0.0006780832462621386
04/03/2023,Derecha,PF55,-0.030233333331125323,-0.006000000001222361,0.007000000000005002,0.030822953205778346,30.822953205778347,191.22486987642765,-0.0006720161224104853,-0.00013336593392212232,0.00015559358954422197,0.0006851219899481727
08/03/2023,Derecha,PF55,-0.005233333329670131,-0.004000000000814907,-0.02800000000002001,0.006586939937934422,6.586939937934422,217.391808352194,-0.0001163143895643796,-8.890271821872086e-05,-0.0006223190274047076,0.0001463992162766302
17/03/2023,Derecha,PF55,9.999999747378752e-05,0.0,0.0,9.999999747378752e-05,0.09999999747378752,360.0,2.2221234050439428e-06,0.0,0.0,2.2221234050439428e-06
29/03/2023,Derecha,PF55,-0.0012333333361311816,-0.008000000001629815,-0.021000000000015007,0.008094511173881318,8.094511173881317,261.2358991543068,-2.739888337253258e-05,-0.0001777224863737907,-0.000466521526636491,0.0001798220814386928
04/04/2023,Derecha,PF55,9.999999747378752e-05,0.0,0.0,9.999999747378752e-05,0.09999999747378752,360.0,2.2212349505505887e-06,0.0,0.0,2.2212349505505887e-06
13/04/2023,Derecha,PF55,0.0007666666642762721,-0.00999999999839929,-0.027000000000015234,0.010029345828223209,10.029345828223208,274.384100249478,1.702606463115486e-05,-0.00022207910454150192,-0.0005996135823583742,0.0002227308141025386
17/04/2023,Derecha,PF55,0.0017666666681179777,-0.00999999999839929,-0.02200000000001978,0.010154856527013312,10.154856527013312,280.01887461594845,3.923049026531605e-05,-0.00022205937864231318,-0.0004885306330917278,0.00022549811309513715
25/04/2023,Derecha,PF55,-0.00023333333228947595,-0.009000000001833541,-0.02200000000001978,0.009003024185070317,9.003024185070316,268.5148865532679,-5.180465182599764e-06,-0.00019981794369204814,-0.00048844386225927,0.00019988508658933676
08/05/2023,Derecha,PF55,0.0037666666685254313,-0.020000000000436557,0.002999999999985903,0.020351603814177464,20.351603814177466,280.6657732141738,8.360337968938233e-05,-0.0004439117503537213,6.658676255129183e-05,0.0004517158035729894
19/05/2023,Derecha,PF55,0.004766666665091179,-0.01299999999901047,-0.018000000000000682,0.013846339266042982,13.846339266042982,290.1363034235369,0.00010577314246291312,-0.00028847220679042426,-0.00039942305558639035,0.00030725261879602754
31/05/2023,Derecha,PF55,-0.00023333333228947595,-0.021000000000640284,-0.038000000000010914,0.021001296256918267,21.001296256918266,269.3634064269036,-5.176327889821326e-06,-0.00046586951218227223,-0.0008430019743996032,0.00046589826867178975
11/06/2023,Derecha,PF55,-0.00023333333228947595,-0.02200000000084401,-0.038000000000010914,0.02200123733977464,22.00123733977464,269.39234027698564,-5.175065034809172e-06,-0.00048793470548358787,-0.0008427963094395607,0.00048796214823843687
19/06/2023,Derecha,PF55,0.0007666666642762721,-0.021000000000640284,-0.030000000000001137,0.02101399004951236,21.01399004951236,272.0908221009031,1.7000768677405357e-05,-0.00046567323045592257,-0.0006652474720596314,0.00046598345861079387
07/07/2023,Derecha,PF55,-0.003233333336538635,-0.02600000000165892,-0.021000000000015007,0.026200275657928405,26.200275657928405,262.9111495097651,-7.16702871955188e-05,-0.0005763177727902407,-0.000465487431839673,0.0005807570966424703
12/07/2023,Derecha,PF55,-0.0022333333326969296,-0.02600000000165892,-0.025000000000005684,0.026095742523660807,26.095742523660807,265.09049051237525,-4.949873296608811e-05,-0.0005762539063733442,-0.0005540902945545266,0.0005783759064620406
17/07/2023,Derecha,PF55,0.004766666665091179,-0.01900000000023283,-0.016999999999995907,0.01958880065509216,19.58880065509216,284.08353670844235,0.00010563484321184247,-0.0004210619625971286,-0.00037673965074009187,0.0004341104657187342
28/07/2023,Derecha,PF55,-0.025233333333744667,-0.030999999999039574,-0.025000000000005684,0.03997150373794215,39.97150373794215,230.8551517990457,-0.0005590635500995828,-0.0006868284036565764,-0.0005538938739338802,0.0008855988420946527
07/08/2023,Derecha,PF55,-0.022233333336771466,-0.030999999999039574,-0.018000000000000682,0.03814867115909081,38.14867115909081,234.35174643262764,-0.0004924871710437804,-0.000686676265345876,-0.00039871525085836046,0.0008450253883949676
19/08/2023,Derecha,PF55,0.0027666666646837257,-0.01299999999901047,-0.018000000000000682,0.013291141576544296,13.291141576544296,282.01446876404185,6.126772515188622e-05,-0.00028788449186195874,-0.00039860929645460687,0.00029433181071692756
25/08/2023,Derecha,PF55,0.0027666666646837257,-0.020000000000436557,-0.012000000000000455,0.02019045429035549,20.19045429035549,277.8759317507662,6.125958560511317e-05,-0.00044284037819534923,-0.00026570422691141985,0.00044705742068408853
24/09/2023,Derecha,PF55,0.01076666666631354,-0.018000000000029104,-0.016000000000019554,0.02097429643884521,20.97429643884521,300.88567565897216,0.000238237485148442,-0.0003982917708501118,-0.0003540371296444041,0.0004641049817194081
04/10/2023,Derecha,PF55,0.01076666666631354,-0.013999999999214197,-0.018000000000000682,0.017661288488711818,17.66128848871182,307.56199872921337,0.00023818478123827048,-0.0003097139570208658,-0.0003982036590491932,0.0003907105388737875
14/10/2023,Derecha,PF55,-0.007233333330077585,-0.029999999998835847,-0.02400000000000091,0.030859700435910943,30.859700435910945,256.44408716146626,-0.00015998348550367339,-0.0006635259770162529,-0.0005308207816336211,0.0006825404294320427
01/11/2023,Derecha,PF55,0.01076666666631354,-0.018000000000029104,-0.010000000000019327,0.02097429643884521,20.97429643884521,300.88567565897216,0.000238037334268832,-0.00039795715328047365,-0.00022108730737811075,0.0004637150723805622
14/09/2024,Derecha,PF55,0.0167666666675359,-0.013999999999214197,-0.01500000000001478,0.021843102140452875,21.843102140452874,320.13845415375897,0.00036810175124669914,-0.00030736130319467377,-0.0003293156820131019,0.00047955173857719977
21/04/2025,Derecha,PF55,0.021766666664916556,-0.011999999998806743,-0.018000000000000682,0.024855337005821335,24.855337005821333,331.1319778245968,0.0004755870185482555,-0.0002621919244626539,-0.00039328788673310353,0.0005430723869476781
25/05/2025,Derecha,PF55,0.019766666664509103,-0.01299999999901047,-0.034000000000020236,0.023658425792940824,23.658425792940825,326.6681663639437,0.00043156776264156817,-0.00028383040039759117,-0.0007423256626352613,0.0005165369589306324
04/10/2021,Derecha,IN1-A1,0.0033333333340124227,3.637978807091713e-12,0.001333333333320752,0.0033333333340124227,3.3333333340124227,6.253224946857841e-08,0.41666666675155284,4.547473508864641e-10,0.166666666665094,0.41666666675155284
10/10/2021,Derecha,IN1-A1,0.00033333332976326346,-0.000999999996565748,0.0033333333333303017,0.001054092549002487,1.054092549002487,288.4349486978575,0.02380952355451882,-0.07142857118326772,0.23809523809502156,0.07529232492874907
14/10/2021,Derecha,IN1-A1,0.0033333333340124227,0.0020000000004074536,0.0063333333333162045,0.003887301264022148,3.887301264022148,30.96375653207352,0.18518518522291239,0.11111111113374743,0.35185185185090023,0.21596118133456377
18/10/2021,Derecha,IN1-A1,0.00033333332976326346,3.637978807091713e-12,0.001333333333320752,0.00033333332976326346,0.33333332976326346,6.253225015105142e-07,0.015151514989239247,1.653626730496233e-10,0.06060606060548873,0.015151514989239247
27/10/2021,Derecha,IN1-A1,-0.0006666666668024845,0.0010000000038417056,0.0043333333333350765,0.0012018504284264935,1.2018504284264935,123.69006742977632,-0.021505376348467244,0.032258064640055026,0.1397849462366154,0.03876936865891914
01/11/2021,Derecha,IN1-A1,0.002333333330170717,0.0010000000038417056,0.00033333333331597714,0.0025385910338943884,2.5385910338943884,23.19859062146241,0.06481481472696436,0.02777777788449182,0.009259259258777143,0.07051641760817745
16/11/2021,Derecha,IN1-A1,0.001333333333604969,3.637978807091713e-12,0.001333333333320752,0.001333333333604969,1.333333333604969,1.5633062367144604e-07,0.026143790854999394,7.133291778611202e-11,0.026143790849426512,0.026143790854999394
24/11/2021,Derecha,IN1-A1,9.999999747378752e-05,0.0,0.0,9.999999747378752e-05,0.09999999747378752,360.0,0.0016949152114201275,0.0,0.0,0.0016949152114201275
01/12/2021,Derecha,IN1-A1,9.999999747378752e-05,0.0,0.0,9.999999747378752e-05,0.09999999747378752,360.0,0.0015151514768755685,0.0,0.0,0.0015151514768755685
08/12/2021,Derecha,IN1-A1,9.999999747378752e-05,0.0,0.0,9.999999747378752e-05,0.09999999747378752,360.0,0.0013698629790929798,0.0,0.0,0.0013698629790929798
09/01/2022,Derecha,IN1-A1,9.999999747378752e-05,0.0,0.0,9.999999747378752e-05,0.09999999747378752,360.0,0.0009523809283217858,0.0,0.0,0.0009523809283217858
12/02/2022,Derecha,IN1-A1,9.999999747378752e-05,0.0,0.0,9.999999747378752e-05,0.09999999747378752,360.0,0.0007194244422574641,0.0,0.0,0.0007194244422574641
26/02/2022,Derecha,IN1-A1,9.999999747378752e-05,0.0,0.0,9.999999747378752e-05,0.09999999747378752,360.0,0.0006535947547306374,0.0,0.0,0.0006535947547306374
07/03/2022,Derecha,IN1-A1,,,,,,,,,,
11/03/2022,Derecha,IN1-A1,9.999999747378752e-05,0.0,0.0,9.999999747378752e-05,0.09999999747378752,360.0,0.0006024096233360693,0.0,0.0,0.0006024096233360693
14/03/2022,Derecha,IN1-A1,,,,,,,,,,
21/03/2022,Derecha,IN1-A1,,,,,,,,,,
28/03/2022,Derecha,IN1-A1,9.999999747378752e-05,0.0,0.0,9.999999747378752e-05,0.09999999747378752,360.0,0.0005464480736272542,0.0,0.0,0.0005464480736272542
06/04/2022,Derecha,IN1-A1,,,,,,,,,,
11/04/2022,Derecha,IN1-A1,,,,,,,,,,
20/04/2022,Derecha,IN1-A1,,,,,,,,,,
01/05/2022,Derecha,IN1-A1,9.999999747378752e-05,0.0,0.0,9.999999747378752e-05,0.09999999747378752,360.0,0.0004608294814460254,0.0,0.0,0.0004608294814460254
09/05/2022,Derecha,IN1-A1,,,,,,,,,,
16/05/2022,Derecha,IN1-A1,,,,,,,,,,
24/05/2022,Derecha,IN1-A1,0.000433333327237051,3.637978807091713e-12,-0.000666666666660376,0.000433333327237051,0.433333327237051,4.810173104695625e-07,0.001805555530154379,1.5158245029548805e-11,-0.0027777777777515666,0.001805555530154379
30/05/2022,Derecha,IN1-A1,,,,,,,,,,
10/06/2022,Derecha,IN1-A1,,,,,,,,,,
14/06/2022,Derecha,IN1-A1,,,,,,,,,,
24/06/2022,Derecha,IN1-A1,9.999999747378752e-05,0.0,0.0,9.999999747378752e-05,0.09999999747378752,360.0,0.0003690036807150831,0.0,0.0,0.0003690036807150831
27/06/2022,Derecha,IN1-A1,,,,,,,,,,
04/07/2022,Derecha,IN1-A1,,,,,,,,,,
11/07/2022,Derecha,IN1-A1,,,,,,,,,,
23/07/2022,Derecha,IN1-A1,9.999999747378752e-05,0.0,0.0,9.999999747378752e-05,0.09999999747378752,360.0,2.233888025774322e-06,0.0,0.0,2.233888025774322e-06
01/08/2022,Derecha,IN1-A1,,,,,,,,,,
08/08/2022,Derecha,IN1-A1,,,,,,,,,,
16/08/2022,Derecha,IN1-A1,,,,,,,,,,
30/08/2022,Derecha,IN1-A1,,,,,,,,,,
16/11/2022,Derecha,IN1-A1,9.999999747378752e-05,0.0,0.0,9.999999747378752e-05,0.09999999747378752,360.0,2.2281142905413763e-06,0.0,0.0,2.2281142905413763e-06
27/11/2022,Derecha,IN1-A1,9.999999747378752e-05,0.0,0.0,9.999999747378752e-05,0.09999999747378752,360.0,2.22756833007635e-06,0.0,0.0,2.22756833007635e-06
14/12/2022,Derecha,IN1-A1,9.999999747378752e-05,0.0,0.0,9.999999747378752e-05,0.09999999747378752,360.0,2.2267250990622708e-06,0.0,0.0,2.2267250990622708e-06
09/02/2023,Derecha,IN1-A1,,,,,,,,,,
18/02/2023,Derecha,IN1-A1,9.999999747378752e-05,0.0,0.0,9.999999747378752e-05,0.09999999747378752,360.0,2.223457420206504e-06,0.0,0.0,2.223457420206504e-06
04/03/2023,Derecha,IN1-A1,,,,,,,,,,
08/03/2023,Derecha,IN1-A1,,,,,,,,,,
17/03/2023,Derecha,IN1-A1,,,,,,,,,,
29/03/2023,Derecha,IN1-A1,9.999999747378752e-05,0.0,0.0,9.999999747378752e-05,0.09999999747378752,360.0,2.221531023099203e-06,0.0,0.0,2.221531023099203e-06
04/04/2023,Derecha,IN1-A1,,,,,,,,,,
13/04/2023,Derecha,IN1-A1,,,,,,,,,,
17/04/2023,Derecha,IN1-A1,,,,,,,,,,
25/04/2023,Derecha,IN1-A1,9.999999747378752e-05,0.0,0.0,9.999999747378752e-05,0.09999999747378752,360.0,2.2201993178168226e-06,0.0,0.0,2.2201993178168226e-06
08/05/2023,Derecha,IN1-A1,,,,,,,,,,
19/05/2023,Derecha,IN1-A1,,,,,,,,,,
31/05/2023,Derecha,IN1-A1,,,,,,,,,,
11/06/2023,Derecha,IN1-A1,-0.0015666666731704026,0.0,0.002333333333325527,0.0015666666731704026,1.5666666731704026,180.0,-3.474686553341028e-05,0.0,5.175065057943415e-05,3.474686553341028e-05
19/06/2023,Derecha,IN1-A1,0.0014333333310787566,-0.000999999996565748,0.001333333333320752,0.0017476968933750555,1.7476968933750556,325.0975044341193,3.178404583729724e-05,-2.2174915659165957e-05,2.9566554313481286e-05,3.875503134147276e-05
07/07/2023,Derecha,IN1-A1,0.0014333333310787566,-0.004999999997380655,0.00033333333331597714,0.005201388700317241,5.201388700317241,285.99583229760026,3.177136434540845e-05,-0.00011083034085606807,7.388689393890526e-06,0.00011529433657661128
12/07/2023,Derecha,IN1-A1,,,,,,,,,,
17/07/2023,Derecha,IN1-A1,0.004433333328051958,-0.0029999999969732016,0.001333333333320752,0.0053529846235026175,5.352984623502618,325.91411300096127,9.824779115441802e-05,-6.648346771060193e-05,2.9548207900911976e-05,0.00011862832691034965
28/07/2023,Derecha,IN1-A1,,,,,,,,,,
07/08/2023,Derecha,IN1-A1,,,,,,,,,,
19/08/2023,Derecha,IN1-A1,0.000433333327237051,3.637978807091713e-12,0.00033333333331597714,0.000433333327237051,0.433333327237051,4.810173104695625e-07,9.596149594460459e-06,8.056289848953015e-14,7.381653637663644e-06,9.596149594460459e-06
25/08/2023,Derecha,IN1-A1,,,,,,,,,,
24/09/2023,Derecha,IN1-A1,0.0014333333310787566,-0.000999999996565748,0.00033333333331597714,0.0017476968933750555,1.7476968933750556,325.0975044341193,3.171582614738469e-05,-2.212732052675742e-05,7.375773533865358e-06,3.867184947613691e-05
04/10/2023,Derecha,IN1-A1,,,,,,,,,,
14/10/2023,Derecha,IN1-A1,,,,,,,,,,
01/11/2023,Derecha,IN1-A1,0.000433333327237051,-0.000999999996565748,0.00033333333331597714,0.0010898521760430765,1.0898521760430764,293.4286925864605,9.580449851585219e-06,-2.2108730661841393e-05,7.369576912205725e-06,2.4095248304107282e-05
14/09/2024,Derecha,IN1-A1,0.0014333333310787566,-0.001999999996769475,0.00033333333331597714,0.0024605780672555836,2.4605780672555837,305.6279072925685,3.146794289838979e-05,-4.3908757530779486e-05,7.318126266569565e-06,5.402046295759695e-05
21/04/2025,Derecha,IN1-A1,0.0024333333276445046,-0.004999999997380655,0.00033333333331597714,0.0055606754137633345,5.5606754137633345,295.950642736142,5.3166695674805636e-05,-0.00010924663514640481,7.283109013196494e-06,0.00012149701568264585
25/05/2025,Derecha,IN1-A1,0.000433333327237051,-0.0039999999971769284,0.002333333333325527,0.004023403751788995,4.023403751788995,276.1829300839683,9.461013214205732e-06,-8.733243083657762e-05,5.0943918023787756e-05,8.784340753218189e-05
04/10/2021,Derecha,IN2-A1 ,9.999999747378752e-05,0.006000000001222361,-0.002999999999985903,0.006000833276651092,6.000833276651092,89.04515877043916,0.01249999968422344,0.7500000001527951,-0.37499999999823785,0.7501041595813865
10/10/2021,Derecha,IN2-A1 ,-0.0020000000004074536,0.0020000000004074536,-0.0010000000000047748,0.0028284271253224166,2.8284271253224165,135.0,-0.14285714288624668,0.14285714288624668,-0.07142857142891249,0.20203050895160118
14/10/2021,Derecha,IN2-A1 ,-0.0030000000042491592,0.0030000000006111804,0.003999999999990678,0.004242640690556064,4.2426406905560645,135.00000003474014,-0.16666666690273105,0.16666666670062114,0.22222222222170432,0.23570226058644803
18/10/2021,Derecha,IN2-A1 ,-0.005000000004656613,0.004000000000814907,-0.0010000000000047748,0.006403124241578122,6.403124241578122,141.3401917662456,-0.22727272748439148,0.18181818185522305,-0.0454545454547625,0.2910511018899146
27/10/2021,Derecha,IN2-A1 ,0.000999999996565748,0.006000000001222361,0.006000000000000227,0.006082762530939361,6.082762530939362,80.5376778257756,0.03225806440534671,0.19354838713620517,0.19354838709678154,0.19621814615933425
01/11/2021,Derecha,IN2-A1 ,0.00399999999353895,0.004000000000814907,-0.007000000000005002,0.005656854245499954,5.656854245499954,45.00000005211021,0.11111111093163749,0.11111111113374743,-0.1944444444445834,0.15713484015277648
16/11/2021,Derecha,IN2-A1 ,-0.0020000000004074536,0.004000000000814907,-0.009999999999990905,0.004472135955910674,4.472135955910674,116.56505117707799,-0.039215686282499086,0.07843137256499817,-0.1960784313723707,0.087688940311974
24/11/2021,Derecha,IN2-A1 ,-0.0009000000063679181,0.006000000001222361,-0.006000000000000227,0.0060671245270004625,6.067124527000463,98.5307656677068,-0.01525423739606641,0.10169491527495526,-0.10169491525424114,0.10283261910170276
01/12/2021,Derecha,IN2-A1 ,-0.008900000007997733,0.0030000000006111804,-0.025000000000005684,0.00939201789532083,9.39201789532083,161.37213683559628,-0.13484848496966262,0.045454545463805764,-0.37878787878796494,0.14230330144425501
08/12/2021,Derecha,IN2-A1 ,-0.005900000003748573,0.005000000001018634,-0.025000000000005684,0.007733692523912462,7.733692523912462,139.72013694324124,-0.08082191785956949,0.0684931506988854,-0.3424657534247354,0.1059409934782529
09/01/2022,Derecha,IN2-A1 ,-0.011900000004970934,-0.004000000000814907,-0.008000000000009777,0.012554282142951364,12.554282142951363,198.57927037674165,-0.11333333338067555,-0.03809523810299912,-0.0761904761905693,0.11956459183763204
12/02/2022,Derecha,IN2-A1 ,-0.0039000000033411197,0.004000000000814907,-0.01300000000000523,0.005586591092301279,5.586591092301279,134.27477571964099,-0.028057553980871366,0.02877697842312883,-0.09352517985615273,0.040191302822311356
26/02/2022,Derecha,IN2-A1 ,-0.007900000004156027,0.0010000000002037268,-0.014999999999986358,0.007963039624796091,7.9630396247960915,172.78573796309428,-0.05163398695526815,0.006535947713749849,-0.09803921568618534,0.0520460106195823
07/03/2022,Derecha,IN2-A1 ,,,,,,,,,,
11/03/2022,Derecha,IN2-A1 ,0.0020999999906052835,0.008999999998195563,0.0010000000000047748,0.009241753076557625,9.241753076557625,76.8659777477822,0.012650602353043877,0.054216867459009416,0.0060240963855709324,0.055673211304564
14/03/2022,Derecha,IN2-A1 ,,,,,,,,,,
21/03/2022,Derecha,IN2-A1 ,,,,,,,,,,
28/03/2022,Derecha,IN2-A1 ,-0.0029000000067753717,0.005000000001018634,-0.0010000000000047748,0.005780138410927847,5.780138410927847,120.11373320401287,-0.015846994572543016,0.027322404377151006,-0.005464480874343032,0.031585455797419934
06/04/2022,Derecha,IN2-A1 ,,,,,,,,,,
11/04/2022,Derecha,IN2-A1 ,,,,,,,,,,
20/04/2022,Derecha,IN2-A1 ,,,,,,,,,,
01/05/2022,Derecha,IN2-A1 ,-0.0039000000033411197,0.005000000001018634,0.0,0.006341135547853167,6.341135547853167,127.95423089327582,-0.017972350245811612,0.023041474659072046,0.0,0.02922182280116667
09/05/2022,Derecha,IN2-A1 ,,,,,,,,,,
16/05/2022,Derecha,IN2-A1 ,,,,,,,,,,
24/05/2022,Derecha,IN2-A1 ,-0.0039000000033411197,0.004000000000814907,-0.003999999999990678,0.005586591092301279,5.586591092301279,134.27477571964099,-0.01625000001392133,0.016666666670062114,-0.016666666666627823,0.02327746288458866
30/05/2022,Derecha,IN2-A1 ,,,,,,,,,,
10/06/2022,Derecha,IN2-A1 ,,,,,,,,,,
14/06/2022,Derecha,IN2-A1 ,,,,,,,,,,
24/06/2022,Derecha,IN2-A1 ,-0.005900000003748573,0.007000000001426088,0.0010000000000047748,0.009154780175634935,9.154780175634935,130.12610358998185,-0.021771217726009495,0.025830258307845345,0.0036900369003866227,0.03378147666285954
27/06/2022,Derecha,IN2-A1 ,,,,,,,,,,
04/07/2022,Derecha,IN2-A1 ,,,,,,,,,,
11/07/2022,Derecha,IN2-A1 ,,,,,,,,,,
23/07/2022,Derecha,IN2-A1 ,0.0020999999906052835,0.005000000001018634,0.008000000000009777,0.005423098742483722,5.423098742483722,67.2175943651984,4.691164951648126e-05,0.00011169440413310923,0.00017871104657678493,0.00012114595649466599
01/08/2022,Derecha,IN2-A1 ,,,,,,,,,,
08/08/2022,Derecha,IN2-A1 ,,,,,,,,,,
16/08/2022,Derecha,IN2-A1 ,,,,,,,,,,
30/08/2022,Derecha,IN2-A1 ,,,,,,,,,,
16/11/2022,Derecha,IN2-A1 ,-0.0029000000067753717,0.006000000001222361,-0.015999999999991132,0.006664082836667435,6.664082836667435,115.79602654237422,-6.461531620898313e-05,0.00013368686083693236,-0.00035649829549232713,0.00014848338576830807
27/11/2022,Derecha,IN2-A1 ,-0.005900000003748573,0.006000000001222361,-0.02199999999999136,0.008414867798064416,8.414867798064416,134.51853420652503,-0.00013142653487812023,0.00013365410320819658,-0.0004900650449966889,0.00018744693482278393
14/12/2022,Derecha,IN2-A1 ,-0.0009000000063679181,0.008999999998195563,-0.014999999999986358,0.00904488805784695,9.04488805784695,95.71059317877504,-2.004052653962275e-05,0.0002004052639380873,-0.00033400877329680816,0.00020140479765407715
09/02/2023,Derecha,IN2-A1 ,,,,,,,,,,
18/02/2023,Derecha,IN2-A1 ,-0.006900000007590279,0.006000000001222361,-0.020000000000010232,0.009143850399006656,9.143850399006656,138.99091312385852,-0.00015341856603869435,0.00013340744860972453,-0.0004446914952753804,0.00020330962532532864
04/03/2023,Derecha,IN2-A1 ,,,,,,,,,,
08/03/2023,Derecha,IN2-A1 ,,,,,,,,,,
17/03/2023,Derecha,IN2-A1 ,,,,,,,,,,
29/03/2023,Derecha,IN2-A1 ,-0.004900000007182825,0.005000000001018634,-0.006000000000000227,0.007000714255029842,7.000714255029842,134.42127447054295,-0.00010885502304133882,0.00011107655398361918,-0.00013329186475319294,0.0001555230429428587
04/04/2023,Derecha,IN2-A1 ,,,,,,,,,,
13/04/2023,Derecha,IN2-A1 ,,,,,,,,,,
17/04/2023,Derecha,IN2-A1 ,,,,,,,,,,
25/04/2023,Derecha,IN2-A1 ,-0.0009000000063679181,0.007999999997991836,-0.0049999999999954525,0.008050465823747818,8.050465823747817,96.41878677687343,-1.9981794506514467e-05,0.00017761594986771687,-0.00011100996869508787,0.00017873639181518656
08/05/2023,Derecha,IN2-A1 ,,,,,,,,,,
19/05/2023,Derecha,IN2-A1 ,,,,,,,,,,
31/05/2023,Derecha,IN2-A1 ,,,,,,,,,,
11/06/2023,Derecha,IN2-A1 ,-0.0009000000063679181,0.00999999999839929,-0.003999999999990678,0.010040418316955128,10.040418316955128,95.14276459489537,-1.9960965364795913e-05,0.0002217885024485293,-8.871540099340574e-05,0.0002226849342830715
19/06/2023,Derecha,IN2-A1 ,0.0010999999940395355,-0.0020000000004074536,0.0020000000000095497,0.002282542439587223,2.2825424395872234,298.8107936069464,2.4392407176679427e-05,-4.4349831479675664e-05,4.4349831470852176e-05,5.0615186260138886e-05
07/07/2023,Derecha,IN2-A1 ,-0.0009000000063679181,-0.006000000001222361,0.0,0.0060671245270004625,6.067124527000463,261.4692343322932,-1.9949461505694864e-05,-0.0001329964091240493,0.0,0.00013448429593918658
12/07/2023,Derecha,IN2-A1 ,,,,,,,,,,
17/07/2023,Derecha,IN2-A1 ,0.0020999999906052835,-0.0030000000006111804,-0.0010000000000047748,0.003661966679833293,3.661966679833293,304.9920200726548,4.6538427236177724e-05,-6.648346779122375e-05,-2.216115592599891e-05,8.115341458721063e-05
28/07/2023,Derecha,IN2-A1 ,,,,,,,,,,
07/08/2023,Derecha,IN2-A1 ,,,,,,,,,,
19/08/2023,Derecha,IN2-A1 ,0.0010999999940395355,-0.0010000000002037268,-0.0020000000000095497,0.0014866068704585055,1.4866068704585056,317.72631083356714,2.4359456873564132e-05,-2.214496091865551e-05,-4.428992182849945e-05,3.292085104100152e-05
25/08/2023,Derecha,IN2-A1 ,,,,,,,,,,
24/09/2023,Derecha,IN2-A1 ,0.0010999999940395355,-0.0010000000002037268,-0.019000000000005457,0.0014866068704585055,1.4866068704585056,317.72631083356714,2.4340052531133927e-05,-2.212732060725614e-05,-0.0004204190914523368,3.289462683288353e-05
04/10/2023,Derecha,IN2-A1 ,,,,,,,,,,
14/10/2023,Derecha,IN2-A1 ,,,,,,,,,,
01/11/2023,Derecha,IN2-A1 ,0.0010999999940395355,-0.0010000000002037268,-0.018000000000000682,0.0014866068704585055,1.4866068704585056,317.72631083356714,2.4319603679766873e-05,-2.2108730742272484e-05,-0.0003979571532798453,3.2866991011883565e-05
14/09/2024,Derecha,IN2-A1 ,9.999999747378752e-05,-0.0010000000002037268,0.0,0.0010049875620634372,1.0049875620634372,275.7105929930357,2.195437824623757e-06,-2.1954378805324527e-05,0.0,2.2063877627685286e-05
21/04/2025,Derecha,IN2-A1 ,0.0020999999906052835,-0.0030000000006111804,0.0,0.003661966679833293,3.661966679833293,304.9920200726548,4.588358658025877e-05,-6.554798113553531e-05,0.0,8.001150759992336e-05
25/05/2025,Derecha,IN2-A1 ,-0.0009000000063679181,-0.005000000001018634,0.007000000000005002,0.0050803543204828334,5.080354320482834,259.79602620962254,-1.9649797091129603e-05,-0.0001091655386450075,0.0001528317540719838,0.00011091992315800257
04/10/2021,Derecha,IN1-B1,-0.004899999999906868,0.004000000000814907,-0.0049999999999954525,0.00632534584079057,6.32534584079057,140.77432589641163,-0.6124999999883585,0.5000000001018634,-0.6249999999994316,0.7906682300988213
10/10/2021,Derecha,IN1-B1,-0.0010000000038417056,0.005000000001018634,-0.01300000000000523,0.005099019515345058,5.099019515345058,101.30993251410499,-0.07142857170297898,0.3571428572156167,-0.9285714285718021,0.3642156796675042
14/10/2021,Derecha,IN1-B1,-0.004000000000814907,0.005000000001018634,-0.001999999999981128,0.006403124238737337,6.403124238737337,128.65980825409008,-0.22222222226749486,0.2777777778343686,-0.11111111111006267,0.3557291243742965
18/10/2021,Derecha,IN1-B1,-0.0010000000038417056,0.007000000001426088,0.0020000000000095497,0.0070710678138205295,7.071067813820529,98.13010238333769,-0.04545454562916844,0.3181818182466404,0.090909090909525,0.3214121733554786
27/10/2021,Derecha,IN1-B1,-0.0020000000004074536,0.006000000001222361,0.008000000000009777,0.00632455532162524,6.32455532162524,108.43494882292201,-0.06451612904540173,0.19354838713620517,0.25806451612934767,0.2040179136008142
01/11/2021,Derecha,IN1-B1,-0.0020000000004074536,0.005000000001018634,-0.00899999999998613,0.005385164808231607,5.3851648082316075,111.80140948635182,-0.055555555566873714,0.1388888889171843,-0.24999999999961472,0.14958791133976684
16/11/2021,Derecha,IN1-B1,-0.0010000000038417056,0.006000000001222361,-0.006000000000000227,0.006082762532135522,6.082762532135522,99.46232224182683,-0.019607843212582465,0.11764705884749728,-0.11764705882353388,0.11926985357128474
24/11/2021,Derecha,IN1-B1,-0.0009000000063679181,0.005000000001018634,-0.003999999999990678,0.0050803543204828334,5.080354320482834,100.20397379037745,-0.01525423739606641,0.0847457627291294,-0.06779661016933351,0.08610770034716668
01/12/2021,Derecha,IN1-B1,-0.0009000000063679181,0.005000000001018634,-0.020999999999986585,0.0050803543204828334,5.080354320482834,100.20397379037745,-0.013636363732847243,0.07575757577300961,-0.3181818181816149,0.07697506546186111
08/12/2021,Derecha,IN1-B1,-0.0029000000067753717,0.005000000001018634,-0.022999999999996135,0.005780138410927847,5.780138410927847,120.11373320401287,-0.03972602749007358,0.0684931506988854,-0.31506849315063196,0.07917997823188831
09/01/2022,Derecha,IN1-B1,-0.0009000000063679181,0.006000000001222361,-0.016999999999995907,0.0060671245270004625,6.067124527000463,98.5307656677068,-0.00857142863207541,0.057142857154498676,-0.16190476190472292,0.05778213835238536
12/02/2022,Derecha,IN1-B1,,,,,,,,,,
26/02/2022,Derecha,IN1-B1,,,,,,,,,,
07/03/2022,Derecha,IN1-B1,,,,,,,,,,
11/03/2022,Derecha,IN1-B1,,,,,,,,,,
14/03/2022,Derecha,IN1-B1,,,,,,,,,,
21/03/2022,Derecha,IN1-B1,,,,,,,,,,
28/03/2022,Derecha,IN1-B1,,,,,,,,,,
06/04/2022,Derecha,IN1-B1,,,,,,,,,,
11/04/2022,Derecha,IN1-B1,,,,,,,,,,
20/04/2022,Derecha,IN1-B1,,,,,,,,,,
01/05/2022,Derecha,IN1-B1,,,,,,,,,,
09/05/2022,Derecha,IN1-B1,,,,,,,,,,
16/05/2022,Derecha,IN1-B1,,,,,,,,,,
24/05/2022,Derecha,IN1-B1,,,,,,,,,,
30/05/2022,Derecha,IN1-B1,,,,,,,,,,
10/06/2022,Derecha,IN1-B1,,,,,,,,,,
14/06/2022,Derecha,IN1-B1,,,,,,,,,,
24/06/2022,Derecha,IN1-B1,-0.0029000000067753717,0.009000000001833541,0.004000000000019099,0.009455686123825224,9.455686123825224,107.86009410634783,-0.010701107036071482,0.03321033211008687,0.014760147601546491,0.03489183071522223
27/06/2022,Derecha,IN1-B1,,,,,,,,,,
04/07/2022,Derecha,IN1-B1,,,,,,,,,,
11/07/2022,Derecha,IN1-B1,,,,,,,,,,
23/07/2022,Derecha,IN1-B1,-0.0039000000033411197,0.005000000001018634,0.0049999999999954525,0.006341135547853167,6.341135547853167,127.95423089327582,-8.712163528071305e-05,0.00011169440413310923,0.00011169440411025248,0.0001416538712800886
01/08/2022,Derecha,IN1-B1,,,,,,,,,,
08/08/2022,Derecha,IN1-B1,,,,,,,,,,
16/08/2022,Derecha,IN1-B1,,,,,,,,,,
30/08/2022,Derecha,IN1-B1,,,,,,,,,,
16/11/2022,Derecha,IN1-B1,9.999999747378752e-05,0.0,0.0,9.999999747378752e-05,0.09999999747378752,360.0,2.2281142905413763e-06,0.0,0.0,2.2281142905413763e-06
27/11/2022,Derecha,IN1-B1,9.999999747378752e-05,0.0,0.0,9.999999747378752e-05,0.09999999747378752,360.0,2.22756833007635e-06,0.0,0.0,2.22756833007635e-06
14/12/2022,Derecha,IN1-B1,-0.0039000000033411197,0.0030000000006111804,-0.019000000000005457,0.0049203658430779125,4.920365843077913,142.43140798925288,-8.684228113164666e-05,6.68017546730317e-05,-0.0004230777795097966,0.00010956302396129757
09/02/2023,Derecha,IN1-B1,,,,,,,,,,
18/02/2023,Derecha,IN1-B1,9.999999747378752e-05,0.0,0.0,9.999999747378752e-05,0.09999999747378752,360.0,2.223457420206504e-06,0.0,0.0,2.223457420206504e-06
04/03/2023,Derecha,IN1-B1,,,,,,,,,,
08/03/2023,Derecha,IN1-B1,,,,,,,,,,
17/03/2023,Derecha,IN1-B1,,,,,,,,,,
29/03/2023,Derecha,IN1-B1,-0.0019000000029336661,0.009000000001833541,-0.002999999999985903,0.009198369423117973,9.198369423117972,101.92073855544265,-4.220909057034847e-05,0.00019993779717051454,-6.664593237628078e-05,0.00020434463551601662
04/04/2023,Derecha,IN1-B1,,,,,,,,,,
13/04/2023,Derecha,IN1-B1,,,,,,,,,,
17/04/2023,Derecha,IN1-B1,,,,,,,,,,
25/04/2023,Derecha,IN1-B1,-0.0029000000067753717,0.007000000001426088,-0.0049999999999954525,0.007576938699716554,7.576938699716554,112.50352854297323,-6.438578199363628e-05,0.00015541395620492635,-0.00011100996869508787,0.00016822314557217986
08/05/2023,Derecha,IN1-B1,,,,,,,,,,
19/05/2023,Derecha,IN1-B1,,,,,,,,,,
31/05/2023,Derecha,IN1-B1,,,,,,,,,,
11/06/2023,Derecha,IN1-B1,-0.0029000000067753717,0.007000000001426088,-0.0049999999999954525,0.007576938699716554,7.576938699716554,112.50352854297323,-6.431866587063901e-05,0.00015525195177045086,-0.00011089425124191475,0.00016804778876234374
19/06/2023,Derecha,IN1-B1,-0.0019000000029336661,0.012000000002444722,0.007000000000005002,0.012149485588691451,12.149485588691451,98.99714343292673,-4.213233996216219e-05,0.00026609898887805397,0.00015522441014735236,0.00026941381915672013
07/07/2023,Derecha,IN1-B1,-0.0029000000067753717,0.012000000002444722,0.0049999999999954525,0.012345444507913455,12.345444507913454,103.58599123578861,-6.428159788037797e-05,0.0002659928182480986,0.00011083034091402785,0.0002736499647097011
12/07/2023,Derecha,IN1-B1,,,,,,,,,,
17/07/2023,Derecha,IN1-B1,9.999999747378752e-05,0.014000000002852175,0.004000000000019099,0.014000357141135924,14.000357141135924,89.59075140238657,2.216115536605521e-06,0.0003102561830257108,8.864462370399564e-05,0.00031026409762290405
28/07/2023,Derecha,IN1-B1,,,,,,,,,,
07/08/2023,Derecha,IN1-B1,,,,,,,,,,
19/08/2023,Derecha,IN1-B1,-0.0029000000067753717,0.009000000001833541,-0.0010000000000047748,0.009455686123825224,9.455686123825224,107.86009410634783,-6.42203868010579e-05,0.00019930464826789957,-2.2144960914249724e-05,0.00020939579962852325
25/08/2023,Derecha,IN1-B1,,,,,,,,,,
24/09/2023,Derecha,IN1-B1,-0.0019000000029336661,0.007000000001426088,-0.009999999999990905,0.007253275124460202,7.253275124460202,105.18583728161511,-4.2041909210135775e-05,0.000154891244250793,-0.0002212732060272809,0.00016049554409886934
04/10/2023,Derecha,IN1-B1,,,,,,,,,,
14/10/2023,Derecha,IN1-B1,,,,,,,,,,
01/11/2023,Derecha,IN1-B1,-0.004900000007182825,0.006000000001222361,-0.014999999999986358,0.007746612168235868,7.746612168235868,129.23736714883057,-0.00010833278077386805,0.00013265238445363492,-0.00033163096106622353,0.00017126776255744662
14/09/2024,Derecha,IN1-B1,-0.0009000000063679181,0.007000000001426088,0.0,0.007057619997664049,7.057619997664049,97.3264067099677,-1.9758941060570334e-05,0.00015368065163727168,0.0,0.00015494566286118353
21/04/2025,Derecha,IN1-B1,-0.0019000000029336661,0.010000000002037268,0.0,0.010178899746627496,10.178899746627495,100.75796710247248,-4.1513721441480205e-05,0.0002184932704517844,0.0,0.00022240210947883885
25/05/2025,Derecha,IN1-B1,-0.0029000000067753717,0.011000000002240995,0.0049999999999954525,0.011375851620366672,11.375851620366673,104.76919856041174,-6.33160125491326e-05,0.0002401641850190165,0.00010916553862266828,0.0002483701938860022
04/10/2021,Derecha,IN-C1,-0.004333333330578171,-0.000999999996565748,0.00533333333331143,0.004447221351251947,4.447221351251947,192.99461675678603,-0.5416666663222713,-0.1249999995707185,0.6666666666639287,0.5559026689064934
10/10/2021,Derecha,IN-C1,-0.00033333332976326346,0.0010000000038417056,-0.0006666666666887977,0.0010540925559050665,1.0540925559050665,108.434948572793,-0.02380952355451882,0.07142857170297898,-0.04761904762062841,0.07529232542179046
14/10/2021,Derecha,IN-C1,-0.00033333332976326346,0.0010000000038417056,0.01633333333333553,0.0010540925559050665,1.0540925559050665,108.434948572793,-0.018518518320181306,0.05555555576898364,0.9074074074075296,0.058560697550281475
18/10/2021,Derecha,IN-C1,0.0006666666740784422,0.0010000000038417056,0.012333333333316432,0.0012018504324624688,1.2018504324624688,56.30993228161329,0.03030303063992919,0.04545454562916844,0.5606060606052923,0.054629565111930393
27/10/2021,Derecha,IN-C1,-0.003333333326736465,3.637978807091713e-12,0.01633333333333553,0.003333333326736465,3.333333326736465,179.99999993746775,-0.1075268815076279,1.173541550674746e-10,0.5268817204301783,0.1075268815076279
01/11/2021,Derecha,IN-C1,0.0026666666744858958,0.0010000000038417056,0.002333333333325527,0.0028480012571094624,2.848001257109462,20.556045236715587,0.07407407429127488,0.02777777788449182,0.06481481481459796,0.0791111460308184
16/11/2021,Derecha,IN-C1,0.0016666666706441902,3.637978807091713e-12,0.00033333333331597714,0.0016666666706441902,1.6666666706441902,1.2506449866416763e-07,0.03267973864008216,7.133291778611202e-11,0.006535947712077984,0.03267973864008216
24/11/2021,Derecha,IN-C1,9.999999747378752e-05,0.0,0.0,9.999999747378752e-05,0.09999999747378752,360.0,0.0016949152114201275,0.0,0.0,0.0016949152114201275
01/12/2021,Derecha,IN-C1,-0.00823333333391929,-0.004999999997380655,-0.009666666666674928,0.009632641266092758,9.632641266092758,211.26978447655765,-0.12474747475635288,-0.07575757571788871,-0.14646464646477164,0.1459491100923145
08/12/2021,Derecha,IN-C1,-0.009233333330485038,-0.004999999997380655,-0.011666666666684478,0.010500211634326828,10.500211634326828,208.43626476955004,-0.12648401822582245,-0.06849315064905008,-0.1598173515984175,0.14383851553872368
09/01/2022,Derecha,IN-C1,9.999999747378752e-05,0.0,0.0,9.999999747378752e-05,0.09999999747378752,360.0,0.0009523809283217858,0.0,0.0,0.0009523809283217858
12/02/2022,Derecha,IN-C1,9.999999747378752e-05,0.0,0.0,9.999999747378752e-05,0.09999999747378752,360.0,0.0007194244422574641,0.0,0.0,0.0007194244422574641
26/02/2022,Derecha,IN-C1,9.999999747378752e-05,0.0,0.0,9.999999747378752e-05,0.09999999747378752,360.0,0.0006535947547306374,0.0,0.0,0.0006535947547306374
07/03/2022,Derecha,IN-C1,,,,,,,,,,
11/03/2022,Derecha,IN-C1,9.999999747378752e-05,0.0,0.0,9.999999747378752e-05,0.09999999747378752,360.0,0.0006024096233360693,0.0,0.0,0.0006024096233360693
14/03/2022,Derecha,IN-C1,,,,,,,,,,
21/03/2022,Derecha,IN-C1,,,,,,,,,,
28/03/2022,Derecha,IN-C1,9.999999747378752e-05,0.0,0.0,9.999999747378752e-05,0.09999999747378752,360.0,0.0005464480736272542,0.0,0.0,0.0005464480736272542
06/04/2022,Derecha,IN-C1,,,,,,,,,,
11/04/2022,Derecha,IN-C1,,,,,,,,,,
20/04/2022,Derecha,IN-C1,,,,,,,,,,
01/05/2022,Derecha,IN-C1,9.999999747378752e-05,0.0,0.0,9.999999747378752e-05,0.09999999747378752,360.0,0.0004608294814460254,0.0,0.0,0.0004608294814460254
09/05/2022,Derecha,IN-C1,,,,,,,,,,
16/05/2022,Derecha,IN-C1,,,,,,,,,,
24/05/2022,Derecha,IN-C1,0.0007666666715522297,0.0020000000040454324,0.0063333333333162045,0.0021419098490484383,2.1419098490484383,69.02650649538363,0.003194444464800957,0.008333333350189301,0.02638888888881752,0.00892462437103516
30/05/2022,Derecha,IN-C1,,,,,,,,,,
10/06/2022,Derecha,IN-C1,,,,,,,,,,
14/06/2022,Derecha,IN-C1,,,,,,,,,,
24/06/2022,Derecha,IN-C1,9.999999747378752e-05,0.0,0.0,9.999999747378752e-05,0.09999999747378752,360.0,0.0003690036807150831,0.0,0.0,0.0003690036807150831
27/06/2022,Derecha,IN-C1,,,,,,,,,,
04/07/2022,Derecha,IN-C1,,,,,,,,,,
11/07/2022,Derecha,IN-C1,,,,,,,,,,
23/07/2022,Derecha,IN-C1,9.999999747378752e-05,0.0,0.0,9.999999747378752e-05,0.09999999747378752,360.0,2.233888025774322e-06,0.0,0.0,2.233888025774322e-06
01/08/2022,Derecha,IN-C1,,,,,,,,,,
08/08/2022,Derecha,IN-C1,,,,,,,,,,
16/08/2022,Derecha,IN-C1,,,,,,,,,,
30/08/2022,Derecha,IN-C1,,,,,,,,,,
16/11/2022,Derecha,IN-C1,9.999999747378752e-05,0.0,0.0,9.999999747378752e-05,0.09999999747378752,360.0,2.2281142905413763e-06,0.0,0.0,2.2281142905413763e-06
27/11/2022,Derecha,IN-C1,-0.007233333330077585,-0.0029999999969732016,-0.011666666666684478,0.007830779721448593,7.830779721448593,202.52606053539844,-0.00016112744654008697,-6.682705152305981e-05,-0.0002598829784078338,0.00017443597347965324
14/12/2022,Derecha,IN-C1,9.999999747378752e-05,0.0,0.0,9.999999747378752e-05,0.09999999747378752,360.0,2.2267250990622708e-06,0.0,0.0,2.2267250990622708e-06
09/02/2023,Derecha,IN-C1,,,,,,,,,,
18/02/2023,Derecha,IN-C1,9.999999747378752e-05,0.0,0.0,9.999999747378752e-05,0.09999999747378752,360.0,2.223457420206504e-06,0.0,0.0,2.223457420206504e-06
04/03/2023,Derecha,IN-C1,,,,,,,,,,
08/03/2023,Derecha,IN-C1,,,,,,,,,,
17/03/2023,Derecha,IN-C1,,,,,,,,,,
29/03/2023,Derecha,IN-C1,-0.001233333328855224,0.005000000004656613,0.0063333333333162045,0.0051498651581018354,5.149865158101836,103.85635144091894,-2.739888321089492e-05,0.00011107655406443801,0.00014069696835020668,0.00011440585502514408
04/04/2023,Derecha,IN-C1,,,,,,,,,,
13/04/2023,Derecha,IN-C1,,,,,,,,,,
17/04/2023,Derecha,IN-C1,,,,,,,,,,
25/04/2023,Derecha,IN-C1,0.0007666666715522297,0.0070000000050640665,0.007333333333320979,0.007041858977298957,7.041858977298957,83.7496603871906,1.7021528641731527e-05,0.00015541395628569673,0.00016281462075266935,0.00015634330892517833
08/05/2023,Derecha,IN-C1,,,,,,,,,,
19/05/2023,Derecha,IN-C1,,,,,,,,,,
31/05/2023,Derecha,IN-C1,,,,,,,,,,
11/06/2023,Derecha,IN-C1,0.0007666666715522297,0.0070000000050640665,0.007333333333320979,0.007041858977298957,7.041858977298957,83.7496603871906,1.7003785298798564e-05,0.00015525195185113702,0.0001626449018213489,0.00015618033572788675
19/06/2023,Derecha,IN-C1,-0.0022333333326969296,0.013000000002648449,0.01833333333331666,0.013190442670501807,13.190442670501808,99.74796560091913,-4.952397846143626e-05,0.0002882739046178918,0.000406540121813834,0.0002924969547299496
07/07/2023,Derecha,IN-C1,-0.00023333333228947595,0.014000000002852175,0.01633333333333553,0.014001944312266716,14.001944312266717,90.95484124940684,-5.172082552854456e-06,0.0003103249546227817,0.0003620457803195356,0.000310368052317833
12/07/2023,Derecha,IN-C1,,,,,,,,,,
17/07/2023,Derecha,IN-C1,-0.001233333328855224,0.014000000002852175,0.01833333333331666,0.014054220404559125,14.054220404559125,95.03448832615899,-2.7332092209361405e-05,0.0003102561830257108,0.00040628785864100386,0.00031145776980230313
28/07/2023,Derecha,IN-C1,,,,,,,,,,
07/08/2023,Derecha,IN-C1,,,,,,,,,,
19/08/2023,Derecha,IN-C1,-0.007233333330077585,0.009000000001833541,0.012333333333316432,0.01154647613330643,11.546476133306431,128.78896892664147,-0.00016018188387354309,0.00019930464826789957,0.00027312118460740155,0.00025569626266816725
25/08/2023,Derecha,IN-C1,,,,,,,,,,
24/09/2023,Derecha,IN-C1,-0.00823333333391929,0.005000000004656613,-0.006666666666689025,0.009632641269869478,9.632641269869477,148.73021548645121,-0.00018218160630892595,0.00011063660311677944,-0.00014751547068548283,0.00021314454162966562
04/10/2023,Derecha,IN-C1,,,,,,,,,,
14/10/2023,Derecha,IN-C1,,,,,,,,,,
01/11/2023,Derecha,IN-C1,-0.009233333330485038,0.004000000004452886,-0.004666666666679475,0.010062526741702058,10.062526741702058,156.57711220503953,-0.00020413728041575554,8.843492304952104e-05,-0.00010317407677653546,0.00022246969427388425
14/09/2024,Derecha,IN-C1,-0.00023333333228947595,0.009000000001833541,0.0063333333333162045,0.009003024185070317,9.003024185070316,91.4851134467321,-5.122688363948186e-06,0.00019758940924792073,0.00013904439907168553,0.00019765580331226407
21/04/2025,Derecha,IN-C1,-0.005233333329670131,0.013000000002648449,0.0063333333333162045,0.014013842364187486,14.013842364187486,111.92794587822496,-0.00011434481143310022,0.00028404125158731973,0.00013837907125756433,0.00030619302491232927
25/05/2025,Derecha,IN-C1,-0.006233333333511837,0.015000000003055902,0.02233333333333576,0.0162435970320107,16.2435970320107,112.56559902904966,-0.0001360930381536142,0.0003274966159350226,0.00048760607251508136,0.00035464820383412736
04/10/2021,Derecha,IN2-B1,-0.0010000000038417056,0.0,-0.0049999999999954525,0.0010000000038417056,1.0000000038417056,180.0,-0.1250000004802132,0.0,-0.6249999999994316,0.1250000004802132
10/10/2021,Derecha,IN2-B1,-0.0020000000004074536,0.0010000000002037268,0.01300000000000523,0.002236067977955337,2.236067977955337,153.43494882292202,-0.14285714288624668,0.07142857144312334,0.9285714285718021,0.15971914128252407
14/10/2021,Derecha,IN2-B1,0.004000000000814907,-0.006000000001222361,0.0020000000000095497,0.007211102552397074,7.211102552397074,303.69006752597977,0.22222222226749486,-0.33333333340124227,0.11111111111164164,0.4006168084665041
18/10/2021,Derecha,IN2-B1,-0.0010000000038417056,0.00999999999839929,0.0020000000000095497,0.010049875619910388,10.049875619910388,95.71059316020111,-0.04545454562916844,0.454545454472695,0.090909090909525,0.4568125281777449
27/10/2021,Derecha,IN2-B1,0.000999999996565748,-0.009000000001833541,0.016999999999995907,0.009055385139580494,9.055385139580494,276.34019172303226,0.03225806440534671,-0.29032258070430783,0.5483870967740615,0.2921091980509837
01/11/2021,Derecha,IN2-B1,-0.006999999997788109,0.0039999999971769284,0.0049999999999954525,0.008062257744977454,8.062257744977455,150.25511871267813,-0.194444444383003,0.11111111103269246,0.13888888888876258,0.22395160402715153
16/11/2021,Derecha,IN2-B1,,,,,,,,,,
24/11/2021,Derecha,IN2-B1,-0.013900000005378388,0.016999999999825377,-0.0010000000000047748,0.021959280501500544,21.959280501500544,129.27104872640746,-0.23559322043014216,0.28813559321737925,-0.01694915254245381,0.3721911949406872
01/12/2021,Derecha,IN2-B1,9.999999747378752e-05,0.0,0.0,9.999999747378752e-05,0.09999999747378752,360.0,0.0015151514768755685,0.0,0.0,0.0015151514768755685
08/12/2021,Derecha,IN2-B1,,,,,,,,,,
09/01/2022,Derecha,IN2-B1,,,,,,,,,,
12/02/2022,Derecha,IN2-B1,,,,,,,,,,
26/02/2022,Derecha,IN2-B1,,,,,,,,,,
07/03/2022,Derecha,IN2-B1,,,,,,,,,,
11/03/2022,Derecha,IN2-B1,9.999999747378752e-05,0.0,0.0,9.999999747378752e-05,0.09999999747378752,360.0,0.0006024096233360693,0.0,0.0,0.0006024096233360693
14/03/2022,Derecha,IN2-B1,,,,,,,,,,
21/03/2022,Derecha,IN2-B1,,,,,,,,,,
28/03/2022,Derecha,IN2-B1,,,,,,,,,,
06/04/2022,Derecha,IN2-B1,,,,,,,,,,
11/04/2022,Derecha,IN2-B1,,,,,,,,,,
20/04/2022,Derecha,IN2-B1,,,,,,,,,,
01/05/2022,Derecha,IN2-B1,,,,,,,,,,
09/05/2022,Derecha,IN2-B1,,,,,,,,,,
16/05/2022,Derecha,IN2-B1,,,,,,,,,,
24/05/2022,Derecha,IN2-B1,0.016999999999825377,-0.0020000000004074536,-0.002999999999985903,0.01711724276849787,17.11724276849787,353.29016319082024,0.07083333333260575,-0.008333333335031057,-0.012499999999941263,0.07132184486874113
30/05/2022,Derecha,IN2-B1,,,,,,,,,,
10/06/2022,Derecha,IN2-B1,,,,,,,,,,
14/06/2022,Derecha,IN2-B1,,,,,,,,,,
24/06/2022,Derecha,IN2-B1,,,,,,,,,,
27/06/2022,Derecha,IN2-B1,,,,,,,,,,
04/07/2022,Derecha,IN2-B1,,,,,,,,,,
11/07/2022,Derecha,IN2-B1,,,,,,,,,,
23/07/2022,Derecha,IN2-B1,0.0,0.0,0.0,0.0,0.0,,0.0,0.0,0.0,0.0
01/08/2022,Derecha,IN2-B1,,,,,,,,,,
08/08/2022,Derecha,IN2-B1,,,,,,,,,,
16/08/2022,Derecha,IN2-B1,,,,,,,,,,
30/08/2022,Derecha,IN2-B1,,,,,,,,,,
16/11/2022,Derecha,IN2-B1,,,,,,,,,,
27/11/2022,Derecha,IN2-B1,,,,,,,,,,
14/12/2022,Derecha,IN2-B1,,,,,,,,,,
09/02/2023,Derecha,IN2-B1,,,,,,,,,,
18/02/2023,Derecha,IN2-B1,0.0,0.0,0.0,0.0,0.0,,0.0,0.0,0.0,0.0
04/03/2023,Derecha,IN2-B1,,,,,,,,,,
08/03/2023,Derecha,IN2-B1,,,,,,,,,,
17/03/2023,Derecha,IN2-B1,,,,,,,,,,
29/03/2023,Derecha,IN2-B1,,,,,,,,,,
04/04/2023,Derecha,IN2-B1,,,,,,,,,,
13/04/2023,Derecha,IN2-B1,,,,,,,,,,
17/04/2023,Derecha,IN2-B1,,,,,,,,,,
25/04/2023,Derecha,IN2-B1,,,,,,,,,,
08/05/2023,Derecha,IN2-B1,,,,,,,,,,
19/05/2023,Derecha,IN2-B1,,,,,,,,,,
31/05/2023,Derecha,IN2-B1,,,,,,,,,,
11/06/2023,Derecha,IN2-B1,,,,,,,,,,
19/06/2023,Derecha,IN2-B1,,,,,,,,,,
07/07/2023,Derecha,IN2-B1,,,,,,,,,,
12/07/2023,Derecha,IN2-B1,,,,,,,,,,
17/07/2023,Derecha,IN2-B1,,,,,,,,,,
28/07/2023,Derecha,IN2-B1,,,,,,,,,,
07/08/2023,Derecha,IN2-B1,,,,,,,,,,
19/08/2023,Derecha,IN2-B1,,,,,,,,,,
25/08/2023,Derecha,IN2-B1,,,,,,,,,,
24/09/2023,Derecha,IN2-B1,0.0,0.0,0.0,0.0,0.0,,0.0,0.0,0.0,0.0
04/10/2023,Derecha,IN2-B1,0.0,0.0,0.0,0.0,0.0,,0.0,0.0,0.0,0.0
14/10/2023,Derecha,IN2-B1,0.0,0.0,0.0,0.0,0.0,,0.0,0.0,0.0,0.0
01/11/2023,Derecha,IN2-B1,0.0,0.0,0.0,0.0,0.0,,0.0,0.0,0.0,0.0
14/09/2024,Derecha,IN2-B1,0.0,0.0,0.0,0.0,0.0,,0.0,0.0,0.0,0.0
21/04/2025,Derecha,IN2-B1,0.0,0.0,0.0,0.0,0.0,,0.0,0.0,0.0,0.0
25/05/2025,Derecha,IN2-B1,0.0,0.0,0.0,0.0,0.0,,0.0,0.0,0.0,0.0
04/10/2021,Derecha,IN3-D1,-0.0003333333370392211,0.003666666667413665,0.0063333333333162045,0.003681787006808533,3.681787006808533,95.19442896411633,-0.041666667129902635,0.4583333334267081,0.7916666666645256,0.46022337585106665
10/10/2021,Derecha,IN3-D1,0.004666666667617392,0.007666666668228572,0.004333333333306655,0.00897527468038601,8.97527468038601,58.67130713219583,0.33333333340124227,0.5476190477306123,0.3095238095219039,0.6410910485990007
14/10/2021,Derecha,IN3-D1,0.0006666666668024845,0.0016666666670062114,0.001333333333320752,0.0017950549360772022,1.7950549360772021,68.19859051364818,0.03703703704458247,0.09259259261145619,0.07407407407337512,0.09972527422651123
18/10/2021,Derecha,IN3-D1,0.003666666663775686,0.004666666667617392,0.00033333333331597714,0.005934831270549748,5.934831270549748,51.84277344024771,0.16666666653525847,0.21212121216442692,0.015151515150726233,0.2697650577522613
27/10/2021,Derecha,IN3-D1,0.007666666664590593,0.008666666668432299,0.008333333333325754,0.01157103663842009,11.57103663842009,48.5035316582769,0.24731182789001913,0.2795698925300742,0.2688172043008308,0.373259246400648
01/11/2021,Derecha,IN3-D1,0.004666666667617392,0.006666666668024845,-0.0006666666666887977,0.008137703745480337,8.137703745480337,55.00797980144134,0.12962962965603866,0.18518518522291239,-0.018518518519133272,0.22604732626334267
16/11/2021,Derecha,IN3-D1,0.006666666668024845,0.007666666668228572,-0.00566666666668425,0.010159833771488611,10.15983377148861,48.990913098429786,0.13071895427499697,0.1503267974162465,-0.1111111111114559,0.19921242689193355
24/11/2021,Derecha,IN3-D1,0.007766666662064381,0.007666666668228572,-0.0006666666666887977,0.010913243736000276,10.913243736000275,44.62875826662878,0.13163841800109122,0.12994350285133174,-0.011299435028623689,0.18497023281356398
01/12/2021,Derecha,IN3-D1,0.01476666665985249,0.016666666666424135,-0.01666666666667993,0.022267290405724994,22.267290405724992,48.45905695724401,0.22373737363412863,0.25252525252157776,-0.2525252525254535,0.3373831879655302
08/12/2021,Derecha,IN3-D1,9.999999747378752e-05,0.0,0.0,9.999999747378752e-05,0.09999999747378752,360.0,0.0013698629790929798,0.0,0.0,0.0013698629790929798
09/01/2022,Derecha,IN3-D1,-0.01123333333816845,-0.014333333332615439,0.004333333333306655,0.018210772150303554,18.210772150303555,231.91345798910163,-0.10698412703017572,-0.1365079365010994,0.04126984126958719,0.17343592524098622
12/02/2022,Derecha,IN3-D1,9.999999747378752e-05,0.0,0.0,9.999999747378752e-05,0.09999999747378752,360.0,0.0007194244422574641,0.0,0.0,0.0007194244422574641
26/02/2022,Derecha,IN3-D1,0.009766666662471835,0.010666666665201774,0.00533333333331143,0.01446255701604545,14.46255701604545,47.52200133661607,0.06383442263053488,0.06971677558955408,0.0348583877994211,0.0945265164447415
07/03/2022,Derecha,IN3-D1,,,,,,,,,,
11/03/2022,Derecha,IN3-D1,0.005766666661656927,0.005666666667821119,-0.0016666666666935726,0.00808489675325915,8.08489675325915,44.49888354183992,0.03473895579311402,0.034136546191693484,-0.010040160642732365,0.04870419730879006
14/03/2022,Derecha,IN3-D1,,,,,,,,,,
21/03/2022,Derecha,IN3-D1,,,,,,,,,,
28/03/2022,Derecha,IN3-D1,0.006766666665498633,0.006666666668024845,0.002333333333325527,0.009499064281523938,9.499064281523937,44.57348843866594,0.03697632057649526,0.036429872502868006,0.012750455373363535,0.05190745509029474
06/04/2022,Derecha,IN3-D1,,,,,,,,,,
11/04/2022,Derecha,IN3-D1,,,,,,,,,,
20/04/2022,Derecha,IN3-D1,,,,,,,,,,
01/05/2022,Derecha,IN3-D1,0.004766666665091179,0.010666666665201774,0.0033333333333303017,0.01168327389230511,11.68327389230511,65.92132623613314,0.02196620582991327,0.049155145922588815,0.015360983102904617,0.0538399718539406
09/05/2022,Derecha,IN3-D1,,,,,,,,,,
16/05/2022,Derecha,IN3-D1,,,,,,,,,,
24/05/2022,Derecha,IN3-D1,0.007766666662064381,0.005666666667821119,0.0063333333333162045,0.009614167783215413,9.614167783215413,36.11500389600081,0.032361111091934916,0.023611111115921325,0.02638888888881752,0.04005903243006422
30/05/2022,Derecha,IN3-D1,,,,,,,,,,
10/06/2022,Derecha,IN3-D1,,,,,,,,,,
14/06/2022,Derecha,IN3-D1,,,,,,,,,,
24/06/2022,Derecha,IN3-D1,0.0027666666646837257,0.009666666668636026,0.00533333333331143,0.010054794324897497,10.054794324897497,74.02851314055442,0.010209102083703785,0.035670356710834045,0.019680196801887193,0.037102562084492606
27/06/2022,Derecha,IN3-D1,,,,,,,,,,
04/07/2022,Derecha,IN3-D1,,,,,,,,,,
11/07/2022,Derecha,IN3-D1,,,,,,,,,,
23/07/2022,Derecha,IN3-D1,0.009766666662471835,0.002666666667209938,0.00033333333331597714,0.010124173487739495,10.124173487739494,15.271663840177537,0.00021817640260185042,5.957034887099158e-05,7.44629360696922e-06,0.00022616270496458158
01/08/2022,Derecha,IN3-D1,,,,,,,,,,
08/08/2022,Derecha,IN3-D1,,,,,,,,,,
16/08/2022,Derecha,IN3-D1,,,,,,,,,,
30/08/2022,Derecha,IN3-D1,,,,,,,,,,
16/11/2022,Derecha,IN3-D1,0.010766666659037583,0.005666666667821119,-0.006666666666689025,0.012166849307484103,12.166849307484103,27.75854062260361,0.00023989364450519336,0.00012625981301265832,-0.00014854095645571678,0.00027109131497703046
27/11/2022,Derecha,IN3-D1,0.006766666665498633,0.003666666667413665,-0.004666666666679475,0.0076962472811034875,7.696247281103488,28.452020315247704,0.00015073212745029478,8.167750751612014e-05,-0.00010395319136326016,0.00017143917136914122
14/12/2022,Derecha,IN3-D1,0.007766666662064381,0.004666666667617392,-0.0016666666666935726,0.009060843714923765,9.060843714923765,30.99990530420967,0.00017294232029357995,0.00010391384060249375,-3.7112085922500444e-05,0.00020176008628390222
09/02/2023,Derecha,IN3-D1,,,,,,,,,,
18/02/2023,Derecha,IN3-D1,0.006766666665498633,0.0116666666654055,-0.00566666666668425,0.013486989613833558,13.486989613833558,59.88626685062185,0.00015045395587545598,0.0002594033722157977,-0.00012599592366168428,0.00029987747890680504
04/03/2023,Derecha,IN3-D1,,,,,,,,,,
08/03/2023,Derecha,IN3-D1,,,,,,,,,,
17/03/2023,Derecha,IN3-D1,,,,,,,,,,
29/03/2023,Derecha,IN3-D1,0.005766666661656927,0.006666666668024845,0.001333333333320752,0.008814697320340554,8.814697320340555,49.140194598703445,0.00012810829212371545,0.00014810207197815892,2.9620414389317813e-05,0.00019582124051052016
04/04/2023,Derecha,IN3-D1,,,,,,,,,,
13/04/2023,Derecha,IN3-D1,,,,,,,,,,
17/04/2023,Derecha,IN3-D1,,,,,,,,,,
25/04/2023,Derecha,IN3-D1,0.005766666661656927,0.006666666668024845,0.001333333333320752,0.008814697320340554,8.814697320340555,49.140194598703445,0.0001280314971172249,0.00014801329162373938,2.960265831843769e-05,0.00019570385471771396
08/05/2023,Derecha,IN3-D1,,,,,,,,,,
19/05/2023,Derecha,IN3-D1,,,,,,,,,,
31/05/2023,Derecha,IN3-D1,0.016766666660259943,0.003666666667413665,0.008333333333325754,0.017162912204698677,17.162912204698678,12.335690168087133,0.00037195613417618617,8.134229579194856e-05,0.00018486885403477948,0.0003807465493422073
11/06/2023,Derecha,IN3-D1,0.016766666660259943,0.003666666667413665,0.008333333333325754,0.017162912204698677,17.162912204698678,12.335690168087133,0.0003718653890227986,8.1322450927379e-05,0.00018482375206985792,0.00038065365961450224
19/06/2023,Derecha,IN3-D1,0.016766666660259943,0.005666666667821119,0.001333333333320752,0.017698367778427117,17.698367778427116,18.673822050995405,0.0003717994203534669,0.00012565785585908103,2.9566554313481286e-05,0.00039245981413932763
07/07/2023,Derecha,IN3-D1,,,,,,,,,,
12/07/2023,Derecha,IN3-D1,,,,,,,,,,
17/07/2023,Derecha,IN3-D1,0.013766666663286742,0.002666666667209938,-0.00566666666668425,0.014022561183038535,14.022561183038535,10.962689581740028,0.0003050852465048919,5.9096415814421115e-05,-0.00012557988358045054,0.0003107561648576929
28/07/2023,Derecha,IN3-D1,,,,,,,,,,
07/08/2023,Derecha,IN3-D1,,,,,,,,,,
19/08/2023,Derecha,IN3-D1,0.006766666665498633,0.0016666666670062114,0.00033333333331597714,0.006968899162771692,6.968899162771692,13.836839012889145,0.00014984756882650827,3.690826819775918e-05,7.381653637663644e-06,0.00015432599957418986
25/08/2023,Derecha,IN3-D1,,,,,,,,,,
24/09/2023,Derecha,IN3-D1,0.013766666663286742,0.002666666667209938,-0.0016666666666935726,0.014022561183038535,14.022561183038535,10.962689581740028,0.00030461944688971176,5.900618828601638e-05,-3.6878867671842376e-05,0.00031028170696874595
04/10/2023,Derecha,IN3-D1,,,,,,,,,,
14/10/2023,Derecha,IN3-D1,,,,,,,,,,
01/11/2023,Derecha,IN3-D1,0.012766666659445036,0.0016666666670062114,-0.0076666666666938,0.012874997296011175,12.874997296011175,7.437803308818405,0.0002822547955925148,3.684788457045414e-05,-0.0001695002689901572,0.00028464984846700655
14/09/2024,Derecha,IN3-D1,0.013766666663286742,0.003666666667413665,0.0033333333333303017,0.014246598031388861,14.246598031388862,14.91414641505064,0.00030223861475085604,8.049938895285659e-05,7.318126266943955e-05,0.00031277520980458104
21/04/2025,Derecha,IN3-D1,-0.0012333333361311816,-0.0203333333338378,-0.0006666666666887977,0.02037070336495458,20.37070336495458,266.52893487014484,-2.6947503411361247e-05,-0.00044426964983914084,-1.4566218027634979e-05,0.00044508615987053356
25/05/2025,Derecha,IN3-D1,0.028766666662704665,0.013666666665812954,-0.0016666666666935726,0.031848059417138856,31.848059417138856,25.41178068065656,0.0006280657321231533,0.0002983858055502588,-3.6388512874843294e-05,0.0006953421120723736
04/10/2021,Derecha,IN4-D1,0.004000000000814907,0.0010000000002037268,-0.0010000000000047748,0.004123105626457648,4.123105626457648,14.036243467926477,0.5000000001018634,0.12500000002546585,-0.12500000000059686,0.515388203307206
10/10/2021,Derecha,IN4-D1,0.000999999996565748,0.0010000000002037268,0.008000000000009777,0.0014142135600887689,1.4142135600887689,45.00000010422042,0.07142857118326772,0.07142857144312334,0.5714285714292698,0.10101525429205492
14/10/2021,Derecha,IN4-D1,0.004000000000814907,0.0010000000002037268,0.0010000000000047748,0.004123105626457648,4.123105626457648,14.036243467926477,0.22222222226749486,0.055555555566873714,0.05555555555582082,0.22906142369209156
18/10/2021,Derecha,IN4-D1,,,,,,,,,,
27/10/2021,Derecha,IN4-D1,0.000999999996565748,0.008000000001629815,0.003999999999990678,0.008062257749489812,8.062257749489811,82.87498367675246,0.03225806440534671,0.2580645161816069,0.1290322580642154,0.2600728306287036
01/11/2021,Derecha,IN4-D1,0.0029999999969732016,0.004000000000814907,0.0020000000000095497,0.004999999998835847,4.999999998835847,53.13010238750652,0.08333333324925561,0.11111111113374743,0.05555555555582082,0.13888888885655132
16/11/2021,Derecha,IN4-D1,,,,,,,,,,
24/11/2021,Derecha,IN4-D1,0.00909999999566935,0.011000000002240995,0.0020000000000095497,0.014276203976214548,14.276203976214548,50.399973442449955,0.15423728806219236,0.18644067800408468,0.03389830508490762,0.24196955891889063
01/12/2021,Derecha,IN4-D1,-0.0019000000029336661,-0.01900000000023283,0.002999999999985903,0.019094763680653278,19.094763680653276,264.2894068538108,-0.028787878832328275,-0.28787878788231563,0.04545454545433186,0.28931460122201935
08/12/2021,Derecha,IN4-D1,,,,,,,,,,
09/01/2022,Derecha,IN4-D1,,,,,,,,,,
12/02/2022,Derecha,IN4-D1,,,,,,,,,,
26/02/2022,Derecha,IN4-D1,,,,,,,,,,
07/03/2022,Derecha,IN4-D1,,,,,,,,,,
11/03/2022,Derecha,IN4-D1,0.00010000000474974513,0.0,0.0,0.00010000000474974513,0.10000000474974513,360.0,0.0006024096671671394,0.0,0.0,0.0006024096671671394
14/03/2022,Derecha,IN4-D1,,,,,,,,,,
21/03/2022,Derecha,IN4-D1,,,,,,,,,,
28/03/2022,Derecha,IN4-D1,0.010000000002037268,0.0020000000004074536,0.01099999999999568,0.010198039029263185,10.198039029263185,11.309932474020213,0.05464480875430201,0.010928961750860403,0.06010928961746273,0.055726989230946364
06/04/2022,Derecha,IN4-D1,,,,,,,,,,
11/04/2022,Derecha,IN4-D1,,,,,,,,,,
20/04/2022,Derecha,IN4-D1,,,,,,,,,,
01/05/2022,Derecha,IN4-D1,,,,,,,,,,
09/05/2022,Derecha,IN4-D1,,,,,,,,,,
16/05/2022,Derecha,IN4-D1,,,,,,,,,,
24/05/2022,Derecha,IN4-D1,0.0030000000042491592,-0.0010000000002037268,-0.01099999999999568,0.0031622776642639097,3.1622776642639097,341.56505119792206,0.012500000017704831,-0.004166666667515528,-0.04583333333331534,0.013176156934432956
30/05/2022,Derecha,IN4-D1,,,,,,,,,,
10/06/2022,Derecha,IN4-D1,,,,,,,,,,
14/06/2022,Derecha,IN4-D1,,,,,,,,,,
24/06/2022,Derecha,IN4-D1,,,,,,,,,,
27/06/2022,Derecha,IN4-D1,,,,,,,,,,
04/07/2022,Derecha,IN4-D1,,,,,,,,,,
11/07/2022,Derecha,IN4-D1,,,,,,,,,,
23/07/2022,Derecha,IN4-D1,0.0,0.0,0.0,0.0,0.0,,0.0,0.0,0.0,0.0
01/08/2022,Derecha,IN4-D1,,,,,,,,,,
08/08/2022,Derecha,IN4-D1,,,,,,,,,,
16/08/2022,Derecha,IN4-D1,,,,,,,,,,
30/08/2022,Derecha,IN4-D1,,,,,,,,,,
16/11/2022,Derecha,IN4-D1,,,,,,,,,,
27/11/2022,Derecha,IN4-D1,,,,,,,,,,
14/12/2022,Derecha,IN4-D1,,,,,,,,,,
09/02/2023,Derecha,IN4-D1,,,,,,,,,,
18/02/2023,Derecha,IN4-D1,0.0,0.0,0.0,0.0,0.0,,0.0,0.0,0.0,0.0
04/03/2023,Derecha,IN4-D1,,,,,,,,,,
08/03/2023,Derecha,IN4-D1,,,,,,,,,,
17/03/2023,Derecha,IN4-D1,,,,,,,,,,
29/03/2023,Derecha,IN4-D1,,,,,,,,,,
04/04/2023,Derecha,IN4-D1,,,,,,,,,,
13/04/2023,Derecha,IN4-D1,,,,,,,,,,
17/04/2023,Derecha,IN4-D1,,,,,,,,,,
25/04/2023,Derecha,IN4-D1,,,,,,,,,,
08/05/2023,Derecha,IN4-D1,,,,,,,,,,
19/05/2023,Derecha,IN4-D1,,,,,,,,,,
31/05/2023,Derecha,IN4-D1,,,,,,,,,,
11/06/2023,Derecha,IN4-D1,,,,,,,,,,
19/06/2023,Derecha,IN4-D1,,,,,,,,,,
07/07/2023,Derecha,IN4-D1,,,,,,,,,,
12/07/2023,Derecha,IN4-D1,,,,,,,,,,
17/07/2023,Derecha,IN4-D1,,,,,,,,,,
28/07/2023,Derecha,IN4-D1,,,,,,,,,,
07/08/2023,Derecha,IN4-D1,,,,,,,,,,
19/08/2023,Derecha,IN4-D1,,,,,,,,,,
25/08/2023,Derecha,IN4-D1,,,,,,,,,,
24/09/2023,Derecha,IN4-D1,0.0,0.0,0.0,0.0,0.0,,0.0,0.0,0.0,0.0
04/10/2023,Derecha,IN4-D1,0.0,0.0,0.0,0.0,0.0,,0.0,0.0,0.0,0.0
14/10/2023,Derecha,IN4-D1,0.0,0.0,0.0,0.0,0.0,,0.0,0.0,0.0,0.0
01/11/2023,Derecha,IN4-D1,0.0,0.0,0.0,0.0,0.0,,0.0,0.0,0.0,0.0
14/09/2024,Derecha,IN4-D1,0.0,0.0,0.0,0.0,0.0,,0.0,0.0,0.0,0.0
21/04/2025,Derecha,IN4-D1,0.0,0.0,0.0,0.0,0.0,,0.0,0.0,0.0,0.0
25/05/2025,Derecha,IN4-D1,0.0,0.0,0.0,0.0,0.0,,0.0,0.0,0.0,0.0
04/10/2021,Derecha,IN4-B1,-0.0010000000038417056,0.0020000000004074536,-0.004000000000019099,0.0022360679795822903,2.23606797958229,116.56505126045431,-0.1250000004802132,0.2500000000509317,-0.5000000000023874,0.2795084974477863
10/10/2021,Derecha,IN4-B1,-0.0020000000004074536,0.0010000000002037268,0.007000000000005002,0.002236067977955337,2.236067977955337,153.43494882292202,-0.14285714288624668,0.07142857144312334,0.5000000000003573,0.15971914128252407
14/10/2021,Derecha,IN4-B1,,,,,,,,,,
18/10/2021,Derecha,IN4-B1,0.0020000000004074536,0.0010000000002037268,0.013999999999981583,0.002236067977955337,2.236067977955337,26.56505117707799,0.09090909092761153,0.045454545463805764,0.6363636363627991,0.10163945354342441
27/10/2021,Derecha,IN4-B1,,,,,,,,,,
01/11/2021,Derecha,IN4-B1,-0.0020000000004074536,0.0030000000006111804,0.00899999999998613,0.003605551276198537,3.605551276198537,123.69006752597979,-0.055555555566873714,0.08333333335031057,0.24999999999961472,0.10015420211662603
16/11/2021,Derecha,IN4-B1,,,,,,,,,,
24/11/2021,Derecha,IN4-B1,9.999999747378752e-05,0.0,0.0,9.999999747378752e-05,0.09999999747378752,360.0,0.0016949152114201275,0.0,0.0,0.0016949152114201275
01/12/2021,Derecha,IN4-B1,0.002099999997881241,-0.024999999997817213,0.007999999999981355,0.025088044959341926,25.088044959341925,274.80157334546925,0.03181818178607941,-0.37878787875480624,0.12121212121183872,0.38012189332336255
08/12/2021,Derecha,IN4-B1,,,,,,,,,,
09/01/2022,Derecha,IN4-B1,,,,,,,,,,
12/02/2022,Derecha,IN4-B1,,,,,,,,,,
26/02/2022,Derecha,IN4-B1,,,,,,,,,,
07/03/2022,Derecha,IN4-B1,,,,,,,,,,
11/03/2022,Derecha,IN4-B1,0.00010000000474974513,0.0,0.0,0.00010000000474974513,0.10000000474974513,360.0,0.0006024096671671394,0.0,0.0,0.0006024096671671394
14/03/2022,Derecha,IN4-B1,,,,,,,,,,
21/03/2022,Derecha,IN4-B1,,,,,,,,,,
28/03/2022,Derecha,IN4-B1,0.014000000002852175,0.004999999997380655,0.0049999999999954525,0.014866068749123537,14.866068749123537,19.65382404484891,0.07650273225602282,0.02732240435727134,0.02732240437155985,0.08123534835586632
06/04/2022,Derecha,IN4-B1,,,,,,,,,,
11/04/2022,Derecha,IN4-B1,,,,,,,,,,
20/04/2022,Derecha,IN4-B1,,,,,,,,,,
01/05/2022,Derecha,IN4-B1,,,,,,,,,,
09/05/2022,Derecha,IN4-B1,,,,,,,,,,
16/05/2022,Derecha,IN4-B1,,,,,,,,,,
24/05/2022,Derecha,IN4-B1,0.006000000001222361,-0.0030000000006111804,-0.004000000000019099,0.00670820393386601,6.7082039338660095,333.434948822922,0.02500000000509317,-0.012500000002546585,-0.01666666666674625,0.027950849724441708
30/05/2022,Derecha,IN4-B1,,,,,,,,,,
10/06/2022,Derecha,IN4-B1,,,,,,,,,,
14/06/2022,Derecha,IN4-B1,,,,,,,,,,
24/06/2022,Derecha,IN4-B1,,,,,,,,,,
27/06/2022,Derecha,IN4-B1,,,,,,,,,,
04/07/2022,Derecha,IN4-B1,,,,,,,,,,
11/07/2022,Derecha,IN4-B1,,,,,,,,,,
23/07/2022,Derecha,IN4-B1,0.0,0.0,0.0,0.0,0.0,,0.0,0.0,0.0,0.0
01/08/2022,Derecha,IN4-B1,,,,,,,,,,
08/08/2022,Derecha,IN4-B1,,,,,,,,,,
16/08/2022,Derecha,IN4-B1,,,,,,,,,,
30/08/2022,Derecha,IN4-B1,,,,,,,,,,
16/11/2022,Derecha,IN4-B1,,,,,,,,,,
27/11/2022,Derecha,IN4-B1,,,,,,,,,,
14/12/2022,Derecha,IN4-B1,,,,,,,,,,
09/02/2023,Derecha,IN4-B1,,,,,,,,,,
18/02/2023,Derecha,IN4-B1,0.0,0.0,0.0,0.0,0.0,,0.0,0.0,0.0,0.0
04/03/2023,Derecha,IN4-B1,,,,,,,,,,
08/03/2023,Derecha,IN4-B1,,,,,,,,,,
17/03/2023,Derecha,IN4-B1,,,,,,,,,,
29/03/2023,Derecha,IN4-B1,,,,,,,,,,
04/04/2023,Derecha,IN4-B1,,,,,,,,,,
13/04/2023,Derecha,IN4-B1,,,,,,,,,,
17/04/2023,Derecha,IN4-B1,,,,,,,,,,
25/04/2023,Derecha,IN4-B1,,,,,,,,,,
08/05/2023,Derecha,IN4-B1,,,,,,,,,,
19/05/2023,Derecha,IN4-B1,,,,,,,,,,
31/05/2023,Derecha,IN4-B1,,,,,,,,,,
11/06/2023,Derecha,IN4-B1,,,,,,,,,,
19/06/2023,Derecha,IN4-B1,,,,,,,,,,
07/07/2023,Derecha,IN4-B1,,,,,,,,,,
12/07/2023,Derecha,IN4-B1,,,,,,,,,,
17/07/2023,Derecha,IN4-B1,,,,,,,,,,
28/07/2023,Derecha,IN4-B1,,,,,,,,,,
07/08/2023,Derecha,IN4-B1,,,,,,,,,,
19/08/2023,Derecha,IN4-B1,,,,,,,,,,
25/08/2023,Derecha,IN4-B1,,,,,,,,,,
24/09/2023,Derecha,IN4-B1,0.0,0.0,0.0,0.0,0.0,,0.0,0.0,0.0,0.0
04/10/2023,Derecha,IN4-B1,0.0,0.0,0.0,0.0,0.0,,0.0,0.0,0.0,0.0
14/10/2023,Derecha,IN4-B1,0.0,0.0,0.0,0.0,0.0,,0.0,0.0,0.0,0.0
01/11/2023,Derecha,IN4-B1,0.0,0.0,0.0,0.0,0.0,,0.0,0.0,0.0,0.0
14/09/2024,Derecha,IN4-B1,0.0,0.0,0.0,0.0,0.0,,0.0,0.0,0.0,0.0
21/04/2025,Derecha,IN4-B1,0.0,0.0,0.0,0.0,0.0,,0.0,0.0,0.0,0.0
25/05/2025,Derecha,IN4-B1,0.0,0.0,0.0,0.0,0.0,,0.0,0.0,0.0,0.0
04/10/2021,Derecha,IN2-C1a ,-0.0003333333370392211,0.0016666666670062114,-0.001999999999981128,0.0016996731722573302,1.6996731722573302,101.30993259427454,-0.041666667129902635,0.20833333337577642,-0.249999999997641,0.21245914653216627
10/10/2021,Derecha,IN2-C1a ,-0.0003333333370392211,-0.00033333333340124227,-0.0009999999999763531,0.0004714045234595089,0.4714045234595089,224.99999968733877,-0.023809524074230076,-0.02380952381437445,-0.07142857142688237,0.03367175167567921
14/10/2021,Derecha,IN2-C1a ,-0.0013333333408809267,-0.00033333333340124227,-0.0069999999999765805,0.001374368549211265,1.374368549211265,194.03624339435913,-0.07407407449338482,-0.018518518522291236,-0.3888888888875878,0.07635380828951473
18/10/2021,Derecha,IN2-C1a ,-0.0003333333370392211,0.0006666666668024845,0.0,0.0007453559942787325,0.7453559942787326,116.56505142720698,-0.015151515319964596,0.030303030309203845,0.0,0.03387981792176057
27/10/2021,Derecha,IN2-C1a ,-0.0003333333370392211,0.0016666666670062114,-0.0009999999999763531,0.0016996731722573302,1.6996731722573302,101.30993259427454,-0.010752688291587776,0.05376344087116811,-0.03225806451536623,0.054828166847010654
01/11/2021,Derecha,IN2-C1a ,-0.0003333333370392211,0.0016666666670062114,0.0,0.0016996731722573302,1.6996731722573302,101.30993259427454,-0.009259259362200586,0.046296296305728096,0.0,0.04721314367381473
16/11/2021,Derecha,IN2-C1a ,-0.0013333333408809267,-0.00033333333340124227,0.0,0.001374368549211265,1.374368549211265,194.03624339435913,-0.02614379099766523,-0.006535947713749849,0.0,0.026948402925711077
24/11/2021,Derecha,IN2-C1a ,9.999999747378752e-05,0.0,0.0,9.999999747378752e-05,0.09999999747378752,360.0,0.0016949152114201275,0.0,0.0,0.0016949152114201275
01/12/2021,Derecha,IN2-C1a ,9.999999747378752e-05,0.0,0.0,9.999999747378752e-05,0.09999999747378752,360.0,0.0015151514768755685,0.0,0.0,0.0015151514768755685
08/12/2021,Derecha,IN2-C1a ,9.999999747378752e-05,0.0,0.0,9.999999747378752e-05,0.09999999747378752,360.0,0.0013698629790929798,0.0,0.0,0.0013698629790929798
09/01/2022,Derecha,IN2-C1a ,9.999999747378752e-05,0.0,0.0,9.999999747378752e-05,0.09999999747378752,360.0,0.0009523809283217858,0.0,0.0,0.0009523809283217858
12/02/2022,Derecha,IN2-C1a ,9.999999747378752e-05,0.0,0.0,9.999999747378752e-05,0.09999999747378752,360.0,0.0007194244422574641,0.0,0.0,0.0007194244422574641
26/02/2022,Derecha,IN2-C1a ,9.999999747378752e-05,0.0,0.0,9.999999747378752e-05,0.09999999747378752,360.0,0.0006535947547306374,0.0,0.0,0.0006535947547306374
07/03/2022,Derecha,IN2-C1a ,,,,,,,,,,
11/03/2022,Derecha,IN2-C1a ,9.999999747378752e-05,0.0,0.0,9.999999747378752e-05,0.09999999747378752,360.0,0.0006024096233360693,0.0,0.0,0.0006024096233360693
14/03/2022,Derecha,IN2-C1a ,,,,,,,,,,
21/03/2022,Derecha,IN2-C1a ,,,,,,,,,,
28/03/2022,Derecha,IN2-C1a ,9.999999747378752e-05,0.0,0.0,9.999999747378752e-05,0.09999999747378752,360.0,0.0005464480736272542,0.0,0.0,0.0005464480736272542
06/04/2022,Derecha,IN2-C1a ,,,,,,,,,,
11/04/2022,Derecha,IN2-C1a ,,,,,,,,,,
20/04/2022,Derecha,IN2-C1a ,,,,,,,,,,
01/05/2022,Derecha,IN2-C1a ,-0.0052333333442220464,-0.001333333333604969,0.004000000000019099,0.005400514389412221,5.400514389412221,194.29355808731884,-0.024116743521760582,-0.006144393242419213,0.01843317972359032,0.024887163084848944
09/05/2022,Derecha,IN2-C1a ,,,,,,,,,,
16/05/2022,Derecha,IN2-C1a ,,,,,,,,,,
24/05/2022,Derecha,IN2-C1a ,-0.00023333333956543356,0.0016666666670062114,0.0010000000000047748,0.0016829207427155775,1.6829207427155775,97.96961060284396,-0.0009722222481893066,0.006944444445859214,0.004166666666686562,0.007012169761314906
30/05/2022,Derecha,IN2-C1a ,,,,,,,,,,
10/06/2022,Derecha,IN2-C1a ,,,,,,,,,,
14/06/2022,Derecha,IN2-C1a ,,,,,,,,,,
24/06/2022,Derecha,IN2-C1a ,-0.0062333333407877944,-0.002333333333808696,0.008000000000009777,0.006655741054461143,6.655741054461143,200.52246033986918,-0.02300123003980736,-0.008610086102615114,0.029520295202988107,0.024559930090262517
27/06/2022,Derecha,IN2-C1a ,,,,,,,,,,
04/07/2022,Derecha,IN2-C1a ,,,,,,,,,,
11/07/2022,Derecha,IN2-C1a ,,,,,,,,,,
23/07/2022,Derecha,IN2-C1a ,9.999999747378752e-05,0.0,0.0,9.999999747378752e-05,0.09999999747378752,360.0,2.233888025774322e-06,0.0,0.0,2.233888025774322e-06
01/08/2022,Derecha,IN2-C1a ,,,,,,,,,,
08/08/2022,Derecha,IN2-C1a ,,,,,,,,,,
16/08/2022,Derecha,IN2-C1a ,,,,,,,,,,
30/08/2022,Derecha,IN2-C1a ,,,,,,,,,,
16/11/2022,Derecha,IN2-C1a ,9.999999747378752e-05,0.0,0.0,9.999999747378752e-05,0.09999999747378752,360.0,2.2281142905413763e-06,0.0,0.0,2.2281142905413763e-06
27/11/2022,Derecha,IN2-C1a ,9.999999747378752e-05,0.0,0.0,9.999999747378752e-05,0.09999999747378752,360.0,2.22756833007635e-06,0.0,0.0,2.22756833007635e-06
14/12/2022,Derecha,IN2-C1a ,9.999999747378752e-05,0.0,0.0,9.999999747378752e-05,0.09999999747378752,360.0,2.2267250990622708e-06,0.0,0.0,2.2267250990622708e-06
09/02/2023,Derecha,IN2-C1a ,-0.0072333333446295,-0.001333333333604969,0.010000000000019327,0.007355194698512822,7.355194698512822,190.4441954614852,-0.0001608622813821443,-2.965203339423051e-05,0.00022239025041185178,0.00016357235908270298
18/02/2023,Derecha,IN2-C1a ,-0.008233333341195248,-0.00033333333340124227,0.011000000000024102,0.00824007821676431,8.24007821676431,182.31840103929173,-0.00018306466572974426,-7.411524922762474e-06,0.00024458032240186995,0.0001832146351698568
04/03/2023,Derecha,IN2-C1a ,-0.009233333345036954,-0.001333333333604969,0.016000000000019554,0.009329106197223476,9.329106197223476,188.21695793263532,-0.00020523535408737588,-2.963687420491607e-05,0.0003556424903869736,0.00020736416006631567
08/03/2023,Derecha,IN2-C1a ,0.018766666660667397,0.0016666666670062114,-0.015999999999991132,0.01884052959264985,18.84052959264985,5.075120235525966,0.00041710191942451934,3.7042799257800354e-05,-0.00035561087280223887,0.00041874357328139605
17/03/2023,Derecha,IN2-C1a ,0.023766666658048052,0.002666666667209938,-0.015999999999991132,0.023915801369571155,23.915801369571156,6.401923364312371,0.0005281246757488123,5.925662564352558e-05,-0.00035553975378852345,0.0005314386331623296
29/03/2023,Derecha,IN2-C1a ,0.018766666660667397,0.0016666666670062114,-0.014999999999986358,0.01884052959264985,18.84052959264985,5.075120235525966,0.0004169073324003065,3.702551799453973e-05,-0.00033322966188266667,0.00041854822039031974
04/04/2023,Derecha,IN2-C1a ,0.018766666660667397,0.0016666666670062114,-0.016999999999995907,0.01884052959264985,18.84052959264985,5.075120235525966,0.0004168517694506308,3.702058345193717e-05,-0.0003776099511327389,0.0004184924387527733
13/04/2023,Derecha,IN2-C1a ,0.0217666666576406,-0.002333333333808696,-0.02400000000000091,0.021891373228546118,21.89137322854612,353.88139835601896,0.00048339218409559616,-5.181845774520189e-05,-0.000532989850984941,0.0004861616564557534
17/04/2023,Derecha,IN2-C1a ,0.026766666655021254,-0.00033333333340124227,-0.018999999999977035,0.02676874212457849,26.76874212457849,359.2865153433877,0.0005943789366691372,-7.401979290769931e-06,-0.00042191281948742115,0.0005944250244171717
25/04/2023,Derecha,IN2-C1a ,0.016766666660259943,0.002666666667209938,-0.013999999999981583,0.016977403276422484,16.977403276422486,9.036957875568993,0.00037225342821562454,5.9205316649495754e-05,-0.00031082791234611983,0.00037693220124825126
08/05/2023,Derecha,IN2-C1a ,0.020766666653798893,-0.001333333333604969,-0.003999999999990678,0.020809426270046588,20.80942627004659,356.3263407503925,0.00046092836715494505,-2.959411669563122e-05,-8.87823500685994e-05,0.0004618774419595727
19/05/2023,Derecha,IN2-C1a ,0.020766666653798893,-0.001333333333604969,-0.018999999999977035,0.020809426270046588,20.80942627004659,356.3263407503925,0.00046081585828911334,-2.9586893012425808e-05,-0.0004216132253406643,0.00046176470143229975
31/05/2023,Derecha,IN2-C1a ,0.01776666665682569,-0.0043333333342161495,-0.03699999999997772,0.01828748812385645,18.287488123856452,346.2930389859271,0.0003941403965841935,-9.613180411775738e-05,-0.0008208177119146731,0.0004056944367162067
11/06/2023,Derecha,IN2-C1a ,0.016766666660259943,-0.005333333334419876,-0.03699999999997772,0.017594475137164695,17.594475137164693,342.35457754120796,0.0003718653890227986,-0.00011828720134891493,-0.0008206174591904213,0.0003902252292664278
19/06/2023,Derecha,IN2-C1a ,0.01776666665682569,-0.0043333333342161495,-0.031999999999982265,0.01828748812385645,18.287488123856452,346.2930389859271,0.0003939743360126328,-9.609130153929726e-05,-0.0007095973035298533,0.0004055235081571858
07/07/2023,Derecha,IN2-C1a ,0.019766666657233145,-0.0043333333342161495,-0.012999999999976808,0.020236078882125395,20.236078882125394,347.63498180833255,0.00043814928087141785,-9.605296214514674e-05,-0.0002881588863762204,0.0004485543042542314
12/07/2023,Derecha,IN2-C1a ,0.019766666657233145,-0.0043333333342161495,-0.030000000000001137,0.020236078882125395,20.236078882125394,347.63498180833255,0.0004381007260185985,-9.604231774232917e-05,-0.0006649083534653059,0.0004485045963369178
17/07/2023,Derecha,IN2-C1a ,0.023766666658048052,-0.002333333333808696,-0.00899999999998613,0.0238809314827005,23.8809314827005,354.3928574599374,0.0005266968056477274,-5.170936383761847e-05,-0.0001994504033327305,0.0005292290462436952
28/07/2023,Derecha,IN2-C1a ,0.00576666665438097,-0.013333333332411712,-0.02199999999999136,0.014526948132899443,14.526948132899443,293.38848238596324,0.0001277648533151871,-0.0002954100660775831,-0.00048742660906151233,0.00032185550311065564
07/08/2023,Derecha,IN2-C1a ,0.004766666657815222,-0.00733333333482733,-0.018000000000000682,0.008746364320471512,8.746364320471512,303.0238675018465,0.00010558570512382815,-0.00016243954667908582,-0.00039871525085836046,0.00019373938022973776
19/08/2023,Derecha,IN2-C1a ,0.020766666653798893,0.0006666666668024845,-0.012000000000000455,0.020777364807757225,20.777364807757227,1.8387193898806546,0.0004598770213654338,1.4763307279103672e-05,-0.0002657395309697379,0.00046011393156669456
25/08/2023,Derecha,IN2-C1a ,0.018766666660667397,-0.0033333333340124227,-0.0069999999999765805,0.01906040106262834,19.06040106262834,349.9281712101355,0.0004155318880647299,-7.380672971265024e-05,-0.0001549941323644705,0.0004220357607472564
24/09/2023,Derecha,IN2-C1a ,0.0217666666576406,0.0016666666670062114,-0.014999999999986358,0.02183038147087111,21.83038147087111,4.37857567840157,0.00048163801158676345,3.687886767876023e-05,-0.00033190980904092136,0.00048304784968625914
04/10/2023,Derecha,IN2-C1a ,0.0217666666576406,-0.00033333333340124227,-0.018000000000000682,0.021769218830633298,21.7692188306333,359.12264469768763,0.00048153146157645733,-7.374141835746351e-06,-0.0003982036590491932,0.00048158792183335835
14/10/2023,Derecha,IN2-C1a ,0.010766666659037583,-0.006333333334623603,-0.016999999999995907,0.012491285845511903,12.491285845511904,329.5344550576965,0.00023813210048078168,-0.00014007770629296008,-0.0003759980536570435,0.0002762764215051402
01/11/2023,Derecha,IN2-C1a ,0.022766666654206347,0.0016666666670062114,-0.007999999999981355,0.022827590506285605,22.827590506285606,4.186951285410473,0.0005033421028543774,3.684788457045414e-05,-0.00017686984590173453,0.0005046890518955055
14/09/2024,Derecha,IN2-C1a ,0.038766666657465976,0.006666666664386867,-0.025999999999982037,0.039335720257103864,39.335720257103866,9.757658660971293,0.0008510980846443604,0.0001463625252889606,-0.0005708138488217532,0.0008635913029287989
21/04/2025,Derecha,IN2-C1a ,0.05576666665729135,0.013666666665812954,-0.026999999999986812,0.057416886782721804,57.416886782721804,13.770016052190204,0.0012184641377663728,0.00029860746953795127,-0.0005899318300993448,0.0012545203369760925
25/05/2025,Derecha,IN2-C1a ,0.057766666657698806,0.013666666665812954,-0.04399999999998272,0.05936131361835024,59.36131361835024,13.31052533543418,0.0012612258560259118,0.0002983858055502588,-0.0009606567398799773,0.0012960419549004464
26/02/2022,Derecha,PF87 ,9.999999747378752e-05,0.0,0.0,9.999999747378752e-05,0.09999999747378752,360.0,0.0006535947547306374,0.0,0.0,0.0006535947547306374
07/03/2022,Derecha,PF87 ,9.999999747378752e-05,0.0,0.0,9.999999747378752e-05,0.09999999747378752,360.0,0.0006172839350233797,0.0,0.0,0.0006172839350233797
11/03/2022,Derecha,PF87 ,9.999999747378752e-05,0.0,0.0,9.999999747378752e-05,0.09999999747378752,360.0,0.0006024096233360693,0.0,0.0,0.0006024096233360693
14/03/2022,Derecha,PF87 ,9.999999747378752e-05,0.0,0.0,9.999999747378752e-05,0.09999999747378752,360.0,0.000591715961383358,0.0,0.0,0.000591715961383358
21/03/2022,Derecha,PF87 ,9.999999747378752e-05,0.0,0.0,9.999999747378752e-05,0.09999999747378752,360.0,0.0005681818038283382,0.0,0.0,0.0005681818038283382
28/03/2022,Derecha,PF87 ,-0.004900000007182825,-0.000999999996565748,-0.0020000000000095497,0.005000999906371043,5.000999906371043,191.53462059863833,-0.02677595632340342,-0.005464480855550536,-0.010928961748686064,0.027327868340825373
06/04/2022,Derecha,PF87 ,9.999999747378752e-05,0.0,0.0,9.999999747378752e-05,0.09999999747378752,360.0,0.0005208333201759766,0.0,0.0,0.0005208333201759766
11/04/2022,Derecha,PF87 ,-0.006900000000314321,0.0,0.0010000000000047748,0.006900000000314321,6.900000000314321,180.0,-0.03502538071225544,0.0,0.0050761421320039335,0.03502538071225544
20/04/2022,Derecha,PF87 ,-0.005900000003748573,-0.001999999996769475,0.0020000000000095497,0.006229767253382029,6.229767253382029,198.7257878060657,-0.028640776717226084,-0.009708737848395509,0.009708737864124028,0.030241588608650623
01/05/2022,Derecha,PF87 ,-0.011900000004970934,-0.0029999999969732016,0.0030000000000143245,0.012272326596866116,12.272326596866115,194.1494760669695,-0.054838709700326886,-0.013824884778678348,0.013824884792692739,0.056554500446387636
09/05/2022,Derecha,PF87 ,-0.006900000000314321,0.0020000000004074536,-0.0020000000000095497,0.0071840100226800525,7.184010022680052,163.8355008453198,-0.030666666668063648,0.008888888890699794,-0.00888888888893133,0.03192893343413357
16/05/2022,Derecha,PF87 ,-0.007900000004156027,-0.0029999999969732016,-0.007000000000005002,0.008450443778139964,8.450443778139965,200.79411492631434,-0.03405172415584495,-0.012931034469712077,-0.030172413793125012,0.036424326629913635
24/05/2022,Derecha,PF87 ,-0.005900000003748573,-0.001999999996769475,-0.006000000000000227,0.006229767253382029,6.229767253382029,198.7257878060657,-0.02458333334895239,-0.00833333331987281,-0.025000000000000945,0.025957363555758454
30/05/2022,Derecha,PF87 ,-0.008900000000721775,0.0010000000002037268,0.0020000000000095497,0.008956003573762968,8.956003573762969,173.58915997898794,-0.03617886179155193,0.004065040651234662,0.008130081300851829,0.03640651859253239
10/06/2022,Derecha,PF87 ,-0.007900000004156027,-0.000999999996565748,0.0010000000000047748,0.007963039624339233,7.963039624339233,187.21426201093692,-0.030739299627066254,-0.0038910505702947394,0.003891050583676167,0.030984589977973667
14/06/2022,Derecha,PF87 ,-0.007900000004156027,0.0,-0.002999999999985903,0.007900000004156027,7.900000004156027,180.0,-0.03026819924963995,0.0,-0.011494252873509206,0.03026819924963995
24/06/2022,Derecha,PF87 ,-0.01590000000578584,-0.0039999999971769284,0.0049999999999954525,0.01639542619639408,16.39542619639408,194.1210004618872,-0.05867158673721713,-0.014760147591058778,0.01845018450182824,0.06049972766197077
27/06/2022,Derecha,PF87 ,-0.008900000000721775,-0.000999999996565748,-0.0010000000000047748,0.008956003573356762,8.956003573356762,186.41083999788373,-0.03248175182745173,-0.0036496350239625837,-0.003649635036513777,0.032686144428309354
04/07/2022,Derecha,PF87 ,-0.010900000001129229,0.0,0.0030000000000143245,0.010900000001129229,10.900000001129229,180.0,-0.03879003559120722,0.0,0.01067615658368087,0.03879003559120722
11/07/2022,Derecha,PF87 ,-0.010900000001129229,0.0010000000002037268,-0.002999999999985903,0.010945775441923914,10.945775441923914,174.75818005249852,-0.00024355909103589097,2.2344870739475048e-05,-6.70346122044534e-05,0.0002445819373432823
23/07/2022,Derecha,PF87 ,-0.00990000000456348,-0.0029999999969732016,0.006000000000000227,0.010344563793229568,10.344563793229568,196.8583987443639,-0.0002211549202404441,-6.701664239859716e-05,0.00013403328493242995,0.00023108597773326413
01/08/2022,Derecha,PF87 ,-0.011900000004970934,-0.000999999996565748,0.0030000000000143245,0.011941942895167425,11.941942895167426,184.80348574065275,-0.00026577924699537533,-2.233439041778148e-05,6.700317148377015e-05,0.000266716015883491
08/08/2022,Derecha,PF87 ,-0.013900000005378388,0.0,0.0,0.013900000005378388,13.900000005378388,180.0,-0.00031039949990796067,0.0,0.0,0.00031039949990796067
16/08/2022,Derecha,PF87 ,-0.017900000006193295,0.0,0.003999999999990678,0.017900000006193295,17.900000006193295,180.0,-0.0003996517003325213,0.0,8.930764250129893e-05,0.0003996517003325213
30/08/2022,Derecha,PF87 ,-0.01690000000235159,0.0,0.006000000000000227,0.01690000000235159,16.90000000235159,180.0,-0.00037720688352011226,0.0,0.00013391960359797843,0.00037720688352011226
16/11/2022,Derecha,PF87 ,-0.017900000006193295,-0.0039999999971769284,0.006000000000000227,0.018341483042522363,18.341483042522363,192.5965732229927,-0.00039883246822025565,-8.91245738102299e-05,0.0001336868608097018,0.00040866921509151677
27/11/2022,Derecha,PF87 ,-0.01590000000578584,-0.0029999999969732016,0.0049999999999954525,0.01618054387731849,16.18054387731849,190.68491238567196,-0.0003541833735584479,-6.682705152305981e-05,0.00011137841931737175,0.00036043268015054997
14/12/2022,Derecha,PF87 ,-0.017900000006193295,-0.0039999999971769284,0.008000000000009777,0.018341483042522363,18.341483042522363,192.5965732229927,-0.00039858380293912794,-8.906900614970113e-05,0.0001781380124253441,0.00040841441676551165
09/02/2023,Derecha,PF87 ,-0.027900000000954606,-0.005999999997584382,0.008000000000009777,0.028537869577532928,28.537869577532927,192.13682445014786,-0.0006204687986690968,-0.0001334341501931322,0.000177912200329355,0.0006346543961556049
18/02/2023,Derecha,PF87 ,-0.02990000000136206,-0.0029999999969732016,0.0049999999999954525,0.030050124792807272,30.05012479280727,185.72956524322623,-0.0006648137854666383,-6.670372422397336e-05,0.00011117287381868711,0.0006681517463659204
04/03/2023,Derecha,PF87 ,-0.025900000000547152,0.0010000000002037268,0.015999999999991132,0.02591929783054992,25.919297830549922,177.78890602242558,-0.0005756962813253719,2.2227655653687053e-05,0.00035564249038634187,0.0005761252268454494
08/03/2023,Derecha,PF87 ,-0.004900000007182825,0.0,-0.02400000000000091,0.004900000007182825,4.900000007182825,180.0,-0.00010890582995538918,0.0,-0.000533416309203674,0.00010890582995538918
17/03/2023,Derecha,PF87 ,9.999999747378752e-05,0.0,0.0,9.999999747378752e-05,0.09999999747378752,360.0,2.2221234050439428e-06,0.0,0.0,2.2221234050439428e-06
29/03/2023,Derecha,PF87 ,9.999999747378752e-05,0.0,0.0,9.999999747378752e-05,0.09999999747378752,360.0,2.221531023099203e-06,0.0,0.0,2.221531023099203e-06
04/04/2023,Derecha,PF87 ,-0.006900000000314321,-0.000999999996565748,-0.02199999999999136,0.006972087205239843,6.972087205239843,188.2463207861676,-0.00015326521546677745,-2.2212349990354244e-05,-0.0004886717014658231,0.00015486644169790856
13/04/2023,Derecha,PF87 ,9.999999747378752e-05,0.0,0.0,9.999999747378752e-05,0.09999999747378752,360.0,2.2207909896686027e-06,0.0,0.0,2.2207909896686027e-06
17/04/2023,Derecha,PF87 ,0.006099999998696148,-0.006999999997788109,-0.025000000000005684,0.009284934030628678,9.284934030628678,311.0698244571759,0.00013545622096454042,-0.0001554415650253838,-0.0005551484466947724,0.00020618066819063082
25/04/2023,Derecha,PF87 ,9.999999747378752e-05,0.0,0.0,9.999999747378752e-05,0.09999999747378752,360.0,2.2201993178168226e-06,0.0,0.0,2.2201993178168226e-06
08/05/2023,Derecha,PF87 ,0.005099999994854443,-0.00999999999839929,0.0,0.011225417583123627,11.225417583123628,297.0215815714925,0.0001131974962235194,-0.0002219558751364871,0.0,0.0002491547383833539
19/05/2023,Derecha,PF87 ,0.00909999999566935,-0.005999999997584382,-0.014999999999986358,0.010899999995054805,10.899999995054804,326.6015115300829,0.00020193054467256962,-0.00013314101847518878,-0.0003328525463216766,0.00024187285021757025
31/05/2023,Derecha,PF87 ,0.004099999998288695,-0.008999999998195563,-0.03700000000000614,0.009889893829232315,9.889893829232316,294.49190102354316,9.095547614723019e-05,-0.0001996583623177133,-0.0008208177119153036,0.00021940000064849734
11/06/2023,Derecha,PF87 ,0.004099999998288695,-0.008999999998195563,-0.036000000000001364,0.009889893829232315,9.889893829232316,294.49190102354316,9.093328598049802e-05,-0.00019960965219560775,-0.0007984386089425427,0.00021934647421114966
19/06/2023,Derecha,PF87 ,0.005099999994854443,-0.00999999999839929,-0.027999999999991587,0.011225417583123627,11.225417583123628,297.0215815714925,0.00011309207013603074,-0.00022174915731770645,-0.0006208976405887792,0.0002489226889995482
07/07/2023,Derecha,PF87 ,9.999999747378752e-05,-0.00999999999839929,-0.014999999999986358,0.010000499985874734,10.000499985874734,270.5729386833025,2.2166067622863745e-06,-0.00022166068179277584,-0.0003324910227420835,0.0002216717645492471
12/07/2023,Derecha,PF87 ,9.999999747378752e-05,-0.007999999997991836,-0.018000000000000682,0.008000624973548262,8.000624973548263,270.71615992756034,2.2163611222276095e-06,-0.0001773088942129,-0.0003989450120791835,0.00017732274592850602
17/07/2023,Derecha,PF87 ,0.006099999998696148,-0.001999999996769475,-0.014000000000010004,0.006419501536036183,6.419501536036183,341.84729413712154,0.000135183051119053,-4.4322311780194015e-05,-0.00031025618296272507,0.0001422635745066081
28/07/2023,Derecha,PF87 ,-0.017900000006193295,-0.018000000000029104,-0.019000000000005457,0.02538523193163237,25.38523193163237,225.15959784898115,-0.00039658801387378517,-0.0003988035892329479,-0.00042095934418977417,0.0005624289782127478
07/08/2023,Derecha,PF87 ,-0.013900000005378388,-0.01299999999901047,-0.014999999999986358,0.019031815471041942,19.03181547104194,223.08375561426783,-0.0003078967771708581,-0.000287961014486886,-0.0003322627090483189,0.0004215708377681236
19/08/2023,Derecha,PF87 ,0.004099999998288695,-0.001999999996769475,-0.014999999999986358,0.004561797888228411,4.561797888228411,333.9966541825328,9.079433971009355e-05,-4.428992175674812e-05,-0.00033217441371185765,0.00010102083593304275
25/08/2023,Derecha,PF87 ,0.002099999997881241,-0.0029999999969732016,-0.01099999999999568,0.0036619666810254327,3.6619666810254325,304.99202019855863,4.6498239662583115e-05,-6.642605666083303e-05,-0.00024356220800202997,8.108333549643365e-05
24/09/2023,Derecha,PF87 ,0.005099999994854443,-0.000999999996565748,-0.01300000000000523,0.005197114578364307,5.197114578364307,348.90627701468054,0.0001128493349601585,-2.212732052675742e-05,-0.0002876551678358425,0.00011499822048468362
04/10/2023,Derecha,PF87 ,0.002099999997881241,0.0,-0.018000000000000682,0.002099999997881241,2.099999997881241,0.0,4.6457093508865364e-05,0.0,-0.0003982036590491932,4.6457093508865364e-05
14/10/2023,Derecha,PF87 ,-0.006900000000314321,-0.00999999999839929,-0.019000000000005457,0.012149485584679024,12.149485584679024,235.3943244428542,-0.0001526109747266123,-0.0002211753256452633,-0.0004202331187933881,0.00026871664310439526
01/11/2023,Derecha,PF87 ,0.004099999998288695,-0.001999999996769475,-0.009999999999990905,0.004561797888228411,4.561797888228411,333.9966541825328,9.064579598701542e-05,-4.421746140411388e-05,-0.00022108730737748237,0.0001008555611909622
14/09/2024,Derecha,PF87 ,0.014099999993050005,0.040000000000873115,-0.018000000000000682,0.042412380266543155,42.41238026654315,70.58244586766754,0.000309556740939428,0.0008781751520532419,-0.0003951788184153479,0.0009311374622174615
21/04/2025,Derecha,PF87 ,0.018099999993864913,0.05100000000311411,-0.020999999999986585,0.05411663330340819,54.11663330340819,70.46012638590646,0.0003954728193031138,0.0011143156791451256,-0.00045883586785497695,0.0011824120193892717
25/05/2025,Derecha,PF87 ,0.015099999996891711,0.05400000000008731,-0.03700000000000614,0.05607147224672774,56.07147224672774,74.37743334846391,0.00032967992657289446,0.0011789878171277958,-0.000807824985808614,0.0012242144938371194
26/02/2022,Derecha,PF74 ,9.999999747378752e-05,0.0,0.0,9.999999747378752e-05,0.09999999747378752,360.0,0.0006535947547306374,0.0,0.0,0.0006535947547306374
07/03/2022,Derecha,PF74 ,9.999999747378752e-05,0.0,0.0,9.999999747378752e-05,0.09999999747378752,360.0,0.0006172839350233797,0.0,0.0,0.0006172839350233797
11/03/2022,Derecha,PF74 ,9.999999747378752e-05,0.0,0.0,9.999999747378752e-05,0.09999999747378752,360.0,0.0006024096233360693,0.0,0.0,0.0006024096233360693
14/03/2022,Derecha,PF74 ,9.999999747378752e-05,0.0,0.0,9.999999747378752e-05,0.09999999747378752,360.0,0.000591715961383358,0.0,0.0,0.000591715961383358
21/03/2022,Derecha,PF74 ,9.999999747378752e-05,0.0,0.0,9.999999747378752e-05,0.09999999747378752,360.0,0.0005681818038283382,0.0,0.0,0.0005681818038283382
28/03/2022,Derecha,PF74 ,9.999999747378752e-05,0.0,0.0,9.999999747378752e-05,0.09999999747378752,360.0,0.0005464480736272542,0.0,0.0,0.0005464480736272542
06/04/2022,Derecha,PF74 ,0.005099999994854443,0.0030000000006111804,-0.0020000000000095497,0.005916924872869555,5.916924872869555,30.46554494982401,0.02656249997320022,0.01562500000318323,-0.010416666666716404,0.0308173170461956
11/04/2022,Derecha,PF74 ,9.999999747378752e-05,0.0,0.0,9.999999747378752e-05,0.09999999747378752,360.0,0.0005076142003745559,0.0,0.0,0.0005076142003745559
20/04/2022,Derecha,PF74 ,0.004099999998288695,0.0030000000006111804,0.0020000000000095497,0.005080354317332048,5.0803543173320485,36.19320732252424,0.019902912613051917,0.014563106799083401,0.009708737864124028,0.024661914161806058
01/05/2022,Derecha,PF74 ,-0.005900000003748573,-0.004000000000814907,0.01099999999999568,0.007128113358438713,7.128113358438713,214.1359400664257,-0.02718894010944043,-0.018433179727257637,0.050691244239611424,0.0328484486563996
09/05/2022,Derecha,PF74 ,0.007099999995261896,0.004000000000814907,-0.003999999999990678,0.008149233089023666,8.149233089023665,29.396052876286394,0.031555555534497313,0.01777777778139959,-0.017777777777736346,0.03621881372899407
16/05/2022,Derecha,PF74 ,0.006099999998696148,0.0030000000006111804,-0.002999999999985903,0.006797793758842651,6.797793758842651,26.188110706953392,0.026293103442655813,0.01293103448539302,-0.012931034482697858,0.029300835167425217
24/05/2022,Derecha,PF74 ,0.005099999994854443,0.006000000001222361,0.0,0.007874642846642865,7.874642846642865,49.63546346118899,0.02124999997856018,0.02500000000509317,0.0,0.032811011861011936
30/05/2022,Derecha,PF74 ,0.005099999994854443,0.0030000000006111804,-0.0020000000000095497,0.005916924872869555,5.916924872869555,30.46554494982401,0.02073170729615627,0.012195121953703985,-0.008130081300851829,0.024052540133616077
10/06/2022,Derecha,PF74 ,0.007099999995261896,0.004000000000814907,0.0049999999999954525,0.008149233089023666,8.149233089023665,29.396052876286394,0.02762645912553267,0.015564202337801196,0.019455252918270244,0.031709078167407256
14/06/2022,Derecha,PF74 ,0.007099999995261896,0.0030000000006111804,-0.0010000000000047748,0.0077077882648906495,7.70778826489065,22.905769676310612,0.027203065115945963,0.011494252875904906,-0.0038314176245393674,0.029531755804178734
24/06/2022,Derecha,PF74 ,-0.004900000007182825,-0.004000000000814907,0.012000000000000455,0.006325345846426972,6.3253458464269725,219.22567406191064,-0.018081180838313008,-0.014760147604483053,0.04428044280442972,0.023340759580911336
27/06/2022,Derecha,PF74 ,0.006099999998696148,0.008000000001629815,0.003999999999990678,0.01006031808692797,10.060318086927971,52.67447952842707,0.022262773717869153,0.029197080297919033,0.014598540145951378,0.03671648936835026
04/07/2022,Derecha,PF74 ,0.007099999995261896,0.005000000001018634,0.0049999999999954525,0.0086838931328584,8.6838931328584,35.15417765564229,0.02526690389772917,0.017793594309674855,0.01779359430603364,0.030903534280634876
11/07/2022,Derecha,PF74 ,0.006099999998696148,0.008000000001629815,0.003999999999990678,0.01006031808692797,10.060318086927971,52.67447952842707,0.00013630371145389468,0.00017875896591580039,8.937948293948289e-05,0.00022479650720461133
23/07/2022,Derecha,PF74 ,0.00909999999566935,0.007000000001426088,0.01099999999999568,0.011480853624236632,11.480853624236632,37.568592047645836,0.00020328381538410256,0.00015637216578635288,0.00024572768904268245,0.0002564694208474619
01/08/2022,Derecha,PF74 ,0.00909999999566935,0.006000000001222361,0.0049999999999954525,0.010899999997057363,10.899999997057362,33.398488485882176,0.00020324295340307656,0.00013400634299420112,0.00011167195247231546,0.0002434448563241471
08/08/2022,Derecha,PF74 ,0.007099999995261896,0.009000000001833541,0.007000000000005002,0.011463420081534248,11.463420081534249,51.730483958884314,0.00015854938467791912,0.00020097809342876536,0.0001563162948573056,0.0002559884790767122
16/08/2022,Derecha,PF74 ,0.006099999998696148,0.004000000000814907,0.009000000000014552,0.007294518489291276,7.294518489291276,33.254366585680565,0.0001361941547856873,8.930764251970143e-05,0.0002009421956287158,0.00016286406236556465
30/08/2022,Derecha,PF74 ,0.004099999998288695,0.01299999999901047,0.009000000000014552,0.013631214177770062,13.631214177770062,72.49552727876535,9.151172908708556e-05,0.00029015914110685603,0.0002008794053972848,0.0003042477998743401
16/11/2022,Derecha,PF74 ,0.007099999995261896,0.008000000001629815,0.009000000000014552,0.010696261027050338,10.696261027050339,48.410944980133245,0.00015819611851923746,0.00017824914778257647,0.00020053029121486936,0.00023832492651791045
27/11/2022,Derecha,PF74 ,0.007099999995261896,0.008000000001629815,0.014000000000010004,0.010696261027050338,10.696261027050339,48.410944980133245,0.00015815735532526723,0.0001782054709442621,0.00031185957408914737,0.00023826652915999149
14/12/2022,Derecha,PF74 ,0.006099999998696148,0.010000000002037268,0.012000000000000455,0.011713667232119853,11.713667232119853,58.61680895427493,0.00013583023444512565,0.00022267251557677234,0.00026720701863769966,0.00026083117486739525
09/02/2023,Derecha,PF74 ,9.999999747378752e-05,0.0,0.0,9.999999747378752e-05,0.09999999747378752,360.0,2.223902447933717e-06,0.0,0.0,2.223902447933717e-06
18/02/2023,Derecha,PF74 ,-0.005900000003748573,0.0,0.018000000000000682,0.005900000003748573,5.900000003748573,180.0,-0.00013118399118951802,0.0,0.0004002223457476527,0.00013118399118951802
04/03/2023,Derecha,PF74 ,-0.005900000003748573,-0.0010000000002037268,0.02400000000000091,0.00598414572388078,5.98414572388078,189.61972779562433,-0.00013114316841335823,-2.2227655653687053e-05,0.0005334637355798286,0.00013301353050480737
08/03/2023,Derecha,PF74 ,0.023099999998521525,-0.0010000000002037268,-0.00899999999998613,0.023121634888824405,23.121634888824406,357.5212108907588,0.0005134131975756568,-2.2225679554680216e-05,-0.00020003111595106197,0.0005138940477146313
17/03/2023,Derecha,PF74 ,0.03209999999671709,0.009000000001833541,-0.007000000000005002,0.033337816362537014,33.33781636253701,15.662106349883425,0.0007133016309656702,0.00019999111154689884,-0.00015554864228267638,0.0007408074388368742
29/03/2023,Derecha,PF74 ,0.023099999998521525,-0.0010000000002037268,-0.006000000000000227,0.023121634888824405,23.121634888824406,357.5212108907588,0.0005131736792669286,-2.2215310796723837e-05,-0.00013329186475319294,0.0005136543050789622
04/04/2023,Derecha,PF74 ,0.019099999997706618,0.006000000001222361,-0.008000000000009777,0.02002023975698246,20.020239756982463,17.439387777918345,0.00042425588622182624,0.00013327410042697382,-0.00017769880053331358,0.0004446965739000991
13/04/2023,Derecha,PF74 ,0.02509999999892898,-0.0020000000004074536,-0.018000000000000682,0.025179555197577745,25.179555197577745,355.44422467012856,0.0005574185524646112,-4.441582092445876e-05,-0.0003997423882387058,0.000559185307192648
17/04/2023,Derecha,PF74 ,0.0390999999945052,0.006000000001222361,-0.01099999999999568,0.03955767940090742,39.55767940090742,8.724138134552879,0.0008682521705084094,0.00013323562723385873,-0.00024426531654554837,0.0008784153709703421
25/04/2023,Derecha,PF74 ,0.02209999999467982,-0.0030000000006111804,-0.0049999999999954525,0.02230269041547488,22.30269041547488,352.269544664269,0.000490664061514616,-6.660598123068271e-05,-0.00011100996869508787,0.0004951641929680709
08/05/2023,Derecha,PF74 ,0.03209999999671709,0.004000000000814907,0.009999999999990905,0.032348261155675066,32.34826115567507,7.103047111518932,0.0007124783592293045,8.878235008689366e-05,0.00022195587517181395,0.0007179886615100783
19/05/2023,Derecha,PF74 ,0.03409999999712454,0.005000000001018634,-0.006000000000000227,0.03446461953676669,34.46461953676669,8.341698446517523,0.0007566847885748262,0.00011095084879659678,-0.0001331410185287968,0.0007647757580554019
31/05/2023,Derecha,PF74 ,0.03209999999671709,0.0020000000004074536,-0.025000000000005684,0.03216224494326954,32.16224494326954,3.5652219286854376,0.0007121148256697892,4.436852497742648e-05,-0.0005546065621049689,0.0007134956839024234
11/06/2023,Derecha,PF74 ,0.03209999999671709,0.0020000000004074536,-0.02400000000000091,0.03216224494326954,32.16224494326954,3.5652219286854376,0.000711941092900929,4.435770050584309e-05,-0.0005322924059616951,0.0007133216142492357
19/06/2023,Derecha,PF74 ,0.031099999992875382,0.004000000000814907,-0.019000000000005457,0.031356179607269885,31.356179607269887,7.328995717960296,0.0006896398792104706,8.869966295935133e-05,-0.0004213233989712049,0.0006953206405727755
07/07/2023,Derecha,PF74 ,0.030099999996309634,0.0020000000004074536,-0.002999999999985903,0.030166372002272162,30.166372002272162,3.8014407057401542,0.0006671986522212536,4.433213637468311e-05,-6.64982045481647e-05,0.0006686698586308499
12/07/2023,Derecha,PF74 ,0.02909999999246793,0.0010000000002037268,-0.01300000000000523,0.02911717705345147,29.11717705345147,1.9681526436716914,0.0006449611026943843,2.2163611786691346e-05,-0.0002881269531684042,0.0006453418084055824
17/07/2023,Derecha,PF74 ,0.03509999999369029,0.006000000001222361,0.0,0.03560912803722841,35.60912803722841,9.70039194759513,0.0007778565728590171,0.0001329669355824475,0.0,0.0007891394388181103
28/07/2023,Derecha,PF74 ,0.015099999996891711,-0.006999999997788109,-0.009999999999990905,0.01664361739151568,16.64361739151568,335.1286853241309,0.0003345518997871211,-0.0001550902846524451,-0.0002215575495733002,0.0003687519085303131
07/08/2023,Derecha,PF74 ,0.014099999993050005,-0.0030000000006111804,-0.0049999999999954525,0.014415616525410116,14.415616525410115,347.98852160550996,0.00031232694635175556,-6.64525418232624e-05,-0.00011075423634943964,0.00031931811995592233
19/08/2023,Derecha,PF74 ,0.033099999993282836,0.009000000001833541,-0.0020000000000095497,0.03430174922053287,34.30174922053287,15.211169001765262,0.0007329982061094146,0.00019930464826789957,-4.428992182849945e-05,0.0007596108957754694
25/08/2023,Derecha,PF74 ,0.03209999999671709,0.005000000001018634,0.0,0.03248707434964594,32.487074349645944,8.853432497037238,0.0007107588069153309,0.00011071009456897535,0.0,0.0007193294145571805
24/09/2023,Derecha,PF74 ,0.036099999997531995,0.010000000002037268,-0.007000000000005002,0.03745944473510727,37.45944473510727,15.483173754577985,0.0007987962737046002,0.00022127320607256143,-0.00015489124421934819,0.0008288771432546471
04/10/2023,Derecha,PF74 ,0.03409999999712454,0.009000000001833541,-0.0049999999999954525,0.03526769059403943,35.267690594039436,14.78490774570116,0.0007543747095795531,0.00019910182956515147,-0.00011061212751356,0.0007802068578200437
14/10/2023,Derecha,PF74 ,0.02209999999467982,-0.0020000000004074536,-0.003999999999990678,0.022190313196673854,22.190313196673856,354.82894757971167,0.000488797469636605,-4.423506514514528e-05,-8.847013027206063e-05,0.0004907949748230344
01/11/2023,Derecha,PF74 ,0.036099999997531995,0.008000000001629815,0.0,0.03697580289659559,36.97580289659559,12.495193295935684,0.0007981251795788728,0.00017686984593817987,0.0,0.0008174880700536267
14/09/2024,Derecha,PF74 ,0.05309999999735737,0.021000000000640284,-0.007000000000005002,0.05710175128440673,57.101751284406724,21.577817337045644,0.0011657775142672148,0.0004610419548319455,-0.00015368065160607263,0.0012536334778898927
21/04/2025,Derecha,PF74 ,0.0720999999975902,0.0290000000022701,-0.0020000000000095497,0.07771364101484483,77.71364101484484,21.910935337501733,0.0015753364795837747,0.0006336304842306873,-4.3698654081662944e-05,0.0016979907580590113
25/05/2025,Derecha,PF74 ,0.0720999999975902,0.028000000002066372,-0.013999999999981583,0.07734604062114767,77.34604062114767,21.22365650483933,0.0015741670668876948,0.0006113270163326137,-0.0003056635081433471,0.0016887044369492089
26/02/2022,Derecha,PF75,9.999999747378752e-05,0.0,0.0,9.999999747378752e-05,0.09999999747378752,360.0,0.0006535947547306374,0.0,0.0,0.0006535947547306374
07/03/2022,Derecha,PF75,9.999999747378752e-05,0.0,0.0,9.999999747378752e-05,0.09999999747378752,360.0,0.0006172839350233797,0.0,0.0,0.0006172839350233797
11/03/2022,Derecha,PF75,9.999999747378752e-05,0.0,0.0,9.999999747378752e-05,0.09999999747378752,360.0,0.0006024096233360693,0.0,0.0,0.0006024096233360693
14/03/2022,Derecha,PF75,9.999999747378752e-05,0.0,0.0,9.999999747378752e-05,0.09999999747378752,360.0,0.000591715961383358,0.0,0.0,0.000591715961383358
21/03/2022,Derecha,PF75,9.999999747378752e-05,0.0,0.0,9.999999747378752e-05,0.09999999747378752,360.0,0.0005681818038283382,0.0,0.0,0.0005681818038283382
28/03/2022,Derecha,PF75,9.999999747378752e-05,0.0,0.0,9.999999747378752e-05,0.09999999747378752,360.0,0.0005464480736272542,0.0,0.0,0.0005464480736272542
06/04/2022,Derecha,PF75,0.004099999998288695,0.0030000000006111804,-0.0020000000000095497,0.005080354317332048,5.0803543173320485,36.19320732252424,0.02135416665775362,0.01562500000318323,-0.010416666666716404,0.026460178736104418
11/04/2022,Derecha,PF75,9.999999747378752e-05,0.0,0.0,9.999999747378752e-05,0.09999999747378752,360.0,0.0005076142003745559,0.0,0.0,0.0005076142003745559
20/04/2022,Derecha,PF75,0.004099999998288695,0.0030000000006111804,0.006000000000000227,0.005080354317332048,5.0803543173320485,36.19320732252424,0.019902912613051917,0.014563106799083401,0.029126213592234114,0.024661914161806058
01/05/2022,Derecha,PF75,-0.0009000000063679181,-0.006000000001222361,0.007000000000005002,0.0060671245270004625,6.067124527000463,261.4692343322932,-0.004147465467133264,-0.027649769590886455,0.03225806451615209,0.02795909920276711
09/05/2022,Derecha,PF75,0.006099999998696148,0.004000000000814907,-0.0020000000000095497,0.007294518489291276,7.294518489291276,33.254366585680565,0.027111111105316218,0.01777777778139959,-0.00888888888893133,0.03242008217462789
16/05/2022,Derecha,PF75,9.999999747378752e-05,0.0,0.0,9.999999747378752e-05,0.09999999747378752,360.0,0.00043103447186977373,0.0,0.0,0.00043103447186977373
24/05/2022,Derecha,PF75,0.006099999998696148,0.004000000000814907,0.0049999999999954525,0.007294518489291276,7.294518489291276,33.254366585680565,0.025416666661233954,0.016666666670062114,0.020833333333314386,0.03039382703871365
30/05/2022,Derecha,PF75,0.004099999998288695,0.0030000000006111804,0.001999999999981128,0.005080354317332048,5.0803543173320485,36.19320732252424,0.01666666665971014,0.012195121953703985,0.008130081300736293,0.02065184681842296
10/06/2022,Derecha,PF75,0.008099999991827644,0.0020000000004074536,0.0049999999999954525,0.008343260745610056,8.343260745610056,13.869686454674847,0.03151750969582741,0.007782101168900598,0.019455252918270244,0.03246404959381345
14/06/2022,Derecha,PF75,0.006099999998696148,0.0030000000006111804,0.0,0.006797793758842651,6.797793758842651,26.188110706953392,0.023371647504582944,0.011494252875904906,0.0,0.026045186815489084
24/06/2022,Derecha,PF75,0.0010999999940395355,-0.005000000001018634,0.012000000000000455,0.005119570294182249,5.11957029418225,282.4074184598026,0.00405904056841157,-0.018450184505603817,0.04428044280442972,0.018891403299565495
27/06/2022,Derecha,PF75,0.008099999991827644,0.0020000000004074536,0.003999999999990678,0.008343260745610056,8.343260745610056,13.869686454674847,0.029562043765794323,0.007299270074479758,0.014598540145951378,0.030449856735803128
04/07/2022,Derecha,PF75,0.005099999994854443,0.004000000000814907,0.007000000000005002,0.006481512165693633,6.481512165693633,38.10757691125439,0.01814946617385923,0.014234875447739883,0.024911032028487552,0.023065879593215776
11/07/2022,Derecha,PF75,0.004099999998288695,0.006999999997788109,0.001999999999981128,0.008112336282169324,8.112336282169323,59.64188454376722,9.161396997494458e-05,0.00015641409509503518,4.46897414694239e-05,0.00018126910558329774
23/07/2022,Derecha,PF75,0.007099999995261896,0.005000000001018634,0.009999999999990905,0.0086838931328584,8.6838931328584,35.15417765564229,0.00015860605373085884,0.00011169440413310923,0.00022338880822050496,0.00019398845376652295
01/08/2022,Derecha,PF75,0.008099999991827644,0.006000000001222361,0.003999999999990678,0.010080178564007494,10.080178564007493,36.528855400217545,0.000180908562822791,0.00013400634299420112,8.933756197772541e-05,0.00022513464430266435
08/08/2022,Derecha,PF75,0.007099999995261896,0.006000000001222361,0.00899999999998613,0.009295697926857738,9.295697926857738,40.200163910700056,0.00015854938467791912,0.0001339853956191769,0.00020097809338751098,0.0002075812940054429
16/08/2022,Derecha,PF75,0.006099999998696148,0.005000000001018634,0.00899999999998613,0.00788733161432175,7.8873316143217505,39.340518171564625,0.0001361941547856873,0.00011163455314962678,0.00020094219562808121,0.00017609974802567039
30/08/2022,Derecha,PF75,0.008099999991827644,0.006000000001222361,0.006000000000000227,0.010080178564007494,10.080178564007493,36.528855400217545,0.00018079146467485756,0.00013391960362525636,0.00013391960359797843,0.0002249889195814453
16/11/2022,Derecha,PF75,0.008099999991827644,0.006000000001222361,0.007999999999981355,0.010080178564007494,10.080178564007493,36.528855400217545,0.0001804772619110012,0.00013368686083693236,0.00017824914774584692,0.0002245979047705598
27/11/2022,Derecha,PF75,0.00909999999566935,0.006999999997788109,0.01099999999999568,0.011480853622018517,11.480853622018518,37.568592033255335,0.00020270872306133274,0.00015592978699519088,0.00024503252249834446,0.0002557438657671415
14/12/2022,Derecha,PF75,0.008099999991827644,0.006000000001222361,0.012000000000000455,0.010080178564007494,10.080178564007493,36.528855400217545,0.00018036473739846455,0.0001336035093460634,0.00026720701863769966,0.0002244578717853324
09/02/2023,Derecha,PF75,9.999999747378752e-05,0.0,0.0,9.999999747378752e-05,0.09999999747378752,360.0,2.223902447933717e-06,0.0,0.0,2.223902447933717e-06
18/02/2023,Derecha,PF75,9.999999747378752e-05,0.0,0.0,9.999999747378752e-05,0.09999999747378752,360.0,2.223457420206504e-06,0.0,0.0,2.223457420206504e-06
04/03/2023,Derecha,PF75,9.999999747378752e-05,0.0,0.0,9.999999747378752e-05,0.09999999747378752,360.0,2.222765508764087e-06,0.0,0.0,2.222765508764087e-06
08/03/2023,Derecha,PF75,0.02909999999246793,-0.0010000000002037268,-0.009000000000014552,0.02911717705345147,29.11717705345147,358.0318473563283,0.0006467672747420249,-2.2225679554680216e-05,-0.00020003111595169362,0.0006471490465950586
17/03/2023,Derecha,PF75,0.03509999999369029,0.005000000001018634,-0.008000000000009777,0.035454336823120026,35.45433682312002,8.107248038725755,0.0007799653347337961,0.00011110617308161046,-0.0001777698768945775,0.0007878391365521538
29/03/2023,Derecha,PF75,0.027099999992060475,0.0010000000002037268,-0.009000000000014552,0.027118443900233016,27.118443900233014,2.113276583440021,0.0006020349222921863,2.2215310796723837e-05,-0.0001999377971301051,0.0006024446594444621
04/04/2023,Derecha,PF75,0.027099999992060475,0.0010000000002037268,-0.009000000000014552,0.027118443900233016,27.118443900233014,2.113276583440021,0.0006019546866295086,2.22123500711623e-05,-0.00019991115060005667,0.000602364369174434
13/04/2023,Derecha,PF75,0.033099999993282836,-0.0030000000006111804,-0.018000000000000682,0.03323567359869498,33.23567359869498,354.8211787660344,0.0007350818360008625,-6.662373138668815e-05,-0.0003997423882387058,0.0007380948632813295
17/04/2023,Derecha,PF75,0.0420999999914784,0.0030000000006111804,-0.01300000000000523,0.042206753005723484,42.206753005723485,4.075944975586743,0.0009348699840445539,6.661781361692937e-05,-0.0002886771922813321,0.0009372405348460792
25/04/2023,Derecha,PF75,0.026099999995494727,0.0020000000004074536,-0.012000000000000455,0.026176516188493353,26.176516188493352,4.381917844808878,0.0005794720364888597,4.440398748712182e-05,-0.0002664239248684633,0.0005811708485267502
08/05/2023,Derecha,PF75,0.03709999999409774,0.005000000001018634,0.007999999999981355,0.03743541103784275,37.435411037842755,7.675555274503828,0.0008234562967571746,0.00011097793760861708,0.0001775647001371988,0.0008309009419328529
19/05/2023,Derecha,PF75,0.0420999999914784,0.0030000000006111804,-0.01300000000000523,0.042206753005723484,42.206753005723485,4.075944975586743,0.0009342061464879263,6.657050927795807e-05,-0.00028847220681249813,0.0009365750139958611
31/05/2023,Derecha,PF75,0.036099999997531995,0.0020000000004074536,-0.027000000000015234,0.03615535921303286,36.15535921303286,3.1710397281104488,0.0008008518756246421,4.436852497742648e-05,-0.0005989750870735683,0.0008020799789922324
11/06/2023,Derecha,PF75,0.03509999999369029,0.0020000000004074536,-0.025000000000005684,0.035156933875960916,35.15693387596092,3.26119043493695,0.0007784776435790075,4.435770050584309e-05,-0.0005544712562102042,0.0007797403716279479
19/06/2023,Derecha,PF75,0.03509999999369029,0.005000000001018634,-0.020000000000010232,0.035454336823120026,35.45433682312002,8.107248038725755,0.0007783395421698219,0.00011087457869918915,-0.000443498314706631,0.0007861969315043469
07/07/2023,Derecha,PF75,0.036099999997531995,0.0010000000002037268,-0.0030000000000143245,0.03611384775708921,36.11384775708921,1.5867349372112063,0.0008001950613453029,2.2166068187341553e-05,-6.649820454879472e-05,0.0008005020117278275
12/07/2023,Derecha,PF75,0.0390999999945052,-0.0020000000004074536,-0.012000000000000455,0.03915111747539189,39.15111747539189,357.07182158549637,0.0008665972205612978,-4.432722357338269e-05,-0.00026596334138612236,0.0008677301685629534
17/07/2023,Derecha,PF75,0.0390999999945052,0.007999999997991836,-0.004000000000019099,0.039910023797765086,39.910023797765085,11.563327388570055,0.0008665011965806488,0.0001772892473626415,-8.864462370399564e-05,0.0008844522603883761
28/07/2023,Derecha,PF75,0.02209999999467982,-0.010000000002037268,-0.010000000000019327,0.02425716388627478,24.257163886274782,335.6537861242705,0.0004896421844395663,-0.00022155754961863895,-0.00022155754957392992,0.000537435779024588
07/08/2023,Derecha,PF75,0.020099999994272366,-0.006000000001222361,-0.0030000000000143245,0.02097641532255732,20.97641532255732,343.3792430784337,0.00044523202999828033,-0.0001329050836465248,-6.645254181004151e-05,0.00046464537208012666
19/08/2023,Derecha,PF75,0.0390999999945052,0.007999999997991836,-0.004000000000019099,0.039910023797765086,39.910023797765085,11.563327388570055,0.0008658679716213477,0.00017715968726868115,-8.85798436569989e-05,0.0008838059170840642
25/08/2023,Derecha,PF75,0.03709999999409774,0.004000000000814907,0.0,0.03731501037878151,37.31501037878151,6.153671668735441,0.000821468901403754,8.856807565518029e-05,0.0,0.0008262296654071143
24/09/2023,Derecha,PF75,0.0400999999983469,0.007999999997991836,-0.007000000000005002,0.04089021887732188,40.89021887732188,11.282452483646864,0.0008873055561336247,0.00017701856477755042,-0.00015489124421934819,0.0009047909826150484
04/10/2023,Derecha,PF75,0.03709999999409774,0.008999999998195563,-0.007000000000005002,0.03817603959985337,38.17603959985337,13.635834754288807,0.0008207419860207895,0.00019910182948467054,-0.0001548569785192355,0.0008445465920371075
14/10/2023,Derecha,PF75,0.02809999999590218,-0.0030000000006111804,-0.009000000000014552,0.028259688600077843,28.259688600077844,353.9060957442917,0.0006215026650720409,-6.635259771771792e-05,-0.00019905779311292222,0.0006250345829756451
01/11/2023,Derecha,PF75,0.03809999999793945,0.008999999998195563,-0.0020000000000095497,0.039148563189605134,39.148563189605134,13.29080140940903,0.0008423426410634178,0.00019897857660002127,-4.4217461475747827e-05,0.0008655250423294893
14/09/2024,Derecha,PF75,0.05909999999857973,0.016999999999825377,-0.0049999999999954525,0.06149642265877087,61.496422658770875,16.04777824382683,0.001297503787099162,0.0003732244396106473,-0.00010977189400415932,0.0013501157579479434
21/04/2025,Derecha,PF75,0.07909999999537831,0.023999999997613486,-0.006000000000000227,0.08266081295967452,82.66081295967452,16.878500432581106,0.0017282817688205364,0.0005243838489253078,-0.00013109596224436784,0.0018060831358083054
25/05/2025,Derecha,PF75,0.08009999999194406,0.024999999997817213,-0.016000000000019554,0.08391072636201106,83.91072636201106,17.33365787368067,0.0017488319285608503,0.0005458276930661808,-0.0003493297235932831,0.00183203192790732
26/02/2022,Derecha,PF80,9.999999747378752e-05,0.0,0.0,9.999999747378752e-05,0.09999999747378752,360.0,0.0006535947547306374,0.0,0.0,0.0006535947547306374
07/03/2022,Derecha,PF80,9.999999747378752e-05,0.0,0.0,9.999999747378752e-05,0.09999999747378752,360.0,0.0006172839350233797,0.0,0.0,0.0006172839350233797
11/03/2022,Derecha,PF80,9.999999747378752e-05,0.0,0.0,9.999999747378752e-05,0.09999999747378752,360.0,0.0006024096233360693,0.0,0.0,0.0006024096233360693
14/03/2022,Derecha,PF80,9.999999747378752e-05,0.0,0.0,9.999999747378752e-05,0.09999999747378752,360.0,0.000591715961383358,0.0,0.0,0.000591715961383358
21/03/2022,Derecha,PF80,0.006099999998696148,0.0,-0.0010000000000047748,0.006099999998696148,6.099999998696148,360.0,0.03465909090168266,0.0,-0.005681818181845312,0.03465909090168266
28/03/2022,Derecha,PF80,9.999999747378752e-05,0.0,0.0,9.999999747378752e-05,0.09999999747378752,360.0,0.0005464480736272542,0.0,0.0,0.0005464480736272542
06/04/2022,Derecha,PF80,0.006099999998696148,0.0,-0.001999999999981128,0.006099999998696148,6.099999998696148,360.0,0.03177083332654244,0.0,-0.010416666666568375,0.03177083332654244
11/04/2022,Derecha,PF80,9.999999747378752e-05,0.0,0.0,9.999999747378752e-05,0.09999999747378752,360.0,0.0005076142003745559,0.0,0.0,0.0005076142003745559
20/04/2022,Derecha,PF80,0.005099999994854443,-0.0010000000002037268,0.0020000000000095497,0.005197114579064307,5.197114579064307,348.90627697532295,0.024757281528419627,-0.0048543689330278,0.009708737864124028,0.02522871154885586
01/05/2022,Derecha,PF80,-0.002899999999499414,-0.01299999999901047,0.007000000000005002,0.013319534525326656,13.319534525326656,257.42453450143046,-0.013364055297232324,-0.05990783409682244,0.03225806451615209,0.061380343434685056
09/05/2022,Derecha,PF80,9.999999747378752e-05,0.0,0.0,9.999999747378752e-05,0.09999999747378752,360.0,0.0004444444332168334,0.0,0.0,0.0004444444332168334
16/05/2022,Derecha,PF80,0.007099999995261896,-0.0030000000006111804,-0.007000000000005002,0.0077077882648906495,7.70778826489065,337.0942303236894,0.030603448255439206,-0.01293103448539302,-0.030172413793125012,0.03322322527970107
24/05/2022,Derecha,PF80,0.004099999998288695,0.0,0.0010000000000047748,0.004099999998288695,4.099999998288695,360.0,0.017083333326202894,0.0,0.004166666666686562,0.017083333326202894
30/05/2022,Derecha,PF80,9.999999747378752e-05,0.0,0.0,9.999999747378752e-05,0.09999999747378752,360.0,0.00040650405477149395,0.0,0.0,0.00040650405477149395
10/06/2022,Derecha,PF80,0.013099999996484257,0.0020000000004074536,0.0020000000000095497,0.013251792328191585,13.251792328191586,8.680418429106929,0.050972762632234464,0.007782101168900598,0.007782101167352334,0.05156339427311901
14/06/2022,Derecha,PF80,0.010099999999511056,0.004000000000814907,-0.003999999999990678,0.010863240768603196,10.863240768603196,21.605527247584114,0.03869731800578949,0.015325670501206541,-0.015325670498048572,0.04162161214024213
24/06/2022,Derecha,PF80,0.0011000000013154931,-0.008000000001629815,0.012000000000000455,0.008075270895082785,8.075270895082785,277.8290765177311,0.004059040595260122,-0.029520295208966107,0.04428044280442972,0.029798047583331308
27/06/2022,Derecha,PF80,0.011099999996076804,0.0,0.0,0.011099999996076804,11.099999996076804,360.0,0.04051094889079126,0.0,0.0,0.04051094889079126
04/07/2022,Derecha,PF80,0.010099999999511056,-0.0010000000002037268,0.006000000000000227,0.01014938421730751,10.14938421730751,354.3455791759429,0.035943060496480626,-0.0035587188619349707,0.021352313167260596,0.03611880504379897
11/07/2022,Derecha,PF80,0.004099999998288695,0.005000000001018634,-0.002999999999985903,0.006466065263833458,6.466065263833458,50.64824739118428,9.161396997494458e-05,0.00011172435369737524,-6.70346122044534e-05,0.0001444833924839331
23/07/2022,Derecha,PF80,0.00909999999566935,0.0010000000002037268,0.008000000000009777,0.009154780167846174,9.154780167846173,6.271077453729155,0.00020328381538410256,2.233888082662184e-05,0.00017871104657678493,0.00020450754312177313
01/08/2022,Derecha,PF80,0.006099999998696148,0.0010000000002037268,0.0010000000000047748,0.0061814237829565175,6.181423782956517,9.309940178804634,0.00013623978198722806,2.233439049903352e-05,2.2334390494590046e-05,0.0001380583325804377
08/08/2022,Derecha,PF80,0.008099999999103602,0.0,0.006000000000000227,0.008099999999103602,8.099999999103602,360.0,0.0001808802840290213,0.0,0.00013398539559188557,0.0001808802840290213
16/08/2022,Derecha,PF80,0.006099999998696148,-0.0020000000004074536,0.0049999999999954525,0.006419501537169597,6.419501537169597,341.8472941062676,0.0001361941547856873,-4.4653821259850714e-05,0.0001116345531267823,0.00014332763707985434
30/08/2022,Derecha,PF80,9.999999747378752e-05,0.0,0.0,9.999999747378752e-05,0.09999999747378752,360.0,2.23199333691466e-06,0.0,0.0,2.23199333691466e-06
16/11/2022,Derecha,PF80,9.999999747378752e-05,0.0,0.0,9.999999747378752e-05,0.09999999747378752,360.0,2.2281142905413763e-06,0.0,0.0,2.2281142905413763e-06
27/11/2022,Derecha,PF80,9.999999747378752e-05,0.0,0.0,9.999999747378752e-05,0.09999999747378752,360.0,2.22756833007635e-06,0.0,0.0,2.22756833007635e-06
14/12/2022,Derecha,PF80,9.999999747378752e-05,0.0,0.0,9.999999747378752e-05,0.09999999747378752,360.0,2.2267250990622708e-06,0.0,0.0,2.2267250990622708e-06
09/02/2023,Derecha,PF80,-0.007900000004156027,-0.010999999998603016,0.01500000000001478,0.013542894817391576,13.542894817391575,234.31477973656075,-0.00017568829791744933,-0.0002446292754214966,0.0003335853756174616,0.00030118077697352617
18/02/2023,Derecha,PF80,-0.007900000004156027,-0.010000000002037268,0.016000000000019554,0.012744018208807243,12.744018208807244,231.69126442356833,-0.00017565314072609287,-0.0002223457476828742,0.00035575319622055705,0.0002833578256544134
04/03/2023,Derecha,PF80,-0.004899999999906868,-0.01299999999901047,0.019000000000005457,0.013892803891704494,13.892803891704494,249.34741606780648,-0.00010891551267880743,-0.0002889595234170679,0.00042232545733413625,0.00030880446090609913
08/03/2023,Derecha,PF80,0.02209999999467982,-0.010999999998603016,-0.01099999999999568,0.024686230974656994,24.686230974656993,333.53874540878996,0.0004911875179401201,-0.0002444824750206258,-0.0002444824750515787,0.0005486682589437689
17/03/2023,Derecha,PF80,0.029099999999743886,-0.0030000000006111804,-0.01099999999999568,0.02925423046311014,29.25423046311014,354.1140121657296,0.0006466379271975441,-6.666370384896627e-05,-0.0002444335807296494,0.0006500651185082915
29/03/2023,Derecha,PF80,0.02509999999892898,-0.01299999999901047,-0.0049999999999954525,0.028266764935529976,28.266764935529977,332.6190830602905,0.0005576043008603763,-0.00028879904027659105,-0.0001110765539608889,0.0006279549681328026
04/04/2023,Derecha,PF80,0.01810000000114087,-0.011999999998806743,-0.01099999999999568,0.02171658352533062,21.71658352533062,326.4562815329891,0.000402043536231472,-0.0002665482007731395,-0.00024433585073291156,0.0004823763555160067
13/04/2023,Derecha,PF80,0.02509999999892898,-0.014999999999417923,-0.01999999999998181,0.02924055402910096,29.24055402910096,329.13705705208395,0.0005574185524646112,-0.00033311865685264886,-0.0004441582091536967,0.0006493716056119604
17/04/2023,Derecha,PF80,0.03510000000096625,-0.005000000001018634,-0.018000000000000682,0.035454336830323264,35.454336830323264,351.8927519629325,0.0007794284191807397,-0.00011102968936154895,-0.0003997068816201604,0.0007872968007977098
25/04/2023,Derecha,PF80,0.026099999995494727,-0.013999999999214197,-0.007000000000005002,0.029617731171425375,29.617731171425376,331.7909593270361,0.0005794720364888597,-0.00031082791232908235,-0.00015541395617337542,0.0006575726820324898
08/05/2023,Derecha,PF80,0.02509999999892898,-0.0030000000006111804,0.007000000000005002,0.025278647114707342,25.278647114707343,353.1842316643875,0.0005571092466579877,-6.658676256517025e-05,0.0001553691126205221,0.000561074424350942
19/05/2023,Derecha,PF80,0.030099999996309634,-0.0030000000006111804,-0.00899999999998613,0.030249132215346395,30.249132215346396,354.3082541558678,0.0006679241095375487,-6.657050927795807e-05,-0.00019971152779287983,0.0006712333787938843
31/05/2023,Derecha,PF80,0.02509999999892898,-0.006000000001222361,-0.031999999999982265,0.0258071695457077,25.807169545707698,346.55607901192315,0.0005568249883295024,-0.00013310557493227944,-0.0007098963994938054,0.0005725130231760699
11/06/2023,Derecha,PF80,0.027099999999336433,-0.007000000001426088,-0.031999999999982265,0.027989462302516636,27.989462302516635,345.51691808769266,0.0006010468417170074,-0.00015525195177045086,-0.0007097232079485066,0.0006207740929408409
19/06/2023,Derecha,PF80,0.027099999999336433,-0.007000000001426088,-0.02400000000000091,0.027989462302516636,27.989462302516635,345.51691808769266,0.000600940216412463,-0.0001552244101788648,-0.0005321979776477051,0.0006206639680352279
07/07/2023,Derecha,PF80,0.02509999999892898,-0.009000000001833541,-0.007999999999981355,0.026664770765548285,26.664770765548287,340.27390581999526,0.0005563683113651855,-0.00019949461368607397,-0.00017732854546219257,0.0005910531268685615
12/07/2023,Derecha,PF80,0.023099999998521525,-0.008000000001629815,-0.016999999999995907,0.024446063076859054,24.446063076859055,340.8979894430178,0.0005119794321354978,-0.00017730889429353077,-0.00037678140029690166,0.0005418130516380916
17/07/2023,Derecha,PF80,0.027099999999336433,-0.0020000000004074536,-0.002999999999985903,0.0271737005202763,27.1737005202763,355.77918105375375,0.0006005673255769974,-4.432231186081584e-05,-6.648346777736687e-05,0.0006022006143133654
28/07/2023,Derecha,PF80,0.010099999999511056,-0.021000000000640284,-0.01099999999999568,0.023302574965377007,23.30257496537701,295.68533866692115,0.0002237731250584038,-0.00046527085411853956,-0.00024371330453075616,0.0005162861408081757
07/08/2023,Derecha,PF80,0.008099999999103602,-0.01299999999901047,-0.009999999999990905,0.015316984036021927,15.316984036021926,301.9260811408612,0.00017942186286639943,-0.000287961014486886,-0.0002215084726988793,0.00033928417401754183
19/08/2023,Derecha,PF80,0.02509999999892898,-0.0010000000002037268,-0.003999999999990678,0.02511991241916743,25.11991241916743,357.718506230313,0.0005558385189212964,-2.214496091865551e-05,-8.85798436563695e-05,0.0005562794786891829
25/08/2023,Derecha,PF80,0.023099999998521525,-0.004000000000814907,-0.001999999999981128,0.023443762495346472,23.443762495346473,350.1760682740052,0.0005114806367717274,-8.856807565518029e-05,-4.428403781815043e-05,0.0005190922324767282
24/09/2023,Derecha,PF80,0.027099999999336433,-0.0010000000002037268,-0.006000000000000227,0.027118443907504022,27.118443907504023,357.88672341712686,0.0005996503883197936,-2.212732060725614e-05,-0.0001327639236164943,0.0006000585025889855
04/10/2023,Derecha,PF80,0.027099999999336433,-0.0020000000004074536,-0.009999999999990905,0.0271737005202763,27.1737005202763,355.77918105375375,0.0005995177311093607,-4.4244851014478104e-05,-0.00022122425502712,0.0006011481653933655
14/10/2023,Derecha,PF80,0.014100000000325963,-0.011999999998806743,-0.007999999999981355,0.01851512894852623,18.51512894852623,319.60009566972906,0.00031185720921695004,-0.00026541039079040855,-0.00017694026054412127,0.0004095089675209835
01/11/2023,Derecha,PF80,0.02809999999590218,-0.004000000000814907,0.0,0.028383269716088417,28.383269716088417,351.8984456125423,0.0006212553336406929,-8.843492296908994e-05,0.0,0.0006275180676104533
14/09/2024,Derecha,PF80,0.03809999999793945,0.0030000000006111804,-0.007999999999981355,0.038217927728314276,38.21792772831427,4.50218949319691,0.0008364618322672167,6.586313641597359e-05,-0.0001756350304064053,0.0008390508623309903
21/04/2025,Derecha,PF80,0.049099999996542465,0.007000000001426088,-0.006000000000000227,0.0495964716454753,49.596471645475305,8.113764809170718,0.0010728019576241579,0.00015294528931624908,-0.00013109596224436784,0.0010836495290481405
25/05/2025,Derecha,PF80,0.04809999999997672,0.007000000001426088,-0.016999999999995907,0.04860668678296975,48.606686782969746,8.280134604008866,0.0010501724815505157,0.0001528317541030105,-0.00037116283131732034,0.00106123502866621
26/02/2022,Derecha,PF83,9.999999747378752e-05,0.0,0.0,9.999999747378752e-05,0.09999999747378752,360.0,0.0006535947547306374,0.0,0.0,0.0006535947547306374
07/03/2022,Derecha,PF83,9.999999747378752e-05,0.0,0.0,9.999999747378752e-05,0.09999999747378752,360.0,0.0006172839350233797,0.0,0.0,0.0006172839350233797
11/03/2022,Derecha,PF83,9.999999747378752e-05,0.0,0.0,9.999999747378752e-05,0.09999999747378752,360.0,0.0006024096233360693,0.0,0.0,0.0006024096233360693
14/03/2022,Derecha,PF83,9.999999747378752e-05,0.0,0.0,9.999999747378752e-05,0.09999999747378752,360.0,0.000591715961383358,0.0,0.0,0.000591715961383358
21/03/2022,Derecha,PF83,9.999999747378752e-05,0.0,0.0,9.999999747378752e-05,0.09999999747378752,360.0,0.0005681818038283382,0.0,0.0,0.0005681818038283382
28/03/2022,Derecha,PF83,-0.004900000007182825,-0.0030000000006111804,-0.0010000000000047748,0.005745432975334302,5.745432975334302,211.47683931738015,-0.02677595632340342,-0.016393442626290604,-0.005464480874343032,0.03139580860838416
06/04/2022,Derecha,PF83,9.999999747378752e-05,0.0,0.0,9.999999747378752e-05,0.09999999747378752,360.0,0.0005208333201759766,0.0,0.0,0.0005208333201759766
11/04/2022,Derecha,PF83,-0.0029000000067753717,-0.005000000001018634,0.0010000000000047748,0.005780138410927847,5.780138410927847,239.88626679598713,-0.014720812217133866,-0.02538071066506921,0.0050761421320039335,0.02934080411638501
20/04/2022,Derecha,PF83,-0.004900000007182825,-0.005000000001018634,-0.0020000000000095497,0.007000714255029842,7.000714255029842,225.57872552945705,-0.023786407801858374,-0.024271844665139,-0.009708737864124028,0.03398404978169826
01/05/2022,Derecha,PF83,-0.006900000007590279,-0.005000000001018634,0.003999999999990678,0.008521150163853011,8.521150163853012,215.92850239842195,-0.03179723505801972,-0.023041474659072046,0.018433179723459345,0.039267973105313415
09/05/2022,Derecha,PF83,-0.004900000007182825,-0.004000000000814907,-0.007000000000005002,0.006325345846426972,6.3253458464269725,219.22567406191064,-0.021777777809701443,-0.01777777778139959,-0.031111111111133342,0.0281126482063421
16/05/2022,Derecha,PF83,-0.004900000007182825,-0.005000000001018634,-0.00899999999998613,0.007000714255029842,7.000714255029842,225.57872552945705,-0.021120689686132867,-0.0215517241423217,-0.03879310344821608,0.030175492478576902
24/05/2022,Derecha,PF83,-0.005900000003748573,-0.005000000001018634,-0.0020000000000095497,0.007733692523912462,7.733692523912462,220.27986305675876,-0.02458333334895239,-0.020833333337577642,-0.008333333333373124,0.03222371884963526
30/05/2022,Derecha,PF83,-0.005900000003748573,-0.005000000001018634,-0.002999999999985903,0.007733692523912462,7.733692523912462,220.27986305675876,-0.023983739852636476,-0.02032520325617331,-0.012195121951162206,0.031437774487449034
10/06/2022,Derecha,PF83,-0.005900000003748573,-0.005000000001018634,-0.0010000000000047748,0.007733692523912462,7.733692523912462,220.27986305675876,-0.022957198458165656,-0.019455252922251493,-0.003891050583676167,0.03009218880899791
14/06/2022,Derecha,PF83,-0.006900000007590279,-0.005000000001018634,-0.008000000000009777,0.008521150163853011,8.521150163853012,215.92850239842195,-0.02643678163827693,-0.019157088126508175,-0.03065134099620604,0.032648084918977055
24/06/2022,Derecha,PF83,-0.011900000004970934,-0.010999999998603016,0.0020000000000095497,0.016205246066862872,16.205246066862873,222.7493590874054,-0.04391143913273408,-0.040590405898904114,0.0073800738007732455,0.059797955966283664
27/06/2022,Derecha,PF83,-0.008900000007997733,-0.006000000001222361,0.0010000000000047748,0.010733592136699995,10.733592136699995,213.9861670911945,-0.03248175185400632,-0.021897810223439274,0.003649635036513777,0.03917369392956203
04/07/2022,Derecha,PF83,-0.014900000001944136,-0.0020000000004074536,-0.003999999999990678,0.015033628971727522,15.033628971727522,187.64501327222408,-0.0530249110389471,-0.007117437723869941,-0.014234875444806682,0.05350045897411929
11/07/2022,Derecha,PF83,-0.01590000000578584,0.0,0.0010000000000047748,0.01590000000578584,15.900000005785841,180.0,-0.00035528344481455636,0.0,2.234487073502949e-05,0.00035528344481455636
23/07/2022,Derecha,PF83,-0.01290000000881264,-0.0020000000004074536,0.006000000000000227,0.013054118132949308,13.054118132949307,188.81290163358562,-0.000288171562801578,-4.467776165324368e-05,0.00013403328493242995,0.00029161438920918814
01/08/2022,Derecha,PF83,-0.00990000000456348,-0.007999999997991836,-0.002999999999985903,0.012728314894683675,12.728314894683676,218.9410122560795,-0.0002211104659973083,-0.00017867512391101612,-6.700317148313537e-05,0.0002842791551946146
08/08/2022,Derecha,PF83,-0.01290000000881264,-0.005000000001018634,0.008000000000009777,0.013835100297343436,13.835100297343436,201.18617643114283,-0.0002880686007193372,-0.00011165449634931409,0.00017864719412272564,0.0003089502310654839
16/08/2022,Derecha,PF83,-0.01590000000578584,-0.008999999998195563,0.0030000000000143245,0.018270467978448442,18.270467978448444,209.511498543228,-0.0003549978790726706,-0.00020094219558810337,6.698073187645012e-05,0.00040792310563862646
30/08/2022,Derecha,PF83,-0.01290000000881264,-0.00999999999839929,0.007000000000005002,0.016322070953017936,16.322070953017935,217.78262081757686,-0.00028792714793234026,-0.00022319933929422782,0.00015623953753108057,0.00036430754532102615
16/11/2022,Derecha,PF83,-0.01690000000235159,-0.007999999997991836,0.0030000000000143245,0.018697860841480052,18.697860841480054,205.3316005636051,-0.00037655132466637525,-0.00017824914770151815,6.684343040516754e-05,0.0004166097199590039
27/11/2022,Derecha,PF83,-0.017900000006193295,-0.006000000001222361,0.003999999999990678,0.018878824122184844,18.878824122184845,198.53092156071193,-0.0003987347412945134,-0.00013365410320819658,8.910273545377078e-05,0.00042053871786030574
14/12/2022,Derecha,PF83,-0.01990000000660075,-0.006999999997788109,0.009999999999990905,0.021095260136621764,21.095260136621764,199.37977106858776,-0.00044311830605448237,-0.00015587076082273281,0.00022267251553120544,0.0004697334640411001
09/02/2023,Derecha,PF83,-0.021900000007008202,-0.016999999999825377,0.009999999999990905,0.0277238164815204,27.723816481520398,217.82060613894825,-0.0004870346485568697,-0.0003780634256955339,0.0002223902504112197,0.0006165506489685629
18/02/2023,Derecha,PF83,-0.02890000000479631,-0.016999999999825377,0.006000000000000227,0.0335292409736828,33.5292409736828,210.4655449150471,-0.0006425792107792398,-0.0003779877709799973,0.00013340744858255093,0.0007455084152013964
04/03/2023,Derecha,PF83,-0.027900000008230563,-0.01299999999901047,0.009000000000014552,0.030780025997934727,30.780025997934725,204.98315699916967,-0.0006201515927944733,-0.0002889595234170679,0.00020004890084275158,0.0006841678187542449
08/03/2023,Derecha,PF83,-0.0039000000033411197,-0.014999999999417923,-0.022999999999996135,0.01549870962398478,15.49870962398478,255.42578378946575,-8.668015031985242e-05,-0.0003333851932393467,-0.0005111906296534158,0.00034446935354354635
17/03/2023,Derecha,PF83,0.0010999999940395355,-0.00999999999839929,-0.018000000000000682,0.010060318084179683,10.060318084179682,276.27729845685167,2.4443357940525655e-05,-0.00022221234608238053,-0.00039998222301232574,0.00022355268841784103
29/03/2023,Derecha,PF83,-0.004900000007182825,-0.00999999999839929,-0.020000000000010232,0.011135977731585919,11.13597773158592,243.89514595409034,-0.00010885502304133882,-0.00022215310788641955,-0.0004443062158441869,0.0002473892062821771
04/04/2023,Derecha,PF83,-0.010900000008405186,-0.010999999998603016,-0.022999999999996135,0.01548579995197211,15.48579995197211,225.26162271996674,-0.0002421146159130428,-0.0002443358507019772,-0.0005108840515325663,0.00034397600959511573
13/04/2023,Derecha,PF83,9.999999747378752e-05,-0.01900000000023283,-0.03200000000001069,0.01900026315629187,19.000263156291872,270.30155394224687,2.2207909896686027e-06,-0.00042195029870156634,-0.0007106531346467985,0.0004219561428477619
17/04/2023,Derecha,PF83,0.008099999991827644,-0.016999999999825377,-0.02600000000001046,0.018831091308303686,18.831091308303687,295.4764262676247,0.00017986809654759053,-0.00037750094374848167,-0.0005773543845626642,0.00041816204357479376
25/04/2023,Derecha,PF83,-0.005900000003748573,-0.010999999998603016,-0.020999999999986585,0.012482387592664295,12.482387592664296,241.79250910279077,-0.00013099176314354863,-0.0002442219310983996,-0.00046624186851949525,0.0002771338911805754
08/05/2023,Derecha,PF83,0.005099999994854443,-0.013999999999214197,0.007000000000005002,0.01489999999750043,14.89999999750043,290.0159595853256,0.0001131974962235194,-0.00031073822522338076,0.0001553691126205221,0.00033071425395082415
19/05/2023,Derecha,PF83,0.010099999992235098,-0.01599999999962165,-0.02199999999999136,0.018921152180325643,18.92115218032564,302.2621692768544,0.00022412071435116163,-0.00035504271606838234,-0.00048818373460537794,0.0004198635788378041
31/05/2023,Derecha,PF83,0.004099999991012737,-0.010999999998603016,-0.030000000000001137,0.011739250397515626,11.739250397515626,290.44179651969597,9.095547598581843e-05,-0.00024402688729513976,-0.0006655278745258366,0.000260426612186162
11/06/2023,Derecha,PF83,0.004099999991012737,-0.01299999999901047,-0.030000000000001137,0.013631214175581597,13.631214175581597,287.50447269206796,9.093328581912564e-05,-0.00028832505320729396,-0.000665365507452119,0.0003023246579041341
19/06/2023,Derecha,PF83,0.006099999991420191,-0.014999999999417923,-0.02600000000001046,0.016192899674791542,16.19289967479154,292.12993670441614,0.0001352669857951967,-0.0003326237360168956,-0.0005765478091185573,0.0003590761857989964
07/07/2023,Derecha,PF83,0.0010999999940395355,-0.020000000000436557,-0.014999999999986358,0.02003022715808159,20.03022715808159,273.1480960824702,2.4382674868988243e-05,-0.00044332136366619134,-0.0003324910227420835,0.0004439913809035242
12/07/2023,Derecha,PF83,-0.0009000000063679181,-0.021000000000640284,-0.018000000000000682,0.02101927686763639,21.01927686763639,267.5459683082055,-1.9947250745094485e-05,-0.0004654358474398875,-0.0003989450120791835,0.0004658630924363658
17/07/2023,Derecha,PF83,0.004099999991012737,-0.01299999999901047,-0.008000000000009777,0.013631214175581597,13.631214175581597,287.50447269206796,9.086073909699356e-05,-0.0002880950270146811,-0.00017728924740736143,0.00030208346280430803
28/07/2023,Derecha,PF83,-0.018900000002759043,-0.029999999998835847,-0.019000000000005457,0.035457157246943004,35.457157246943005,237.78907227155133,-0.00041874376875504694,-0.0006646726486947125,-0.00042095934418977417,0.0007855800874475021
07/08/2023,Derecha,PF83,-0.01690000000235159,-0.023000000001047738,-0.01099999999999568,0.02854137348004962,28.54137348004962,233.69220128563876,-0.0003743493189135361,-0.000509469487231094,-0.00024365931996889312,0.0006322156048299838
19/08/2023,Derecha,PF83,0.005099999994854443,-0.00999999999839929,-0.009999999999990905,0.011225417583123627,11.225417583123628,297.0215815714925,0.00011293930054818616,-0.0002214496091059922,-0.00022144960914123845,0.0002485864336232174
25/08/2023,Derecha,PF83,0.002099999997881241,-0.01299999999901047,-0.008000000000009777,0.013168523074565858,13.168523074565858,279.17620333196203,4.6498239662583115e-05,-0.00028784624579878375,-0.00017713615127448967,0.00029157768692438185
24/09/2023,Derecha,PF83,0.005099999994854443,-0.008999999998195563,-0.016999999999995907,0.010344563785633275,10.344563785633275,299.5387822396899,0.0001128493349601585,-0.00019914588538480656,-0.00037616445024662905,0.00022889747938028621
04/10/2023,Derecha,PF83,0.004099999991012737,-0.010999999998603016,-0.015999999999991132,0.011739250397515626,11.739250397515626,290.44179651969597,9.070194436238164e-05,-0.00024334668049914862,-0.00035395880804351776,0.0002597006923769579
14/10/2023,Derecha,PF83,-0.006900000007590279,-0.024999999997817213,-0.015999999999991132,0.025934725755164763,25.934725755164763,254.5704949341038,-0.00015261097488753853,-0.0005529383141533898,-0.0003538805210888712,0.0005736121415337351
01/11/2023,Derecha,PF83,0.003099999994446989,-0.008999999998195563,-0.008000000000009777,0.009518928507615312,9.518928507615312,289.0059841679717,6.853706516431184e-05,-0.00019897857660002127,-0.00017686984590236293,0.000210451427286934
14/09/2024,Derecha,PF83,0.007099999995261896,-0.007999999997991836,-0.014000000000010004,0.010696261024329403,10.696261024329404,311.5890550328021,0.00015587608938202587,-0.00017563503036272665,-0.00030736130321214525,0.00023482976628091514
21/04/2025,Derecha,PF83,0.011099999996076804,-0.010999999998603016,-0.012000000000000455,0.015627219838543625,15.627219838543624,315.25925514501455,0.00024252753006635214,-0.00024034259741747543,-0.00026219192448873567,0.00034144423698967896
25/05/2025,Derecha,PF83,0.00909999999566935,-0.007999999997991836,-0.02600000000001046,0.012116517646958286,12.116517646958286,318.68062216664134,0.00019868128019888542,-0.00017466486175258365,-0.0005676608008386197,0.00026454123503249393
26/02/2022,Derecha,PF84 ,9.999999747378752e-05,0.0,0.0,9.999999747378752e-05,0.09999999747378752,360.0,0.0006535947547306374,0.0,0.0,0.0006535947547306374
07/03/2022,Derecha,PF84 ,9.999999747378752e-05,0.0,0.0,9.999999747378752e-05,0.09999999747378752,360.0,0.0006172839350233797,0.0,0.0,0.0006172839350233797
11/03/2022,Derecha,PF84 ,9.999999747378752e-05,0.0,0.0,9.999999747378752e-05,0.09999999747378752,360.0,0.0006024096233360693,0.0,0.0,0.0006024096233360693
14/03/2022,Derecha,PF84 ,9.999999747378752e-05,0.0,0.0,9.999999747378752e-05,0.09999999747378752,360.0,0.000591715961383358,0.0,0.0,0.000591715961383358
21/03/2022,Derecha,PF84 ,9.999999747378752e-05,0.0,0.0,9.999999747378752e-05,0.09999999747378752,360.0,0.0005681818038283382,0.0,0.0,0.0005681818038283382
28/03/2022,Derecha,PF84 ,9.999999747378752e-05,0.0,0.0,9.999999747378752e-05,0.09999999747378752,360.0,0.0005464480736272542,0.0,0.0,0.0005464480736272542
06/04/2022,Derecha,PF84 ,9.999999747378752e-05,0.0,0.0,9.999999747378752e-05,0.09999999747378752,360.0,0.0005208333201759766,0.0,0.0,0.0005208333201759766
11/04/2022,Derecha,PF84 ,-0.0019000000029336661,-0.006999999997788109,0.0020000000000095497,0.007253275120949257,7.253275120949256,254.8141627108571,-0.009644670065653128,-0.03553299491263,0.010152284264007867,0.03681865543629064
20/04/2022,Derecha,PF84 ,-0.0039000000033411197,-0.004000000000814907,0.0010000000000047748,0.005586591092301279,5.586591092301279,225.72522428035901,-0.018932038851170483,-0.0194174757321112,0.004854368932062014,0.027119374234472228
01/05/2022,Derecha,PF84 ,-0.004900000007182825,-0.004999999997380655,-0.0010000000000047748,0.00700071425243155,7.000714252431551,225.5787255086172,-0.0225806451943909,-0.023041474642307165,-0.00460829493089758,0.03226135600198871
09/05/2022,Derecha,PF84 ,-0.0039000000033411197,-0.004000000000814907,-0.007000000000005002,0.005586591092301279,5.586591092301279,225.72522428035901,-0.017333333348182756,-0.01777777778139959,-0.031111111111133342,0.02482929374356124
16/05/2022,Derecha,PF84 ,-0.0039000000033411197,-0.004999999997380655,-0.009999999999990905,0.006341135544984612,6.341135544984612,232.04576908650733,-0.016810344841987585,-0.021551724126640755,-0.04310344827582287,0.02733248079734746
24/05/2022,Derecha,PF84 ,-0.004900000007182825,-0.004000000000814907,-0.0049999999999954525,0.006325345846426972,6.3253458464269725,219.22567406191064,-0.020416666696595104,-0.016666666670062114,-0.020833333333314386,0.02635560769344572
30/05/2022,Derecha,PF84 ,-0.005900000003748573,-0.005999999997584382,-0.0010000000000047748,0.008414867795470453,8.414867795470453,225.48146577610734,-0.023983739852636476,-0.02439024389261944,-0.004065040650425914,0.034206779656383954
10/06/2022,Derecha,PF84 ,-0.004900000007182825,-0.004999999997380655,0.0020000000000095497,0.00700071425243155,7.000714252431551,225.5787255086172,-0.019066147887870914,-0.019455252908095935,0.007782101167352334,0.027240133277943775
14/06/2022,Derecha,PF84 ,-0.005900000003748573,-0.005999999997584382,-0.012000000000000455,0.008414867795470453,8.414867795470453,225.48146577610734,-0.02260536399903668,-0.022988505737871194,-0.045977011494254615,0.03224087277958028
24/06/2022,Derecha,PF84 ,-0.010900000008405186,-0.00999999999839929,0.0049999999999954525,0.014792227694002647,14.792227694002646,222.53424097842438,-0.040221402245037584,-0.03690036899778335,0.01845018450182824,0.05458386602953006
27/06/2022,Derecha,PF84 ,-0.008900000007997733,-0.006999999997788109,0.0,0.01132298547695762,11.32298547695762,218.1856470767741,-0.03248175185400632,-0.025547445247401854,0.0,0.04132476451444387
04/07/2022,Derecha,PF84 ,-0.008900000007997733,-0.007999999997991836,0.003999999999990678,0.011967038067551594,11.967038067551593,221.95162502695317,-0.03167259789323037,-0.028469750882533222,0.014234875444806682,0.0425873240838135
11/07/2022,Derecha,PF84 ,-0.014900000009220093,0.0010000000002037268,-0.003999999999990678,0.014933519353292653,14.933519353292652,176.16040366363546,-0.0003329385741563715,2.2344870739475048e-05,-8.937948293948289e-05,0.00033368755956679225
23/07/2022,Derecha,PF84 ,-0.007900000004156027,-0.004999999997380655,0.00899999999998613,0.009349331529017024,9.349331529017023,212.33018570786552,-0.00017647715858720042,-0.00011169440405184085,0.0002010499273983275,0.0002088536027927404
01/08/2022,Derecha,PF84 ,-0.00990000000456348,-0.008999999998195563,0.0,0.013379461874749561,13.37946187474956,222.27368898723032,-0.0002211104659973083,-0.00020100951441004964,0.0,0.0002988221261167097
08/08/2022,Derecha,PF84 ,-0.011900000004970934,-0.006999999997788109,0.007000000000005002,0.01380615804948436,13.80615804948436,210.4655449010883,-0.000265737701368235,-0.0001563162948078004,0.0001563162948573056,0.0003083039246440312
16/08/2022,Derecha,PF84 ,-0.016900000009627547,-0.007999999997991836,0.0049999999999954525,0.018697860848056403,18.697860848056404,205.33160055406574,-0.0003773247897838207,-0.00017861528495817804,0.0001116345531267823,0.00041746546804028676
30/08/2022,Derecha,PF84 ,-0.017900000006193295,-0.0020000000004074536,0.0049999999999954525,0.01801138529440059,18.01138529440059,186.37532097390897,-0.0003995268175388544,-4.4639867875085454e-05,0.0001115996696648763,0.00040201292981274886
16/11/2022,Derecha,PF84 ,-0.016900000009627547,-0.006999999997788109,0.0049999999999954525,0.01829234813506578,18.292348135065783,202.49939458720826,-0.00037655132482849194,-0.0001559680042286961,0.00011140571734131265,0.00040757443316917583
27/11/2022,Derecha,PF84 ,-0.018900000002759043,-0.004000000000814907,0.003999999999990678,0.019318643847610294,19.318643847610293,191.94975722216407,-0.0004210104250815077,-8.910273547213105e-05,8.910273545377078e-05,0.0004303360030208121
14/12/2022,Derecha,PF84 ,-0.01590000000578584,-0.008999999998195563,0.003999999999990678,0.018270467978448442,18.270467978448444,209.511498543228,-0.00035404929982377345,-0.0002004052639380873,8.90690062123556e-05,0.00040683310646971526
09/02/2023,Derecha,PF84 ,-0.018900000002759043,-0.016999999999825377,0.006000000000000227,0.025420660890274956,25.420660890274956,221.97045933993837,-0.00042031757333894595,-0.0003780634256955339,0.00013343415024685823,0.0005653307141012088
18/02/2023,Derecha,PF84 ,-0.024900000003981404,-0.016999999999825377,0.003999999999990678,0.030149792705627957,30.149792705627956,214.3225619328734,-0.0005536409117060901,-0.0003779877709799973,8.89382990548233e-05,0.0006703678200250796
04/03/2023,Derecha,PF84 ,-0.023900000007415656,-0.014999999999417923,0.008000000000009777,0.028217193346203057,28.217193346203057,212.11300099046426,-0.0005312409701797252,-0.00033341483472444205,0.0001778212451934868,0.0006272020570851333
08/03/2023,Derecha,PF84 ,-0.0009000000063679181,-0.01299999999901047,-0.02600000000001046,0.013031116605484522,13.031116605484522,266.0396881413093,-2.000311173666833e-05,-0.0002889338341299862,-0.0005778676683041909,0.00028962542185416673
17/03/2023,Derecha,PF84 ,0.0010999999940395355,-0.008999999998195563,-0.019000000000005457,0.0090669730315253,9.0669730315253,276.96825670537487,2.4443357940525655e-05,-0.00019999111146605845,-0.0004222034576242269,0.00020147933495234213
29/03/2023,Derecha,PF84 ,0.004099999991012737,-0.011999999998806743,-0.019000000000005457,0.012681088277339067,12.681088277339066,288.86358751894187,9.10827740483569e-05,-0.0002665837294798672,-0.00042209090505188285,0.0002817143172643859
04/04/2023,Derecha,PF84 ,-0.006900000007590279,-0.006999999997788109,-0.022999999999996135,0.009829038613912317,9.829038613912317,225.4121927008404,-0.00015326521562839356,-0.00015548645041732806,-0.0005108840515325663,0.00021832604651071338
13/04/2023,Derecha,PF84 ,0.007099999995261896,-0.01900000000023283,-0.030000000000001137,0.02028324431498981,20.283244314989812,290.48992200534303,0.00015767616414448236,-0.00042195029870156634,-0.0006662373137311763,0.0004504484735390484
17/04/2023,Derecha,PF84 ,0.00909999999566935,-0.01599999999962165,-0.022999999999996135,0.018406792222141123,18.406792222141124,299.6290543960574,0.00020207403450068505,-0.00035529500587617194,-0.0005107365709589886,0.00040874008443010954
25/04/2023,Derecha,PF84 ,0.006099999991420191,-0.010999999998603016,-0.016999999999995907,0.01257815566228184,12.578155662281839,299.0103602315945,0.0001354321616176415,-0.0002442219310983996,-0.00037743389356355116,0.00027926013326262384
08/05/2023,Derecha,PF84 ,0.008099999991827644,-0.00999999999839929,0.00899999999998613,0.0128689548851332,12.8689548851332,309.00747252833304,0.00017978425870794257,-0.0002219558751364871,0.0001997602876545064,0.00028563401440789274
19/05/2023,Derecha,PF84 ,0.013099999996484257,-0.011999999998806743,-0.016999999999995907,0.01776541583749869,17.76541583749869,317.5093647350305,0.0002906912237098471,-0.0002662820370311049,-0.00037723288583148577,0.00039421759319868395
31/05/2023,Derecha,PF84 ,0.007099999995261896,-0.014999999999417923,-0.033999999999991815,0.016595481310141522,16.595481310141523,295.3297540942736,0.00015750826353266403,-0.00033276393724999276,-0.0007542649244624047,0.0003681585134357105
11/06/2023,Derecha,PF84 ,0.007099999995261896,-0.01599999999962165,-0.03299999999998704,0.01750457082937516,17.504570829375158,293.9292547537776,0.0001574698366585765,-0.0003548616039660586,-0.0007319020581970157,0.0003882312550872773
19/06/2023,Derecha,PF84 ,0.006099999991420191,-0.014999999999417923,-0.03200000000001069,0.016192899674791542,16.19289967479154,292.12993670441614,0.0001352669857951967,-0.0003326237360168956,-0.0007095973035304835,0.0003590761857989964
07/07/2023,Derecha,PF84 ,0.004099999991012737,-0.018000000000029104,-0.015999999999991132,0.018461040055407284,18.461040055407285,282.8317790153137,9.088087935037321e-05,-0.00039898922729150824,-0.00035465709092501516,0.00040920867259403476
12/07/2023,Derecha,PF84 ,9.999999747378752e-05,-0.018000000000029104,-0.021000000000015007,0.018000277775649533,18.000277775649533,270.3183066034099,2.2163611222276095e-06,-0.00039894501207981344,-0.0004654358474260291,0.0003989511685908272
17/07/2023,Derecha,PF84 ,0.007099999995261896,-0.00999999999839929,-0.009000000000014552,0.0122641754676254,12.264175467625401,305.37475183015647,0.0001573442069688391,-0.00022161155922345734,-0.00019945040333336033,0.00027178830484055934
28/07/2023,Derecha,PF84 ,-0.016900000009627547,-0.027999999998428393,-0.016999999999995907,0.0327048926039729,32.7048926039729,238.88601888934443,-0.0003744322589925235,-0.0006203611387709848,-0.0003766478342748623,0.0007246015864400776
07/08/2023,Derecha,PF84 ,-0.013900000005378388,-0.02299999999740976,-0.014000000000010004,0.026873965096918022,26.87396509691802,238.8534241027792,-0.0003078967771708581,-0.0005094694871505097,-0.0003101118617789347,0.0005952810963986714
19/08/2023,Derecha,PF84 ,0.004099999991012737,-0.005999999997584382,-0.015999999999991132,0.007267048912544694,7.267048912544694,304.3460973523029,9.079433954896776e-05,-0.00013286976543137015,-0.0003543193746261074,0.00016092851412947482
25/08/2023,Derecha,PF84 ,0.003099999994446989,-0.013999999999214197,-0.008000000000009777,0.014339107362160618,14.339107362160618,282.48546746987216,6.864025849582599e-05,-0.0003099882647125788,-0.00017713615127448967,0.0003174967863552159
24/09/2023,Derecha,PF84 ,0.007099999995261896,-0.008999999998195563,-0.018000000000000682,0.011463420078678049,11.463420078678048,308.26951605237764,0.0001571039761746708,-0.00019914588538480656,-0.00039829177084948293,0.0002536547712848903
04/10/2023,Derecha,PF84 ,0.004099999991012737,-0.006999999997788109,-0.01500000000001478,0.008112336278492033,8.112336278492032,300.3581154118904,9.070194436238164e-05,-0.00015485697847019244,-0.00033183638254130876,0.00017946455497405112
14/10/2023,Derecha,PF84 ,-0.006900000007590279,-0.021000000000640284,-0.015999999999991132,0.022104524426723993,22.104524426723994,251.81095428217554,-0.00015261097488753853,-0.00046446818394356237,-0.0003538805210888712,0.000488897538909694
01/11/2023,Derecha,PF84 ,0.007099999995261896,-0.010999999998603016,-0.009000000000014552,0.013092364183064314,13.092364183064314,302.8404042573675,0.0001569719881334018,-0.00024319603808456626,-0.00019897857664023683,0.00028945555444417133
14/09/2024,Derecha,PF84 ,0.011099999996076804,-0.006999999997788109,-0.018000000000000682,0.013122880776793584,13.122880776793584,327.76321344690143,0.00024369360460332396,-0.0001536806515574021,-0.0003951788184153479,0.0002881046955321431
21/04/2025,Derecha,PF84 ,0.013099999996484257,-0.005999999997584382,-0.015999999999991132,0.014408677936538803,14.408677936538803,335.39149719839713,0.000286226184156709,-0.00013109596219158326,-0.00034958923265144057,0.0003148199164599459
25/05/2025,Derecha,PF84 ,0.014099999993050005,-0.008999999998195563,-0.027999999999991587,0.016727522224511623,16.727522224511624,327.4499965002082,0.00030784681876446456,-0.00019649796948158514,-0.0006113270162873146,0.00036521379469262526
26/02/2022,Derecha,PF85 ,9.999999747378752e-05,0.0,0.0,9.999999747378752e-05,0.09999999747378752,360.0,0.0006535947547306374,0.0,0.0,0.0006535947547306374
07/03/2022,Derecha,PF85 ,9.999999747378752e-05,0.0,0.0,9.999999747378752e-05,0.09999999747378752,360.0,0.0006172839350233797,0.0,0.0,0.0006172839350233797
11/03/2022,Derecha,PF85 ,9.999999747378752e-05,0.0,0.0,9.999999747378752e-05,0.09999999747378752,360.0,0.0006024096233360693,0.0,0.0,0.0006024096233360693
14/03/2022,Derecha,PF85 ,9.999999747378752e-05,0.0,0.0,9.999999747378752e-05,0.09999999747378752,360.0,0.000591715961383358,0.0,0.0,0.000591715961383358
21/03/2022,Derecha,PF85 ,9.999999747378752e-05,0.0,0.0,9.999999747378752e-05,0.09999999747378752,360.0,0.0005681818038283382,0.0,0.0,0.0005681818038283382
28/03/2022,Derecha,PF85 ,9.999999747378752e-05,0.0,0.0,9.999999747378752e-05,0.09999999747378752,360.0,0.0005464480736272542,0.0,0.0,0.0005464480736272542
06/04/2022,Derecha,PF85 ,9.999999747378752e-05,0.0,0.0,9.999999747378752e-05,0.09999999747378752,360.0,0.0005208333201759766,0.0,0.0,0.0005208333201759766
11/04/2022,Derecha,PF85 ,-0.004899999999906868,-0.005000000001018634,0.0,0.0070007142499371915,7.000714249937191,225.57872557198732,-0.024873096446227753,-0.02538071066506921,0.0,0.035536620558056814
20/04/2022,Derecha,PF85 ,9.999999747378752e-05,0.0,0.0,9.999999747378752e-05,0.09999999747378752,360.0,0.00048543688094071605,0.0,0.0,0.00048543688094071605
01/05/2022,Derecha,PF85 ,-0.004899999999906868,-0.006000000001222361,0.002999999999985903,0.007746612163633573,7.746612163633573,230.76263289285063,-0.02258064516086114,-0.027649769590886455,0.013824884792561764,0.03569867356513167
09/05/2022,Derecha,PF85 ,-0.006900000000314321,0.0,-0.007000000000005002,0.006900000000314321,6.900000000314321,180.0,-0.030666666668063648,0.0,-0.031111111111133342,0.030666666668063648
16/05/2022,Derecha,PF85 ,-0.003899999996065162,-0.005000000001018634,-0.010000000000019327,0.00634113554337822,6.34113554337822,232.04576915856222,-0.0168103448106257,-0.0215517241423217,-0.04310344827594537,0.027332480790423365
24/05/2022,Derecha,PF85 ,-0.006900000000314321,0.0010000000002037268,-0.0049999999999954525,0.006972087205761635,6.972087205761635,171.75367918424507,-0.028750000001309672,0.004166666667515528,-0.020833333333314386,0.029050363357340146
30/05/2022,Derecha,PF85 ,-0.004899999999906868,-0.005000000001018634,-0.0049999999999954525,0.0070007142499371915,7.000714249937191,225.57872557198732,-0.019918699186613285,-0.02032520325617331,-0.020325203252014035,0.028458188007874762
10/06/2022,Derecha,PF85 ,-0.004899999999906868,-0.005000000001018634,-0.0049999999999954525,0.0070007142499371915,7.000714249937191,225.57872557198732,-0.019066147859559797,-0.019455252922251493,-0.019455252918270244,0.027240133268238098
14/06/2022,Derecha,PF85 ,-0.005899999996472616,-0.006000000001222361,-0.014000000000010004,0.008414867792962953,8.414867792962953,225.48146582879895,-0.022605363971159448,-0.02298850575180981,-0.05363984674333335,0.032240872769973
24/06/2022,Derecha,PF85 ,-0.009899999997287523,-0.00999999999839929,0.002999999999985903,0.014071602606465219,14.07160260646522,225.2879160698204,-0.036531365303643995,-0.03690036899778335,0.011070110701054993,0.051924732865185314
27/06/2022,Derecha,PF85 ,-0.010900000001129229,-0.0020000000004074536,-0.0049999999999954525,0.011081967335552247,11.081967335552248,190.3973335234547,-0.039781021901931495,-0.007299270074479758,-0.018248175182465156,0.04044513626113959
04/07/2022,Derecha,PF85 ,-0.009899999997287523,-0.004000000000814907,0.001999999999981128,0.010677546532458298,10.677546532458297,202.00069836004758,-0.035231316716325706,-0.014234875447739883,0.007117437722352769,0.0379983862365064
11/07/2022,Derecha,PF85 ,-0.017899999998917338,0.0030000000006111804,-0.008000000000009777,0.01814965564314948,18.14965564314948,170.485779452692,-0.0003999731861309262,6.703461221842513e-05,-0.00017875896587960085,0.0004055517092295372
23/07/2022,Derecha,PF85 ,-0.010900000001129229,-0.0010000000002037268,0.0049999999999954525,0.010945775441923914,10.945775441923914,185.24181994750148,-0.00024349380098579758,-2.233888082662184e-05,0.00011169440411025248,0.0002445163731022878
01/08/2022,Derecha,PF85 ,-0.015899999998509884,0.0,-0.004000000000019099,0.015899999998509884,15.899999998509884,180.0,-0.00035511680882900534,0.0,-8.933756197836018e-05,0.00035511680882900534
08/08/2022,Derecha,PF85 ,-0.014900000001944136,-0.0010000000002037268,0.002999999999985903,0.014933519346033028,14.933519346033028,183.83959633823386,-0.00033273039909658417,-2.2330899269862817e-05,6.699269779562544e-05,0.0003334789161928726
16/08/2022,Derecha,PF85 ,-0.015899999998509884,-0.008999999998195563,0.0,0.01827046797211649,18.27046797211649,209.51149855446772,-0.0003549978789102209,-0.00020094219558810337,0.0,0.00040792310549725354
30/08/2022,Derecha,PF85 ,-0.01690000000235159,-0.0030000000006111804,0.0010000000000047748,0.017164206945942794,17.164206945942794,190.06599103387143,-0.00037720688352011226,-6.695980181262818e-05,2.231993393310213e-05,0.00038310396504570663
16/11/2022,Derecha,PF85 ,-0.01989999999932479,-0.0030000000006111804,0.003999999999990678,0.020124860247385416,20.124860247385417,188.57299836561856,-0.0004433947550037832,-6.684343041846618e-05,8.912457387292346e-05,0.00044840489845113555
27/11/2022,Derecha,PF85 ,-0.01690000000235159,-0.005000000001018634,0.0010000000000047748,0.017624131186803792,17.624131186803794,196.48127221233585,-0.00037645905734544214,-0.00011137841934016382,2.2275683863600974e-05,0.00039258957468599735
14/12/2022,Derecha,PF85 ,-0.02089999999589054,-0.0030000000006111804,0.002999999999985903,0.021114213218396075,21.114213218396074,188.1684786272716,-0.00046538555736913627,-6.68017546730317e-05,6.680175465910848e-05,0.0004701554970806759
09/02/2023,Derecha,PF85 ,-0.01690000000235159,-0.016999999999825377,0.006000000000000227,0.023971024176566727,23.971024176566726,225.16901360434804,-0.0003758395232476002,-0.0003780634256955339,0.00013343415024685823,0.0005330922069244924
18/02/2023,Derecha,PF85 ,-0.024899999996705446,-0.01599999999962165,-0.0030000000000143245,0.029597466104783768,29.597466104783766,212.72359497596918,-0.0005536409115443124,-0.00035575319621170985,-6.670372429159143e-05,0.0006580870729245974
04/03/2023,Derecha,PF85 ,-0.021899999999732245,-0.01299999999901047,0.0049999999999954525,0.025467822835149152,25.467822835149153,210.69367741528688,-0.0004867856587106236,-0.0002889595234170679,0.00011113827824569233,0.0005660899961134755
08/03/2023,Derecha,PF85 ,9.999999747378752e-05,-0.01299999999901047,-0.02800000000002001,0.013000384608686275,13.000384608686275,270.4407280616613,2.2225678988684353e-06,-0.0002889338341299862,-0.0006223190274047076,0.0002889423823413926
17/03/2023,Derecha,PF85 ,0.0031000000017229468,-0.00999999999839929,-0.02400000000000091,0.010469479451179417,10.469479451179417,287.2234362027316,6.88858273348506e-05,-0.00022221234608238053,-0.0005333096306831009,0.0002326447591480249
29/03/2023,Derecha,PF85 ,0.0011000000013154931,-0.010999999998603016,-0.02600000000001046,0.011054863181973825,11.054863181973825,275.7105931450042,2.4436841900641868e-05,-0.0002443684186831434,-0.0005775980805973799,0.00024558722135277527
04/04/2023,Derecha,PF85 ,-0.00789999999688007,-0.008999999998195563,-0.03100000000000591,0.011975391430689238,11.975391430689237,228.72405797827145,-0.0001754775654571317,-0.00019991115055965265,-0.00068858285206588,0.0002660015866434748
13/04/2023,Derecha,PF85 ,0.006099999998696148,-0.013999999999214197,-0.028999999999996362,0.015271214750703054,15.271214750703054,293.54344486412964,0.0001354682537630449,-0.00031091074639041943,-0.0006440294032733652,0.00033914176976399777
17/04/2023,Derecha,PF85 ,0.007100000002537854,-0.010999999998603016,-0.03200000000001069,0.013092364187010071,13.092364187010071,302.84040428412027,0.00015766215891763492,-0.00024426531651462296,-0.0007105900117693844,0.0002907282256791702
25/04/2023,Derecha,PF85 ,9.999999747378752e-05,-0.011999999998806743,-0.027000000000015234,0.012000416658218854,12.000416658218855,270.4774537652961,2.2201993178168226e-06,-0.0002664239248419605,-0.000599453830954358,0.0002664331755116195
08/05/2023,Derecha,PF85 ,0.0051000000021304,-0.008000000001629815,0.00899999999998613,0.009487360014661989,9.48736001466199,302.51751062060333,0.00011319749638501354,-0.0001775647001737873,0.0001997602876545064,0.00021057752951262904
19/05/2023,Derecha,PF85 ,0.008099999999103602,-0.011999999998806743,-0.022999999999996135,0.014477914212925845,14.477914212925844,304.0193499895281,0.00017974037499397764,-0.0002662820370311049,-0.0005103739043602826,0.0003212673740802362
31/05/2023,Derecha,PF85 ,0.006099999998696148,-0.013999999999214197,-0.03900000000001569,0.015271214750703054,15.271214750703054,293.54344486412964,0.00013532400112465666,-0.00031057967476127947,-0.0008651862368839029,0.00033878063648208736
11/06/2023,Derecha,PF85 ,0.006099999998696148,-0.013999999999214197,-0.03900000000001569,0.015271214750703054,15.271214750703054,293.54344486412964,0.00013529098648634112,-0.0003105039034602155,-0.0008649751596880698,0.0003386979850670479
19/06/2023,Derecha,PF85 ,0.004099999998288695,-0.00999999999839929,-0.030000000000001137,0.010807867502609064,10.807867502609064,292.2936291545192,9.091715447686478e-05,-0.00022174915731770645,-0.0006652474720596314,0.00023966355114886162
07/07/2023,Derecha,PF85 ,0.0011000000013154931,-0.014999999999417923,-0.021000000000015007,0.015040279252242352,15.040279252242351,274.19418279355097,2.4382675030267612e-05,-0.0003324910227294836,-0.000465487431839673,0.00033338385539394315
12/07/2023,Derecha,PF85 ,9.999999747378752e-05,-0.018000000000029104,-0.022999999999996135,0.018000277775649533,18.000277775649533,270.3183066034099,2.2163611222276095e-06,-0.00039894501207981344,-0.0005097630709899628,0.0003989511685908272
17/07/2023,Derecha,PF85 ,0.004099999998288695,-0.008999999998195563,-0.016000000000019554,0.009889893829232315,9.889893829232316,294.49190102354316,9.086073925823718e-05,-0.00019945040329304942,-0.00035457849481472287,0.00021917147924014525
28/07/2023,Derecha,PF85 ,-0.01989999999932479,-0.027999999998428393,-0.02600000000001046,0.034351273628282206,34.35127362828221,234.59804799638886,-0.00044089952363630865,-0.0006203611387709848,-0.0005760496288913362,0.0007610784009811056
07/08/2023,Derecha,PF85 ,-0.01389999999810243,-0.023000000001047738,-0.022999999999996135,0.02687396509626824,26.87396509626824,238.85342412006727,-0.00030789677700968944,-0.000509469487231094,-0.0005094694872078001,0.0005952810963842782
19/08/2023,Derecha,PF85 ,0.0031000000017229468,-0.004000000000814907,-0.016000000000019554,0.0050606323732515415,5.060632373251542,307.7756843157215,6.864937887200095e-05,-8.857984367462205e-05,-0.00035431937462673677,0.00011206750610650711
25/08/2023,Derecha,PF85 ,9.999999747378752e-05,-0.004000000000814907,-0.01099999999999568,0.004001249805500029,4.001249805500029,271.4320961477103,2.2142018349929704e-06,-8.856807565518029e-05,-0.00024356220800202997,8.859574885415115e-05
24/09/2023,Derecha,PF85 ,0.006099999998696148,-0.005000000001018634,-0.022999999999996135,0.00788733161432175,7.8873316143217505,320.6594818284354,0.00013497665564791338,-0.00011063660303628072,-0.0005089283738631234,0.00017452551533028902
04/10/2023,Derecha,PF85 ,0.0031000000017229468,-0.004000000000814907,-0.021000000000015007,0.0050606323732515415,5.060632373251542,307.7756843157215,6.857951909658533e-05,-8.848970202895621e-05,-0.0004645709355577065,0.00011195346267397166
14/10/2023,Derecha,PF85 ,-0.010900000001129229,-0.016999999999825377,-0.02400000000000091,0.020194306128675975,20.194306128675976,237.33296265972353,-0.00024108110501690284,-0.00037599805365327177,-0.0005308207816336211,0.00044664822349049993
01/11/2023,Derecha,PF85 ,0.0031000000017229468,-0.005000000001018634,-0.014000000000010004,0.00588302643380672,5.88302643380672,301.79891283332825,6.853706532517405e-05,-0.00011054365371136244,-0.000309522230328978,0.00013006624734820631
14/09/2024,Derecha,PF85 ,0.0051000000021304,-0.0010000000002037268,-0.02400000000000091,0.005197114586204305,5.197114586204305,348.9062769907573,0.00011196733193111594,-2.1954378805324527e-05,-0.0005269050912204638,0.00011409942229696162
21/04/2025,Derecha,PF85 ,0.009100000002945308,-0.0010000000002037268,-0.02400000000000091,0.009154780175078593,9.154780175078594,353.728922551245,0.00019882887613497,-2.184932704517844e-05,-0.0005243838489774713,0.00020002578603125752
25/05/2025,Derecha,PF85 ,0.004099999998288695,0.004000000000814907,-0.03700000000000614,0.005728001395992022,5.728001395992022,44.29268064924405,8.95157416333063e-05,8.733243091600601e-05,-0.000807824985808614,0.00012506007152508671
26/02/2022,Derecha,PF89,9.999999747378752e-05,0.0,0.0,9.999999747378752e-05,0.09999999747378752,360.0,0.0006535947547306374,0.0,0.0,0.0006535947547306374
07/03/2022,Derecha,PF89,9.999999747378752e-05,0.0,0.0,9.999999747378752e-05,0.09999999747378752,360.0,0.0006172839350233797,0.0,0.0,0.0006172839350233797
11/03/2022,Derecha,PF89,9.999999747378752e-05,0.0,0.0,9.999999747378752e-05,0.09999999747378752,360.0,0.0006024096233360693,0.0,0.0,0.0006024096233360693
14/03/2022,Derecha,PF89,9.999999747378752e-05,0.0,0.0,9.999999747378752e-05,0.09999999747378752,360.0,0.000591715961383358,0.0,0.0,0.000591715961383358
21/03/2022,Derecha,PF89,9.999999747378752e-05,0.0,0.0,9.999999747378752e-05,0.09999999747378752,360.0,0.0005681818038283382,0.0,0.0,0.0005681818038283382
28/03/2022,Derecha,PF89,9.999999747378752e-05,0.0,0.0,9.999999747378752e-05,0.09999999747378752,360.0,0.0005464480736272542,0.0,0.0,0.0005464480736272542
06/04/2022,Derecha,PF89,9.999999747378752e-05,0.0,0.0,9.999999747378752e-05,0.09999999747378752,360.0,0.0005208333201759766,0.0,0.0,0.0005208333201759766
11/04/2022,Derecha,PF89,9.999999747378752e-05,0.0,0.0,9.999999747378752e-05,0.09999999747378752,360.0,0.0005076142003745559,0.0,0.0,0.0005076142003745559
20/04/2022,Derecha,PF89,9.999999747378752e-05,0.0,0.0,9.999999747378752e-05,0.09999999747378752,360.0,0.00048543688094071605,0.0,0.0,0.00048543688094071605
01/05/2022,Derecha,PF89,-0.0019000000029336661,-0.007999999997991836,0.007000000000005002,0.00822253002299276,8.222530022992759,256.6397815321131,-0.008755760382182794,-0.03686635943775039,0.03225806451615209,0.03789184342392977
09/05/2022,Derecha,PF89,9.999999747378752e-05,0.0,0.0,9.999999747378752e-05,0.09999999747378752,360.0,0.0004444444332168334,0.0,0.0,0.0004444444332168334
16/05/2022,Derecha,PF89,9.999999747378752e-05,0.0,0.0,9.999999747378752e-05,0.09999999747378752,360.0,0.00043103447186977373,0.0,0.0,0.00043103447186977373
24/05/2022,Derecha,PF89,0.002099999997881241,0.0020000000004074536,0.0010000000000047748,0.002899999998746729,2.899999998746729,43.60281900740246,0.008749999991171837,0.008333333335031057,0.004166666666686562,0.01208333332811137
30/05/2022,Derecha,PF89,9.999999747378752e-05,0.0,0.0,9.999999747378752e-05,0.09999999747378752,360.0,0.00040650405477149395,0.0,0.0,0.00040650405477149395
10/06/2022,Derecha,PF89,9.999999747378752e-05,0.0,0.0,9.999999747378752e-05,0.09999999747378752,360.0,0.0003891050485361382,0.0,0.0,0.0003891050485361382
14/06/2022,Derecha,PF89,9.999999747378752e-05,0.0,0.0,9.999999747378752e-05,0.09999999747378752,360.0,0.0003831417527731323,0.0,0.0,0.0003831417527731323
24/06/2022,Derecha,PF89,-0.0039000000033411197,-0.006999999997788109,0.008000000000009777,0.008013114250720144,8.013114250720145,240.87594647665568,-0.014391143923767969,-0.025830258294421066,0.029520295202988107,0.029568687272030054
27/06/2022,Derecha,PF89,9.999999747378752e-05,0.0,0.0,9.999999747378752e-05,0.09999999747378752,360.0,0.0003649634944298814,0.0,0.0,0.0003649634944298814
04/07/2022,Derecha,PF89,9.999999747378752e-05,0.0,0.0,9.999999747378752e-05,0.09999999747378752,360.0,0.0003558718771309164,0.0,0.0,0.0003558718771309164
11/07/2022,Derecha,PF89,9.999999747378752e-05,0.0,0.0,9.999999747378752e-05,0.09999999747378752,360.0,2.234487017044388e-06,0.0,0.0,2.234487017044388e-06
23/07/2022,Derecha,PF89,9.999999747378752e-05,0.0,0.0,9.999999747378752e-05,0.09999999747378752,360.0,2.233888025774322e-06,0.0,0.0,2.233888025774322e-06
01/08/2022,Derecha,PF89,9.999999747378752e-05,0.0,0.0,9.999999747378752e-05,0.09999999747378752,360.0,2.233438993026924e-06,0.0,0.0,2.233438993026924e-06
08/08/2022,Derecha,PF89,9.999999747378752e-05,0.0,0.0,9.999999747378752e-05,0.09999999747378752,360.0,2.233089870118745e-06,0.0,0.0,2.233089870118745e-06
16/08/2022,Derecha,PF89,9.999999747378752e-05,0.0,0.0,9.999999747378752e-05,0.09999999747378752,360.0,2.2326910061351564e-06,0.0,0.0,2.2326910061351564e-06
30/08/2022,Derecha,PF89,9.999999747378752e-05,0.0,0.0,9.999999747378752e-05,0.09999999747378752,360.0,2.23199333691466e-06,0.0,0.0,2.23199333691466e-06
16/11/2022,Derecha,PF89,9.999999747378752e-05,0.0,0.0,9.999999747378752e-05,0.09999999747378752,360.0,2.2281142905413763e-06,0.0,0.0,2.2281142905413763e-06
27/11/2022,Derecha,PF89,9.999999747378752e-05,0.0,0.0,9.999999747378752e-05,0.09999999747378752,360.0,2.22756833007635e-06,0.0,0.0,2.22756833007635e-06
14/12/2022,Derecha,PF89,9.999999747378752e-05,0.0,0.0,9.999999747378752e-05,0.09999999747378752,360.0,2.2267250990622708e-06,0.0,0.0,2.2267250990622708e-06
09/02/2023,Derecha,PF89,-0.0019000000029336661,-0.007999999997991836,0.012000000000000455,0.00822253002299276,8.222530022992759,256.6397815321131,-4.225414764341205e-05,-0.00017791220028447795,0.00026686830049371646,0.00018286105108287947
18/02/2023,Derecha,PF89,-0.0039000000033411197,-0.006000000001222361,0.008000000000009777,0.00715611626797169,7.15611626797169,236.97613242710804,-8.671484165294318e-05,-0.00013340744860972453,0.00017787659811027852,0.00015911320217835886
04/03/2023,Derecha,PF89,-0.0019000000029336661,-0.006999999997788109,0.016000000000019554,0.007253275120949257,7.253275120949256,254.8141627108571,-4.223254579861002e-05,-0.00015559358949494563,0.0003556424903869736,0.00016122330171706986
08/03/2023,Derecha,PF89,0.023099999998521525,-0.004000000000814907,-0.013999999999981583,0.023443762495346472,23.443762495346473,350.1760682740052,0.0005134131975756568,-8.890271821872086e-05,-0.0003111595137017221,0.0005210535526714483
17/03/2023,Derecha,PF89,0.030099999996309634,0.0010000000002037268,-0.01099999999999568,0.030116606710887058,30.11660671088706,1.9028144049355185,0.000668859161733026,2.2221234616322094e-05,-0.0002444335807296494,0.0006692281834337821
29/03/2023,Derecha,PF89,0.024099999995087273,-0.004000000000814907,-0.01300000000000523,0.02442969504045693,24.42969504045693,350.5762348345443,0.0005353889899828337,-8.886124318689535e-05,-0.00028879904029868996,0.0005427132678823684
04/04/2023,Derecha,PF89,0.021099999998114072,-0.0030000000006111804,-0.013999999999981583,0.021312203075329425,21.312203075329425,351.9079173987149,0.00046868058636415083,-6.663705021348691e-05,-0.0003109729009325096,0.0004733941154004759
13/04/2023,Derecha,PF89,0.03110000000015134,-0.010999999998603016,-0.025999999999982037,0.032988028131106586,32.98802813110659,340.5214275781856,0.0006906660152379876,-0.00024428701500373126,-0.000577405671899932,0.0007325951749118699
17/04/2023,Derecha,PF89,0.03409999999712454,-0.0010000000002037268,-0.019000000000005457,0.03411465960264445,34.114659602644444,358.32025327032846,0.0007572224812276452,-2.220593787230979e-05,-0.0004219128194880522,0.0007575480115169864
25/04/2023,Derecha,PF89,0.024099999995087273,-0.004000000000814907,-0.01300000000000523,0.02442969504045693,24.42969504045693,350.5762348345443,0.0005350680490017378,-8.880797497424364e-05,-0.00028862591860760706,0.0005423879363348268
08/05/2023,Derecha,PF89,0.027099999999336433,0.0,0.0020000000000095497,0.027099999999336433,27.099999999336433,360.0,0.0006015004217014346,0.0,4.439117503461512e-05,0.0006015004217014346
19/05/2023,Derecha,PF89,0.02809999999590218,-0.0010000000002037268,-0.014999999999986358,0.028117787960117168,28.11778796011717,357.9618643942808,0.00062354377001891,-2.2190169759319357e-05,-0.0003328525463216766,0.000623938487964433
31/05/2023,Derecha,PF89,0.02509999999892898,-0.0030000000006111804,-0.031999999999982265,0.025278647114707342,25.278647114707343,353.1842316643875,0.0005568249883295024,-6.655278746613972e-05,-0.0007098963994938054,0.0005607881428379738
11/06/2023,Derecha,PF89,0.02509999999892898,-0.0030000000006111804,-0.031999999999982265,0.025278647114707342,25.278647114707343,353.1842316643875,0.0005566891412111644,-6.653655075876466e-05,-0.0007097232079485066,0.0005606513288393218
19/06/2023,Derecha,PF89,0.026099999995494727,-0.0030000000006111804,-0.025999999999982037,0.026271848046311698,26.2718480463117,353.44305349939043,0.0005787653005919533,-6.652474721951349e-05,-0.000576547809117927,0.0005825760166380987
07/07/2023,Derecha,PF89,0.027099999999336433,-0.005000000001018634,-0.00899999999998613,0.027557394651421985,27.557394651421983,349.54638195928436,0.0006007004477398686,-0.00011083034093670776,-0.00019949461364512415,0.0006108390887844568
12/07/2023,Derecha,PF89,0.026099999995494727,-0.006000000001222361,-0.020999999999986585,0.026780776683649282,26.780776683649282,347.0534904796549,0.0005784702674149411,-0.00013298167072014805,-0.00046543584742539916,0.0005935587376415542
17/07/2023,Derecha,PF89,0.030099999996309634,0.0,-0.003999999999990678,0.030099999996309634,30.099999996309634,360.0,0.0006670507932875994,0.0,-8.864462370336578e-05,0.0006670507932875994
28/07/2023,Derecha,PF89,0.01209999999991851,-0.014999999999417923,-0.014999999999986358,0.019272000414605788,19.272000414605788,308.8919616827153,0.00026808463498213163,-0.00033233632434735624,-0.00033233632435995033,0.00042698571872395677
07/08/2023,Derecha,PF89,0.01209999999991851,-0.008999999998195563,-0.01099999999999568,0.015080119361780532,15.080119361780532,323.3580684490162,0.0002680252519640826,-0.00019935762538920285,-0.00024365931996889312,0.0003340374207947842
19/08/2023,Derecha,PF89,0.029099999999743886,0.0020000000004074536,-0.00899999999998613,0.029168647551553087,29.168647551553086,3.9316714808552065,0.0006444183625959185,4.428992183731102e-05,-0.00019930464822698872,0.0006459385599475848
25/08/2023,Derecha,PF89,0.026099999995494727,-0.0010000000002037268,-0.002999999999985903,0.02611915005824715,26.11915005824715,357.80583264657633,0.0005779066934325604,-2.2142018913795073e-05,-6.642605672754031e-05,0.0005783307144841386
24/09/2023,Derecha,PF89,0.03110000000015134,0.0020000000004074536,-0.01099999999999568,0.031164242330129623,31.164242330129625,3.679549239180164,0.0006881596707488182,4.425464121451228e-05,-0.00024340052663013472,0.0006895811813805152
04/10/2023,Derecha,PF89,0.03110000000015134,0.0010000000002037268,-0.01300000000000523,0.03111607301716945,31.11607301716945,1.8416734951132443,0.000688007433138317,2.2122425507239052e-05,-0.00028759153153563323,0.0006883630072599043
14/10/2023,Derecha,PF89,0.021099999998114072,-0.00999999999839929,-0.01300000000000523,0.02334973233012318,23.34973233012318,334.64215248114846,0.0004666799371444954,-0.0002211753256452633,-0.00028752792338498283,0.0005164384652671395
01/11/2023,Derecha,PF89,0.033100000000558794,0.0,-0.0049999999999954525,0.033100000000558794,33.10000000055879,0.0,0.0007317989874324864,0.0,-0.00011054365368874119,0.0007317989874324864
14/09/2024,Derecha,PF89,0.052100000000791624,0.007000000001426088,-0.013999999999981583,0.05256814624943943,52.56814624943943,7.652263241994739,0.0011438231355417599,0.00015368065163727168,-0.00030736130321152124,0.0011541009956187718
21/04/2025,Derecha,PF89,0.069100000000617,0.011999999998806743,-0.014999999999986358,0.07013422844843045,70.13422844843045,9.85180931707629,0.0015097884985277269,0.0002621919244626539,-0.00032773990561060914,0.0015323856941188265
25/05/2025,Derecha,PF89,0.0720999999975902,0.011999999998806743,-0.028999999999996362,0.07309179160223034,73.09179160223034,9.44943516770391,0.0015741670668876948,0.00026199729266858965,-0.0006331601240119724,0.0015958209598321107
26/02/2022,Derecha,PF79,9.999999747378752e-05,0.0,0.0,9.999999747378752e-05,0.09999999747378752,360.0,0.0006535947547306374,0.0,0.0,0.0006535947547306374
07/03/2022,Derecha,PF79,9.999999747378752e-05,0.0,0.0,9.999999747378752e-05,0.09999999747378752,360.0,0.0006172839350233797,0.0,0.0,0.0006172839350233797
11/03/2022,Derecha,PF79,9.999999747378752e-05,0.0,0.0,9.999999747378752e-05,0.09999999747378752,360.0,0.0006024096233360693,0.0,0.0,0.0006024096233360693
14/03/2022,Derecha,PF79,9.999999747378752e-05,0.0,0.0,9.999999747378752e-05,0.09999999747378752,360.0,0.000591715961383358,0.0,0.0,0.000591715961383358
21/03/2022,Derecha,PF79,9.999999747378752e-05,0.0,0.0,9.999999747378752e-05,0.09999999747378752,360.0,0.0005681818038283382,0.0,0.0,0.0005681818038283382
28/03/2022,Derecha,PF79,9.999999747378752e-05,0.0,0.0,9.999999747378752e-05,0.09999999747378752,360.0,0.0005464480736272542,0.0,0.0,0.0005464480736272542
06/04/2022,Derecha,PF79,9.999999747378752e-05,0.0,0.0,9.999999747378752e-05,0.09999999747378752,360.0,0.0005208333201759766,0.0,0.0,0.0005208333201759766
11/04/2022,Derecha,PF79,9.999999747378752e-05,0.0,0.0,9.999999747378752e-05,0.09999999747378752,360.0,0.0005076142003745559,0.0,0.0,0.0005076142003745559
20/04/2022,Derecha,PF79,9.999999747378752e-05,0.0,0.0,9.999999747378752e-05,0.09999999747378752,360.0,0.00048543688094071605,0.0,0.0,0.00048543688094071605
01/05/2022,Derecha,PF79,9.999999747378752e-05,0.0,0.0,9.999999747378752e-05,0.09999999747378752,360.0,0.0004608294814460254,0.0,0.0,0.0004608294814460254
09/05/2022,Derecha,PF79,9.999999747378752e-05,0.0,0.0,9.999999747378752e-05,0.09999999747378752,360.0,0.0004444444332168334,0.0,0.0,0.0004444444332168334
16/05/2022,Derecha,PF79,9.999999747378752e-05,0.0,0.0,9.999999747378752e-05,0.09999999747378752,360.0,0.00043103447186977373,0.0,0.0,0.00043103447186977373
24/05/2022,Derecha,PF79,-0.008900000000721775,-0.0020000000004074536,0.0009999999999763531,0.009121951546378517,9.121951546378517,192.66506376654536,-0.03708333333634073,-0.008333333335031057,0.004166666666568139,0.038008131443243824
30/05/2022,Derecha,PF79,9.999999747378752e-05,0.0,0.0,9.999999747378752e-05,0.09999999747378752,360.0,0.00040650405477149395,0.0,0.0,0.00040650405477149395
10/06/2022,Derecha,PF79,9.999999747378752e-05,0.0,0.0,9.999999747378752e-05,0.09999999747378752,360.0,0.0003891050485361382,0.0,0.0,0.0003891050485361382
14/06/2022,Derecha,PF79,9.999999747378752e-05,0.0,0.0,9.999999747378752e-05,0.09999999747378752,360.0,0.0003831417527731323,0.0,0.0,0.0003831417527731323
24/06/2022,Derecha,PF79,-0.004899999999906868,-0.004000000000814907,0.0069999999999765805,0.00632534584079057,6.32534584079057,219.22567410358837,-0.018081180811464457,-0.014760147604483053,0.02583025830249661,0.023340759560112806
27/06/2022,Derecha,PF79,-0.005900000003748573,-0.004000000000814907,-0.0010000000000047748,0.007128113358438713,7.128113358438713,214.1359400664257,-0.021532846729009392,-0.014598540148959517,-0.003649635036513777,0.026015012257075594
04/07/2022,Derecha,PF79,-0.004899999999906868,-0.004000000000814907,0.003999999999990678,0.00632534584079057,6.32534584079057,219.22567410358837,-0.017437722419597394,-0.014234875447739883,0.014234875444806682,0.022510127547297403
11/07/2022,Derecha,PF79,-0.015899999998509884,-0.0010000000002037268,0.0009999999999763531,0.015931415503746733,15.931415503746733,183.59876811787592,-0.000355283444651976,-2.2344870739475048e-05,2.2344870734394412e-05,0.00035598542005556576
23/07/2022,Derecha,PF79,-0.004899999999906868,-0.0010000000002037268,0.00899999999998613,0.005000999899969481,5.0009998999694805,191.534620656145,-0.00010946051602606652,-2.233888082662184e-05,0.0002010499273983275,0.0001117167407566063
01/08/2022,Derecha,PF79,-0.006900000000314321,-0.004000000000814907,0.0,0.007975587753316799,7.975587753316799,210.10130456953192,-0.00015410729441895567,-8.933756199613408e-05,0.0,0.00017812989130559697
08/08/2022,Derecha,PF79,-0.008900000000721775,-0.0030000000006111804,0.007999999999981355,0.009392017888426038,9.392017888426038,198.62786317858175,-0.00019874500347740725,-6.699269780958844e-05,0.00017864719412209097,0.00020973220536446346
16/08/2022,Derecha,PF79,-0.008900000000721775,-0.004999999997380655,0.0069999999999765805,0.010208329931318549,10.208329931318548,209.32717947565533,-0.00019870950458196823,-0.00011163455306840196,0.0001562883743771145,0.00022792047001090777
30/08/2022,Derecha,PF79,-0.010900000001129229,-0.0030000000006111804,0.0069999999999765805,0.011305308488859748,11.305308488859747,195.38846783422676,-0.00024328727989485587,-6.695980181262818e-05,0.0001562395375304462,0.0002523337385634834
16/11/2022,Derecha,PF79,-0.012900000001536682,-0.0020000000004074536,0.00899999999998613,0.01305411812575925,13.054118125759251,188.8129016384783,-0.0002874267507750871,-4.456228694564412e-05,0.0002005302912142361,0.0002908606788119527
27/11/2022,Derecha,PF79,-0.011899999997694977,-0.0010000000002037268,0.00899999999998613,0.01194194288822166,11.94194288822166,184.80348576096918,-0.00026508063792423986,-2.2275683868032762e-05,0.00020048115477114254,0.00026601494449393344
14/12/2022,Derecha,PF79,-0.012900000001536682,-0.0030000000006111804,0.006000000000000227,0.01324424403442165,13.24424403442165,193.09189306541631,-0.00028724754506973395,-6.68017546730317e-05,0.00013360350931884983,0.0002949129135456512
09/02/2023,Derecha,PF79,-0.010900000001129229,-0.004999999997380655,0.00899999999998613,0.011992080720142928,11.992080720142928,204.6416619859338,-0.0002424053729735629,-0.0001111951251474593,0.0002001512253699713,0.0002666921834306571
18/02/2023,Derecha,PF79,-0.012900000001536682,-0.005999999997584382,0.006000000000000227,0.014227086842029854,14.227086842029854,204.94390525199387,-0.00028682601448664106,-0.00013340744852883562,0.00013340744858255093,0.0003163332260595854
04/03/2023,Derecha,PF79,-0.01389999999810243,-0.004000000000814907,0.012999999999976808,0.014464093471551089,14.464093471551088,196.05421966795663,-0.00030896441348112716,-8.891062261474821e-05,0.00028895952343854737,0.0003215028889628818
08/03/2023,Derecha,PF79,0.01209999999991851,-0.0030000000006111804,-0.016000000000019554,0.012466354719872806,12.466354719872806,346.075226776774,0.00026893072255503096,-6.667703866404064e-05,-0.0003556108728028705,0.000277073205162421
17/03/2023,Derecha,PF79,0.010099999999511056,-0.004999999997380655,-0.01500000000001478,0.011269871337505583,11.269871337505583,333.66231184474407,0.00022443446956826486,-0.00011110617300077008,-0.00033331851917725385,0.0002504304550354559
29/03/2023,Derecha,PF79,0.011099999996076804,-0.0020000000004074536,-0.011000000000024102,0.011278741060709517,11.278741060709518,349.7860270093584,0.0002465899497062426,-4.443062159344767e-05,-0.00024436841871471325,0.00025056073800838665
04/04/2023,Derecha,PF79,0.007100000002537854,-0.0020000000004074536,-0.019000000000005457,0.007376313444917274,7.376313444917274,344.26799521719124,0.00015770768552949476,-4.44247001423246e-05,-0.00042203465126622514,0.00016384525643974398
13/04/2023,Derecha,PF79,0.016100000000733417,-0.006999999997788109,-0.02800000000002001,0.017555910685368888,17.555910685368886,336.5014343316224,0.0003575473583853387,-0.00015545537315481375,-0.0006218214928161854,0.0003898800925041393
17/04/2023,Derecha,PF79,0.015099999996891711,-0.005999999997584382,-0.016000000000019554,0.016248384531304713,16.248384531304712,338.3295520711922,0.0003353096617345438,-0.00013323562715307401,-0.00035529500588500775,0.0003608106173540451
25/04/2023,Derecha,PF79,0.010099999999511056,0.0,-0.011000000000024102,0.010099999999511056,10.099999999511056,360.0,0.0002242401367534259,0.0,-0.0002442219311299505,0.0002242401367534259
08/05/2023,Derecha,PF79,0.013099999996484257,0.0020000000004074536,0.00899999999998613,0.013251792328191585,13.251792328191586,8.680418429106929,0.00029076219639730675,4.439117504344683e-05,0.0001997602876545064,0.0002941313163801568
19/05/2023,Derecha,PF79,0.014100000000325963,-0.0010000000002037268,-0.010000000000019327,0.014135416513481292,14.135416513481292,355.9432621379749,0.0003128813935498938,-2.2190169759319357e-05,-0.00022190169754841512,0.0003136672919889336
31/05/2023,Derecha,PF79,0.00909999999566935,-0.0020000000004074536,-0.03100000000000591,0.009317188412971586,9.317188412971586,347.60459315807776,0.00020187678851009053,-4.436852497742648e-05,-0.0006877121370101362,0.00020669495336804992
11/06/2023,Derecha,PF79,0.00909999999566935,-0.0020000000004074536,-0.03100000000000591,0.009317188412971586,9.317188412971586,347.60459315807776,0.0002018275371644196,-4.435770050584309e-05,-0.0006875443577006279,0.00020664452654745358
19/06/2023,Derecha,PF79,0.011099999996076804,-0.0030000000006111804,-0.02200000000001978,0.011498260734414232,11.498260734414233,344.8759926836488,0.0002461415645750577,-6.652474721951349e-05,-0.00048784814617748324,0.00025497296288837663
07/07/2023,Derecha,PF79,0.008099999999103602,-0.0030000000006111804,-0.009000000000014552,0.008637708028704456,8.637708028704456,339.6768631644702,0.0001795451522610188,-6.649820456202465e-05,-0.00019949461364575412,0.00019146402510760422
12/07/2023,Derecha,PF79,0.010099999999511056,-0.0020000000004074536,-0.01500000000001478,0.010296115772064391,10.296115772064391,348.7992022093628,0.00022385247898914107,-4.432722357338269e-05,-0.00033245417673296787,0.00022819911283637474
17/07/2023,Derecha,PF79,0.010099999999511056,0.0010000000002037268,-0.0020000000000095497,0.01014938421730751,10.14938421730751,5.6544208240571505,0.0002238276748406847,2.216115593040792e-05,-4.432231185199782e-05,0.00022492208619155017
28/07/2023,Derecha,PF79,-0.006900000000314321,-0.01900000000023283,-0.014000000000010004,0.020214103987394177,20.21410398739418,250.04110978184178,-0.0001528747092126802,-0.0004209593441948118,-0.00031018056940312406,0.0004478587346271004
07/08/2023,Derecha,PF79,-0.0039000000033411197,-0.010999999998603016,-0.008000000000009777,0.01167090399220759,11.67090399220759,250.47826970632843,-8.638830442665012e-05,-0.00024365931993804442,-0.00017720677815948117,0.00025852041183315074
19/08/2023,Derecha,PF79,0.00909999999566935,0.0020000000004074536,-0.007000000000005002,0.009317188412971586,9.317188412971586,12.395406841922254,0.0002015191442228082,4.428992183731102e-05,-0.00015501472639911867,0.00020632877323497101
25/08/2023,Derecha,PF79,0.0031000000017229468,-0.0010000000002037268,-0.0030000000000143245,0.003257299496682754,3.2572994966827538,342.12130341005235,6.864025865693038e-05,-2.2142018913795073e-05,-6.642605672816961e-05,7.212318704875128e-05
24/09/2023,Derecha,PF79,0.010099999999511056,0.0020000000004074536,-0.012000000000000455,0.010296115772064391,10.296115772064391,11.200797790637166,0.00022348593807693793,4.425464121451228e-05,-0.0002655278472329886,0.00022782545465148123
04/10/2023,Derecha,PF79,0.00909999999566935,0.0,-0.012000000000000455,0.00909999999566935,9.09999999566935,0.0,0.0002013140719790578,0.0,-0.00026546910603279545,0.0002013140719790578
14/10/2023,Derecha,PF79,-0.0008999999990919605,-0.010999999998603016,-0.011000000000024102,0.011036756768527242,11.036756768527242,265.3225821452251,-1.9905779291176443e-05,-0.00024329285821783595,-0.00024329285824926686,0.0002441058272737319
01/11/2023,Derecha,PF79,0.00909999999566935,0.0010000000002037268,-0.0030000000000143245,0.009154780167846174,9.154780167846173,6.271077453729154,0.00020118944961794677,2.2108730742272484e-05,-6.632619221362173e-05,0.00020240056969437274
14/09/2024,Derecha,PF79,0.015099999996891711,0.004000000000814907,-0.012000000000000455,0.015620819437937594,15.620819437937593,14.836908767369447,0.00033151111982462206,8.781751522129811e-05,-0.0002634525456102319,0.0003429453871201913
21/04/2025,Derecha,PF79,0.02410000000236323,0.008000000001629815,-0.011000000000024102,0.025393109304297196,25.393109304297194,18.3635967078031,0.0005265687817331593,0.0001747946163614275,-0.00024034259744852522,0.0005548223497705208
25/05/2025,Derecha,PF79,0.023099999998521525,0.008000000001629815,-0.02400000000000091,0.024446063076859054,24.446063076859055,19.102010556982204,0.0005043447884049065,0.00017466486183201203,-0.0005239945853893043,0.0005337335285982938
26/02/2022,Derecha,PF78,9.999999747378752e-05,0.0,0.0,9.999999747378752e-05,0.09999999747378752,360.0,0.0006535947547306374,0.0,0.0,0.0006535947547306374
07/03/2022,Derecha,PF78,9.999999747378752e-05,0.0,0.0,9.999999747378752e-05,0.09999999747378752,360.0,0.0006172839350233797,0.0,0.0,0.0006172839350233797
11/03/2022,Derecha,PF78,9.999999747378752e-05,0.0,0.0,9.999999747378752e-05,0.09999999747378752,360.0,0.0006024096233360693,0.0,0.0,0.0006024096233360693
14/03/2022,Derecha,PF78,9.999999747378752e-05,0.0,0.0,9.999999747378752e-05,0.09999999747378752,360.0,0.000591715961383358,0.0,0.0,0.000591715961383358
21/03/2022,Derecha,PF78,9.999999747378752e-05,0.0,0.0,9.999999747378752e-05,0.09999999747378752,360.0,0.0005681818038283382,0.0,0.0,0.0005681818038283382
28/03/2022,Derecha,PF78,9.999999747378752e-05,0.0,0.0,9.999999747378752e-05,0.09999999747378752,360.0,0.0005464480736272542,0.0,0.0,0.0005464480736272542
06/04/2022,Derecha,PF78,9.999999747378752e-05,0.0,0.0,9.999999747378752e-05,0.09999999747378752,360.0,0.0005208333201759766,0.0,0.0,0.0005208333201759766
11/04/2022,Derecha,PF78,9.999999747378752e-05,0.0,0.0,9.999999747378752e-05,0.09999999747378752,360.0,0.0005076142003745559,0.0,0.0,0.0005076142003745559
20/04/2022,Derecha,PF78,9.999999747378752e-05,0.0,0.0,9.999999747378752e-05,0.09999999747378752,360.0,0.00048543688094071605,0.0,0.0,0.00048543688094071605
01/05/2022,Derecha,PF78,-0.004899999999906868,-0.007999999997991836,0.004000000000019099,0.009381364504535396,9.381364504535396,238.51253062986507,-0.02258064516086114,-0.03686635943775039,0.01843317972359032,0.043232094490946525
09/05/2022,Derecha,PF78,-0.004899999999906868,0.0010000000002037268,0.0,0.005000999899969481,5.0009998999694805,168.465379343855,-0.02177777777736386,0.004444444445349897,0.0,0.022226666222086584
16/05/2022,Derecha,PF78,9.999999747378752e-05,0.0,0.0,9.999999747378752e-05,0.09999999747378752,360.0,0.00043103447186977373,0.0,0.0,0.00043103447186977373
24/05/2022,Derecha,PF78,-0.006900000000314321,0.0010000000002037268,0.0020000000000095497,0.006972087205761635,6.972087205761635,171.75367918424507,-0.028750000001309672,0.004166666667515528,0.008333333333373124,0.029050363357340146
30/05/2022,Derecha,PF78,9.999999747378752e-05,0.0,0.0,9.999999747378752e-05,0.09999999747378752,360.0,0.00040650405477149395,0.0,0.0,0.00040650405477149395
10/06/2022,Derecha,PF78,-0.005900000003748573,0.0010000000002037268,-0.0010000000000047748,0.00598414572388078,5.98414572388078,170.38027220437567,-0.022957198458165656,0.003891050584450299,-0.003891050583676167,0.023284613711598366
14/06/2022,Derecha,PF78,-0.005900000003748573,0.0010000000002037268,0.0,0.00598414572388078,5.98414572388078,170.38027220437567,-0.02260536399903668,0.0038314176253016353,0.0,0.022927761394179232
24/06/2022,Derecha,PF78,-0.012900000001536682,-0.010999999998603016,0.006000000000000227,0.016953170795131887,16.953170795131886,220.45466468428887,-0.04760147602043056,-0.040590405898904114,0.02214022140221486,0.06255782581229478
27/06/2022,Derecha,PF78,-0.006900000000314321,-0.0020000000004074536,0.0010000000000047748,0.0071840100226800525,7.184010022680052,196.1644991546802,-0.025182481752971973,-0.007299270074479758,0.003649635036513777,0.02621901468131406
04/07/2022,Derecha,PF78,-0.007900000004156027,-0.0020000000004074536,0.009000000000014552,0.008149233096880653,8.149233096880653,194.2067661133662,-0.028113879018348848,-0.007117437723869941,0.032028469750941466,0.029000829526265672
11/07/2022,Derecha,PF78,-0.014900000001944136,0.0010000000002037268,0.0030000000000143245,0.014933519346033028,14.933519346033028,176.16040366176614,-0.00033293857399379115,2.2344870739475048e-05,6.703461220508847e-05,0.00033368755940457685
23/07/2022,Derecha,PF78,-0.010900000001129229,0.0020000000004074536,0.008000000000009777,0.011081967335552247,11.081967335552248,169.6026664765453,-0.00024349380098579758,4.467776165324368e-05,0.00017871104657678493,0.00024755874758298325
01/08/2022,Derecha,PF78,-0.00990000000456348,-0.0010000000002037268,0.0030000000000143245,0.00995037688184545,9.95037688184545,185.76788889644047,-0.0002211104659973083,-2.233439049903352e-05,6.700317148377015e-05,0.00022223560284641644
08/08/2022,Derecha,PF78,-0.012900000001536682,0.0010000000002037268,0.009000000000014552,0.012938701636565155,12.938701636565154,175.5673315309366,-0.0002880686005568585,2.2330899269862817e-05,0.00020097809338814567,0.00028893284287008226
16/08/2022,Derecha,PF78,-0.00990000000456348,-0.0020000000004074536,0.0049999999999954525,0.010100000004553798,10.100000004553799,191.4211862721386,-0.00022103641529311842,-4.4653821259850714e-05,0.0001116345531267823,0.00022550179741797756
30/08/2022,Derecha,PF78,-0.013900000005378388,-0.0030000000006111804,0.0049999999999954525,0.014220056264065422,14.220056264065422,192.17918105035943,-0.0003102470817886835,-6.695980181262818e-05,0.0001115996696648763,0.00031739071633741985
16/11/2022,Derecha,PF78,-0.017900000006193295,0.0,0.008000000000009777,0.017900000006193295,17.900000006193295,180.0,-0.00039883246822025565,0.0,0.00017824914774648018,0.00039883246822025565
27/11/2022,Derecha,PF78,-0.017900000006193295,0.0,0.004000000000019099,0.017900000006193295,17.900000006193295,180.0,-0.0003987347412945134,0.0,8.91027354544039e-05,0.0003987347412945134
14/12/2022,Derecha,PF78,-0.01590000000578584,-0.0020000000004074536,0.010000000000019327,0.0160252925148223,16.0252925148223,187.16936291748047,-0.00035404929982377345,-4.453450311535446e-05,0.00022267251553183831,0.0003568392196402124
09/02/2023,Derecha,PF78,-0.021899999999732245,-0.010999999998603016,0.007000000000005002,0.0245073458366576,24.5073458366576,206.6696054005639,-0.0004870346483950595,-0.0002446292754214966,0.00015567317528810662,0.0005450194777533603
18/02/2023,Derecha,PF78,-0.01990000000660075,-0.01299999999901047,0.007000000000005002,0.02376993900364454,23.76993900364454,213.1552332996853,-0.0004424680379455419,-0.0002890494719068476,0.00015564202334641472,0.0005285144859064934
04/03/2023,Derecha,PF78,-0.02290000000357395,-0.011999999998806743,0.01099999999999568,0.025853626440695873,25.853626440695873,207.65532366560137,-0.0005090133144451744,-0.0002667318677633809,0.0002445042121406495,0.000574665505805772
08/03/2023,Derecha,PF78,9.999999747378752e-05,-0.00999999999839929,-0.016999999999995907,0.010000499985874734,10.000499985874734,270.5729386833025,2.2225678988684353e-06,-0.00022225679546594558,-0.0003778365523524972,0.0002222679080273539
17/03/2023,Derecha,PF78,0.008099999999103602,-0.004000000000814907,-0.009999999999990905,0.009033825324412555,9.033825324412554,333.71858897152833,0.00017999200033562069,-8.888493846528838e-05,-0.0002222123461177482,0.00020074275197574674
29/03/2023,Derecha,PF78,0.003099999994446989,-0.00999999999839929,-0.01300000000000523,0.010469479449025015,10.469479449025016,287.2234361646984,6.886746333245189e-05,-0.00022215310788641955,-0.00028879904029868996,0.00023258273979262042
04/04/2023,Derecha,PF78,9.999999747378752e-05,-0.011999999998806743,-0.016999999999995907,0.012000416658218854,12.000416658218855,270.4774537652961,2.2212349505505887e-06,-0.0002665482007731395,-0.0003776099511327389,0.0002665574557578599
13/04/2023,Derecha,PF78,0.00909999999566935,-0.013999999999214197,-0.026999999999986812,0.01669760461560818,16.69760461560818,303.02386754480676,0.00020209198506894113,-0.00031091074639041943,-0.0005996135823577431,0.00037081890816158876
17/04/2023,Derecha,PF78,0.015099999996891711,-0.006000000001222361,-0.01999999999998181,0.0162483845326481,16.2483845326481,338.3295520592705,0.0003353096617345438,-0.00013323562723385873,-0.000444118757355313,0.00036081061738387626
25/04/2023,Derecha,PF78,9.999999747378752e-05,-0.011999999998806743,-0.013999999999981583,0.012000416658218854,12.000416658218855,270.4774537652961,2.2201993178168226e-06,-0.0002664239248419605,-0.00031082791234611983,0.0002664331755116195
08/05/2023,Derecha,PF78,9.999999747378752e-05,-0.006000000001222361,0.006000000000000227,0.006000833276651092,6.000833276651092,270.9548412295608,2.219558695649388e-06,-0.0001331735251303405,0.00013317352510321454,0.00013319202016804483
19/05/2023,Derecha,PF78,0.0010999999940395355,-0.005000000001018634,-0.012000000000000455,0.005119570294182249,5.11957029418225,282.4074184598026,2.4409186598014766e-05,-0.00011095084879659678,-0.0002662820370575936,0.00011360413389952845
31/05/2023,Derecha,PF78,-0.0029000000067753717,-0.007000000001426088,-0.03100000000000591,0.007576938699716554,7.576938699716554,247.49647145702676,-6.43343613544684e-05,-0.00015528983742099268,-0.0006877121370101362,0.00016808879694115743
11/06/2023,Derecha,PF78,-0.0029000000067753717,-0.007000000001426088,-0.03100000000000591,0.007576938699716554,7.576938699716554,247.49647145702676,-6.431866587063901e-05,-0.00015525195177045086,-0.0006875443577006279,0.00016804778876234374
19/06/2023,Derecha,PF78,9.999999747378752e-05,-0.007000000001426088,-0.020999999999986585,0.007000714250664712,7.0007142506647115,270.81845544084877,2.2174915175134718e-06,-0.0001552244101788648,-0.00046567323044142684,0.0001552402485955453
07/07/2023,Derecha,PF78,0.0010999999940395355,-0.008999999998195563,-0.00899999999998613,0.0090669730315253,9.0669730315253,276.96825670537487,2.4382674868988243e-05,-0.0001994946136054343,-0.00019949461364512415,0.00020097914242863193
12/07/2023,Derecha,PF78,9.999999747378752e-05,-0.011999999998806743,-0.015999999999991132,0.012000416658218854,12.000416658218855,270.4774537652961,2.2163611222276095e-06,-0.0002659633413596654,-0.00035461778851461986,0.0002659725760371208
17/07/2023,Derecha,PF78,0.003099999994446989,-0.005000000001018634,-0.002999999999985903,0.005883026429972729,5.883026429972729,301.79891277310264,6.869958324720745e-05,-0.00011080577965203958,-6.648346777736687e-05,0.00013037466603077583
28/07/2023,Derecha,PF78,-0.01590000000578584,-0.023000000001047738,-0.016999999999995907,0.02796086551293049,27.960865512930493,235.34372619607615,-0.0003522765039500574,-0.0005095823640422674,-0.0003766478342748623,0.0006194940846999111
07/08/2023,Derecha,PF78,-0.013900000005378388,-0.016999999999825377,-0.00899999999998613,0.021959280501500544,21.959280501500544,230.72895127359254,-0.0003078967771708581,-0.0003765644035845692,-0.00019935762542886543,0.00048641666854580887
19/08/2023,Derecha,PF78,9.999999747378752e-05,-0.0020000000004074536,-0.002999999999985903,0.0020024984397308708,2.002498439730871,272.8624051533394,2.214496035471522e-06,-4.428992183731102e-05,-6.643488274211978e-05,4.434524967847445e-05
25/08/2023,Derecha,PF78,0.0010999999940395355,-0.004000000000814907,0.0,0.004148493701743591,4.148493701743591,285.3762511664672,2.4356220668235846e-05,-8.856807565518029e-05,0.0,9.185602598905278e-05
24/09/2023,Derecha,PF78,0.0010999999940395355,0.0,-0.007999999999981355,0.0010999999940395355,1.0999999940395355,0.0,2.4340052531133927e-05,0.0,-0.00017701856482157317,2.4340052531133927e-05
04/10/2023,Derecha,PF78,9.999999747378752e-05,-0.0010000000002037268,-0.007999999999981355,0.0010049875620634372,1.0049875620634372,275.7105929930357,2.2122424943872647e-06,-2.2122425507239052e-05,-0.0001769794040214445,2.223276247292076e-05
14/10/2023,Derecha,PF78,-0.008900000000721775,-0.014999999999417923,-0.01099999999999568,0.017441616897391862,17.441616897391864,239.31793136011314,-0.00019684603987175757,-0.00033176298850812647,-0.00024329285824863822,0.0003857655297678071
01/11/2023,Derecha,PF78,9.999999747378752e-05,0.0,-0.002999999999985903,9.999999747378752e-05,0.09999999747378752,0.0,2.2108730179254827e-06,0.0,-6.632619221299335e-05,2.2108730179254827e-06
14/09/2024,Derecha,PF78,0.008099999999103602,0.0,-0.007999999999981355,0.008099999999103602,8.099999999103602,0.0,0.00017783046826721997,0.0,-0.0001756350304064053,0.00017783046826721997
21/04/2025,Derecha,PF78,0.01609999999345746,0.0010000000002037268,-0.009999999999990905,0.016131025999289,16.131025999288997,3.554178237694918,0.00035177416521275695,2.184932704517844e-05,-0.00021849327040707273,0.0003524520625609378
25/05/2025,Derecha,PF78,0.014100000000325963,0.0010000000002037268,-0.020999999999986585,0.014135416513481292,14.135416513481292,4.056737862025116,0.0003078468189233213,2.1833107729001503e-05,-0.0004584952622153309,0.0003086200714702697
26/02/2022,Derecha,PF90,9.999999747378752e-05,0.0,0.0,9.999999747378752e-05,0.09999999747378752,360.0,0.0006535947547306374,0.0,0.0,0.0006535947547306374
07/03/2022,Derecha,PF90,9.999999747378752e-05,0.0,0.0,9.999999747378752e-05,0.09999999747378752,360.0,0.0006172839350233797,0.0,0.0,0.0006172839350233797
11/03/2022,Derecha,PF90,9.999999747378752e-05,0.0,0.0,9.999999747378752e-05,0.09999999747378752,360.0,0.0006024096233360693,0.0,0.0,0.0006024096233360693
14/03/2022,Derecha,PF90,9.999999747378752e-05,0.0,0.0,9.999999747378752e-05,0.09999999747378752,360.0,0.000591715961383358,0.0,0.0,0.000591715961383358
21/03/2022,Derecha,PF90,9.999999747378752e-05,0.0,0.0,9.999999747378752e-05,0.09999999747378752,360.0,0.0005681818038283382,0.0,0.0,0.0005681818038283382
28/03/2022,Derecha,PF90,9.999999747378752e-05,0.0,0.0,9.999999747378752e-05,0.09999999747378752,360.0,0.0005464480736272542,0.0,0.0,0.0005464480736272542
06/04/2022,Derecha,PF90,9.999999747378752e-05,0.0,0.0,9.999999747378752e-05,0.09999999747378752,360.0,0.0005208333201759766,0.0,0.0,0.0005208333201759766
11/04/2022,Derecha,PF90,9.999999747378752e-05,0.0,0.0,9.999999747378752e-05,0.09999999747378752,360.0,0.0005076142003745559,0.0,0.0,0.0005076142003745559
20/04/2022,Derecha,PF90,9.999999747378752e-05,0.0,0.0,9.999999747378752e-05,0.09999999747378752,360.0,0.00048543688094071605,0.0,0.0,0.00048543688094071605
01/05/2022,Derecha,PF90,9.999999747378752e-05,0.0,0.0,9.999999747378752e-05,0.09999999747378752,360.0,0.0004608294814460254,0.0,0.0,0.0004608294814460254
09/05/2022,Derecha,PF90,9.999999747378752e-05,0.0,0.0,9.999999747378752e-05,0.09999999747378752,360.0,0.0004444444332168334,0.0,0.0,0.0004444444332168334
16/05/2022,Derecha,PF90,9.999999747378752e-05,0.0,0.0,9.999999747378752e-05,0.09999999747378752,360.0,0.00043103447186977373,0.0,0.0,0.00043103447186977373
24/05/2022,Derecha,PF90,-0.0009000000063679181,-0.0010000000002037268,0.008000000000009777,0.0013453624091187126,1.3453624091187126,228.0127873084102,-0.0037500000265329922,-0.004166666667515528,0.03333333333337407,0.005605676704661302
30/05/2022,Derecha,PF90,9.999999747378752e-05,0.0,0.0,9.999999747378752e-05,0.09999999747378752,360.0,0.00040650405477149395,0.0,0.0,0.00040650405477149395
10/06/2022,Derecha,PF90,9.999999747378752e-05,0.0,0.0,9.999999747378752e-05,0.09999999747378752,360.0,0.0003891050485361382,0.0,0.0,0.0003891050485361382
14/06/2022,Derecha,PF90,9.999999747378752e-05,0.0,0.0,9.999999747378752e-05,0.09999999747378752,360.0,0.0003831417527731323,0.0,0.0,0.0003831417527731323
24/06/2022,Derecha,PF90,-0.0019000000029336661,-0.005000000001018634,0.009000000000014552,0.005348831650120825,5.348831650120825,249.1932089617892,-0.007011070121526443,-0.018450184505603817,0.03321033210337473,0.019737386162807475
27/06/2022,Derecha,PF90,9.999999747378752e-05,0.0,0.0,9.999999747378752e-05,0.09999999747378752,360.0,0.0003649634944298814,0.0,0.0,0.0003649634944298814
04/07/2022,Derecha,PF90,9.999999747378752e-05,0.0,0.0,9.999999747378752e-05,0.09999999747378752,360.0,0.0003558718771309164,0.0,0.0,0.0003558718771309164
11/07/2022,Derecha,PF90,-0.005900000003748573,-0.0020000000004074536,0.0049999999999954525,0.0062297672545499625,6.229767254549962,198.72578783775344,-0.0001318347374198059,-4.4689741478950096e-05,0.00011172435367451238,0.00013920334401157383
23/07/2022,Derecha,PF90,9.999999747378752e-05,0.0,0.0,9.999999747378752e-05,0.09999999747378752,360.0,2.233888025774322e-06,0.0,0.0,2.233888025774322e-06
01/08/2022,Derecha,PF90,-0.002899999999499414,-0.005000000001018634,0.0020000000000095497,0.005780138407277368,5.780138407277368,239.88626685837588,-6.47697324228216e-05,-0.00011167195249516759,4.466878098918009e-05,0.0001290958683002941
08/08/2022,Derecha,PF90,9.999999747378752e-05,0.0,0.0,9.999999747378752e-05,0.09999999747378752,360.0,2.233089870118745e-06,0.0,0.0,2.233089870118745e-06
16/08/2022,Derecha,PF90,9.999999747378752e-05,0.0,0.0,9.999999747378752e-05,0.09999999747378752,360.0,2.2326910061351564e-06,0.0,0.0,2.2326910061351564e-06
30/08/2022,Derecha,PF90,-0.004899999999906868,-0.004000000000814907,0.006000000000000227,0.00632534584079057,6.32534584079057,219.22567410358837,-0.00010936767626959952,-8.927973575017091e-05,0.00013391960359797843,0.00014118130126979377
16/11/2022,Derecha,PF90,-0.005900000003748573,-0.004000000000814907,0.0049999999999954525,0.007128113358438713,7.128113358438713,214.1359400664257,-0.000131458746546391,-8.912457389128823e-05,0.00011140571734131265,0.00015882251639755604
27/11/2022,Derecha,PF90,-0.004899999999906868,-0.0030000000006111804,0.0049999999999954525,0.005745432969128992,5.745432969128992,211.476839355267,-0.000109150850929049,-6.682705160409829e-05,0.00011137841931737175,0.00012798344847921662
14/12/2022,Derecha,PF90,-0.006900000000314321,-0.005000000001018634,0.0030000000000143245,0.008521150157961305,8.521150157961305,215.92850242712888,-0.00015364403572367056,-0.00011133625778838617,6.680175465974137e-05,0.00018974259408940981
09/02/2023,Derecha,PF90,-0.005900000003748573,-0.007000000001426088,0.008000000000009777,0.009154780175634935,9.154780175634935,229.87389641001815,-0.00013121024782610356,-0.00015567317531971016,0.000177912200329355,0.00020359338557209746
18/02/2023,Derecha,PF90,-0.006900000000314321,-0.008000000001629815,0.003999999999990678,0.010564563409361254,10.564563409361254,229.2222302106249,-0.00015341856587691656,-0.00017787659814629938,8.89382990548233e-05,0.00023489857497190116
04/03/2023,Derecha,PF90,-0.005900000003748573,-0.006000000001222361,0.01099999999999568,0.008414867798064416,8.414867798064416,225.48146579347497,-0.00013114316841335823,-0.00013336593392212232,0.0002445042121406495,0.00018704278374857
08/03/2023,Derecha,PF90,0.020099999994272366,-0.005000000001018634,-0.016999999999995907,0.02071255657276367,20.71255657276367,346.03084757156364,0.00044673615883075957,-0.00011112839777340106,-0.0003778365523524972,0.00046035064505064495
17/03/2023,Derecha,PF90,0.02209999999467982,-0.0010000000002037268,-0.014999999999986358,0.022122612860267104,22.122612860267104,357.40919801365493,0.0004910892848024492,-2.2221234616322094e-05,-0.0003333185191766223,0.0004915917705939092
29/03/2023,Derecha,PF90,0.017099999997299165,-0.006000000001222361,-0.016999999999995907,0.01812208597050295,18.122085970502948,340.6651914556997,0.0003798818144865856,-0.00013329186478034305,-0.0003776602834672748,0.0004025877720376538
04/04/2023,Derecha,PF90,0.017099999997299165,-0.007000000001426088,-0.018000000000000682,0.01847728334814392,18.47728334814392,337.7379308486091,0.00037983118607950165,-0.00015548645049813612,-0.00039982230119948206,0.00041042388600941626
13/04/2023,Derecha,PF90,0.023099999998521525,-0.008000000001629815,-0.026999999999986812,0.024446063076859054,24.446063076859055,340.8979894430178,0.0005130027315401525,-0.00017766328369783505,-0.0005996135823577431,0.0005428959798542951
17/04/2023,Derecha,PF90,0.024099999995087273,-0.007000000001426088,-0.020999999999986585,0.025096015615694293,25.096015615694295,343.8037210568979,0.0005351631025045472,-0.00015544156510616854,-0.00046632469522320485,0.0005572805634910908
25/04/2023,Derecha,PF90,0.018099999993864913,-0.009000000001833541,-0.020000000000010232,0.020214103982390947,20.21410398239095,333.56170917785374,0.0004018560865403724,-0.00019981794369204814,-0.0004440398747809825,0.00044879341005730214
08/05/2023,Derecha,PF90,0.015099999996891711,-0.006000000001222361,-0.0010000000000047748,0.0162483845326481,16.2483845326481,338.3295520592705,0.00033515337144075357,-0.0001331735251303405,-2.219558751730756e-05,0.0003606424409075354
19/05/2023,Derecha,PF90,0.017099999997299165,-0.007000000001426088,-0.018000000000000682,0.01847728334814392,18.47728334814392,337.7379308486091,0.0003794519027471245,-0.0001553311883152355,-0.00039942305558639035,0.00041001405410282746
31/05/2023,Derecha,PF90,0.014100000000325963,-0.009000000001833541,-0.03299999999998704,0.01672752223260205,16.727522232602052,327.4499965031135,0.00031279810103436255,-0.00019965836239841918,-0.000732080661978105,0.0003710877439182299
11/06/2023,Derecha,PF90,0.014100000000325963,-0.009000000001833541,-0.03299999999998704,0.01672752223260205,16.727522232602052,327.4499965031135,0.0003127217885097135,-0.00019960965227629394,-0.0007319020581970157,0.00037099721062371473
19/06/2023,Derecha,PF90,0.013099999996484257,-0.010000000002037268,-0.03100000000000591,0.016480594647907368,16.480594647907367,322.6433780584333,0.0002904913960547334,-0.0002217491573983783,-0.0006874223877950575,0.00036545579758531506
07/07/2023,Derecha,PF90,0.014100000000325963,-0.010000000002037268,-0.012000000000000455,0.017286121602312576,17.286121602312576,324.6549770907732,0.00031254156138506815,-0.00022166068187341552,-0.00026599281819391886,0.00038316535005347734
12/07/2023,Derecha,PF90,0.015099999996891711,-0.010000000002037268,-0.025000000000005684,0.01811104635151915,18.11104635151915,326.4854166909556,0.00033467053784196705,-0.00022163611786691346,-0.0005540902945545266,0.0004014062003040659
17/07/2023,Derecha,PF90,0.018099999993864913,-0.005000000001018634,-0.009999999999990905,0.01877791255140188,18.77791255140188,344.5575533919501,0.0004011169221227044,-0.00011080577965203958,-0.0002216115592587294,0.00041614024801440205
28/07/2023,Derecha,PF90,0.003099999994446989,-0.021000000000640284,-0.019000000000005457,0.021227576404113196,21.227576404113197,278.39730257160977,6.86828402447544e-05,-0.00046527085411853956,-0.00042095934418977417,0.0004703129811479605
07/08/2023,Derecha,PF90,0.003099999994446989,-0.014999999999417923,-0.014999999999986358,0.015316984035641907,15.316984035641907,281.6767378110526,6.866762641371114e-05,-0.0003322627090357276,-0.0003322627090483189,0.0003392841740091241
19/08/2023,Derecha,PF90,0.013099999996484257,-0.005000000001018634,-0.012000000000000455,0.014021768787070833,14.021768787070833,339.10917522858006,0.0002900989878974303,-0.00011072480459327755,-0.0002657395309697379,0.0003105115217368477
25/08/2023,Derecha,PF90,0.014100000000325963,-0.008000000001629815,-0.007000000000005002,0.01621141573198557,16.211415731985568,330.43046866229076,0.000312202466628124,-0.00017713615131036058,-0.0001549941323650998,0.00035895347368389096
24/09/2023,Derecha,PF90,0.015099999996891711,-0.004000000000814907,-0.015999999999991132,0.015620819437937594,15.620819437937593,345.16309123263056,0.00033412254103271994,-8.850928242902456e-05,-0.0003540371296437752,0.0003456468797808863
04/10/2023,Derecha,PF90,0.014100000000325963,-0.006000000001222361,-0.015999999999991132,0.01532351134772512,15.32351134772512,336.94869907979864,0.000311926199595734,-0.0001327345530434343,-0.00035395880804351776,0.0003389932382303192
14/10/2023,Derecha,PF90,,,,,,,,,,
01/11/2023,Derecha,PF90,0.036099999997531995,0.005999999997584382,-0.014000000000010004,0.03659521826404131,36.59521826404131,9.436582862763538,0.0007981251795788728,0.00013265238437320384,-0.000309522230328978,0.0008090738268895516
14/09/2024,Derecha,PF90,0.04709999999613501,0.007999999997991836,-0.025000000000005684,0.047774574823893384,47.77457482389338,9.639768994776446,0.0010340512414352679,0.00017563503036272665,-0.0005488594700214205,0.0010488611127333943
21/04/2025,Derecha,PF90,0.056099999994330574,0.007999999997991836,-0.03200000000001069,0.056667539203072506,56.66753920307251,8.115803431486809,0.0012257472468609196,0.00017479461628194015,-0.0006991784653035021,0.0012381475966411577
25/05/2025,Derecha,PF90,0.06009999999514548,0.007999999997991836,-0.043000000000006366,0.060630108027153934,60.63010802715393,7.582153824295338,0.001312169774139677,0.00017466486175258365,-0.00093882363215594,0.0013237436799081684
