FECHA,MARGEN,INSTRUMENTO,DELTA_NORTE_[M],DELTA_ESTE_[M],DELTA_COTA_[M],DISTANCIA_[M],DISTANCIA_(MM),AZIMUT_REF._AL_NORTE,TASA_NORTE_(MM/DIA),TASA_ESTE_(MM/DIA),TASA_COTA_(MM/DIA),TASA_DISTANCIA_(MM/DIA)
06/10/2021,Izquierda,PF01,-0.0010000000038417056,-0.0020000000004074536,0.001333333333320752,0.0022360679795822903,2.23606797958229,243.4349487395457,-0.10000000038417056,-0.20000000004074536,0.1333333333320752,0.22360679795822905
10/10/2021,Izquierda,PF01,-0.008000000001629815,0.0030000000006111804,0.00033333333331597714,0.008544003747058174,8.544003747058174,159.44395478041653,-0.5714285715449867,0.21428571432937002,0.02380952380828408,0.6102859819327267
19/10/2021,Izquierda,PF01,-0.012000000002444722,0.004000000000814907,0.001333333333320752,0.01264911064325048,12.64911064325048,161.56505117707798,-0.5217391305410748,0.17391304351369163,0.0579710144922066,0.5499613323152384
28/10/2021,Izquierda,PF01,0.000999999996565748,0.0010000000002037268,-0.0006666666666887977,0.0014142135600887689,1.4142135600887689,45.00000010422042,0.031249999892679625,0.03125000000636646,-0.020833333334024928,0.04419417375277403
02/11/2021,Izquierda,PF01,-0.006999999997788109,0.004000000000814907,-0.0026666666666983474,0.008062257746782398,8.062257746782398,150.25511869023063,-0.18918918912940835,0.10810810813013264,-0.07207207207292832,0.2178988580211459
12/11/2021,Izquierda,PF01,0.000999999996565748,0.0,-0.010666666666679703,0.000999999996565748,0.999999996565748,360.0,0.02127659567161166,0.0,-0.22695035461020643,0.02127659567161166
18/11/2021,Izquierda,PF01,-0.006999999997788109,0.006000000001222361,-0.011666666666684478,0.009219544456408995,9.219544456408995,139.39870534028205,-0.13207547165637942,0.11320754719287474,-0.22012578616385808,0.17395366898884895
24/11/2021,Izquierda,PF01,-0.006900000000314321,0.0030000000006111804,-0.014666666666698802,0.00752396172292262,7.52396172292262,156.50143432073406,-0.11694915254770036,0.05084745763747763,-0.2485875706220136,0.12752477496479017
01/12/2021,Izquierda,PF01,-0.004899999999906868,0.005000000001018634,-0.014666666666698802,0.0070007142499371915,7.000714249937191,134.42127442801268,-0.07424242424101316,0.07575757577300961,-0.22222222222270913,0.10607142802935139
09/12/2021,Izquierda,PF01,-0.010900000001129229,0.006999999997788109,-0.023666666666684932,0.012954149913971612,12.954149913971612,147.2913487737973,-0.14729729731255714,0.09459459456470418,-0.31981981982006663,0.17505607991853528
30/01/2022,Izquierda,PF01,9.999999747378752e-05,0.0,0.0,9.999999747378752e-05,0.09999999747378752,360.0,0.0007936507736014882,0.0,0.0,0.0007936507736014882
11/02/2022,Izquierda,PF01,-0.010900000001129229,-0.011000000002240995,-0.028666666666680385,0.015485799949434937,15.485799949434936,225.26162274856313,-0.07898550725455962,-0.07971014494377532,-0.20772946859913322,0.11221594166257201
27/02/2022,Izquierda,PF01,-0.0009000000063679181,0.0,-0.0006666666666887977,0.0009000000063679181,0.9000000063679181,180.0,-0.005844155885505961,0.0,-0.004329004329148037,0.005844155885505961
12/03/2022,Izquierda,PF01,9.999999747378752e-05,0.0,0.0,9.999999747378752e-05,0.09999999747378752,360.0,0.00059880238008256,0.0,0.0,0.00059880238008256
30/03/2022,Izquierda,PF01,9.999999747378752e-05,0.0,0.0,9.999999747378752e-05,0.09999999747378752,360.0,0.0005405405268853379,0.0,0.0,0.0005405405268853379
06/04/2022,Izquierda,PF01,,,,,,,,,,
11/04/2022,Izquierda,PF01,,,,,,,,,,
18/04/2022,Izquierda,PF01,,0.0,0.0,0.0,0.0,0.0,,0.0,0.0,0.0
01/05/2022,Izquierda,PF01,-0.008900000000721775,0.0,-0.006666666666689025,0.008900000000721775,8.900000000721775,180.0,-0.04101382488811878,0.0,-0.030721966205940206,0.04101382488811878
09/05/2022,Izquierda,PF01,,0.0,0.0,0.0,0.0,0.0,,0.0,0.0,0.0
16/05/2022,Izquierda,PF01,,0.0,0.0,0.0,0.0,0.0,,0.0,0.0,0.0
23/05/2022,Izquierda,PF01,-0.006900000000314321,0.0010000000002037268,-0.012666666666689252,0.006972087205761635,6.972087205761635,171.75367918424507,-0.02887029288834444,0.004184100419262455,-0.05299860529995503,0.02917191299481856
30/05/2022,Izquierda,PF01,,0.0,0.0,0.0,0.0,0.0,,0.0,0.0,0.0
13/06/2022,Izquierda,PF01,,0.0,0.0,0.0,0.0,0.0,,0.0,0.0,0.0
24/06/2022,Izquierda,PF01,-0.007900000004156027,0.0020000000004074536,-0.012666666666689252,0.008149233096880653,8.149233096880653,165.7932338866338,-0.029151291528251022,0.007380073802241527,-0.04674046740475739,0.030070970837197983
27/06/2022,Izquierda,PF01,,0.0,0.0,0.0,0.0,0.0,,0.0,0.0,0.0
04/07/2022,Izquierda,PF01,,0.0,0.0,0.0,0.0,0.0,,0.0,0.0,0.0
11/07/2022,Izquierda,PF01,,0.0,0.0,0.0,0.0,0.0,,0.0,0.0,0.0
23/07/2022,Izquierda,PF01,-0.006900000000314321,0.004000000000814907,-0.015666666666703577,0.007975587753316799,7.975587753316799,149.89869543046808,-0.023000000001047738,0.01333333333604969,-0.05222222222234526,0.026585292511055996
01/08/2022,Izquierda,PF01,,0.0,0.0,0.0,0.0,0.0,,0.0,0.0,0.0
08/08/2022,Izquierda,PF01,,0.0,0.0,0.0,0.0,0.0,,0.0,0.0,0.0
16/08/2022,Izquierda,PF01,,0.0,0.0,0.0,0.0,0.0,,0.0,0.0,0.0
30/08/2022,Izquierda,PF01,,0.0,0.0,0.0,0.0,0.0,,0.0,0.0,0.0
13/11/2022,Izquierda,PF01,-0.00990000000456348,0.0010000000002037268,-0.025666666666694482,0.00995037688184545,9.95037688184545,174.23211110355953,-0.02397094432097695,0.002421307506546554,-0.06214689265543458,0.02409292223207131
13/11/2022,Izquierda,PF01,-0.008900000000721775,0.0030000000006111804,-0.01866666666668948,0.009392017888426038,9.392017888426038,161.37213682141825,-0.02154963680562173,0.007263922519639663,-0.04519774011304959,0.02274096341023254
09/02/2023,Izquierda,PF01,,,,,,,,,,
20/02/2023,Izquierda,PF01,9.999999747378752e-05,0.0,0.0,9.999999747378752e-05,0.09999999747378752,360.0,0.00019531249506599124,0.0,0.0,0.00019531249506599124
11/03/2023,Izquierda,PF01,,0.0,0.0,0.0,0.0,0.0,,0.0,0.0,0.0
15/03/2023,Izquierda,PF01,,0.0,0.0,0.0,0.0,0.0,,0.0,0.0,0.0
29/03/2023,Izquierda,PF01,9.999999747378752e-05,0.0,0.0,9.999999747378752e-05,0.09999999747378752,360.0,0.00018214935787575138,0.0,0.0,0.00018214935787575138
04/04/2023,Izquierda,PF01,,,,,,,,,,
12/04/2023,Izquierda,PF01,,0.0,0.0,0.0,0.0,0.0,,0.0,0.0,0.0
16/04/2023,Izquierda,PF01,,,,,,,,,,
25/04/2023,Izquierda,PF01,-0.004899999999906868,0.0030000000006111804,-0.006666666666689025,0.005745432969128992,5.745432969128992,148.523160644733,-0.008506944444282757,0.0052083333343944105,-0.011574074074112891,0.009974710015848945
09/05/2023,Izquierda,PF01,,,,,,,,,,
19/05/2023,Izquierda,PF01,,,,,,,,,,
27/05/2023,Izquierda,PF01,,,,,,,,,,
31/05/2023,Izquierda,PF01,,,,,,,,,,
11/06/2023,Izquierda,PF01,-0.0039000000033411197,0.0030000000006111804,-0.006666666666689025,0.0049203658430779125,4.920365843077913,142.43140798925288,-0.0062600321080916845,0.00481540931077236,-0.01070090957734996,0.00789785849611222
19/06/2023,Izquierda,PF01,-0.025900000000547152,-0.01599999999962165,-0.019666666666694255,0.030443554326264784,30.443554326264785,211.70613916855467,-0.04104595879642972,-0.025356576861524007,-0.031167459059737328,0.048246520326885554
06/07/2023,Izquierda,PF01,,,,,,,,,,
17/07/2023,Izquierda,PF01,-0.021899999999732245,-0.009000000001833541,-0.028666666666680385,0.023677204227300064,23.677204227300063,202.34064796434433,-0.033232169954070176,-0.013657056148457573,-0.04350025290846796,0.03592898972276186
28/07/2023,Izquierda,PF01,,,,,,,,,,
19/08/2023,Izquierda,PF01,-0.0239000000001397,-0.011999999998806743,-0.02766666666667561,0.02674341040290186,26.74341040290186,206.66086342567255,-0.03453757225453714,-0.017341040460703387,-0.03998073217727689,0.03864654682500269
25/08/2023,Izquierda,PF01,,,,,,,,,,
24/09/2023,Izquierda,PF01,-0.02990000000136206,-0.011000000002240995,-0.021666666666675383,0.031859221587018614,31.859221587018613,200.1982143672704,-0.04107142857329953,-0.0151098901129684,-0.029761904761916737,0.04376266701513546
16/10/2023,Izquierda,PF01,,,,,,,,,,
01/11/2023,Izquierda,PF01,-0.01690000000235159,-0.013999999999214197,-0.017666666666684705,0.0219456145973969,21.9456145973969,219.6384310138717,-0.02206266318844855,-0.01827676240106292,-0.023063533507421286,0.0286496274117453
14/09/2024,Izquierda,PF01,-0.013900000005378388,-0.02200000000084401,-0.01666666666667993,0.026023258831027594,26.023258831027594,237.71455817658278,-0.0128228782337439,-0.02029520295280813,-0.015375153751549752,0.02400669633858634
19/04/2025,Izquierda,PF01,-0.024900000003981404,-0.01900000000023283,-0.025666666666694482,0.03132107916734546,31.32107916734546,217.3455221784566,-0.019139123754021062,-0.014604150653522545,-0.01972841404050306,0.02407461888343233
24/05/2025,Izquierda,PF01,-0.03190000000176951,-0.016999999999825377,-0.024666666666689707,0.036147060739525665,36.147060739525664,208.0538390002001,-0.02387724551030652,-0.012724550898072888,-0.018463073852312654,0.02705618318826771
06/10/2021,Izquierda,PF04 ,-0.0013333333263290115,0.0006666666668024845,0.0,0.0014907119787957435,1.4907119787957435,153.43494869785752,-0.13333333263290115,0.06666666668024845,0.0,0.14907119787957435
10/10/2021,Izquierda,PF04 ,-0.0013333333263290115,-0.00033333333340124227,0.004000000000019099,0.0013743685350938336,1.3743685350938335,194.03624354149383,-0.09523809473778654,-0.02380952381437445,0.28571428571564994,0.09816918107813097
19/10/2021,Izquierda,PF04 ,-0.0013333333263290115,-0.001333333333604969,0.005000000000023874,0.0018856180784033987,1.8856180784033987,225.00000015633063,-0.057971014188217894,-0.05797101450456388,0.2173913043488641,0.08198339471319126
28/10/2021,Izquierda,PF04 ,-0.00033333332976326346,-0.00033333333340124227,0.0030000000000143245,0.0004714045183146299,0.47140451831462993,225.00000031266126,-0.010416666555101983,-0.010416666668788821,0.09375000000044764,0.014731391197332185
02/11/2021,Izquierda,PF04 ,-0.00033333332976326346,0.0006666666668024845,0.004000000000019099,0.0007453559910248253,0.7453559910248253,116.56505092694898,-0.009009008912520634,0.018018018021688773,0.10810810810862431,0.020144756514184466
12/11/2021,Izquierda,PF04 ,-0.00033333332976326346,0.0016666666670062114,-0.001999999999981128,0.0016996731708303976,1.6996731708303976,101.30993235376589,-0.007092198505601351,0.035460992915025774,-0.04255319148896017,0.03616325895383825
18/11/2021,Izquierda,PF04 ,0.0006666666740784422,0.002666666667209938,-0.0009999999999763531,0.0027487370860697774,2.7487370860697773,75.96375638493882,0.012578616492046078,0.05031446541905543,-0.01886792452785572,0.05186296388810901
24/11/2021,Izquierda,PF04 ,9.999999747378752e-05,0.0,0.0,9.999999747378752e-05,0.09999999747378752,360.0,0.0016949152114201275,0.0,0.0,0.0016949152114201275
01/12/2021,Izquierda,PF04 ,9.999999747378752e-05,0.0,0.0,9.999999747378752e-05,0.09999999747378752,360.0,0.0015151514768755685,0.0,0.0,0.0015151514768755685
09/12/2021,Izquierda,PF04 ,9.999999747378752e-05,0.0,0.0,9.999999747378752e-05,0.09999999747378752,360.0,0.0013513513172133448,0.0,0.0,0.0013513513172133448
30/01/2022,Izquierda,PF04 ,9.999999747378752e-05,0.0,0.0,9.999999747378752e-05,0.09999999747378752,360.0,0.0007936507736014882,0.0,0.0,0.0007936507736014882
11/02/2022,Izquierda,PF04 ,-0.007233333330077585,-0.008333333331393078,-0.002999999999985903,0.011034743108750567,11.034743108750567,229.04201933639231,-0.05241545891360569,-0.06038647341589187,-0.021739130434680454,0.07996190658514904
27/02/2022,Izquierda,PF04 ,-0.00023333333228947595,-0.00033333333340124227,0.008000000000009777,0.00040688518664814367,0.40688518664814366,235.00797992734522,-0.0015151515083732204,-0.0021645021649431316,0.051948051948115435,0.0026421116016113223
12/03/2022,Izquierda,PF04 ,9.999999747378752e-05,0.0,0.0,9.999999747378752e-05,0.09999999747378752,360.0,0.00059880238008256,0.0,0.0,0.00059880238008256
30/03/2022,Izquierda,PF04 ,9.999999747378752e-05,0.0,0.0,9.999999747378752e-05,0.09999999747378752,360.0,0.0005405405268853379,0.0,0.0,0.0005405405268853379
06/04/2022,Izquierda,PF04 ,,,,,,,,,,
11/04/2022,Izquierda,PF04 ,,,,,,,,,,
18/04/2022,Izquierda,PF04 ,,0.0,0.0,0.0,0.0,0.0,,0.0,0.0,0.0
01/05/2022,Izquierda,PF04 ,9.999999747378752e-05,0.0,0.0,9.999999747378752e-05,0.09999999747378752,360.0,0.0004608294814460254,0.0,0.0,0.0004608294814460254
09/05/2022,Izquierda,PF04 ,,0.0,0.0,0.0,0.0,0.0,,0.0,0.0,0.0
16/05/2022,Izquierda,PF04 ,,0.0,0.0,0.0,0.0,0.0,,0.0,0.0,0.0
23/05/2022,Izquierda,PF04 ,9.999999747378752e-05,0.0,0.0,9.999999747378752e-05,0.09999999747378752,360.0,0.0004184100312710775,0.0,0.0,0.0004184100312710775
30/05/2022,Izquierda,PF04 ,,0.0,0.0,0.0,0.0,0.0,,0.0,0.0,0.0
13/06/2022,Izquierda,PF04 ,,0.0,0.0,0.0,0.0,0.0,,0.0,0.0,0.0
24/06/2022,Izquierda,PF04 ,9.999999747378752e-05,0.0,0.0,9.999999747378752e-05,0.09999999747378752,360.0,0.0003690036807150831,0.0,0.0,0.0003690036807150831
27/06/2022,Izquierda,PF04 ,,0.0,0.0,0.0,0.0,0.0,,0.0,0.0,0.0
04/07/2022,Izquierda,PF04 ,,0.0,0.0,0.0,0.0,0.0,,0.0,0.0,0.0
11/07/2022,Izquierda,PF04 ,,0.0,0.0,0.0,0.0,0.0,,0.0,0.0,0.0
23/07/2022,Izquierda,PF04 ,9.999999747378752e-05,0.0,0.0,9.999999747378752e-05,0.09999999747378752,360.0,0.000333333324912625,0.0,0.0,0.000333333324912625
01/08/2022,Izquierda,PF04 ,,0.0,0.0,0.0,0.0,0.0,,0.0,0.0,0.0
08/08/2022,Izquierda,PF04 ,,0.0,0.0,0.0,0.0,0.0,,0.0,0.0,0.0
16/08/2022,Izquierda,PF04 ,,0.0,0.0,0.0,0.0,0.0,,0.0,0.0,0.0
30/08/2022,Izquierda,PF04 ,,0.0,0.0,0.0,0.0,0.0,,0.0,0.0,0.0
13/11/2022,Izquierda,PF04 ,9.999999747378752e-05,0.0,0.0,9.999999747378752e-05,0.09999999747378752,360.0,0.00024213074448858963,0.0,0.0,0.00024213074448858963
13/11/2022,Izquierda,PF04 ,9.999999747378752e-05,0.0,0.0,9.999999747378752e-05,0.09999999747378752,360.0,0.00024213074448858963,0.0,0.0,0.00024213074448858963
09/02/2023,Izquierda,PF04 ,,,,,,,,,,
20/02/2023,Izquierda,PF04 ,9.999999747378752e-05,0.0,0.0,9.999999747378752e-05,0.09999999747378752,360.0,0.00019531249506599124,0.0,0.0,0.00019531249506599124
11/03/2023,Izquierda,PF04 ,,0.0,0.0,0.0,0.0,0.0,,0.0,0.0,0.0
15/03/2023,Izquierda,PF04 ,,0.0,0.0,0.0,0.0,0.0,,0.0,0.0,0.0
29/03/2023,Izquierda,PF04 ,9.999999747378752e-05,0.0,0.0,9.999999747378752e-05,0.09999999747378752,360.0,0.00018214935787575138,0.0,0.0,0.00018214935787575138
04/04/2023,Izquierda,PF04 ,,,,,,,,,,
12/04/2023,Izquierda,PF04 ,,0.0,0.0,0.0,0.0,0.0,,0.0,0.0,0.0
16/04/2023,Izquierda,PF04 ,,,,,,,,,,
25/04/2023,Izquierda,PF04 ,-0.005233333329670131,-0.001333333333604969,-0.006000000000000227,0.005400514375310782,5.400514375310782,194.2935581254352,-0.009085648141788423,-0.0023148148152864045,-0.010416666666667062,0.00937589301269233
09/05/2023,Izquierda,PF04 ,,,,,,,,,,
19/05/2023,Izquierda,PF04 ,,,,,,,,,,
27/05/2023,Izquierda,PF04 ,,,,,,,,,,
31/05/2023,Izquierda,PF04 ,,,,,,,,,,
11/06/2023,Izquierda,PF04 ,-0.005233333329670131,-0.001333333333604969,-0.0069999999999765805,0.005400514375310782,5.400514375310782,194.2935581254352,-0.008400214012311606,-0.002140181915898827,-0.011235955056142184,0.008668562400177821
19/06/2023,Izquierda,PF04 ,-0.012233333334734198,-0.013333333332411712,0.0,0.018095088345512992,18.09508834551299,227.46361842514304,-0.019387216061385416,-0.02113048071697577,0.0,0.028676843653744837
06/07/2023,Izquierda,PF04 ,,,,,,,,,,
17/07/2023,Izquierda,PF04 ,-0.017233333332114853,-0.008333333331393078,-0.0049999999999954525,0.01914241944342166,19.142419443421662,205.80650651312536,-0.02615073343264773,-0.012645422354162486,-0.007587253414257135,0.029047677455875054
28/07/2023,Izquierda,PF04 ,,,,,,,,,,
19/08/2023,Izquierda,PF04 ,-0.017233333332114853,-0.010333333331800532,-0.001999999999981128,0.0200939183705389,20.0939183705389,210.94745616653648,-0.024903660884559035,-0.01493256261820886,-0.0028901734103773525,0.029037454292686275
25/08/2023,Izquierda,PF04 ,,,,,,,,,,
24/09/2023,Izquierda,PF04 ,-0.0152333333317074,-0.012333333332207985,0.0,0.019600141720871822,19.60014172087182,218.99460049975565,-0.020924908422674998,-0.016941391939846135,0.0,0.02692327159460415
16/10/2023,Izquierda,PF04 ,,,,,,,,,,
01/11/2023,Izquierda,PF04 ,-0.011233333330892492,-0.013333333332411712,0.0,0.01743460798171675,17.434607981716752,229.88586221355234,-0.014664926019441894,-0.01740644038173853,0.0,0.022760584832528394
14/09/2024,Izquierda,PF04 ,-0.014233333335141651,-0.018333333333430346,0.009000000000014552,0.023209887740872914,23.209887740872915,232.17553534699078,-0.013130381305481229,-0.01691266912678076,0.008302583025843682,0.021411335554310806
19/04/2025,Izquierda,PF04 ,-0.020233333329088055,-0.012333333332207985,0.0020000000000095497,0.023695967772794976,23.695967772794976,211.36461310822375,-0.01555213937670104,-0.009479887265340495,0.00153727901614877,0.018213657012140644
24/05/2025,Izquierda,PF04 ,-0.019233333332522307,-0.013333333332411712,0.005000000000023874,0.023402967521942913,23.402967521942912,214.7312827444045,-0.014396207584223282,-0.009980039919469844,0.00374251497007775,0.017517191258939305
06/10/2021,Izquierda,PF07,-0.0003333333370392211,0.00033333332976326346,0.00033333333334439885,0.00047140452088706945,0.47140452088706947,135.00000062532249,-0.03333333370392211,0.033333332976326346,0.033333333334439885,0.047140452088706944
10/10/2021,Izquierda,PF07,-0.001333333333604969,0.00033333332976326346,0.005333333333339851,0.0013743685412702098,1.3743685412702098,165.96375667920822,-0.0952380952574978,0.02380952355451882,0.3809523809528465,0.09816918151930071
19/10/2021,Izquierda,PF07,-0.001333333333604969,0.002333333330170717,0.0033333333333587234,0.0026874192468216993,2.6874192468216993,119.74488133542361,-0.05797101450456388,0.10144927522481378,0.14492753623298796,0.11684431507920431
28/10/2021,Izquierda,PF07,0.0006666666595265269,0.00033333332976326346,0.00033333333334439885,0.000745355984517011,0.7453559845170109,26.56505117707799,0.020833333110203966,0.010416666555101983,0.010416666667012464,0.02329237451615659
02/11/2021,Izquierda,PF07,0.0006666666595265269,-0.0016666666670062114,0.0033333333333587234,0.0017950549333749794,1.7950549333749795,291.80140927072335,0.01801801782504127,-0.04504504505422193,0.09009009009077631,0.04851499819932377
12/11/2021,Izquierda,PF07,-0.0003333333370392211,0.0013333333299669903,-0.003666666666646279,0.001374368539505531,1.374368539505531,104.03624365184486,-0.0070921986604089585,0.028368794254616816,-0.07801418439672933,0.029241883819266616
18/11/2021,Izquierda,PF07,0.0006666666595265269,0.00033333332976326346,0.0013333333333491737,0.000745355984517011,0.7453559845170109,26.56505117707799,0.012578616217481641,0.0062893081087408206,0.025157232704701393,0.014063320462585112
24/11/2021,Izquierda,PF07,-0.00023333333956543356,0.0053333333307818975,-0.0016666666666651508,0.005338435057634577,5.338435057634577,92.50509293526159,-0.003954802365515824,0.09039548018274403,-0.028248587570595778,0.0904819501293996
01/12/2021,Izquierda,PF07,9.999999747378752e-05,0.0,0.0,9.999999747378752e-05,0.09999999747378752,360.0,0.0015151514768755685,0.0,0.0,0.0015151514768755685
09/12/2021,Izquierda,PF07,9.999999747378752e-05,0.0,0.0,9.999999747378752e-05,0.09999999747378752,360.0,0.0013513513172133448,0.0,0.0,0.0013513513172133448
30/01/2022,Izquierda,PF07,9.999999747378752e-05,0.0,0.0,9.999999747378752e-05,0.09999999747378752,360.0,0.0007936507736014882,0.0,0.0,0.0007936507736014882
11/02/2022,Izquierda,PF07,9.999999747378752e-05,0.0,0.0,9.999999747378752e-05,0.09999999747378752,360.0,0.0007246376628535327,0.0,0.0,0.0007246376628535327
27/02/2022,Izquierda,PF07,0.0007666666570003144,0.00033333332976326346,0.0033333333333587234,0.0008359957366440945,0.8359957366440945,23.498565715718236,0.004978354915586457,0.002164502141319893,0.021645021645186516,0.005428543744442172
12/03/2022,Izquierda,PF07,9.999999747378752e-05,0.0,0.0,9.999999747378752e-05,0.09999999747378752,360.0,0.00059880238008256,0.0,0.0,0.00059880238008256
30/03/2022,Izquierda,PF07,9.999999747378752e-05,0.0,0.0,9.999999747378752e-05,0.09999999747378752,360.0,0.0005405405268853379,0.0,0.0,0.0005405405268853379
06/04/2022,Izquierda,PF07,,,,,,,,,,
11/04/2022,Izquierda,PF07,,,,,,,,,,
18/04/2022,Izquierda,PF07,,0.0,0.0,0.0,0.0,0.0,,0.0,0.0,0.0
01/05/2022,Izquierda,PF07,9.999999747378752e-05,0.0,0.0,9.999999747378752e-05,0.09999999747378752,360.0,0.0004608294814460254,0.0,0.0,0.0004608294814460254
09/05/2022,Izquierda,PF07,,0.0,0.0,0.0,0.0,0.0,,0.0,0.0,0.0
16/05/2022,Izquierda,PF07,,0.0,0.0,0.0,0.0,0.0,,0.0,0.0,0.0
23/05/2022,Izquierda,PF07,9.999999747378752e-05,0.0,0.0,9.999999747378752e-05,0.09999999747378752,360.0,0.0004184100312710775,0.0,0.0,0.0004184100312710775
30/05/2022,Izquierda,PF07,,0.0,0.0,0.0,0.0,0.0,,0.0,0.0,0.0
13/06/2022,Izquierda,PF07,,0.0,0.0,0.0,0.0,0.0,,0.0,0.0,0.0
24/06/2022,Izquierda,PF07,9.999999747378752e-05,0.0,0.0,9.999999747378752e-05,0.09999999747378752,360.0,0.0003690036807150831,0.0,0.0,0.0003690036807150831
27/06/2022,Izquierda,PF07,,0.0,0.0,0.0,0.0,0.0,,0.0,0.0,0.0
04/07/2022,Izquierda,PF07,,0.0,0.0,0.0,0.0,0.0,,0.0,0.0,0.0
11/07/2022,Izquierda,PF07,,0.0,0.0,0.0,0.0,0.0,,0.0,0.0,0.0
23/07/2022,Izquierda,PF07,9.999999747378752e-05,0.0,0.0,9.999999747378752e-05,0.09999999747378752,360.0,0.000333333324912625,0.0,0.0,0.000333333324912625
01/08/2022,Izquierda,PF07,,0.0,0.0,0.0,0.0,0.0,,0.0,0.0,0.0
08/08/2022,Izquierda,PF07,,0.0,0.0,0.0,0.0,0.0,,0.0,0.0,0.0
16/08/2022,Izquierda,PF07,,0.0,0.0,0.0,0.0,0.0,,0.0,0.0,0.0
30/08/2022,Izquierda,PF07,,0.0,0.0,0.0,0.0,0.0,,0.0,0.0,0.0
13/11/2022,Izquierda,PF07,9.999999747378752e-05,0.0,0.0,9.999999747378752e-05,0.09999999747378752,360.0,0.00024213074448858963,0.0,0.0,0.00024213074448858963
13/11/2022,Izquierda,PF07,9.999999747378752e-05,0.0,0.0,9.999999747378752e-05,0.09999999747378752,360.0,0.00024213074448858963,0.0,0.0,0.00024213074448858963
09/02/2023,Izquierda,PF07,,,,,,,,,,
20/02/2023,Izquierda,PF07,9.999999747378752e-05,0.0,0.0,9.999999747378752e-05,0.09999999747378752,360.0,0.00019531249506599124,0.0,0.0,0.00019531249506599124
11/03/2023,Izquierda,PF07,,0.0,0.0,0.0,0.0,0.0,,0.0,0.0,0.0
15/03/2023,Izquierda,PF07,,0.0,0.0,0.0,0.0,0.0,,0.0,0.0,0.0
29/03/2023,Izquierda,PF07,9.999999747378752e-05,0.0,0.0,9.999999747378752e-05,0.09999999747378752,360.0,0.00018214935787575138,0.0,0.0,0.00018214935787575138
04/04/2023,Izquierda,PF07,,,,,,,,,,
12/04/2023,Izquierda,PF07,,0.0,0.0,0.0,0.0,0.0,,0.0,0.0,0.0
16/04/2023,Izquierda,PF07,,,,,,,,,,
25/04/2023,Izquierda,PF07,9.999999747378752e-05,0.0,0.0,9.999999747378752e-05,0.09999999747378752,360.0,0.00017361110672532555,0.0,0.0,0.00017361110672532555
09/05/2023,Izquierda,PF07,,,,,,,,,,
19/05/2023,Izquierda,PF07,,,,,,,,,,
27/05/2023,Izquierda,PF07,,,,,,,,,,
31/05/2023,Izquierda,PF07,,,,,,,,,,
11/06/2023,Izquierda,PF07,-0.0012333333361311816,3.2741809263825417e-11,0.0,0.001233333336131182,1.233333336131182,179.9999984789453,-0.0019796682762940315,5.2555071049479e-11,0.0,0.0019796682762940323
19/06/2023,Izquierda,PF07,-0.013233333338575903,0.0013333333299669903,-0.0016666666666651508,0.013300334169435945,13.300334169435946,174.24654221423768,-0.020972002121356425,0.002113048066508701,-0.0026413100898021406,0.021078184103701974
06/07/2023,Izquierda,PF07,,,,,,,,,,
17/07/2023,Izquierda,PF07,-0.012233333342010155,0.002333333330170717,-0.004666666666651054,0.012453870446026926,12.453870446026926,169.2013548953344,-0.018563480033399325,0.0035407182551907695,-0.007081436519956076,0.018898134212483955
28/07/2023,Izquierda,PF07,,,,,,,,,,
19/08/2023,Izquierda,PF07,-0.010233333341602702,0.0013333333299669903,-0.004666666666651054,0.010319829894390623,10.319829894390622,172.57657085556846,-0.014788053961853615,0.001926782268738425,-0.006743737957588228,0.014913048980333271
25/08/2023,Izquierda,PF07,,,,,,,,,,
24/09/2023,Izquierda,PF07,-0.01123333333816845,0.0013333333299669903,-0.002666666666641504,0.011312186157202664,11.312186157202664,173.23098356757367,-0.015430402937044573,0.001831501826877734,-0.0036630036629690986,0.015538717248904758
16/10/2023,Izquierda,PF07,,,,,,,,,,
01/11/2023,Izquierda,PF07,-0.009233333337760996,-0.0006666666668024845,-0.000666666666660376,0.009257369441198409,9.257369441198408,184.129713060164,-0.012053959970967358,-0.0008703220193243923,-0.0008703220191388721,0.012085338696081475
14/09/2024,Izquierda,PF07,-0.010233333341602702,-0.0016666666670062114,0.00033333333334439885,0.010368167102206017,10.368167102206018,189.25034089883326,-0.009440344411072603,-0.0015375153754669847,0.00030750307504095835,0.009564729799083042
19/04/2025,Izquierda,PF07,-0.012233333342010155,-0.0016666666670062114,-0.000666666666660376,0.01234634449688032,12.34634449688032,187.75819911532543,-0.00940302332206776,-0.0012810658470455121,-0.0005124263387089746,0.009489888160553666
24/05/2025,Izquierda,PF07,-0.013233333338575903,0.0013333333299669903,0.005333333333339851,0.013300334169435945,13.300334169435946,174.24654221423768,-0.009905189624682563,0.00099800398949625,0.003992015968068751,0.009955339947182593
06/10/2021,Izquierda,PF10    ,-7.275957614183426e-12,0.0020000000004074536,0.004750000000001364,0.0020000000004074536,2.0000000004074536,90.00000020844082,-7.275957614183426e-10,0.20000000004074536,0.4750000000001364,0.20000000004074536
10/10/2021,Izquierda,PF10    ,-7.275957614183426e-12,0.014999999999417923,0.011750000000006366,0.014999999999417923,14.999999999417923,90.00000002779211,-5.19711258155959e-10,1.0714285713869944,0.839285714286169,1.0714285713869944
19/10/2021,Izquierda,PF10    ,-7.275957614183426e-12,0.0010000000002037268,0.013750000000015916,0.0010000000002037268,1.0000000002037268,90.00000041688166,-3.1634598322536635e-10,0.04347826087842291,0.5978260869572137,0.04347826087842291
28/10/2021,Izquierda,PF10    ,-0.0010000000038417056,0.0,-0.003250000000008413,0.0010000000038417056,1.0000000038417056,180.0,-0.0312500001200533,0.0,-0.1015625000002629,0.0312500001200533
02/11/2021,Izquierda,PF10    ,-0.0010000000038417056,0.0010000000002037268,0.015749999999997044,0.0014142135652336477,1.4142135652336478,135.00000010422042,-0.027027027130856907,0.02702702703253316,0.4256756756755958,0.038221988249558046
12/11/2021,Izquierda,PF10    ,-0.0010000000038417056,0.0020000000004074536,-0.0012499999999988631,0.0022360679795822903,2.23606797958229,116.56505126045431,-0.02127659582641927,0.04255319149803093,-0.026595744680826875,0.04757591445919767
18/11/2021,Izquierda,PF10    ,-0.0020000000004074536,0.0020000000004074536,0.007750000000015689,0.0028284271253224166,2.8284271253224165,135.0,-0.037735849064291574,0.037735849064291574,0.14622641509463563,0.053366549534385216
24/11/2021,Izquierda,PF10    ,9.999999747378752e-05,0.0,0.0,9.999999747378752e-05,0.09999999747378752,360.0,0.0016949152114201275,0.0,0.0,0.0016949152114201275
01/12/2021,Izquierda,PF10    ,9.999999747378752e-05,0.0,0.0,9.999999747378752e-05,0.09999999747378752,360.0,0.0015151514768755685,0.0,0.0,0.0015151514768755685
09/12/2021,Izquierda,PF10    ,9.999999747378752e-05,0.0,0.0,9.999999747378752e-05,0.09999999747378752,360.0,0.0013513513172133448,0.0,0.0,0.0013513513172133448
30/01/2022,Izquierda,PF10    ,0.0020999999906052835,0.013999999999214197,0.01875000000001137,0.014156623889138952,14.156623889138952,81.46923442718244,0.016666666592105424,0.11111111110487458,0.14880952380961404,0.11235415785030915
11/02/2022,Izquierda,PF10    ,-0.017900000006193295,0.007000000001426088,-0.01624999999998522,0.019220041629551304,19.220041629551304,158.64144762570427,-0.12971014497241518,0.05072463769149339,-0.1177536231882987,0.13927566398225583
27/02/2022,Izquierda,PF10    ,-0.0039000000033411197,0.004000000000814907,0.01875000000001137,0.005586591092301279,5.586591092301279,134.27477571964099,-0.02532467534637091,0.02597402597931758,0.12175324675332057,0.036276565534423884
12/03/2022,Izquierda,PF10    ,9.999999747378752e-05,0.0,0.0,9.999999747378752e-05,0.09999999747378752,360.0,0.00059880238008256,0.0,0.0,0.00059880238008256
30/03/2022,Izquierda,PF10    ,9.999999747378752e-05,0.0,0.0,9.999999747378752e-05,0.09999999747378752,360.0,0.0005405405268853379,0.0,0.0,0.0005405405268853379
06/04/2022,Izquierda,PF10    ,,,,,,,,,,
11/04/2022,Izquierda,PF10    ,,,,,,,,,,
18/04/2022,Izquierda,PF10    ,,0.0,0.0,0.0,0.0,0.0,,0.0,0.0,0.0
01/05/2022,Izquierda,PF10    ,,,,,,,,,,
09/05/2022,Izquierda,PF10    ,,0.0,0.0,0.0,0.0,0.0,,0.0,0.0,0.0
16/05/2022,Izquierda,PF10    ,,0.0,0.0,0.0,0.0,0.0,,0.0,0.0,0.0
23/05/2022,Izquierda,PF10    ,9.999999747378752e-05,0.0,0.0,9.999999747378752e-05,0.09999999747378752,360.0,0.0004184100312710775,0.0,0.0,0.0004184100312710775
30/05/2022,Izquierda,PF10    ,,0.0,0.0,0.0,0.0,0.0,,0.0,0.0,0.0
13/06/2022,Izquierda,PF10    ,,0.0,0.0,0.0,0.0,0.0,,0.0,0.0,0.0
24/06/2022,Izquierda,PF10    ,,,,,,,,,,
27/06/2022,Izquierda,PF10    ,,0.0,0.0,0.0,0.0,0.0,,0.0,0.0,0.0
04/07/2022,Izquierda,PF10    ,,0.0,0.0,0.0,0.0,0.0,,0.0,0.0,0.0
11/07/2022,Izquierda,PF10    ,,0.0,0.0,0.0,0.0,0.0,,0.0,0.0,0.0
23/07/2022,Izquierda,PF10    ,-0.0029000000067753717,0.005000000001018634,-0.004249999999984766,0.005780138410927847,5.780138410927847,120.11373320401287,-0.009666666689251239,0.016666666670062114,-0.014166666666615887,0.01926712803642616
01/08/2022,Izquierda,PF10    ,,0.0,0.0,0.0,0.0,0.0,,0.0,0.0,0.0
08/08/2022,Izquierda,PF10    ,,0.0,0.0,0.0,0.0,0.0,,0.0,0.0,0.0
16/08/2022,Izquierda,PF10    ,,0.0,0.0,0.0,0.0,0.0,,0.0,0.0,0.0
30/08/2022,Izquierda,PF10    ,,0.0,0.0,0.0,0.0,0.0,,0.0,0.0,0.0
13/11/2022,Izquierda,PF10    ,-0.0039000000033411197,0.0030000000006111804,-0.002250000000003638,0.0049203658430779125,4.920365843077913,142.43140798925288,-0.009443099281697627,0.007263922519639663,-0.005447941888628663,0.01191371874837267
13/11/2022,Izquierda,PF10    ,-0.005900000003748573,0.0030000000006111804,-0.023249999999990223,0.006618912300967603,6.618912300967603,153.04782107876252,-0.014285714294790735,0.007263922519639663,-0.05629539951571483,0.01602642203624117
09/02/2023,Izquierda,PF10    ,,,,,,,,,,
20/02/2023,Izquierda,PF10    ,9.999999747378752e-05,0.0,0.0,9.999999747378752e-05,0.09999999747378752,360.0,0.00019531249506599124,0.0,0.0,0.00019531249506599124
11/03/2023,Izquierda,PF10    ,,0.0,0.0,0.0,0.0,0.0,,0.0,0.0,0.0
15/03/2023,Izquierda,PF10    ,,0.0,0.0,0.0,0.0,0.0,,0.0,0.0,0.0
29/03/2023,Izquierda,PF10    ,,,,,,,,,,
04/04/2023,Izquierda,PF10    ,,,,,,,,,,
12/04/2023,Izquierda,PF10    ,,0.0,0.0,0.0,0.0,0.0,,0.0,0.0,0.0
16/04/2023,Izquierda,PF10    ,,,,,,,,,,
25/04/2023,Izquierda,PF10    ,,,,,,,,,,
09/05/2023,Izquierda,PF10    ,,,,,,,,,,
19/05/2023,Izquierda,PF10    ,,,,,,,,,,
27/05/2023,Izquierda,PF10    ,,,,,,,,,,
31/05/2023,Izquierda,PF10    ,,,,,,,,,,
11/06/2023,Izquierda,PF10    ,,,,,,,,,,
19/06/2023,Izquierda,PF10    ,,,,,,,,,,
06/07/2023,Izquierda,PF10    ,,,,,,,,,,
17/07/2023,Izquierda,PF10    ,,,,,,,,,,
28/07/2023,Izquierda,PF10    ,,,,,,,,,,
19/08/2023,Izquierda,PF10    ,,,,,,,,,,
25/08/2023,Izquierda,PF10    ,,,,,,,,,,
24/09/2023,Izquierda,PF10    ,-0.018900000010035,0.013999999999214197,-0.0002499999999940883,0.023520416670571986,23.520416670571986,143.4711446491035,-0.025961538475322805,0.01923076922968983,-0.0003434065933984729,0.032308264657379106
16/10/2023,Izquierda,PF10    ,,,,,,,,,,
01/11/2023,Izquierda,PF10    ,-0.016900000009627547,0.005000000001018634,-0.006249999999994316,0.0176241311937808,17.6241311937808,163.51872779437485,-0.02206266319794719,0.006527415144932942,-0.008159268929496496,0.023008004169426634
14/09/2024,Izquierda,PF10    ,-0.020900000003166497,0.007000000001426088,0.006750000000010914,0.022041097979736055,22.041097979736055,161.48284781864444,-0.019280442807349165,0.006457564576961336,0.006226937269382762,0.020333116217468687
19/04/2025,Izquierda,PF10    ,-0.021900000007008202,0.007000000001426088,-0.008250000000003865,0.022991520183035408,22.99152018303541,162.27431620700466,-0.016833205232135436,0.005380476557591151,-0.006341275941586368,0.017672190763286248
24/05/2025,Izquierda,PF10    ,-0.018900000010035,0.006000000001222361,0.006750000000010914,0.019829523453527353,19.829523453527354,162.3874221624832,-0.014146706594337576,0.004491017964986797,0.005052395209589007,0.014842457674795922
06/10/2021,Izquierda,PF90  ,0.00033333332976326346,-0.001333333333604969,0.011333333333311657,0.0013743685412702098,1.3743685412702098,284.03624332079175,0.033333332976326346,-0.1333333333604969,1.1333333333311657,0.13743685412702097
10/10/2021,Izquierda,PF90  ,0.001333333333604969,0.002666666667209938,0.01633333333330711,0.002981423970607116,2.981423970607116,63.43494882292201,0.0952380952574978,0.1904761905149956,1.1666666666647936,0.21295885504336542
19/10/2021,Izquierda,PF90  ,0.0033333333340124227,0.007666666664590593,0.026333333333298015,0.008359957467689834,8.359957467689835,66.50143431410638,0.14492753626140967,0.33333333324306924,1.1449275362303486,0.3634764116386885
28/10/2021,Izquierda,PF90  ,-0.004666666667617392,-0.0033333333340124227,0.00033333333331597714,0.0057348835125301005,5.7348835125301,215.53767779197437,-0.1458333333630435,-0.10416666668788821,0.010416666666124286,0.17921510976656563
02/11/2021,Izquierda,PF90  ,0.006333333330985624,0.0016666666670062114,0.002333333333297105,0.006548960899278836,6.5489608992788355,14.74356284457077,0.17117117110771957,0.04504504505422193,0.06306306306208392,0.17699894322375231
12/11/2021,Izquierda,PF90  ,0.0033333333340124227,-0.001333333333604969,-0.013666666666694027,0.0035901098721544044,3.5901098721544042,338.1985905136482,0.07092198583005155,-0.02836879433202062,-0.29078014184455375,0.07638531642881712
18/11/2021,Izquierda,PF90  ,0.005333333327143919,0.0016666666670062114,-0.0026666666666983474,0.005587684865607009,5.587684865607009,17.354024658514792,0.10062893070082866,0.031446540886909645,-0.050314465409402785,0.10542801633220772
24/11/2021,Izquierda,PF90  ,9.999999747378752e-05,0.0,0.0,9.999999747378752e-05,0.09999999747378752,360.0,0.0016949152114201275,0.0,0.0,0.0016949152114201275
01/12/2021,Izquierda,PF90  ,-0.0035666666735778563,-0.006333333334623603,0.001333333333320752,0.007268577734871208,7.268577734871208,240.61361999717099,-0.054040404145119035,-0.09595959597914551,0.020202020201829575,0.11012996567986678
09/12/2021,Izquierda,PF90  ,9.999999747378752e-05,0.0,0.0,9.999999747378752e-05,0.09999999747378752,360.0,0.0013513513172133448,0.0,0.0,0.0013513513172133448
30/01/2022,Izquierda,PF90  ,-0.006566666670551058,-0.001333333333604969,0.023333333333312112,0.006700663320942804,6.700663320942804,191.47762695527481,-0.052116402147230616,-0.010582010584166421,0.18518518518501678,0.053179867626530195
11/02/2022,Izquierda,PF90  ,-0.01156666667520767,0.012666666665609227,-0.030666666666689935,0.017153198605304367,17.153198605304368,132.40101277442992,-0.08381642518266427,0.09178743960586397,-0.22222222222239083,0.12429854061814759
27/02/2022,Izquierda,PF90  ,-0.00556666667398531,-0.001333333333604969,0.017333333333311884,0.005724120512162616,5.724120512162616,193.46977821514457,-0.0361471861947098,-0.008658008659772527,0.11255411255397327,0.037169613715341665
12/03/2022,Izquierda,PF90  ,9.999999747378752e-05,0.0,0.0,9.999999747378752e-05,0.09999999747378752,360.0,0.00059880238008256,0.0,0.0,0.00059880238008256
30/03/2022,Izquierda,PF90  ,9.999999747378752e-05,0.0,0.0,9.999999747378752e-05,0.09999999747378752,360.0,0.0005405405268853379,0.0,0.0,0.0005405405268853379
06/04/2022,Izquierda,PF90  ,9.999999747378752e-05,0.0,0.0,9.999999747378752e-05,0.09999999747378752,360.0,0.0005208333201759766,0.0,0.0,0.0005208333201759766
11/04/2022,Izquierda,PF90  ,,,,,,,,,,
18/04/2022,Izquierda,PF90  ,,0.0,0.0,0.0,0.0,0.0,,0.0,0.0,0.0
01/05/2022,Izquierda,PF90  ,-0.03289999999833526,0.007999999997991836,0.003999999999990678,0.03385867687695917,33.858676876959166,166.33313681517012,-0.15161290321813484,0.03686635943775039,0.018433179723459345,0.156030769018245
09/05/2022,Izquierda,PF90  ,,0.0,0.0,0.0,0.0,0.0,,0.0,0.0,0.0
16/05/2022,Izquierda,PF90  ,,0.0,0.0,0.0,0.0,0.0,,0.0,0.0,0.0
23/05/2022,Izquierda,PF90  ,-0.005000000004656613,0.0010000000002037268,0.02200000000001978,0.005099019518198924,5.099019518198924,168.69006753399674,-0.020920502111533942,0.004184100419262455,0.09205020920510369,0.021334809699577087
30/05/2022,Izquierda,PF90  ,,0.0,0.0,0.0,0.0,0.0,,0.0,0.0,0.0
13/06/2022,Izquierda,PF90  ,,0.0,0.0,0.0,0.0,0.0,,0.0,0.0,0.0
24/06/2022,Izquierda,PF90  ,0.005999999993946403,0.0010000000002037268,0.009000000000014552,0.006082762524360481,6.082762524360481,9.46232221929269,0.022140221379876028,0.0036900369011207633,0.03321033210337473,0.022445618171071883
27/06/2022,Izquierda,PF90  ,,0.0,0.0,0.0,0.0,0.0,,0.0,0.0,0.0
04/07/2022,Izquierda,PF90  ,,0.0,0.0,0.0,0.0,0.0,,0.0,0.0,0.0
11/07/2022,Izquierda,PF90  ,,0.0,0.0,0.0,0.0,0.0,,0.0,0.0,0.0
23/07/2022,Izquierda,PF90  ,0.004999999997380655,0.0010000000002037268,0.01500000000001478,0.00509901951106426,5.09901951106426,11.30993248203717,0.016666666657935515,0.0033333333340124227,0.05000000000004927,0.016996731703547534
01/08/2022,Izquierda,PF90  ,,0.0,0.0,0.0,0.0,0.0,,0.0,0.0,0.0
08/08/2022,Izquierda,PF90  ,,0.0,0.0,0.0,0.0,0.0,,0.0,0.0,0.0
16/08/2022,Izquierda,PF90  ,,0.0,0.0,0.0,0.0,0.0,,0.0,0.0,0.0
30/08/2022,Izquierda,PF90  ,,0.0,0.0,0.0,0.0,0.0,,0.0,0.0,0.0
13/11/2022,Izquierda,PF90  ,9.999999747378752e-05,0.0,0.0,9.999999747378752e-05,0.09999999747378752,360.0,0.00024213074448858963,0.0,0.0,0.00024213074448858963
13/11/2022,Izquierda,PF90  ,,,,,,,,,,
09/02/2023,Izquierda,PF90  ,,,,,,,,,,
20/02/2023,Izquierda,PF90  ,-0.0070000000050640665,0.005999999997584382,0.0,0.00921954445956575,9.21954445956575,139.39870538687472,-0.013671875009890755,0.011718749995281996,0.0,0.018006922772589355
11/03/2023,Izquierda,PF90  ,,0.0,0.0,0.0,0.0,0.0,,0.0,0.0,0.0
15/03/2023,Izquierda,PF90  ,,0.0,0.0,0.0,0.0,0.0,,0.0,0.0,0.0
29/03/2023,Izquierda,PF90  ,-0.012100000007194467,0.005199999999604188,0.0006000000000199179,0.013170041767966783,13.170041767966783,156.74428511292547,-0.02204007287284967,0.00947176684809506,0.0010928961748996684,0.02398914711833658
04/04/2023,Izquierda,PF90  ,,,,,,,,,,
12/04/2023,Izquierda,PF90  ,,0.0,0.0,0.0,0.0,0.0,,0.0,0.0,0.0
16/04/2023,Izquierda,PF90  ,,,,,,,,,,
25/04/2023,Izquierda,PF90  ,-0.013000000006286427,0.0029999999969732016,-0.0010000000000047748,0.01334166406957117,13.34166406957117,167.00538322681976,-0.02256944445535838,0.005208333328078476,-0.0017361111111194006,0.023162611231894392
09/05/2023,Izquierda,PF90  ,,,,,,,,,,
19/05/2023,Izquierda,PF90  ,,,,,,,,,,
27/05/2023,Izquierda,PF90  ,,,,,,,,,,
31/05/2023,Izquierda,PF90  ,,,,,,,,,,
11/06/2023,Izquierda,PF90  ,-0.013000000006286427,0.0029999999969732016,-0.001999999999981128,0.01334166406957117,13.34166406957117,167.00538322681976,-0.020866773685853015,0.0048154093049329084,-0.0032102728731639293,0.021415191122907174
19/06/2023,Izquierda,PF90  ,-0.0070000000050640665,0.01900000000023283,0.018000000000000682,0.02024845673328574,20.24845673328574,110.22485944438628,-0.011093502385204543,0.030110935024140778,0.028526148969890145,0.032089471843559016
06/07/2023,Izquierda,PF90  ,,,,,,,,,,
17/07/2023,Izquierda,PF90  ,-0.018000000003667083,0.014999999999417923,0.01099999999999568,0.02343074903016446,23.43074903016446,140.19442891456893,-0.027314112296915147,0.022761760241908836,0.016691957511374325,0.035555006115575806
28/07/2023,Izquierda,PF90  ,,,,,,,,,,
19/08/2023,Izquierda,PF90  ,0.0029999999969732016,0.008999999998195563,0.0020000000000095497,0.00948683297783614,9.48683297783614,71.56505119097405,0.0043352601112329504,0.013005780344213241,0.0028901734104184243,0.013709296210745868
25/08/2023,Izquierda,PF90  ,,,,,,,,,,
24/09/2023,Izquierda,PF90  ,0.000999999996565748,0.011999999998806743,0.009000000000014552,0.012041594577317962,12.041594577317962,85.23635832508657,0.0013736263689089945,0.016483516481877396,0.012362637362657351,0.016540651891920277
16/10/2023,Izquierda,PF90  ,,,,,,,,,,
01/11/2023,Izquierda,PF90  ,-0.006000000001222361,0.01299999999901047,0.0020000000000095497,0.01431782106289014,14.317821062890141,114.77514057493264,-0.007832898173919531,0.016971279372076334,0.00261096605745372,0.018691672405861802
14/09/2024,Izquierda,PF90  ,0.007999999994353857,0.007999999997991836,0.01099999999999568,0.011313708493572348,11.313708493572348,45.00000001302755,0.007380073795529389,0.007380073798885458,0.010147601476010775,0.010437000455325045
19/04/2025,Izquierda,PF90  ,-0.0070000000050640665,0.016999999999825377,0.014000000000010004,0.01838477631261691,18.38477631261691,112.3801350667601,-0.005380476560387446,0.01306687163706793,0.010760953112997698,0.014131265420919994
24/05/2025,Izquierda,PF90  ,-0.004000000000814907,0.014999999999417923,0.01500000000001478,0.015524174695907573,15.524174695907574,104.93141718159714,-0.0029940119766578644,0.011227544909743955,0.011227544910190703,0.011619891239451776
06/10/2021,Izquierda,PF91,0.006000000001222361,0.0026666666635719594,-0.00033333333337282056,0.006565905201057531,6.565905201057531,23.962488945568374,0.6000000001222361,0.26666666635719594,-0.033333333337282056,0.6565905201057531
10/10/2021,Izquierda,PF91,0.0020000000004074536,0.0006666666668024845,0.01666666666665151,0.0021081851072084134,2.1081851072084135,18.43494882292201,0.14285714288624668,0.0476190476287489,1.1904761904751078,0.15058465051488665
19/10/2021,Izquierda,PF91,0.006000000001222361,0.009666666664998047,0.011666666666627634,0.011377365443144242,11.377365443144242,58.172553413665256,0.2608695652705374,0.42028985499991506,0.5072463768098971,0.4946680627454018
28/10/2021,Izquierda,PF91,-0.0029999999969732016,0.00566666666418314,0.003666666666646279,0.006411794683612668,6.411794683612668,117.89727101742714,-0.09374999990541255,0.17708333325572312,0.11458333333269621,0.20036858386289588
02/11/2021,Izquierda,PF91,0.0020000000004074536,0.003666666663775686,0.008666666666641731,0.004176654693037687,4.176654693037687,61.38954031013711,0.05405405406506632,0.09909909902096449,0.2342342342335603,0.11288255927128885
12/11/2021,Izquierda,PF91,-0.000999999996565748,0.007666666664590593,0.02166666666664696,0.007731609000659316,7.731609000659316,97.43140794792632,-0.02127659567161166,0.16312056733171476,0.46099290780099916,0.16450231916296418
18/11/2021,Izquierda,PF91,-0.000999999996565748,0.0016666666670062114,0.002666666666641504,0.0019436506301393492,1.9436506301393492,120.96375644011434,-0.01886792446350468,0.031446540886909645,0.05031446540833026,0.03667265339885565
24/11/2021,Izquierda,PF91,0.006099999998696148,0.010666666665201774,-0.00933333333335895,0.012287708400292537,12.287708400292537,60.23584017959091,0.1033898304863754,0.1807909604271487,-0.15819209039591442,0.20826624407275485
01/12/2021,Izquierda,PF91,9.999999747378752e-05,0.0,0.0,9.999999747378752e-05,0.09999999747378752,360.0,0.0015151514768755685,0.0,0.0,0.0015151514768755685
09/12/2021,Izquierda,PF91,9.999999747378752e-05,0.0,0.0,9.999999747378752e-05,0.09999999747378752,360.0,0.0013513513172133448,0.0,0.0,0.0013513513172133448
30/01/2022,Izquierda,PF91,9.999999747378752e-05,0.00566666666418314,0.002666666666641504,0.005667548948395526,5.667548948395526,88.98900297276123,0.0007936507736014882,0.044973544953834446,0.02116402116382146,0.0449805472094883
11/02/2022,Izquierda,PF91,-0.014900000001944136,0.0116666666654055,-0.04633333333336509,0.01892408811910416,18.92408811910416,141.93913544274798,-0.10797101450684157,0.08454106279279348,-0.3357487922707615,0.1371310733268417
27/02/2022,Izquierda,PF91,0.0011000000013154931,0.004666666663979413,0.013666666666637184,0.004794557096916338,4.794557096916338,76.73667123392501,0.007142857151399305,0.030303030285580602,0.08874458874439729,0.031133487642313887
12/03/2022,Izquierda,PF91,9.999999747378752e-05,0.0,0.0,9.999999747378752e-05,0.09999999747378752,360.0,0.00059880238008256,0.0,0.0,0.00059880238008256
30/03/2022,Izquierda,PF91,9.999999747378752e-05,0.0,0.0,9.999999747378752e-05,0.09999999747378752,360.0,0.0005405405268853379,0.0,0.0,0.0005405405268853379
06/04/2022,Izquierda,PF91,9.999999747378752e-05,0.0,0.0,9.999999747378752e-05,0.09999999747378752,360.0,0.0005208333201759766,0.0,0.0,0.0005208333201759766
11/04/2022,Izquierda,PF91,,,,,,,,,,
18/04/2022,Izquierda,PF91,,0.0,0.0,0.0,0.0,0.0,,0.0,0.0,0.0
01/05/2022,Izquierda,PF91,-0.03990000000339933,-0.00999999999839929,0.012000000000000455,0.041134049159294445,41.13404915929444,194.07002634956154,-0.1838709677576006,-0.04608294930137921,0.055299539170509004,0.18955783022716333
09/05/2022,Izquierda,PF91,,0.0,0.0,0.0,0.0,0.0,,0.0,0.0,0.0
16/05/2022,Izquierda,PF91,,0.0,0.0,0.0,0.0,0.0,,0.0,0.0,0.0
23/05/2022,Izquierda,PF91,-0.0029999999969732016,0.0,0.009000000000014552,0.0029999999969732016,2.9999999969732016,180.0,-0.012552301242565697,0.0,0.03765690376575126,0.012552301242565697
30/05/2022,Izquierda,PF91,,0.0,0.0,0.0,0.0,0.0,,0.0,0.0,0.0
13/06/2022,Izquierda,PF91,,0.0,0.0,0.0,0.0,0.0,,0.0,0.0,0.0
24/06/2022,Izquierda,PF91,0.006000000001222361,0.004000000000814907,0.0010000000000047748,0.007211102552397074,7.211102552397074,33.690067525979785,0.02214022140672458,0.014760147604483053,0.0036900369003866227,0.02660923451069031
27/06/2022,Izquierda,PF91,,0.0,0.0,0.0,0.0,0.0,,0.0,0.0,0.0
04/07/2022,Izquierda,PF91,,0.0,0.0,0.0,0.0,0.0,,0.0,0.0,0.0
11/07/2022,Izquierda,PF91,,0.0,0.0,0.0,0.0,0.0,,0.0,0.0,0.0
23/07/2022,Izquierda,PF91,0.006000000001222361,0.0030000000006111804,0.012000000000000455,0.00670820393386601,6.7082039338660095,26.56505117707799,0.020000000004074536,0.010000000002037268,0.040000000000001514,0.022360679779553368
01/08/2022,Izquierda,PF91,,0.0,0.0,0.0,0.0,0.0,,0.0,0.0,0.0
08/08/2022,Izquierda,PF91,,0.0,0.0,0.0,0.0,0.0,,0.0,0.0,0.0
16/08/2022,Izquierda,PF91,,0.0,0.0,0.0,0.0,0.0,,0.0,0.0,0.0
30/08/2022,Izquierda,PF91,,0.0,0.0,0.0,0.0,0.0,,0.0,0.0,0.0
13/11/2022,Izquierda,PF91,0.00010000000474974513,0.0,0.0,0.00010000000474974513,0.10000000474974513,360.0,0.00024213076210592043,0.0,0.0,0.00024213076210592043
13/11/2022,Izquierda,PF91,,,,,,,,,,
09/02/2023,Izquierda,PF91,,,,,,,,,,
20/02/2023,Izquierda,PF91,0.0,0.0,0.0,0.0,0.0,,0.0,0.0,0.0,0.0
11/03/2023,Izquierda,PF91,,0.0,0.0,0.0,0.0,0.0,,0.0,0.0,0.0
15/03/2023,Izquierda,PF91,,0.0,0.0,0.0,0.0,0.0,,0.0,0.0,0.0
29/03/2023,Izquierda,PF91,-0.007099999995261896,0.0007000000005064066,-0.006000000000000227,0.007134423588029232,7.134423588029232,174.36931723458403,-0.012932604727252998,0.0012750455382630357,-0.010928961748634293,0.01299530708202046
04/04/2023,Izquierda,PF91,,,,,,,,,,
12/04/2023,Izquierda,PF91,,0.0,0.0,0.0,0.0,0.0,,0.0,0.0,0.0
16/04/2023,Izquierda,PF91,,,,,,,,,,
25/04/2023,Izquierda,PF91,-0.006999999997788109,-0.0010000000002037268,-0.006000000000000227,0.007071067809704626,7.071067809704625,188.1301023583248,-0.012152777773937688,-0.0017361111114648036,-0.010416666666667062,0.012276159391848307
09/05/2023,Izquierda,PF91,,,,,,,,,,
19/05/2023,Izquierda,PF91,,,,,,,,,,
27/05/2023,Izquierda,PF91,,,,,,,,,,
31/05/2023,Izquierda,PF91,,,,,,,,,,
11/06/2023,Izquierda,PF91,-0.006999999997788109,-0.0020000000004074536,-0.0049999999999954525,0.007280109887265668,7.2801098872656675,195.94539590878856,-0.011235955052629388,-0.00321027287384824,-0.008025682182978253,0.011685569642481007
19/06/2023,Izquierda,PF91,-0.006000000001222361,0.016999999999825377,0.014000000000010004,0.018027756377562106,18.027756377562106,109.44003483202434,-0.009508716325233537,0.0269413629157296,0.022187004754374018,0.028570136889955793
06/07/2023,Izquierda,PF91,,,,,,,,,,
17/07/2023,Izquierda,PF91,-0.01999999999679858,0.007000000001426088,-0.002999999999985903,0.02118962009786651,21.18962009786651,160.709953774312,-0.030349013652198147,0.010622154782133669,-0.00455235204853703,0.032154203486899104
28/07/2023,Izquierda,PF91,,,,,,,,,,
19/08/2023,Izquierda,PF91,0.0070000000050640665,0.01299999999901047,-0.003999999999990678,0.014764823061763022,14.764823061763021,61.69924421487061,0.0101156069437342,0.018786127166200102,-0.005780346820795776,0.02133644951121824
25/08/2023,Izquierda,PF91,,,,,,,,,,
24/09/2023,Izquierda,PF91,0.0030000000042491592,0.014999999999417923,-0.0010000000000047748,0.01529705854104091,15.29705854104091,78.69006750994588,0.004120879126715878,0.02060439560359605,-0.0013736263736329325,0.02101244305088037
16/10/2023,Izquierda,PF91,,,,,,,,,,
01/11/2023,Izquierda,PF91,0.0010000000038417056,0.01299999999901047,-0.007000000000005002,0.013038404809713328,13.038404809713327,85.60129462783875,0.0013054830337359082,0.016971279372076334,-0.009138381201050916,0.01702141620067014
14/09/2024,Izquierda,PF91,0.0,0.011999999998806743,0.0049999999999954525,0.011999999998806743,11.999999998806743,90.0,0.0,0.01107011070000622,0.00461254612545706,0.01107011070000622
19/04/2025,Izquierda,PF91,-0.004000000000814907,0.01299999999901047,0.0020000000000095497,0.013601470508029324,13.601470508029324,107.10272897355921,-0.0030745580329092294,0.009992313604158701,0.00153727901614877,0.010454627600329995
24/05/2025,Izquierda,PF91,-0.000999999996565748,0.013999999999214197,0.007000000000005002,0.014035668846589713,14.035668846589713,94.08561676621989,-0.0007485029914414282,0.010479041915579489,0.005239520958087577,0.010505740154633018
06/10/2021,Izquierda,PF93  ,-0.0026666666744858958,0.0010000000002037268,0.007333333333320979,0.0028480012558320827,2.8480012558320826,159.4439548318129,-0.2666666674485896,0.10000000002037268,0.7333333333320979,0.2848001255832083
10/10/2021,Izquierda,PF93  ,-0.0006666666740784422,0.0020000000004074536,-0.0016666666666651508,0.0021081851095092734,2.1081851095092734,108.43494901051875,-0.04761904814846015,0.14285714288624668,-0.11904761904751078,0.15058465067923382
19/10/2021,Izquierda,PF93  ,0.00033333332976326346,0.0020000000004074536,0.0033333333333303017,0.0020275875099144006,2.0275875099144005,80.53767789337803,0.014492753467967976,0.08695652175684582,0.14492753623175225,0.08815597869193047
28/10/2021,Izquierda,PF93  ,0.003333333326736465,0.007000000001426088,0.00533333333331143,0.007753135564860014,7.753135564860014,64.53665498667468,0.10416666646051453,0.21875000004456524,0.16666666666598218,0.24228548640187544
02/11/2021,Izquierda,PF93  ,0.005333333327143919,0.007000000001426088,-0.006666666666689025,0.008800252519012694,8.800252519012693,52.69605175969741,0.14414414397686268,0.1891891892277321,-0.18018018018078447,0.23784466267601873
12/11/2021,Izquierda,PF93  ,0.00033333332976326346,0.0030000000006111804,-0.0016666666666651508,0.003018461712925666,3.018461712925666,83.65980832272305,0.007092198505601351,0.0638297872470464,-0.03546099290776917,0.06422258963671629
18/11/2021,Izquierda,PF93  ,0.002333333330170717,0.0030000000006111804,0.0043333333333350765,0.003800584748871238,3.800584748871238,52.12501639219336,0.0440251571730324,0.05660377359643737,0.08176100628934108,0.0717091462051177
24/11/2021,Izquierda,PF93  ,9.999999747378752e-05,0.0,0.0,9.999999747378752e-05,0.09999999747378752,360.0,0.0016949152114201275,0.0,0.0,0.0016949152114201275
01/12/2021,Izquierda,PF93  ,9.999999747378752e-05,0.0,0.0,9.999999747378752e-05,0.09999999747378752,360.0,0.0015151514768755685,0.0,0.0,0.0015151514768755685
09/12/2021,Izquierda,PF93  ,9.999999747378752e-05,0.0,0.0,9.999999747378752e-05,0.09999999747378752,360.0,0.0013513513172133448,0.0,0.0,0.0013513513172133448
30/01/2022,Izquierda,PF93  ,9.999999747378752e-05,0.0,0.0,9.999999747378752e-05,0.09999999747378752,360.0,0.0007936507736014882,0.0,0.0,0.0007936507736014882
11/02/2022,Izquierda,PF93  ,-0.0075666666743927635,0.00999999999839929,-0.009666666666674928,0.012540113417722817,12.540113417722816,127.11357841866048,-0.05483091793038234,0.07246376810434267,-0.07004830917880382,0.09087038708494795
27/02/2022,Izquierda,PF93  ,-0.00556666667398531,-0.0020000000004074536,0.0063333333333162045,0.005915046733618297,5.915046733618297,199.76242091213913,-0.0361471861947098,-0.01298701298965879,0.041125541125429904,0.03840939437414479
12/03/2022,Izquierda,PF93  ,9.999999747378752e-05,0.0,0.0,9.999999747378752e-05,0.09999999747378752,360.0,0.00059880238008256,0.0,0.0,0.00059880238008256
30/03/2022,Izquierda,PF93  ,9.999999747378752e-05,0.0,0.0,9.999999747378752e-05,0.09999999747378752,360.0,0.0005405405268853379,0.0,0.0,0.0005405405268853379
06/04/2022,Izquierda,PF93  ,9.999999747378752e-05,0.0,0.0,9.999999747378752e-05,0.09999999747378752,360.0,0.0005208333201759766,0.0,0.0,0.0005208333201759766
11/04/2022,Izquierda,PF93  ,,,,,,,,,,
18/04/2022,Izquierda,PF93  ,,0.0,0.0,0.0,0.0,0.0,,0.0,0.0,0.0
01/05/2022,Izquierda,PF93  ,-0.046900000001187436,-0.04799999999886495,-0.002999999999985903,0.06710894128208562,67.10894128208562,225.66409415146424,-0.21612903226353658,-0.22119815667679701,-0.013824884792561764,0.30925779392666186
09/05/2022,Izquierda,PF93  ,,0.0,0.0,0.0,0.0,0.0,,0.0,0.0,0.0
16/05/2022,Izquierda,PF93  ,,0.0,0.0,0.0,0.0,0.0,,0.0,0.0,0.0
23/05/2022,Izquierda,PF93  ,-0.0020000000004074536,0.0029999999969732016,0.015999999999991132,0.0036055512731715555,3.6055512731715553,123.69006755804762,-0.00836820083852491,0.012552301242565697,0.06694560669452357,0.015085988590675965
30/05/2022,Izquierda,PF93  ,,0.0,0.0,0.0,0.0,0.0,,0.0,0.0,0.0
13/06/2022,Izquierda,PF93  ,,0.0,0.0,0.0,0.0,0.0,,0.0,0.0,0.0
24/06/2022,Izquierda,PF93  ,1.00000761449337e-07,0.0,0.0,1.00000761449337e-07,0.000100000761449337,360.0,3.690064998130517e-07,0.0,0.0,3.690064998130517e-07
27/06/2022,Izquierda,PF93  ,,0.0,0.0,0.0,0.0,0.0,,0.0,0.0,0.0
04/07/2022,Izquierda,PF93  ,,0.0,0.0,0.0,0.0,0.0,,0.0,0.0,0.0
11/07/2022,Izquierda,PF93  ,,0.0,0.0,0.0,0.0,0.0,,0.0,0.0,0.0
23/07/2022,Izquierda,PF93  ,0.0010000000038417056,0.005999999997584382,0.015999999999991132,0.0060827625285470414,6.0827625285470415,80.53767775253964,0.003333333346139019,0.01999999999194794,0.05333333333330378,0.020275875095156805
01/08/2022,Izquierda,PF93  ,,0.0,0.0,0.0,0.0,0.0,,0.0,0.0,0.0
08/08/2022,Izquierda,PF93  ,,0.0,0.0,0.0,0.0,0.0,,0.0,0.0,0.0
16/08/2022,Izquierda,PF93  ,,0.0,0.0,0.0,0.0,0.0,,0.0,0.0,0.0
30/08/2022,Izquierda,PF93  ,,0.0,0.0,0.0,0.0,0.0,,0.0,0.0,0.0
13/11/2022,Izquierda,PF93  ,0.0020000000004074536,0.008999999998195563,0.0030000000000143245,0.009219544455619807,9.219544455619808,77.471192285944,0.004842615013093108,0.021791767550110322,0.007263922518194491,0.022323352192784036
13/11/2022,Izquierda,PF93  ,,,,,,,,,,
09/02/2023,Izquierda,PF93  ,,,,,,,,,,
20/02/2023,Izquierda,PF93  ,0.0,0.0,0.0,0.0,0.0,,0.0,0.0,0.0,0.0
11/03/2023,Izquierda,PF93  ,,0.0,0.0,0.0,0.0,0.0,,0.0,0.0,0.0
15/03/2023,Izquierda,PF93  ,,0.0,0.0,0.0,0.0,0.0,,0.0,0.0,0.0
29/03/2023,Izquierda,PF93  ,-0.00909999999566935,-0.005300000000715954,-0.0010000000000047748,0.010530906890138726,10.530906890138727,210.2172739726086,-0.0165755919775398,-0.009653916212597367,-0.0018214936247810105,0.019181979763458517
04/04/2023,Izquierda,PF93  ,,,,,,,,,,
12/04/2023,Izquierda,PF93  ,,0.0,0.0,0.0,0.0,0.0,,0.0,0.0,0.0
16/04/2023,Izquierda,PF93  ,,,,,,,,,,
25/04/2023,Izquierda,PF93  ,-0.00999999999476131,-0.006000000001222361,-0.0010000000000047748,0.011661903785827363,11.661903785827363,210.96375655046535,-0.01736111110201616,-0.010416666668788821,-0.0017361111111194006,0.020246360739283615
09/05/2023,Izquierda,PF93  ,,,,,,,,,,
19/05/2023,Izquierda,PF93  ,,,,,,,,,,
27/05/2023,Izquierda,PF93  ,,,,,,,,,,
31/05/2023,Izquierda,PF93  ,,,,,,,,,,
11/06/2023,Izquierda,PF93  ,-0.010999999998603016,-0.005000000001018634,-0.0010000000000047748,0.012083045972744318,12.083045972744317,204.44395478755493,-0.01765650080032587,-0.0080256821846206,-0.0016051364366047752,0.019394937355929887
19/06/2023,Izquierda,PF93  ,-0.007999999994353857,0.026999999998224666,0.009000000000014552,0.028160255677351257,28.160255677351255,106.50436137176668,-0.012678288422113878,0.04278922345202007,0.014263074484967594,0.04462798047123812
06/07/2023,Izquierda,PF93  ,,,,,,,,,,
17/07/2023,Izquierda,PF93  ,-0.027999999998428393,-0.005000000001018634,0.0020000000000095497,0.028442925305287716,28.442925305287716,190.12467165797435,-0.04248861911749377,-0.007587253415809764,0.0030349013657201057,0.043160736426840235
28/07/2023,Izquierda,PF93  ,,,,,,,,,,
19/08/2023,Izquierda,PF93  ,0.006000000001222361,0.027999999998428393,0.0030000000000143245,0.028635642125272105,28.635642125272106,77.90524291993755,0.00867052023298029,0.04046242774339363,0.0043352601156276364,0.041380985730161995
25/08/2023,Izquierda,PF93  ,,,,,,,,,,
24/09/2023,Izquierda,PF93  ,-0.004000000000814907,0.01999999999679858,0.003999999999990678,0.020396078051391705,20.396078051391704,101.30993247802868,-0.005494505495624873,0.027472527468129913,0.005494505494492689,0.02801659072993366
16/10/2023,Izquierda,PF93  ,,,,,,,,,,
01/11/2023,Izquierda,PF93  ,-0.006999999997788109,0.014999999999417923,0.003999999999990678,0.016552945355784002,16.552945355784,115.01689347201415,-0.009138381198156801,0.019582245430049508,0.005221932114870337,0.02160958923731593
14/09/2024,Izquierda,PF93  ,-0.0020000000004074536,0.01999999999679858,0.003999999999990678,0.02009975123909679,20.09975123909679,95.7105931395634,-0.0018450184505603817,0.018450184498891676,0.0036900369003604037,0.018542205940126188
19/04/2025,Izquierda,PF93  ,-0.013999999995576218,0.011999999998806743,0.0030000000000143245,0.018439088910450426,18.439088910450426,139.39870534886492,-0.010760953109589714,0.009223674095931394,0.0023059185242231546,0.014173012229400789
24/05/2025,Izquierda,PF93  ,-0.008999999998195563,0.016999999999825377,0.01099999999999568,0.019235384060672742,19.235384060672743,117.89727102644079,-0.0067365269447571575,0.012724550898072888,0.008233532934128502,0.014397742560383788
06/10/2021,Izquierda,PF15  ,0.001333333333604969,0.001333333333604969,2.842170943040401e-14,0.0018856180835482776,1.8856180835482776,45.0,0.1333333333604969,0.1333333333604969,2.8421709430404007e-12,0.18856180835482775
10/10/2021,Izquierda,PF15  ,-0.0016666666633682325,0.001333333333604969,0.008000000000038199,0.0021343747434049948,2.1343747434049947,141.34019168490283,-0.11904761881201661,0.0952380952574978,0.5714285714312999,0.1524553388146425
19/10/2021,Izquierda,PF15  ,-0.002666666667209938,0.001333333333604969,0.011000000000024102,0.002981423970607116,2.981423970607116,153.43494882292202,-0.11594202900912776,0.05797101450456388,0.4782608695662653,0.1296271291568311
28/10/2021,Izquierda,PF15  ,-0.0016666666633682325,0.002333333333808696,0.004000000000019099,0.002867441754150518,2.8674417541505184,125.53767773282226,-0.05208333323025727,0.07291666668152175,0.12500000000059686,0.0896075548172037
02/11/2021,Izquierda,PF15  ,-0.0006666666668024845,0.002333333333808696,0.009000000000014552,0.002426703296921224,2.426703296921224,105.94539590092285,-0.018018018021688773,0.0630630630759107,0.24324324324363653,0.06558657559246552
12/11/2021,Izquierda,PF15  ,0.001333333333604969,-0.0016666666670062114,-0.003999999999962256,0.002134374746245779,2.1343747462457787,308.6598082540901,0.02836879433202062,-0.035460992915025774,-0.08510638297792034,0.0454122286435272
18/11/2021,Izquierda,PF15  ,-0.0006666666668024845,0.001333333333604969,0.0030000000000143245,0.001490711985303558,1.490711985303558,116.56505117707799,-0.012578616354763858,0.025157232709527716,0.05660377358517593,0.028126641232142605
24/11/2021,Izquierda,PF15  ,9.999999747378752e-05,0.0,0.0,9.999999747378752e-05,0.09999999747378752,360.0,0.0016949152114201275,0.0,0.0,0.0016949152114201275
01/12/2021,Izquierda,PF15  ,9.999999747378752e-05,0.0,0.0,9.999999747378752e-05,0.09999999747378752,360.0,0.0015151514768755685,0.0,0.0,0.0015151514768755685
09/12/2021,Izquierda,PF15  ,9.999999747378752e-05,0.0,0.0,9.999999747378752e-05,0.09999999747378752,360.0,0.0013513513172133448,0.0,0.0,0.0013513513172133448
30/01/2022,Izquierda,PF15  ,9.999999747378752e-05,0.0,0.0,9.999999747378752e-05,0.09999999747378752,360.0,0.0007936507736014882,0.0,0.0,0.0007936507736014882
11/02/2022,Izquierda,PF15  ,-0.008566666663682554,0.001333333333604969,-0.007999999999981355,0.008669807120412317,8.669807120412317,171.15334830715216,-0.06207729466436634,0.009661835750760645,-0.05797101449261852,0.06282468927835012
27/02/2022,Izquierda,PF15  ,-0.0025666666697361507,0.001333333333604969,0.008000000000038199,0.0028923270167871065,2.8923270167871067,152.54900225232322,-0.01666666668659838,0.008658008659772527,0.05194805194829999,0.01878134426485134
12/03/2022,Izquierda,PF15  ,9.999999747378752e-05,0.0,0.0,9.999999747378752e-05,0.09999999747378752,360.0,0.00059880238008256,0.0,0.0,0.00059880238008256
30/03/2022,Izquierda,PF15  ,9.999999747378752e-05,0.0,0.0,9.999999747378752e-05,0.09999999747378752,360.0,0.0005405405268853379,0.0,0.0,0.0005405405268853379
06/04/2022,Izquierda,PF15  ,,,,,,,,,,
11/04/2022,Izquierda,PF15  ,,,,,,,,,,
18/04/2022,Izquierda,PF15  ,,0.0,0.0,0.0,0.0,0.0,,0.0,0.0,0.0
01/05/2022,Izquierda,PF15  ,,,,,,,,,,
09/05/2022,Izquierda,PF15  ,,0.0,0.0,0.0,0.0,0.0,,0.0,0.0,0.0
16/05/2022,Izquierda,PF15  ,,0.0,0.0,0.0,0.0,0.0,,0.0,0.0,0.0
23/05/2022,Izquierda,PF15  ,9.999999747378752e-05,0.0,0.0,9.999999747378752e-05,0.09999999747378752,360.0,0.0004184100312710775,0.0,0.0,0.0004184100312710775
30/05/2022,Izquierda,PF15  ,,0.0,0.0,0.0,0.0,0.0,,0.0,0.0,0.0
13/06/2022,Izquierda,PF15  ,,0.0,0.0,0.0,0.0,0.0,,0.0,0.0,0.0
24/06/2022,Izquierda,PF15  ,9.999999747378752e-05,0.0,0.0,9.999999747378752e-05,0.09999999747378752,360.0,0.0003690036807150831,0.0,0.0,0.0003690036807150831
27/06/2022,Izquierda,PF15  ,,0.0,0.0,0.0,0.0,0.0,,0.0,0.0,0.0
04/07/2022,Izquierda,PF15  ,,0.0,0.0,0.0,0.0,0.0,,0.0,0.0,0.0
11/07/2022,Izquierda,PF15  ,,0.0,0.0,0.0,0.0,0.0,,0.0,0.0,0.0
23/07/2022,Izquierda,PF15  ,9.999999747378752e-05,0.0,0.0,9.999999747378752e-05,0.09999999747378752,360.0,0.000333333324912625,0.0,0.0,0.000333333324912625
01/08/2022,Izquierda,PF15  ,,0.0,0.0,0.0,0.0,0.0,,0.0,0.0,0.0
08/08/2022,Izquierda,PF15  ,,0.0,0.0,0.0,0.0,0.0,,0.0,0.0,0.0
16/08/2022,Izquierda,PF15  ,,0.0,0.0,0.0,0.0,0.0,,0.0,0.0,0.0
30/08/2022,Izquierda,PF15  ,,0.0,0.0,0.0,0.0,0.0,,0.0,0.0,0.0
13/11/2022,Izquierda,PF15  ,9.999999747378752e-05,0.0,0.0,9.999999747378752e-05,0.09999999747378752,360.0,0.00024213074448858963,0.0,0.0,0.00024213074448858963
13/11/2022,Izquierda,PF15  ,9.999999747378752e-05,0.0,0.0,9.999999747378752e-05,0.09999999747378752,360.0,0.00024213074448858963,0.0,0.0,0.00024213074448858963
09/02/2023,Izquierda,PF15  ,,,,,,,,,,
20/02/2023,Izquierda,PF15  ,,,,,,,,,,
11/03/2023,Izquierda,PF15  ,,0.0,0.0,0.0,0.0,0.0,,0.0,0.0,0.0
15/03/2023,Izquierda,PF15  ,,0.0,0.0,0.0,0.0,0.0,,0.0,0.0,0.0
29/03/2023,Izquierda,PF15  ,9.999999747378752e-05,0.0,0.0,9.999999747378752e-05,0.09999999747378752,360.0,0.00018214935787575138,0.0,0.0,0.00018214935787575138
04/04/2023,Izquierda,PF15  ,,,,,,,,,,
12/04/2023,Izquierda,PF15  ,,0.0,0.0,0.0,0.0,0.0,,0.0,0.0,0.0
16/04/2023,Izquierda,PF15  ,,,,,,,,,,
25/04/2023,Izquierda,PF15  ,9.999999747378752e-05,0.0,0.0,9.999999747378752e-05,0.09999999747378752,360.0,0.00017361110672532555,0.0,0.0,0.00017361110672532555
09/05/2023,Izquierda,PF15  ,,,,,,,,,,
19/05/2023,Izquierda,PF15  ,,,,,,,,,,
27/05/2023,Izquierda,PF15  ,,,,,,,,,,
31/05/2023,Izquierda,PF15  ,,,,,,,,,,
11/06/2023,Izquierda,PF15  ,9.999999747378752e-05,0.0,0.0,9.999999747378752e-05,0.09999999747378752,360.0,0.00016051363960479536,0.0,0.0,0.00016051363960479536
19/06/2023,Izquierda,PF15  ,0.1464333333351533,-0.022666666664008517,0.060000000000030695,0.14817725496614315,148.17725496614315,351.20092130055804,0.2320655044931114,-0.03592181721712919,0.0950871632330122,0.23482924717296855
06/07/2023,Izquierda,PF15  ,,,,,,,,,,
17/07/2023,Izquierda,PF15  ,-0.010566666664090008,0.009333333335234784,-0.002999999999985903,0.014098423867106418,14.098423867106419,138.54645858048158,-0.016034395544901377,0.014162873042844892,-0.00455235204853703,0.021393662924288948
28/07/2023,Izquierda,PF15  ,,,,,,,,,,
19/08/2023,Izquierda,PF15  ,-0.012566666664497461,0.002333333333808696,2.842170943040401e-14,0.01278145357552319,12.781453575523189,169.48131442875672,-0.018159922925574366,0.003371868979492335,4.1071834437000006e-14,0.01847030863514912
25/08/2023,Izquierda,PF15  ,,,,,,,,,,
24/09/2023,Izquierda,PF15  ,-0.010566666664090008,0.001333333333604969,2.842170943040401e-14,0.010650456430054685,10.650456430054685,172.80825722678344,-0.014514652011112648,0.0018315018318749575,3.904080965714836e-14,0.01462974784348171
16/10/2023,Izquierda,PF15  ,,,,,,,,,,
01/11/2023,Izquierda,PF15  ,-0.010566666664090008,0.006333333334623603,2.842170943040401e-14,0.01231931635755189,12.31931635755189,149.0628308233937,-0.013794604000117503,0.008268059183581727,3.710405930862142e-14,0.016082658430224397
14/09/2024,Izquierda,PF15  ,-0.01556666666874662,0.0043333333342161495,0.008000000000038199,0.016158554668078945,16.158554668078946,164.44425485153923,-0.014360393605854817,0.00399753997621416,0.0073800738007732455,0.014906415745460281
19/04/2025,Izquierda,PF15  ,-0.014566666664904915,0.0033333333340124227,-0.003999999999962256,0.014943188710649761,14.94318871064976,167.1107590381857,-0.011196515499542595,0.0025621316940910243,-0.003074558032253848,0.011485925219561691
24/05/2025,Izquierda,PF15  ,-0.014566666664904915,0.002333333333808696,-0.0009999999999763531,0.014752363274171188,14.752363274171188,170.89949625272857,-0.010903193611455775,0.0017465069863837545,-0.0007485029939942763,0.011042188079469452
06/10/2021,Izquierda,PF16 ,-0.0010000000038417056,0.0030000000006111804,0.007666666666665378,0.0031622776619630497,3.1622776619630497,108.43494888545426,-0.10000000038417056,0.30000000006111804,0.7666666666665378,0.31622776619630494
10/10/2021,Izquierda,PF16 ,-0.0030000000042491592,0.0,0.015666666666675155,0.0030000000042491592,3.0000000042491592,180.0,-0.21428571458922566,0.0,1.1190476190482255,0.21428571458922566
19/10/2021,Izquierda,PF16 ,-7.275957614183426e-12,0.0020000000004074536,0.01266666666666083,0.0020000000004074536,2.0000000004074536,90.00000020844082,-3.1634598322536635e-10,0.08695652175684582,0.5507246376809056,0.08695652175684582
28/10/2021,Izquierda,PF16 ,-0.0020000000076834112,0.0,0.006666666666660603,0.0020000000076834112,2.0000000076834112,180.0,-0.0625000002401066,0.0,0.20833333333314386,0.0625000002401066
02/11/2021,Izquierda,PF16 ,0.0029999999969732016,0.0020000000004074536,0.006666666666660603,0.0036055512731715555,3.6055512731715553,33.69006755804761,0.08108108099927572,0.05405405406506632,0.1801801801800163,0.09744733170733934
12/11/2021,Izquierda,PF16 ,-7.275957614183426e-12,0.0010000000002037268,-0.001333333333320752,0.0010000000002037268,1.0000000002037268,90.00000041688166,-1.5480760881241331e-10,0.021276595749015467,-0.028368794325973445,0.021276595749015467
18/11/2021,Izquierda,PF16 ,0.0029999999969732016,0.0030000000006111804,0.0036666666666747005,0.004242640685411185,4.242640685411185,45.00000003474014,0.05660377352779626,0.05660377359643737,0.0691823899372585,0.08004982425304123
24/11/2021,Izquierda,PF16 ,9.999999747378752e-05,0.0,0.0,9.999999747378752e-05,0.09999999747378752,360.0,0.0016949152114201275,0.0,0.0,0.0016949152114201275
01/12/2021,Izquierda,PF16 ,9.999999747378752e-05,0.0,0.0,9.999999747378752e-05,0.09999999747378752,360.0,0.0015151514768755685,0.0,0.0,0.0015151514768755685
09/12/2021,Izquierda,PF16 ,9.999999747378752e-05,0.0,0.0,9.999999747378752e-05,0.09999999747378752,360.0,0.0013513513172133448,0.0,0.0,0.0013513513172133448
30/01/2022,Izquierda,PF16 ,0.006099999991420191,0.004999999997380655,0.0036666666666747005,0.007887331606388366,7.887331606388366,39.34051818463197,0.04841269834460469,0.03968253966175123,0.02910052910059286,0.06259786989197115
11/02/2022,Izquierda,PF16 ,-0.014900000009220093,0.0,-0.0033333333333303017,0.014900000009220093,14.900000009220093,180.0,-0.1079710145595659,0.0,-0.024154589371958708,0.1079710145595659
27/02/2022,Izquierda,PF16 ,-0.00990000000456348,0.0010000000002037268,0.015666666666675155,0.00995037688184545,9.95037688184545,174.23211110355953,-0.06428571431534728,0.006493506494829395,0.10173160173165685,0.06461283689510032
12/03/2022,Izquierda,PF16 ,9.999999747378752e-05,0.0,0.0,9.999999747378752e-05,0.09999999747378752,360.0,0.00059880238008256,0.0,0.0,0.00059880238008256
30/03/2022,Izquierda,PF16 ,9.999999747378752e-05,0.0,0.0,9.999999747378752e-05,0.09999999747378752,360.0,0.0005405405268853379,0.0,0.0,0.0005405405268853379
06/04/2022,Izquierda,PF16 ,,,,,,,,,,
11/04/2022,Izquierda,PF16 ,,,,,,,,,,
18/04/2022,Izquierda,PF16 ,,0.0,0.0,0.0,0.0,0.0,,0.0,0.0,0.0
01/05/2022,Izquierda,PF16 ,,,,,,,,,,
09/05/2022,Izquierda,PF16 ,,0.0,0.0,0.0,0.0,0.0,,0.0,0.0,0.0
16/05/2022,Izquierda,PF16 ,,0.0,0.0,0.0,0.0,0.0,,0.0,0.0,0.0
23/05/2022,Izquierda,PF16 ,9.999999747378752e-05,0.0,0.0,9.999999747378752e-05,0.09999999747378752,360.0,0.0004184100312710775,0.0,0.0,0.0004184100312710775
30/05/2022,Izquierda,PF16 ,,0.0,0.0,0.0,0.0,0.0,,0.0,0.0,0.0
13/06/2022,Izquierda,PF16 ,,0.0,0.0,0.0,0.0,0.0,,0.0,0.0,0.0
24/06/2022,Izquierda,PF16 ,9.999999747378752e-05,0.0,0.0,9.999999747378752e-05,0.09999999747378752,360.0,0.0003690036807150831,0.0,0.0,0.0003690036807150831
27/06/2022,Izquierda,PF16 ,,0.0,0.0,0.0,0.0,0.0,,0.0,0.0,0.0
04/07/2022,Izquierda,PF16 ,,0.0,0.0,0.0,0.0,0.0,,0.0,0.0,0.0
11/07/2022,Izquierda,PF16 ,,0.0,0.0,0.0,0.0,0.0,,0.0,0.0,0.0
23/07/2022,Izquierda,PF16 ,9.999999747378752e-05,0.0,0.0,9.999999747378752e-05,0.09999999747378752,360.0,0.000333333324912625,0.0,0.0,0.000333333324912625
01/08/2022,Izquierda,PF16 ,,0.0,0.0,0.0,0.0,0.0,,0.0,0.0,0.0
08/08/2022,Izquierda,PF16 ,,0.0,0.0,0.0,0.0,0.0,,0.0,0.0,0.0
16/08/2022,Izquierda,PF16 ,,0.0,0.0,0.0,0.0,0.0,,0.0,0.0,0.0
30/08/2022,Izquierda,PF16 ,,0.0,0.0,0.0,0.0,0.0,,0.0,0.0,0.0
13/11/2022,Izquierda,PF16 ,-0.006900000007590279,0.0,-0.002333333333325527,0.006900000007590279,6.900000007590279,180.0,-0.016707021810145956,0.0,-0.005649717514105392,0.016707021810145956
13/11/2022,Izquierda,PF16 ,0.005099999994854443,-0.0010000000002037268,-0.017333333333340306,0.005197114579064307,5.197114579064307,348.90627697532295,0.012348668268412695,-0.002421307506546554,-0.04196933010494021,0.012583812540107282
09/02/2023,Izquierda,PF16 ,,,,,,,,,,
20/02/2023,Izquierda,PF16 ,9.999999747378752e-05,0.0,0.0,9.999999747378752e-05,0.09999999747378752,360.0,0.00019531249506599124,0.0,0.0,0.00019531249506599124
11/03/2023,Izquierda,PF16 ,,0.0,0.0,0.0,0.0,0.0,,0.0,0.0,0.0
15/03/2023,Izquierda,PF16 ,,0.0,0.0,0.0,0.0,0.0,,0.0,0.0,0.0
29/03/2023,Izquierda,PF16 ,0.00459999999293359,-0.0035000000025320332,-0.014433333333329301,0.00578013840255692,5.78013840255692,322.73359803663413,0.008378870661081221,-0.0063752276913151785,-0.026290224650873044,0.010528485250559053
04/04/2023,Izquierda,PF16 ,,,,,,,,,,
12/04/2023,Izquierda,PF16 ,,0.0,0.0,0.0,0.0,0.0,,0.0,0.0,0.0
16/04/2023,Izquierda,PF16 ,,,,,,,,,,
25/04/2023,Izquierda,PF16 ,0.0010999999940395355,-0.006000000001222361,-0.015333333333330756,0.006100000000127484,6.100000000127484,280.3888577583318,0.0019097222118741937,-0.010416666668788821,-0.026620370370365895,0.010590277777999105
09/05/2023,Izquierda,PF16 ,,,,,,,,,,
19/05/2023,Izquierda,PF16 ,,,,,,,,,,
27/05/2023,Izquierda,PF16 ,,,,,,,,,,
31/05/2023,Izquierda,PF16 ,,,,,,,,,,
11/06/2023,Izquierda,PF16 ,0.0020999999906052835,-0.006000000001222361,-0.015333333333330756,0.006356886028175314,6.356886028175314,289.2900461356267,0.003370786501774131,-0.00963081862154472,-0.02461209202781823,0.010203669387119283
19/06/2023,Izquierda,PF16 ,,,,,,,,,,
06/07/2023,Izquierda,PF16 ,,,,,,,,,,
17/07/2023,Izquierda,PF16 ,,,,,,,,,,
28/07/2023,Izquierda,PF16 ,,,,,,,,,,
19/08/2023,Izquierda,PF16 ,-0.01590000000578584,0.0030000000006111804,0.004666666666679475,0.016180543877993003,16.180543877993003,169.3150876016692,-0.022976878621077803,0.004335260116490145,0.006743737957629299,0.02338228884103035
25/08/2023,Izquierda,PF16 ,,,,,,,,,,
24/09/2023,Izquierda,PF16 ,,,,,,,,,,
16/10/2023,Izquierda,PF16 ,,,,,,,,,,
01/11/2023,Izquierda,PF16 ,-0.013900000005378388,0.004999999997380655,0.000666666666660376,0.014771932849946405,14.771932849946404,160.21572131261158,-0.018146214106238106,0.006527415140183623,0.0008703220191388721,0.019284507637005753
14/09/2024,Izquierda,PF16 ,-0.013900000005378388,0.0010000000002037268,0.0016666666666651508,0.013935924804257758,13.935924804257759,175.88509090251404,-0.0128228782337439,0.0009225092252801908,0.0015375153751523531,0.012856019192119704
19/04/2025,Izquierda,PF16 ,-0.014900000009220093,0.0,-0.0063333333333162045,0.014900000009220093,14.900000009220093,180.0,-0.011452728677340578,0.0,-0.004868050217768028,0.011452728677340578
24/05/2025,Izquierda,PF16 ,-0.017900000006193295,0.0,0.00566666666668425,0.017900000006193295,17.900000006193295,180.0,-0.013398203597450071,0.0,0.004241516966081025,0.013398203597450071
06/10/2021,Izquierda,PF17 ,0.0006666666668024845,0.0016666666670062114,0.0,0.0017950549360772022,1.7950549360772021,68.19859051364818,0.06666666668024845,0.16666666670062114,0.0,0.17950549360772022
10/10/2021,Izquierda,PF17 ,0.0006666666668024845,0.0006666666668024845,0.0010000000000047748,0.0009428090417741388,0.9428090417741388,45.0,0.0476190476287489,0.0476190476287489,0.07142857142891249,0.06734350298386706
19/10/2021,Izquierda,PF17 ,-0.00033333332976326346,0.0006666666668024845,0.010000000000019327,0.0007453559910248253,0.7453559910248253,116.56505092694898,-0.014492753467967976,0.02898550725228194,0.43478260869649243,0.03240678221847067
28/10/2021,Izquierda,PF17 ,-0.001333333333604969,-0.00033333333340124227,-0.001999999999981128,0.0013743685421525491,1.374368542152549,194.03624346792648,-0.041666666675155284,-0.010416666668788821,-0.06249999999941025,0.04294901694226716
02/11/2021,Izquierda,PF17 ,0.0006666666668024845,0.0016666666670062114,0.008000000000009777,0.0017950549360772022,1.7950549360772021,68.19859051364818,0.018018018021688773,0.04504504505422193,0.21621621621648046,0.048514998272356814
12/11/2021,Izquierda,PF17 ,0.002666666667209938,0.0016666666670062114,-0.006000000000000227,0.003144660377992853,3.144660377992853,32.005383208083494,0.05673758866404124,0.035460992915025774,-0.12765957446808995,0.06690766761686921
18/11/2021,Izquierda,PF17 ,-0.00033333332976326346,0.0016666666670062114,0.0,0.0016996731708303976,1.6996731708303976,101.30993235376589,-0.0062893081087408206,0.031446540886909645,0.0,0.0320693051100075
24/11/2021,Izquierda,PF17 ,9.999999747378752e-05,0.0,0.0,9.999999747378752e-05,0.09999999747378752,360.0,0.0016949152114201275,0.0,0.0,0.0016949152114201275
01/12/2021,Izquierda,PF17 ,9.999999747378752e-05,0.0,0.0,9.999999747378752e-05,0.09999999747378752,360.0,0.0015151514768755685,0.0,0.0,0.0015151514768755685
09/12/2021,Izquierda,PF17 ,9.999999747378752e-05,0.0,0.0,9.999999747378752e-05,0.09999999747378752,360.0,0.0013513513172133448,0.0,0.0,0.0013513513172133448
30/01/2022,Izquierda,PF17 ,-0.0022333333326969296,-0.008333333331393078,0.006000000000000227,0.008627411094125632,8.627411094125632,254.99728397997816,-0.017724867719816902,-0.06613756612216729,0.04761904761904942,0.0684715166200447
11/02/2022,Izquierda,PF17 ,-0.014233333335141651,0.0016666666670062114,-0.018000000000000682,0.014330581132953546,14.330581132953546,173.3213064306922,-0.10314009663146124,0.012077294688450807,-0.1304347826087006,0.10384479081850397
27/02/2022,Izquierda,PF17 ,-0.0012333333361311816,0.002666666667209938,0.012000000000000455,0.002938064368256936,2.938064368256936,114.82054138056316,-0.008008658026825854,0.017316017319545053,0.07792207792208088,0.019078340053616468
12/03/2022,Izquierda,PF17 ,9.999999747378752e-05,0.0,0.0,9.999999747378752e-05,0.09999999747378752,360.0,0.00059880238008256,0.0,0.0,0.00059880238008256
30/03/2022,Izquierda,PF17 ,9.999999747378752e-05,0.0,0.0,9.999999747378752e-05,0.09999999747378752,360.0,0.0005405405268853379,0.0,0.0,0.0005405405268853379
06/04/2022,Izquierda,PF17 ,,,,,,,,,,
11/04/2022,Izquierda,PF17 ,,,,,,,,,,
18/04/2022,Izquierda,PF17 ,,0.0,0.0,0.0,0.0,0.0,,0.0,0.0,0.0
01/05/2022,Izquierda,PF17 ,9.999999747378752e-05,0.0,0.0,9.999999747378752e-05,0.09999999747378752,360.0,0.0004608294814460254,0.0,0.0,0.0004608294814460254
09/05/2022,Izquierda,PF17 ,,0.0,0.0,0.0,0.0,0.0,,0.0,0.0,0.0
16/05/2022,Izquierda,PF17 ,,0.0,0.0,0.0,0.0,0.0,,0.0,0.0,0.0
23/05/2022,Izquierda,PF17 ,9.999999747378752e-05,0.0,0.0,9.999999747378752e-05,0.09999999747378752,360.0,0.0004184100312710775,0.0,0.0,0.0004184100312710775
30/05/2022,Izquierda,PF17 ,,0.0,0.0,0.0,0.0,0.0,,0.0,0.0,0.0
13/06/2022,Izquierda,PF17 ,,0.0,0.0,0.0,0.0,0.0,,0.0,0.0,0.0
24/06/2022,Izquierda,PF17 ,9.999999747378752e-05,0.0,0.0,9.999999747378752e-05,0.09999999747378752,360.0,0.0003690036807150831,0.0,0.0,0.0003690036807150831
27/06/2022,Izquierda,PF17 ,,0.0,0.0,0.0,0.0,0.0,,0.0,0.0,0.0
04/07/2022,Izquierda,PF17 ,,0.0,0.0,0.0,0.0,0.0,,0.0,0.0,0.0
11/07/2022,Izquierda,PF17 ,,0.0,0.0,0.0,0.0,0.0,,0.0,0.0,0.0
23/07/2022,Izquierda,PF17 ,9.999999747378752e-05,0.0,0.0,9.999999747378752e-05,0.09999999747378752,360.0,0.000333333324912625,0.0,0.0,0.000333333324912625
01/08/2022,Izquierda,PF17 ,,0.0,0.0,0.0,0.0,0.0,,0.0,0.0,0.0
08/08/2022,Izquierda,PF17 ,,0.0,0.0,0.0,0.0,0.0,,0.0,0.0,0.0
16/08/2022,Izquierda,PF17 ,,0.0,0.0,0.0,0.0,0.0,,0.0,0.0,0.0
30/08/2022,Izquierda,PF17 ,,0.0,0.0,0.0,0.0,0.0,,0.0,0.0,0.0
13/11/2022,Izquierda,PF17 ,9.999999747378752e-05,0.0,0.0,9.999999747378752e-05,0.09999999747378752,360.0,0.00024213074448858963,0.0,0.0,0.00024213074448858963
13/11/2022,Izquierda,PF17 ,-0.0072333333373535424,0.0006666666668024845,-0.007999999999981355,0.007263990336853132,7.263990336853132,174.7341596900644,-0.017514124303519472,0.0016142050043643694,-0.019370460048381007,0.0175883543265209
09/02/2023,Izquierda,PF17 ,,,,,,,,,,
20/02/2023,Izquierda,PF17 ,9.999999747378752e-05,0.0,0.0,9.999999747378752e-05,0.09999999747378752,360.0,0.00019531249506599124,0.0,0.0,0.00019531249506599124
11/03/2023,Izquierda,PF17 ,,0.0,0.0,0.0,0.0,0.0,,0.0,0.0,0.0
15/03/2023,Izquierda,PF17 ,,0.0,0.0,0.0,0.0,0.0,,0.0,0.0,0.0
29/03/2023,Izquierda,PF17 ,,,,,,,,,,
04/04/2023,Izquierda,PF17 ,,,,,,,,,,
12/04/2023,Izquierda,PF17 ,,0.0,0.0,0.0,0.0,0.0,,0.0,0.0,0.0
16/04/2023,Izquierda,PF17 ,,,,,,,,,,
25/04/2023,Izquierda,PF17 ,,,,,,,,,,
09/05/2023,Izquierda,PF17 ,,,,,,,,,,
19/05/2023,Izquierda,PF17 ,,,,,,,,,,
27/05/2023,Izquierda,PF17 ,,,,,,,,,,
31/05/2023,Izquierda,PF17 ,,,,,,,,,,
11/06/2023,Izquierda,PF17 ,,,,,,,,,,
19/06/2023,Izquierda,PF17 ,,,,,,,,,,
06/07/2023,Izquierda,PF17 ,,,,,,,,,,
17/07/2023,Izquierda,PF17 ,,,,,,,,,,
28/07/2023,Izquierda,PF17 ,,,,,,,,,,
19/08/2023,Izquierda,PF17 ,,,,,,,,,,
25/08/2023,Izquierda,PF17 ,,,,,,,,,,
24/09/2023,Izquierda,PF17 ,-0.013233333331299946,0.005666666667821119,-0.006000000000000227,0.014395562586487859,14.39556258648786,156.81882990391864,-0.018177655674862563,0.007783882785468569,-0.008241758241758554,0.019774124431988817
16/10/2023,Izquierda,PF17 ,,,,,,,,,,
01/11/2023,Izquierda,PF17 ,-0.009233333337760996,0.0006666666668024845,-0.003999999999990678,0.009257369441198409,9.257369441198408,175.870286939836,-0.012053959970967358,0.0008703220193243923,-0.005221932114870337,0.012085338696081475
14/09/2024,Izquierda,PF17 ,-0.022233333336771466,0.002666666667209938,0.010000000000019327,0.022392682339952084,22.392682339952085,173.1606138633857,-0.020510455107722755,0.0024600246007471754,0.009225092250940339,0.02065745603316613
19/04/2025,Izquierda,PF17 ,-0.020233333336364012,0.002666666667209938,-0.003999999999990678,0.020408304413018438,20.40830441301844,172.4919341056624,-0.01555213938229363,0.0020497053552728196,-0.003074558032275694,0.01568662906457989
24/05/2025,Izquierda,PF17 ,-0.019233333332522307,0.002666666667209938,-0.001999999999981128,0.019417317584927176,19.417317584927176,172.10636832158636,-0.014396207584223282,0.0019960079844385764,-0.0014970059880098263,0.014533920347999383
06/10/2021,Izquierda,PF18  ,-0.0010000000111176632,0.0020000000004074536,0.0043333333333350765,0.0022360679828361974,2.2360679828361976,116.56505142720698,-0.10000000111176632,0.20000000004074536,0.43333333333350765,0.22360679828361973
10/10/2021,Izquierda,PF18  ,-7.275957614183426e-12,0.0,0.00033333333331597714,7.275957614183426e-12,7.275957614183426e-09,180.0,-5.19711258155959e-10,0.0,0.02380952380828408,5.19711258155959e-10
19/10/2021,Izquierda,PF18  ,-0.0020000000076834112,0.0,0.00033333333331597714,0.0020000000076834112,2.0000000076834112,180.0,-0.0869565220731918,0.0,0.014492753622433789,0.0869565220731918
28/10/2021,Izquierda,PF18  ,-0.004000000008090865,0.0010000000002037268,0.002333333333325527,0.004123105633516364,4.123105633516364,165.96375655659597,-0.12500000025283953,0.03125000000636646,0.07291666666642271,0.12884705104738636
02/11/2021,Izquierda,PF18  ,-0.003000000011525117,0.0010000000002037268,-0.0006666666666887977,0.0031622776711664894,3.1622776711664895,161.56505123961023,-0.08108108139257073,0.02702702703253316,-0.018018018018616154,0.08546696408558078
12/11/2021,Izquierda,PF18  ,-0.0020000000076834112,0.0,0.001333333333320752,0.0020000000076834112,2.0000000076834112,180.0,-0.04255319165283854,0.0,0.028368794325973445,0.04255319165283854
18/11/2021,Izquierda,PF18  ,-7.275957614183426e-12,0.0,0.00033333333331597714,7.275957614183426e-12,7.275957614183426e-09,180.0,-1.3728221913553632e-10,0.0,0.006289308175773153,1.3728221913553632e-10
24/11/2021,Izquierda,PF18  ,9.999999747378752e-05,0.0,0.0,9.999999747378752e-05,0.09999999747378752,360.0,0.0016949152114201275,0.0,0.0,0.0016949152114201275
01/12/2021,Izquierda,PF18  ,9.999999747378752e-05,0.0,0.0,9.999999747378752e-05,0.09999999747378752,360.0,0.0015151514768755685,0.0,0.0,0.0015151514768755685
09/12/2021,Izquierda,PF18  ,9.999999747378752e-05,0.0,0.0,9.999999747378752e-05,0.09999999747378752,360.0,0.0013513513172133448,0.0,0.0,0.0013513513172133448
30/01/2022,Izquierda,PF18  ,9.999999747378752e-05,0.0,0.0,9.999999747378752e-05,0.09999999747378752,360.0,0.0007936507736014882,0.0,0.0,0.0007936507736014882
11/02/2022,Izquierda,PF18  ,9.999999747378752e-05,0.0,0.0,9.999999747378752e-05,0.09999999747378752,360.0,0.0007246376628535327,0.0,0.0,0.0007246376628535327
27/02/2022,Izquierda,PF18  ,-0.0029000000140513293,0.0010000000002037268,0.0033333333333303017,0.0030675723433857536,3.067572343385754,160.97439404438998,-0.01883116892241123,0.006493506494829395,0.02164502164500196,0.019919300931076325
12/03/2022,Izquierda,PF18  ,9.999999747378752e-05,0.0,0.0,9.999999747378752e-05,0.09999999747378752,360.0,0.00059880238008256,0.0,0.0,0.00059880238008256
30/03/2022,Izquierda,PF18  ,9.999999747378752e-05,0.0,0.0,9.999999747378752e-05,0.09999999747378752,360.0,0.0005405405268853379,0.0,0.0,0.0005405405268853379
06/04/2022,Izquierda,PF18  ,,,,,,,,,,
11/04/2022,Izquierda,PF18  ,,,,,,,,,,
18/04/2022,Izquierda,PF18  ,,0.0,0.0,0.0,0.0,0.0,,0.0,0.0,0.0
01/05/2022,Izquierda,PF18  ,-0.0029000000140513293,0.005000000001018634,0.002333333333325527,0.005780138414578327,5.780138414578327,120.11373326640162,-0.01336405536429184,0.023041474659072046,0.010752688172007037,0.026636582555660492
09/05/2022,Izquierda,PF18  ,,0.0,0.0,0.0,0.0,0.0,,0.0,0.0,0.0
16/05/2022,Izquierda,PF18  ,,0.0,0.0,0.0,0.0,0.0,,0.0,0.0,0.0
23/05/2022,Izquierda,PF18  ,9.999999747378752e-05,0.0,0.0,9.999999747378752e-05,0.09999999747378752,360.0,0.0004184100312710775,0.0,0.0,0.0004184100312710775
30/05/2022,Izquierda,PF18  ,,0.0,0.0,0.0,0.0,0.0,,0.0,0.0,0.0
13/06/2022,Izquierda,PF18  ,,0.0,0.0,0.0,0.0,0.0,,0.0,0.0,0.0
24/06/2022,Izquierda,PF18  ,9.999999747378752e-05,0.0,0.0,9.999999747378752e-05,0.09999999747378752,360.0,0.0003690036807150831,0.0,0.0,0.0003690036807150831
27/06/2022,Izquierda,PF18  ,,0.0,0.0,0.0,0.0,0.0,,0.0,0.0,0.0
04/07/2022,Izquierda,PF18  ,,0.0,0.0,0.0,0.0,0.0,,0.0,0.0,0.0
11/07/2022,Izquierda,PF18  ,,0.0,0.0,0.0,0.0,0.0,,0.0,0.0,0.0
23/07/2022,Izquierda,PF18  ,9.999999747378752e-05,0.0,0.0,9.999999747378752e-05,0.09999999747378752,360.0,0.000333333324912625,0.0,0.0,0.000333333324912625
01/08/2022,Izquierda,PF18  ,,0.0,0.0,0.0,0.0,0.0,,0.0,0.0,0.0
08/08/2022,Izquierda,PF18  ,,0.0,0.0,0.0,0.0,0.0,,0.0,0.0,0.0
16/08/2022,Izquierda,PF18  ,,0.0,0.0,0.0,0.0,0.0,,0.0,0.0,0.0
30/08/2022,Izquierda,PF18  ,,0.0,0.0,0.0,0.0,0.0,,0.0,0.0,0.0
13/11/2022,Izquierda,PF18  ,9.999999747378752e-05,0.0,0.0,9.999999747378752e-05,0.09999999747378752,360.0,0.00024213074448858963,0.0,0.0,0.00024213074448858963
13/11/2022,Izquierda,PF18  ,,,,,,,,,,
09/02/2023,Izquierda,PF18  ,,,,,,,,,,
20/02/2023,Izquierda,PF18  ,-0.005900000011024531,0.007000000001426088,0.00033333333331597714,0.009154780180324085,9.154780180324085,130.12610362480072,-0.011523437521532287,0.013671875002785328,0.0006510416666327679,0.01788043003969548
11/03/2023,Izquierda,PF18  ,,0.0,0.0,0.0,0.0,0.0,,0.0,0.0,0.0
15/03/2023,Izquierda,PF18  ,,0.0,0.0,0.0,0.0,0.0,,0.0,0.0,0.0
29/03/2023,Izquierda,PF18  ,9.999999747378752e-05,0.0,0.0,9.999999747378752e-05,0.09999999747378752,360.0,0.00018214935787575138,0.0,0.0,0.00018214935787575138
04/04/2023,Izquierda,PF18  ,,,,,,,,,,
12/04/2023,Izquierda,PF18  ,,0.0,0.0,0.0,0.0,0.0,,0.0,0.0,0.0
16/04/2023,Izquierda,PF18  ,,,,,,,,,,
25/04/2023,Izquierda,PF18  ,9.999999747378752e-05,0.0,0.0,9.999999747378752e-05,0.09999999747378752,360.0,0.00017361110672532555,0.0,0.0,0.00017361110672532555
09/05/2023,Izquierda,PF18  ,,,,,,,,,,
19/05/2023,Izquierda,PF18  ,,,,,,,,,,
27/05/2023,Izquierda,PF18  ,,,,,,,,,,
31/05/2023,Izquierda,PF18  ,,,,,,,,,,
11/06/2023,Izquierda,PF18  ,-0.0009000000136438757,0.0,0.0,0.0009000000136438757,0.9000000136438757,180.0,-0.0014446228148376817,0.0,0.0,0.0014446228148376817
19/06/2023,Izquierda,PF18  ,-0.005900000011024531,-0.005999999997584382,0.00533333333331143,0.008414867800571917,8.414867800571917,225.4814657407834,-0.009350237735379605,-0.009508716319468117,0.008452192287339825,0.013335765135613182
06/07/2023,Izquierda,PF18  ,,,,,,,,,,
17/07/2023,Izquierda,PF18  ,9.99999901978299e-05,-0.005000000001018634,-0.0016666666666651508,0.005000999900842421,5.000999900842421,271.14576272566205,0.00015174505341097102,-0.007587253415809764,-0.0025290844714190453,0.007588770714480154
28/07/2023,Izquierda,PF18  ,,,,,,,,,,
19/08/2023,Izquierda,PF18  ,-0.013900000012654345,-0.006999999997788109,0.002333333333325527,0.015563097388400046,15.563097388400045,206.72969374025845,-0.020086705220598765,-0.01011560693321981,0.003371868978794114,0.022490025127745734
25/08/2023,Izquierda,PF18  ,,,,,,,,,,
24/09/2023,Izquierda,PF18  ,-0.007900000011431985,-0.004000000000814907,0.0043333333333350765,0.008854942133472392,8.854942133472392,206.85442131180847,-0.010851648367351627,-0.005494505495624873,0.005952380952383347,0.012163382051473066
16/10/2023,Izquierda,PF18  ,,,,,,,,,,
01/11/2023,Izquierda,PF18  ,-0.005900000011024531,-0.004000000000814907,0.001333333333320752,0.007128113364461085,7.128113364461084,214.1359400336068,-0.007702349883844035,-0.005221932115946354,0.0017406440382777442,0.009305631024100633
14/09/2024,Izquierda,PF18  ,-0.006900000014866237,-0.004000000000814907,0.010333333333335304,0.007975587765906242,7.975587765906242,210.10130451710222,-0.006365313666850772,-0.0036900369011207633,0.009532595325955077,0.007357553289581404
19/04/2025,Izquierda,PF18  ,-0.013900000012654345,0.004000000000814907,0.001333333333320752,0.014464093485535486,14.464093485535486,163.94578034798454,-0.010684089171909567,0.0030745580329092294,0.0010248526774179491,0.011117673701410827
24/05/2025,Izquierda,PF18  ,-0.014900000009220093,0.0030000000006111804,0.0063333333333162045,0.015199013135017215,15.199013135017216,168.61613753352958,-0.01115269461767971,0.0022455089824933985,0.004740518962063027,0.011376506837587735
06/10/2021,Izquierda,PF19  ,0.0006666666740784422,-0.0010000000002037268,0.0013333333333491737,0.0012018504294354874,1.2018504294354873,303.6900678145902,0.06666666740784422,-0.10000000002037268,0.13333333333491737,0.12018504294354873
10/10/2021,Izquierda,PF19  ,0.0006666666740784422,0.0010000000002037268,0.0033333333333303017,0.0012018504294354874,1.2018504294354873,56.30993218540983,0.04761904814846015,0.07142857144312334,0.23809523809502156,0.08584645924539196
19/10/2021,Izquierda,PF19  ,-0.00033333332976326346,0.0,-0.000666666666660376,0.00033333332976326346,0.33333332976326346,180.0,-0.014492753467967976,0.0,-0.0289855072461033,0.014492753467967976
28/10/2021,Izquierda,PF19  ,-0.0013333333263290115,0.0,0.00033333333334439885,0.0013333333263290115,1.3333333263290115,180.0,-0.04166666644778161,0.0,0.010416666667012464,0.04166666644778161
02/11/2021,Izquierda,PF19  ,-0.0013333333263290115,0.0010000000002037268,-0.0016666666666651508,0.0016666666611854454,1.6666666611854455,143.13010220407858,-0.03603603584673004,0.02702702703253316,-0.045045045045004076,0.04504504489690393
12/11/2021,Izquierda,PF19  ,0.0006666666740784422,-0.0010000000002037268,-0.0016666666666651508,0.0012018504294354874,1.2018504294354873,303.6900678145902,0.014184397320817917,-0.021276595749015467,-0.03546099290776917,0.02557128573266994
18/11/2021,Izquierda,PF19  ,0.0006666666740784422,-0.0010000000002037268,0.0013333333333491737,0.0012018504294354874,1.2018504294354873,303.6900678145902,0.012578616492046078,-0.018867924532145787,0.025157232704701393,0.022676423196895987
24/11/2021,Izquierda,PF19  ,9.999999747378752e-05,0.0,0.0,9.999999747378752e-05,0.09999999747378752,360.0,0.0016949152114201275,0.0,0.0,0.0016949152114201275
01/12/2021,Izquierda,PF19  ,9.999999747378752e-05,0.0,0.0,9.999999747378752e-05,0.09999999747378752,360.0,0.0015151514768755685,0.0,0.0,0.0015151514768755685
09/12/2021,Izquierda,PF19  ,9.999999747378752e-05,0.0,0.0,9.999999747378752e-05,0.09999999747378752,360.0,0.0013513513172133448,0.0,0.0,0.0013513513172133448
30/01/2022,Izquierda,PF19  ,9.999999747378752e-05,0.0,0.0,9.999999747378752e-05,0.09999999747378752,360.0,0.0007936507736014882,0.0,0.0,0.0007936507736014882
11/02/2022,Izquierda,PF19  ,9.999999747378752e-05,0.0,0.0,9.999999747378752e-05,0.09999999747378752,360.0,0.0007246376628535327,0.0,0.0,0.0007246376628535327
27/02/2022,Izquierda,PF19  ,-0.001233333328855224,0.0,-0.000666666666660376,0.001233333328855224,1.233333328855224,180.0,-0.008008657979579377,0.0,-0.004329004328963481,0.008008657979579377
12/03/2022,Izquierda,PF19  ,9.999999747378752e-05,0.0,0.0,9.999999747378752e-05,0.09999999747378752,360.0,0.00059880238008256,0.0,0.0,0.00059880238008256
30/03/2022,Izquierda,PF19  ,9.999999747378752e-05,0.0,0.0,9.999999747378752e-05,0.09999999747378752,360.0,0.0005405405268853379,0.0,0.0,0.0005405405268853379
06/04/2022,Izquierda,PF19  ,,,,,,,,,,
11/04/2022,Izquierda,PF19  ,,,,,,,,,,
18/04/2022,Izquierda,PF19  ,,0.0,0.0,0.0,0.0,0.0,,0.0,0.0,0.0
01/05/2022,Izquierda,PF19  ,9.999999747378752e-05,0.0,0.0,9.999999747378752e-05,0.09999999747378752,360.0,0.0004608294814460254,0.0,0.0,0.0004608294814460254
09/05/2022,Izquierda,PF19  ,,0.0,0.0,0.0,0.0,0.0,,0.0,0.0,0.0
16/05/2022,Izquierda,PF19  ,,0.0,0.0,0.0,0.0,0.0,,0.0,0.0,0.0
23/05/2022,Izquierda,PF19  ,9.999999747378752e-05,0.0,0.0,9.999999747378752e-05,0.09999999747378752,360.0,0.0004184100312710775,0.0,0.0,0.0004184100312710775
30/05/2022,Izquierda,PF19  ,,0.0,0.0,0.0,0.0,0.0,,0.0,0.0,0.0
13/06/2022,Izquierda,PF19  ,,0.0,0.0,0.0,0.0,0.0,,0.0,0.0,0.0
24/06/2022,Izquierda,PF19  ,9.999999747378752e-05,0.0,0.0,9.999999747378752e-05,0.09999999747378752,360.0,0.0003690036807150831,0.0,0.0,0.0003690036807150831
27/06/2022,Izquierda,PF19  ,,0.0,0.0,0.0,0.0,0.0,,0.0,0.0,0.0
04/07/2022,Izquierda,PF19  ,,0.0,0.0,0.0,0.0,0.0,,0.0,0.0,0.0
11/07/2022,Izquierda,PF19  ,,0.0,0.0,0.0,0.0,0.0,,0.0,0.0,0.0
23/07/2022,Izquierda,PF19  ,9.999999747378752e-05,0.0,0.0,9.999999747378752e-05,0.09999999747378752,360.0,0.000333333324912625,0.0,0.0,0.000333333324912625
01/08/2022,Izquierda,PF19  ,,0.0,0.0,0.0,0.0,0.0,,0.0,0.0,0.0
08/08/2022,Izquierda,PF19  ,,0.0,0.0,0.0,0.0,0.0,,0.0,0.0,0.0
16/08/2022,Izquierda,PF19  ,,0.0,0.0,0.0,0.0,0.0,,0.0,0.0,0.0
30/08/2022,Izquierda,PF19  ,,0.0,0.0,0.0,0.0,0.0,,0.0,0.0,0.0
13/11/2022,Izquierda,PF19  ,9.999999747378752e-05,0.0,0.0,9.999999747378752e-05,0.09999999747378752,360.0,0.00024213074448858963,0.0,0.0,0.00024213074448858963
13/11/2022,Izquierda,PF19  ,,,,,,,,,,
09/02/2023,Izquierda,PF19  ,,,,,,,,,,
20/02/2023,Izquierda,PF19  ,9.999999747378752e-05,0.0,0.0,9.999999747378752e-05,0.09999999747378752,360.0,0.00019531249506599124,0.0,0.0,0.00019531249506599124
11/03/2023,Izquierda,PF19  ,,0.0,0.0,0.0,0.0,0.0,,0.0,0.0,0.0
15/03/2023,Izquierda,PF19  ,,0.0,0.0,0.0,0.0,0.0,,0.0,0.0,0.0
29/03/2023,Izquierda,PF19  ,9.999999747378752e-05,0.0,0.0,9.999999747378752e-05,0.09999999747378752,360.0,0.00018214935787575138,0.0,0.0,0.00018214935787575138
04/04/2023,Izquierda,PF19  ,,,,,,,,,,
12/04/2023,Izquierda,PF19  ,,0.0,0.0,0.0,0.0,0.0,,0.0,0.0,0.0
16/04/2023,Izquierda,PF19  ,,,,,,,,,,
25/04/2023,Izquierda,PF19  ,9.999999747378752e-05,0.0,0.0,9.999999747378752e-05,0.09999999747378752,360.0,0.00017361110672532555,0.0,0.0,0.00017361110672532555
09/05/2023,Izquierda,PF19  ,,,,,,,,,,
19/05/2023,Izquierda,PF19  ,,,,,,,,,,
27/05/2023,Izquierda,PF19  ,,,,,,,,,,
31/05/2023,Izquierda,PF19  ,,,,,,,,,,
11/06/2023,Izquierda,PF19  ,9.999999747378752e-05,0.0010000000002037268,-0.000666666666660376,0.0010049875620634372,1.0049875620634372,84.2894070069643,0.00016051363960479536,0.00160513643692412,-0.00107009095772131,0.0016131421541949232
19/06/2023,Izquierda,PF19  ,-0.0032333333292626776,-0.0010000000002037268,0.0013333333333491737,0.0033844415223975026,3.3844415223975024,197.18570616788136,-0.0051241415677696946,-0.0015847860542055892,0.002113048071868738,0.005363615724877184
06/07/2023,Izquierda,PF19  ,,,,,,,,,,
17/07/2023,Izquierda,PF19  ,0.0007666666715522297,-0.004999999997380655,-0.004666666666651054,0.0050584362958403985,5.058436295840399,278.71745702379474,0.0011633788642674199,-0.00758725341028931,-0.007081436519956076,0.007675927611290438
28/07/2023,Izquierda,PF19  ,,,,,,,,,,
19/08/2023,Izquierda,PF19  ,-0.0022333333326969296,-0.0010000000002037268,-0.003666666666646279,0.0024469936198001476,2.4469936198001476,204.1209831298859,-0.0032273603073655053,-0.001445086705496715,-0.005298651252379016,0.0035361179476880744
25/08/2023,Izquierda,PF19  ,,,,,,,,,,
24/09/2023,Izquierda,PF19  ,-0.001233333328855224,-0.0010000000002037268,-0.0026666666666699257,0.0015878007118251842,1.5878007118251842,219.03551300622848,-0.001694139187987945,-0.0013736263739062182,-0.00366300366300814,0.0021810449338258023
16/10/2023,Izquierda,PF19  ,,,,,,,,,,
01/11/2023,Izquierda,PF19  ,-0.00023333333228947595,-0.0020000000004074536,-0.000666666666660376,0.0020135651083556068,2.0135651083556065,263.3455749848397,-0.0003046127053387414,-0.002610966057973177,-0.0008703220191388721,0.002628675076182254
14/09/2024,Izquierda,PF19  ,-0.00023333333228947595,0.0,0.00033333333334439885,0.00023333333228947595,0.23333333228947595,180.0,-0.00021525215155855716,0.0,0.00030750307504095835,0.00021525215155855716
19/04/2025,Izquierda,PF19  ,-0.0022333333326969296,0.0,-0.0026666666666699257,0.0022333333326969296,2.2333333326969296,180.0,-0.001716628234202098,0.0,-0.0020497053548577445,0.001716628234202098
24/05/2025,Izquierda,PF19  ,-0.0022333333326969296,-0.0010000000002037268,0.0013333333333491737,0.0024469936198001476,2.4469936198001476,204.1209831298859,-0.0016716566861503964,-0.0007485029941644661,0.0009980039920278248,0.0018315820507486134
06/10/2021,Izquierda,PF20  ,-0.000999999996565748,0.0053333333307818975,0.0043333333333350765,0.0054262735288926065,5.426273528892606,100.61965524547894,-0.0999999996565748,0.5333333330781898,0.43333333333350765,0.5426273528892607
10/10/2021,Izquierda,PF20  ,-0.001999999993131496,0.002333333333808696,0.013333333333349628,0.0030731814816552547,3.0731814816552547,130.60129454201018,-0.14285714236653543,0.16666666670062114,0.9523809523821163,0.21951296297537531
19/10/2021,Izquierda,PF20  ,-0.001999999993131496,0.002333333333808696,0.01633333333333553,0.0030731814816552547,3.0731814816552547,130.60129454201018,-0.08695652144049983,0.10144927538298679,0.7101449275363275,0.1336165861589241
28/10/2021,Izquierda,PF20  ,-0.00399999999353895,-0.002666666667209938,0.0043333333333350765,0.004807401695544086,4.807401695544086,213.69006757408152,-0.12499999979809218,-0.08333333335031057,0.13541666666672114,0.15023130298575268
02/11/2021,Izquierda,PF20  ,7.275957614183426e-12,-0.002666666667209938,0.010333333333335304,0.002666666667209938,2.666666667209938,270.00000015633066,1.9664750308603855e-10,-0.07207207208675509,0.27927927927933255,0.07207207208675509
12/11/2021,Izquierda,PF20  ,0.0010000000038417056,0.0033333333340124227,0.0013333333333491737,0.0034801021713912056,3.4801021713912057,73.30075570863735,0.02127659582641927,0.07092198583005155,0.028368794326578163,0.07404472705087671
18/11/2021,Izquierda,PF20  ,-0.001999999993131496,0.0033333333340124227,0.010333333333335304,0.0038873012602786985,3.8873012602786985,120.96375644011434,-0.03773584892700936,0.06289308177381929,0.19496855345915667,0.0733453067977113
24/11/2021,Izquierda,PF20  ,9.999999747378752e-05,0.0,0.0,9.999999747378752e-05,0.09999999747378752,360.0,0.0016949152114201275,0.0,0.0,0.0016949152114201275
01/12/2021,Izquierda,PF20  ,-0.0018999999956577085,-0.009666666668636026,0.0013333333333491737,0.009851621413047601,9.851621413047601,258.88016565938784,-0.028787878722086494,-0.14646464649448523,0.020202020202260206,0.14926699110678182
09/12/2021,Izquierda,PF20  ,9.999999747378752e-05,0.0,0.0,9.999999747378752e-05,0.09999999747378752,360.0,0.0013513513172133448,0.0,0.0,0.0013513513172133448
30/01/2022,Izquierda,PF20  ,9.999999747378752e-05,0.0,0.0,9.999999747378752e-05,0.09999999747378752,360.0,0.0007936507736014882,0.0,0.0,0.0007936507736014882
11/02/2022,Izquierda,PF20  ,-0.01389999999810243,0.0043333333342161495,-0.02566666666666606,0.014559800058128422,14.559800058128422,162.68510112343253,-0.10072463766740891,0.031400966189972096,-0.18599033816424682,0.10550579752266971
27/02/2022,Izquierda,PF20  ,-0.002899999999499414,0.002333333333808696,0.015333333333330756,0.0037221558865473924,3.7221558865473923,141.17992423865158,-0.01883116882791827,0.015151515154601922,0.09956709956708285,0.02416984341913891
12/03/2022,Izquierda,PF20  ,9.999999747378752e-05,0.0,0.0,9.999999747378752e-05,0.09999999747378752,360.0,0.00059880238008256,0.0,0.0,0.00059880238008256
30/03/2022,Izquierda,PF20  ,-0.002899999999499414,-0.010666666668839753,0.013333333333349628,0.011053858051433154,11.053858051433155,254.79034210707417,-0.015675675672969805,-0.05765765766940407,0.07207207207216015,0.05975058406180083
06/04/2022,Izquierda,PF20  ,,,,,,,,,,
11/04/2022,Izquierda,PF20  ,,,,,,,,,,
18/04/2022,Izquierda,PF20  ,,0.0,0.0,0.0,0.0,0.0,,0.0,0.0,0.0
01/05/2022,Izquierda,PF20  ,,,,,,,,,,
09/05/2022,Izquierda,PF20  ,,0.0,0.0,0.0,0.0,0.0,,0.0,0.0,0.0
16/05/2022,Izquierda,PF20  ,,0.0,0.0,0.0,0.0,0.0,,0.0,0.0,0.0
23/05/2022,Izquierda,PF20  ,9.999999747378752e-05,0.0,0.0,9.999999747378752e-05,0.09999999747378752,360.0,0.0004184100312710775,0.0,0.0,0.0004184100312710775
30/05/2022,Izquierda,PF20  ,,0.0,0.0,0.0,0.0,0.0,,0.0,0.0,0.0
13/06/2022,Izquierda,PF20  ,,0.0,0.0,0.0,0.0,0.0,,0.0,0.0,0.0
24/06/2022,Izquierda,PF20  ,9.999999747378752e-05,0.0,0.0,9.999999747378752e-05,0.09999999747378752,360.0,0.0003690036807150831,0.0,0.0,0.0003690036807150831
27/06/2022,Izquierda,PF20  ,,0.0,0.0,0.0,0.0,0.0,,0.0,0.0,0.0
04/07/2022,Izquierda,PF20  ,,0.0,0.0,0.0,0.0,0.0,,0.0,0.0,0.0
11/07/2022,Izquierda,PF20  ,,0.0,0.0,0.0,0.0,0.0,,0.0,0.0,0.0
23/07/2022,Izquierda,PF20  ,9.999999747378752e-05,0.0,0.0,9.999999747378752e-05,0.09999999747378752,360.0,0.000333333324912625,0.0,0.0,0.000333333324912625
01/08/2022,Izquierda,PF20  ,,0.0,0.0,0.0,0.0,0.0,,0.0,0.0,0.0
08/08/2022,Izquierda,PF20  ,,0.0,0.0,0.0,0.0,0.0,,0.0,0.0,0.0
16/08/2022,Izquierda,PF20  ,,0.0,0.0,0.0,0.0,0.0,,0.0,0.0,0.0
30/08/2022,Izquierda,PF20  ,,0.0,0.0,0.0,0.0,0.0,,0.0,0.0,0.0
13/11/2022,Izquierda,PF20  ,9.999999747378752e-05,0.0,0.0,9.999999747378752e-05,0.09999999747378752,360.0,0.00024213074448858963,0.0,0.0,0.00024213074448858963
13/11/2022,Izquierda,PF20  ,9.999999747378752e-05,0.0,0.0,9.999999747378752e-05,0.09999999747378752,360.0,0.00024213074448858963,0.0,0.0,0.00024213074448858963
09/02/2023,Izquierda,PF20  ,,,,,,,,,,
20/02/2023,Izquierda,PF20  ,9.999999747378752e-05,0.0,0.0,9.999999747378752e-05,0.09999999747378752,360.0,0.00019531249506599124,0.0,0.0,0.00019531249506599124
11/03/2023,Izquierda,PF20  ,,0.0,0.0,0.0,0.0,0.0,,0.0,0.0,0.0
15/03/2023,Izquierda,PF20  ,,0.0,0.0,0.0,0.0,0.0,,0.0,0.0,0.0
29/03/2023,Izquierda,PF20  ,0.002700000004551839,-0.00956666666752426,-0.02016666666665401,0.009940377817371915,9.940377817371916,285.76065660344625,0.004918032795176392,-0.01742562234521723,-0.036733454766218594,0.018106334822171066
04/04/2023,Izquierda,PF20  ,,,,,,,,,,
12/04/2023,Izquierda,PF20  ,,0.0,0.0,0.0,0.0,0.0,,0.0,0.0,0.0
16/04/2023,Izquierda,PF20  ,,,,,,,,,,
25/04/2023,Izquierda,PF20  ,0.004100000005564652,-0.007666666668228572,-0.02366666666665651,0.008694123178754551,8.69412317875455,298.13709652042706,0.00711805556521641,-0.013310185187896827,-0.04108796296294533,0.015093963852004427
09/05/2023,Izquierda,PF20  ,,,,,,,,,,
19/05/2023,Izquierda,PF20  ,,,,,,,,,,
27/05/2023,Izquierda,PF20  ,,,,,,,,,,
31/05/2023,Izquierda,PF20  ,,,,,,,,,,
11/06/2023,Izquierda,PF20  ,0.0051000000021304,-0.008666666668432299,-0.020666666666670608,0.01005589932146526,10.05589932146526,300.4751744675039,0.008186195830064849,-0.013911182453342375,-0.03317281968967995,0.016141090403636052
19/06/2023,Izquierda,PF20  ,-0.021899999992456287,0.009333333331596805,0.011333333333340079,0.02380590495545761,23.80590495545761,156.9172860624777,-0.034706814568076526,0.014791336500153414,0.017960908610681583,0.037727266173466896
06/07/2023,Izquierda,PF20  ,,,,,,,,,,
17/07/2023,Izquierda,PF20  ,-0.01389999999810243,0.013333333332411712,-0.006666666666660603,0.01926104300655727,19.26104300655727,136.19202902444127,-0.021092564488774553,0.02023267576997225,-0.010116337885676181,0.029227682862757617
28/07/2023,Izquierda,PF20  ,,,,,,,,,,
19/08/2023,Izquierda,PF20  ,-0.017899999998917338,0.0053333333307818975,0.00033333333334439885,0.018677645579099893,18.67764557909989,163.4084912993714,-0.025867052021556848,0.007707129090725286,0.0004816955684167614,0.026990817310837995
25/08/2023,Izquierda,PF20  ,,,,,,,,,,
24/09/2023,Izquierda,PF20  ,-0.016899999995075632,0.006333333330985624,-0.000666666666660376,0.018047745313886993,18.047745313886992,159.456340380401,-0.023214285707521473,0.008699633696408825,-0.0009157509157422747,0.024790858947646967
16/10/2023,Izquierda,PF20  ,,,,,,,,,,
01/11/2023,Izquierda,PF20  ,-0.01989999999932479,0.0033333333340124227,0.0013333333333491737,0.020177242405461777,20.177242405461776,170.49099465545294,-0.025979112270658997,0.004351610096621962,0.0017406440383148482,0.026341047526712503
14/09/2024,Izquierda,PF20  ,-0.024899999996705446,0.0043333333342161495,0.015333333333330756,0.02527425127716665,25.27425127716665,170.12771932005865,-0.022970479701757793,0.00399753997621416,0.014145141451412137,0.023315729960485837
19/04/2025,Izquierda,PF20  ,-0.022899999996297993,0.007333333331189351,-0.0026666666666699257,0.024045535501975843,24.04553550197584,162.24322470061202,-0.017601844731973862,0.00563668972420396,-0.0020497053548577445,0.01848234857953562
24/05/2025,Izquierda,PF20  ,-0.022899999996297993,0.007333333331189351,-0.0016666666666651508,0.024045535501975843,24.04553550197584,162.24322470061202,-0.017140718560103286,0.005489021954483047,-0.0012475049900188256,0.01799815531585018
06/10/2021,Izquierda,PF21  ,-0.00033333332976326346,-0.00033333332976326346,0.002333333333325527,0.00047140451574219047,0.47140451574219044,225.0,-0.033333332976326346,-0.033333332976326346,0.23333333333255268,0.04714045157421905
10/10/2021,Izquierda,PF21  ,-0.00033333332976326346,-0.00033333332976326346,0.00033333333331597714,0.00047140451574219047,0.47140451574219044,225.0,-0.02380952355451882,-0.02380952355451882,0.02380952380828408,0.03367175112444218
19/10/2021,Izquierda,PF21  ,0.0006666666668024845,0.0006666666704404633,0.00033333333331597714,0.0009428090443465783,0.9428090443465783,45.00000015633062,0.02898550725228194,0.028985507410454928,0.014492753622433789,0.040991697580286014
28/10/2021,Izquierda,PF21  ,0.0016666666706441902,0.0016666666706441902,0.002333333333325527,0.002357022609580226,2.357022609580226,45.0,0.05208333345763094,0.05208333345763094,0.07291666666642271,0.07365695654938206
02/11/2021,Izquierda,PF21  ,-0.00033333332976326346,0.0016666666706441902,-0.0016666666666651508,0.0016996731743977294,1.6996731743977294,101.30993232971502,-0.009009008912520634,0.04504504515254568,-0.045045045045004076,0.04593711282156025
12/11/2021,Izquierda,PF21  ,0.0006666666668024845,-0.00033333332976326346,-0.000666666666660376,0.0007453559910248253,0.7453559910248253,333.43494907305103,0.01418439716601031,-0.007092198505601351,-0.014184397162986723,0.015858638106911176
18/11/2021,Izquierda,PF21  ,0.0006666666668024845,-0.0013333333299669903,0.00033333333331597714,0.0014907119820496506,1.4907119820496506,296.5650512396102,0.012578616354763858,-0.02515723264088661,0.006289308175773153,0.028126641170748125
24/11/2021,Izquierda,PF21  ,9.999999747378752e-05,0.0,0.0,9.999999747378752e-05,0.09999999747378752,360.0,0.0016949152114201275,0.0,0.0,0.0016949152114201275
01/12/2021,Izquierda,PF21  ,9.999999747378752e-05,0.0,0.0,9.999999747378752e-05,0.09999999747378752,360.0,0.0015151514768755685,0.0,0.0,0.0015151514768755685
09/12/2021,Izquierda,PF21  ,9.999999747378752e-05,0.0,0.0,9.999999747378752e-05,0.09999999747378752,360.0,0.0013513513172133448,0.0,0.0,0.0013513513172133448
30/01/2022,Izquierda,PF21  ,9.999999747378752e-05,0.0,0.0,9.999999747378752e-05,0.09999999747378752,360.0,0.0007936507736014882,0.0,0.0,0.0007936507736014882
11/02/2022,Izquierda,PF21  ,9.999999747378752e-05,0.0,0.0,9.999999747378752e-05,0.09999999747378752,360.0,0.0007246376628535327,0.0,0.0,0.0007246376628535327
27/02/2022,Izquierda,PF21  ,-0.00023333333228947595,0.0006666666704404633,0.001333333333320752,0.0007063206732309938,0.7063206732309938,109.29004603813767,-0.0015151515083732204,0.004329004353509503,0.008658008657926961,0.004586497878123336
12/03/2022,Izquierda,PF21  ,9.999999747378752e-05,0.0,0.0,9.999999747378752e-05,0.09999999747378752,360.0,0.00059880238008256,0.0,0.0,0.00059880238008256
30/03/2022,Izquierda,PF21  ,9.999999747378752e-05,0.0,0.0,9.999999747378752e-05,0.09999999747378752,360.0,0.0005405405268853379,0.0,0.0,0.0005405405268853379
06/04/2022,Izquierda,PF21  ,,,,,,,,,,
11/04/2022,Izquierda,PF21  ,,,,,,,,,,
18/04/2022,Izquierda,PF21  ,,0.0,0.0,0.0,0.0,0.0,,0.0,0.0,0.0
01/05/2022,Izquierda,PF21  ,9.999999747378752e-05,0.0,0.0,9.999999747378752e-05,0.09999999747378752,360.0,0.0004608294814460254,0.0,0.0,0.0004608294814460254
09/05/2022,Izquierda,PF21  ,,0.0,0.0,0.0,0.0,0.0,,0.0,0.0,0.0
16/05/2022,Izquierda,PF21  ,,0.0,0.0,0.0,0.0,0.0,,0.0,0.0,0.0
23/05/2022,Izquierda,PF21  ,9.999999747378752e-05,0.0,0.0,9.999999747378752e-05,0.09999999747378752,360.0,0.0004184100312710775,0.0,0.0,0.0004184100312710775
30/05/2022,Izquierda,PF21  ,,0.0,0.0,0.0,0.0,0.0,,0.0,0.0,0.0
13/06/2022,Izquierda,PF21  ,,0.0,0.0,0.0,0.0,0.0,,0.0,0.0,0.0
24/06/2022,Izquierda,PF21  ,9.999999747378752e-05,0.0,0.0,9.999999747378752e-05,0.09999999747378752,360.0,0.0003690036807150831,0.0,0.0,0.0003690036807150831
27/06/2022,Izquierda,PF21  ,,0.0,0.0,0.0,0.0,0.0,,0.0,0.0,0.0
04/07/2022,Izquierda,PF21  ,,0.0,0.0,0.0,0.0,0.0,,0.0,0.0,0.0
11/07/2022,Izquierda,PF21  ,,0.0,0.0,0.0,0.0,0.0,,0.0,0.0,0.0
23/07/2022,Izquierda,PF21  ,9.999999747378752e-05,0.0,0.0,9.999999747378752e-05,0.09999999747378752,360.0,0.000333333324912625,0.0,0.0,0.000333333324912625
01/08/2022,Izquierda,PF21  ,,0.0,0.0,0.0,0.0,0.0,,0.0,0.0,0.0
08/08/2022,Izquierda,PF21  ,,0.0,0.0,0.0,0.0,0.0,,0.0,0.0,0.0
16/08/2022,Izquierda,PF21  ,,0.0,0.0,0.0,0.0,0.0,,0.0,0.0,0.0
30/08/2022,Izquierda,PF21  ,,0.0,0.0,0.0,0.0,0.0,,0.0,0.0,0.0
13/11/2022,Izquierda,PF21  ,9.999999747378752e-05,0.0,0.0,9.999999747378752e-05,0.09999999747378752,360.0,0.00024213074448858963,0.0,0.0,0.00024213074448858963
13/11/2022,Izquierda,PF21  ,,,,,,,,,,
09/02/2023,Izquierda,PF21  ,,,,,,,,,,
20/02/2023,Izquierda,PF21  ,9.999999747378752e-05,0.0,0.0,9.999999747378752e-05,0.09999999747378752,360.0,0.00019531249506599124,0.0,0.0,0.00019531249506599124
11/03/2023,Izquierda,PF21  ,,0.0,0.0,0.0,0.0,0.0,,0.0,0.0,0.0
15/03/2023,Izquierda,PF21  ,,0.0,0.0,0.0,0.0,0.0,,0.0,0.0,0.0
29/03/2023,Izquierda,PF21  ,9.999999747378752e-05,0.0,0.0,9.999999747378752e-05,0.09999999747378752,360.0,0.00018214935787575138,0.0,0.0,0.00018214935787575138
04/04/2023,Izquierda,PF21  ,,,,,,,,,,
12/04/2023,Izquierda,PF21  ,,0.0,0.0,0.0,0.0,0.0,,0.0,0.0,0.0
16/04/2023,Izquierda,PF21  ,,,,,,,,,,
25/04/2023,Izquierda,PF21  ,9.999999747378752e-05,0.0,0.0,9.999999747378752e-05,0.09999999747378752,360.0,0.00017361110672532555,0.0,0.0,0.00017361110672532555
09/05/2023,Izquierda,PF21  ,,,,,,,,,,
19/05/2023,Izquierda,PF21  ,,,,,,,,,,
27/05/2023,Izquierda,PF21  ,,,,,,,,,,
31/05/2023,Izquierda,PF21  ,,,,,,,,,,
11/06/2023,Izquierda,PF21  ,9.999999747378752e-05,0.0,-0.000666666666660376,9.999999747378752e-05,0.09999999747378752,360.0,0.00016051363960479536,0.0,-0.00107009095772131,0.00016051363960479536
19/06/2023,Izquierda,PF21  ,-0.0022333333326969296,0.0016666666706441902,0.0033333333333303017,0.0027866746430057748,2.786674643005775,143.26717326214327,-0.003539355519329524,0.002641310096108067,0.005282620179604281,0.004416283110944175
06/07/2023,Izquierda,PF21  ,,,,,,,,,,
17/07/2023,Izquierda,PF21  ,-0.0022333333326969296,-0.0013333333299669903,-0.0016666666666651508,0.002601068154381203,2.601068154381203,210.83783188820385,-0.0033889731907388912,-0.0020232675720288167,-0.0025290844714190453,0.003946992647012448
28/07/2023,Izquierda,PF21  ,,,,,,,,,,
19/08/2023,Izquierda,PF21  ,-0.0012333333361311816,-0.00033333332976326346,-0.000666666666660376,0.001277584528218597,1.277584528218597,195.1240071210118,-0.001782273607125985,-0.00048169556324171025,-0.0009633911367924508,0.0018462204165008626
25/08/2023,Izquierda,PF21  ,,,,,,,,,,
24/09/2023,Izquierda,PF21  ,-0.0012333333361311816,0.0016666666706441902,0.00033333333331597714,0.002073376210206112,2.073376210206112,126.50144111727383,-0.0016941391979823923,0.0022893772948409203,0.0004578754578516169,0.0028480442447886157
16/10/2023,Izquierda,PF21  ,,,,,,,,,,
01/11/2023,Izquierda,PF21  ,-0.00023333333228947595,-0.00033333332976326346,0.00033333333331597714,0.00040688518366779533,0.40688518366779536,235.00797963356953,-0.0003046127053387414,-0.00043516100491287663,0.000435161009550884,0.0005311817019161819
14/09/2024,Izquierda,PF21  ,-0.0012333333361311816,0.0006666666704404633,0.00033333333331597714,0.0014019827272433293,1.4019827272433294,151.60698049731448,-0.001137761380194817,0.0006150061535428629,0.0003075030750147391,0.0012933419993019642
19/04/2025,Izquierda,PF21  ,-0.004233333333104383,0.0006666666704404633,-0.0016666666666651508,0.004285505286270084,4.285505286270085,171.05054186547477,-0.0032539072506567127,0.0005124263416144991,-0.0012810658467833596,0.0032940086750730853
24/05/2025,Izquierda,PF21  ,-0.0022333333326969296,0.0006666666704404633,0.00033333333331597714,0.002330712814658071,2.330712814658071,163.37924299273806,-0.0016716566861503964,0.0004990019988326821,0.00024950099799100087,0.001744545519953646
06/10/2021,Izquierda,PF22  ,0.004999999997380655,0.008999999998195563,0.008000000000009777,0.010295630138137573,10.295630138137573,60.945395908788555,0.4999999997380655,0.8999999998195563,0.8000000000009777,1.0295630138137573
10/10/2021,Izquierda,PF22  ,-0.0020000000004074536,0.001999999996769475,0.0010000000000047748,0.002828427122749977,2.828427122749977,135.0000000521102,-0.14285714288624668,0.14285714262639107,0.07142857142891249,0.2020305087678555
19/10/2021,Izquierda,PF22  ,-0.0030000000042491592,0.0029999999969732016,0.007000000000005002,0.004242640687983625,4.2426406879836245,135.00000006948028,-0.1304347827934417,0.13043478247709572,0.304347826087174,0.18446263860798368
28/10/2021,Izquierda,PF22  ,-0.0030000000042491592,-0.004000000000814907,0.0030000000000143245,0.005000000003201422,5.000000003201422,233.13010232080546,-0.09375000013278623,-0.12500000002546585,0.09375000000044764,0.15625000010004444
02/11/2021,Izquierda,PF22  ,0.0029999999969732016,0.006999999997788109,0.006000000000028649,0.007615773102638545,7.615773102638546,66.80140950072705,0.08108108099927572,0.18918918912940835,0.16216216216293647,0.20583170547671745
12/11/2021,Izquierda,PF22  ,-0.0010000000038417056,0.001999999996769475,-0.005999999999971806,0.002236067976328383,2.2360679763283833,116.56505130214248,-0.02127659582641927,0.04255319142062712,-0.12765957446748524,0.0475759143899656
18/11/2021,Izquierda,PF22  ,0.000999999996565748,0.000999999996565748,0.0030000000000143245,0.0014142135575163292,1.4142135575163293,45.0,0.01886792446350468,0.01886792446350468,0.05660377358517593,0.026683274670119418
24/11/2021,Izquierda,PF22  ,9.999999747378752e-05,0.0,0.0,9.999999747378752e-05,0.09999999747378752,360.0,0.0016949152114201275,0.0,0.0,0.0016949152114201275
01/12/2021,Izquierda,PF22  ,9.999999747378752e-05,0.0,0.0,9.999999747378752e-05,0.09999999747378752,360.0,0.0015151514768755685,0.0,0.0,0.0015151514768755685
09/12/2021,Izquierda,PF22  ,9.999999747378752e-05,0.0,0.0,9.999999747378752e-05,0.09999999747378752,360.0,0.0013513513172133448,0.0,0.0,0.0013513513172133448
30/01/2022,Izquierda,PF22  ,9.999999747378752e-05,0.0,0.0,9.999999747378752e-05,0.09999999747378752,360.0,0.0007936507736014882,0.0,0.0,0.0007936507736014882
11/02/2022,Izquierda,PF22  ,-0.013900000005378388,0.008999999998195563,-0.013999999999981583,0.01655928742781643,16.55928742781643,147.07766917771926,-0.10072463772013325,0.06521739129127219,-0.10144927536218537,0.11999483643345239
27/02/2022,Izquierda,PF22  ,-0.0019000000029336661,0.0039999999971769284,0.010000000000019327,0.004428317963805598,4.428317963805598,115.40771815890625,-0.012337662356712117,0.02597402595569434,0.06493506493519043,0.028755311453283104
12/03/2022,Izquierda,PF22  ,9.999999747378752e-05,0.0,0.0,9.999999747378752e-05,0.09999999747378752,360.0,0.00059880238008256,0.0,0.0,0.00059880238008256
30/03/2022,Izquierda,PF22  ,-0.0009000000063679181,-0.010000000002037268,0.0010000000000047748,0.010040418320578462,10.040418320578462,264.8572354069655,-0.004864864899286043,-0.05405405406506632,0.005405405405431215,0.05427253146258628
06/04/2022,Izquierda,PF22  ,,,,,,,,,,
11/04/2022,Izquierda,PF22  ,,,,,,,,,,
18/04/2022,Izquierda,PF22  ,,0.0,0.0,0.0,0.0,0.0,,0.0,0.0,0.0
01/05/2022,Izquierda,PF22  ,,,,,,,,,,
09/05/2022,Izquierda,PF22  ,,0.0,0.0,0.0,0.0,0.0,,0.0,0.0,0.0
16/05/2022,Izquierda,PF22  ,,0.0,0.0,0.0,0.0,0.0,,0.0,0.0,0.0
23/05/2022,Izquierda,PF22  ,9.999999747378752e-05,0.0,0.0,9.999999747378752e-05,0.09999999747378752,360.0,0.0004184100312710775,0.0,0.0,0.0004184100312710775
30/05/2022,Izquierda,PF22  ,,0.0,0.0,0.0,0.0,0.0,,0.0,0.0,0.0
13/06/2022,Izquierda,PF22  ,,0.0,0.0,0.0,0.0,0.0,,0.0,0.0,0.0
24/06/2022,Izquierda,PF22  ,9.999999747378752e-05,0.0,0.0,9.999999747378752e-05,0.09999999747378752,360.0,0.0003690036807150831,0.0,0.0,0.0003690036807150831
27/06/2022,Izquierda,PF22  ,,0.0,0.0,0.0,0.0,0.0,,0.0,0.0,0.0
04/07/2022,Izquierda,PF22  ,,0.0,0.0,0.0,0.0,0.0,,0.0,0.0,0.0
11/07/2022,Izquierda,PF22  ,,0.0,0.0,0.0,0.0,0.0,,0.0,0.0,0.0
23/07/2022,Izquierda,PF22  ,9.999999747378752e-05,0.0,0.0,9.999999747378752e-05,0.09999999747378752,360.0,0.000333333324912625,0.0,0.0,0.000333333324912625
01/08/2022,Izquierda,PF22  ,,0.0,0.0,0.0,0.0,0.0,,0.0,0.0,0.0
08/08/2022,Izquierda,PF22  ,,0.0,0.0,0.0,0.0,0.0,,0.0,0.0,0.0
16/08/2022,Izquierda,PF22  ,,0.0,0.0,0.0,0.0,0.0,,0.0,0.0,0.0
30/08/2022,Izquierda,PF22  ,,0.0,0.0,0.0,0.0,0.0,,0.0,0.0,0.0
13/11/2022,Izquierda,PF22  ,9.999999747378752e-05,0.0,0.0,9.999999747378752e-05,0.09999999747378752,360.0,0.00024213074448858963,0.0,0.0,0.00024213074448858963
13/11/2022,Izquierda,PF22  ,9.999999747378752e-05,0.006999999997788109,0.008000000000009777,0.007000714247027104,7.000714247027104,89.18154455872592,0.00024213074448858963,0.016949152537017214,0.019370460048449823,0.016950881954060786
09/02/2023,Izquierda,PF22  ,,,,,,,,,,
20/02/2023,Izquierda,PF22  ,0.006099999998696148,-0.013000000002648449,-0.002999999999985903,0.014360013929413601,14.3600139294136,295.1374144933193,0.011914062497453415,-0.02539062500517275,-0.0058593749999724665,0.02804690220588594
11/03/2023,Izquierda,PF22  ,,0.0,0.0,0.0,0.0,0.0,,0.0,0.0,0.0
15/03/2023,Izquierda,PF22  ,,0.0,0.0,0.0,0.0,0.0,,0.0,0.0,0.0
29/03/2023,Izquierda,PF22  ,0.0036999999938416295,-0.0039000000033411197,-0.01959999999996853,0.005375872020471543,5.375872020471543,313.4925641691002,0.006739526400440126,-0.00710382514269785,-0.03570127504548002,0.009792116612880772
04/04/2023,Izquierda,PF22  ,,,,,,,,,,
12/04/2023,Izquierda,PF22  ,,0.0,0.0,0.0,0.0,0.0,,0.0,0.0,0.0
16/04/2023,Izquierda,PF22  ,,,,,,,,,,
25/04/2023,Izquierda,PF22  ,9.999999747378752e-05,0.0,0.0,9.999999747378752e-05,0.09999999747378752,360.0,0.00017361110672532555,0.0,0.0,0.00017361110672532555
09/05/2023,Izquierda,PF22  ,,,,,,,,,,
19/05/2023,Izquierda,PF22  ,,,,,,,,,,
27/05/2023,Izquierda,PF22  ,,,,,,,,,,
31/05/2023,Izquierda,PF22  ,,,,,,,,,,
11/06/2023,Izquierda,PF22  ,9.999999747378752e-05,0.0,-0.0009999999999763531,9.999999747378752e-05,0.09999999747378752,360.0,0.00016051363960479536,0.0,-0.0016051364365591543,0.00016051363960479536
19/06/2023,Izquierda,PF22  ,-0.01590000000578584,0.008999999998195563,2.842170943040401e-14,0.018270467978448442,18.270467978448444,150.488501456772,-0.02519809826590466,0.014263074482084885,4.5042328732811423e-14,0.02895478285015601
06/07/2023,Izquierda,PF22  ,,,,,,,,,,
17/07/2023,Izquierda,PF22  ,-0.00990000000456348,0.013999999999214197,-0.009999999999990905,0.017146719804917627,17.146719804917627,125.26576767331211,-0.015022761767167648,0.021244309558746885,-0.01517450682851427,0.02601930167665801
28/07/2023,Izquierda,PF22  ,,,,,,,,,,
19/08/2023,Izquierda,PF22  ,-0.012900000001536682,0.008999999998195563,-0.0009999999999763531,0.015729272074929804,15.729272074929805,145.0975043926687,-0.018641618499330468,0.013005780344213241,-0.0014450867051681404,0.022730161957991046
25/08/2023,Izquierda,PF22  ,,,,,,,,,,
24/09/2023,Izquierda,PF22  ,-0.012900000001536682,0.008999999998195563,-0.003999999999990678,0.015729272074929804,15.729272074929805,145.0975043926687,-0.017719780221891045,0.01236263736015874,-0.005494505494492689,0.021606142960068412
16/10/2023,Izquierda,PF22  ,,,,,,,,,,
01/11/2023,Izquierda,PF22  ,-0.012900000001536682,0.006999999997788109,-0.0009999999999763531,0.01467685252391261,14.67685252391261,151.51416392068364,-0.016840731072502196,0.009138381198156801,-0.001305483028689756,0.019160381885003408
14/09/2024,Izquierda,PF22  ,-0.01990000000660075,0.013999999999214197,0.01300000000000523,0.024331255624005666,24.331255624005667,144.87293950417222,-0.018357933585425045,0.012915129150566602,0.011992619926204087,0.02244580777122294
19/04/2025,Izquierda,PF22  ,-0.01590000000578584,0.00999999999839929,-0.002999999999985903,0.018783237211726193,18.783237211726192,147.8329474277535,-0.012221368182771593,0.007686395079476779,-0.0023059185242013088,0.014437538210396766
24/05/2025,Izquierda,PF22  ,-0.018900000002759043,0.011999999998806743,0.006000000000028649,0.022387719849856387,22.38771984985639,147.58769338801167,-0.014146706588891498,0.008982035927250555,0.0044910179640933,0.016757275336718853
06/10/2021,Izquierda,PF92 ,0.0016666666633682325,-0.001333333333604969,-0.0020000000000095497,0.0021343747434049948,2.1343747434049947,321.34019168490283,0.16666666633682325,-0.1333333333604969,-0.20000000000095497,0.21343747434049948
10/10/2021,Izquierda,PF92 ,0.0016666666633682325,0.0006666666668024845,0.009000000000014552,0.0017950549326994235,1.7950549326994234,21.801409529477503,0.11904761881201661,0.0476190476287489,0.6428571428581823,0.12821820947853024
19/10/2021,Izquierda,PF92 ,-0.002333333330170717,0.002666666667209938,0.01500000000001478,0.0035433819359044724,3.5433819359044723,131.18592512143903,-0.10144927522481378,0.11594202900912776,0.6521739130441208,0.15406008416975966
28/10/2021,Izquierda,PF92 ,-0.0033333333340124227,-0.005333333334419876,-0.012000000000000455,0.006289320755985706,6.289320755985706,237.99461679191648,-0.10416666668788821,-0.16666666670062114,-0.3750000000000142,0.19654127362455331
02/11/2021,Izquierda,PF92 ,0.007666666664590593,-0.002333333333808696,0.0049999999999954525,0.008013876851599822,8.013876851599822,343.07248692827983,0.2072072071510971,-0.0630630630759107,0.13513513513501224,0.21659126625945466
12/11/2021,Izquierda,PF92 ,0.0006666666668024845,0.002666666667209938,-0.014000000000010004,0.0027487370843050983,2.748737084305098,75.96375653207353,0.01418439716601031,0.05673758866404124,-0.2978723404257448,0.058483767751172304
18/11/2021,Izquierda,PF92 ,0.002666666667209938,-0.001333333333604969,-0.0049999999999954525,0.002981423970607116,2.981423970607116,333.434948822922,0.05031446541905543,-0.025157232709527716,-0.09433962264142363,0.05625328246428521
24/11/2021,Izquierda,PF92 ,9.999999747378752e-05,0.0,0.0,9.999999747378752e-05,0.09999999747378752,360.0,0.0016949152114201275,0.0,0.0,0.0016949152114201275
01/12/2021,Izquierda,PF92 ,9.999999747378752e-05,0.0,0.0,9.999999747378752e-05,0.09999999747378752,360.0,0.0015151514768755685,0.0,0.0,0.0015151514768755685
09/12/2021,Izquierda,PF92 ,-0.0012333333361311816,-0.012333333335845964,-0.009999999999990905,0.012394846602160989,12.394846602160989,264.2894068507871,-0.016666666704475426,-0.16666666670062114,-0.13513513513501224,0.16749792705622957
30/01/2022,Izquierda,PF92 ,9.999999747378752e-05,0.0,0.0,9.999999747378752e-05,0.09999999747378752,360.0,0.0007936507736014882,0.0,0.0,0.0007936507736014882
11/02/2022,Izquierda,PF92 ,-0.016233333335549105,0.010666666665201774,-0.07200000000000273,0.019424183095553247,19.424183095553246,146.69171688923575,-0.11763285025760221,0.077294685979723,-0.5217391304348024,0.14075494996777715
27/02/2022,Izquierda,PF92 ,-0.003233333336538635,-0.01033333333543851,-0.00899999999998613,0.010827382984195989,10.827382984195989,252.624930070093,-0.020995671016484644,-0.06709956711323709,-0.05844155844146838,0.07030768171555837
12/03/2022,Izquierda,PF92 ,0.00176666666084202,-0.006333333334623603,-0.015999999999991132,0.006575121460321872,6.575121460321872,285.58630443956247,0.010578842280491139,-0.03792415170433295,-0.09580838323347984,0.03937198479234654
30/03/2022,Izquierda,PF92 ,-0.00023333333228947595,-0.01733333333322662,-0.007000000000005002,0.017334903774890196,17.334903774890197,269.228757248004,-0.001261261255618789,-0.09369369369311686,-0.03783783783786488,0.09370218256697403
06/04/2022,Izquierda,PF92 ,9.999999747378752e-05,0.0,0.0,9.999999747378752e-05,0.09999999747378752,360.0,0.0005208333201759766,0.0,0.0,0.0005208333201759766
11/04/2022,Izquierda,PF92 ,,,,,,,,,,
18/04/2022,Izquierda,PF92 ,,0.0,0.0,0.0,0.0,0.0,,0.0,0.0,0.0
01/05/2022,Izquierda,PF92 ,-0.036900000006426126,-0.030999999999039574,0.007000000000005002,0.048193464291485646,48.19346429148565,220.03390056126713,-0.17004608297892224,-0.14285714285271695,0.03225806451615209,0.2220896971957864
09/05/2022,Izquierda,PF92 ,,0.0,0.0,0.0,0.0,0.0,,0.0,0.0,0.0
16/05/2022,Izquierda,PF92 ,,0.0,0.0,0.0,0.0,0.0,,0.0,0.0,0.0
23/05/2022,Izquierda,PF92 ,0.0020000000004074536,0.005000000001018634,0.009999999999990905,0.005385164808231607,5.3851648082316075,68.19859051364818,0.00836820083852491,0.020920502096312278,0.041841004184062364,0.0225320703273289
30/05/2022,Izquierda,PF92 ,,0.0,0.0,0.0,0.0,0.0,,0.0,0.0,0.0
13/06/2022,Izquierda,PF92 ,,0.0,0.0,0.0,0.0,0.0,,0.0,0.0,0.0
24/06/2022,Izquierda,PF92 ,0.004000000000814907,0.006000000001222361,0.002999999999985903,0.007211102552397074,7.211102552397074,56.309932474020215,0.014760147604483053,0.02214022140672458,0.011070110701054993,0.02660923451069031
27/06/2022,Izquierda,PF92 ,,0.0,0.0,0.0,0.0,0.0,,0.0,0.0,0.0
04/07/2022,Izquierda,PF92 ,,0.0,0.0,0.0,0.0,0.0,,0.0,0.0,0.0
11/07/2022,Izquierda,PF92 ,,0.0,0.0,0.0,0.0,0.0,,0.0,0.0,0.0
23/07/2022,Izquierda,PF92 ,0.0030000000042491592,0.006000000001222361,0.014999999999986358,0.006708203935492964,6.708203935492964,63.4349487951299,0.010000000014163863,0.020000000004074536,0.049999999999954525,0.022360679784976547
01/08/2022,Izquierda,PF92 ,,0.0,0.0,0.0,0.0,0.0,,0.0,0.0,0.0
08/08/2022,Izquierda,PF92 ,,0.0,0.0,0.0,0.0,0.0,,0.0,0.0,0.0
16/08/2022,Izquierda,PF92 ,,0.0,0.0,0.0,0.0,0.0,,0.0,0.0,0.0
30/08/2022,Izquierda,PF92 ,,0.0,0.0,0.0,0.0,0.0,,0.0,0.0,0.0
13/11/2022,Izquierda,PF92 ,0.0020000000004074536,0.006000000001222361,0.003999999999990678,0.00632455532162524,6.32455532162524,71.56505117707799,0.004842615013093108,0.014527845039279326,0.009685230024190503,0.01531369327270034
13/11/2022,Izquierda,PF92 ,,,,,,,,,,
09/02/2023,Izquierda,PF92 ,,,,,,,,,,
20/02/2023,Izquierda,PF92 ,0.0010000000038417056,-0.005999999997584382,-0.003999999999990678,0.0060827625285470414,6.0827625285470415,279.46232224746035,0.0019531250075033313,-0.011718749995281996,-0.007812499999981792,0.01188039556356844
11/03/2023,Izquierda,PF92 ,,0.0,0.0,0.0,0.0,0.0,,0.0,0.0,0.0
15/03/2023,Izquierda,PF92 ,,0.0,0.0,0.0,0.0,0.0,,0.0,0.0,0.0
29/03/2023,Izquierda,PF92 ,0.0,0.0,0.0,0.0,0.0,,0.0,0.0,0.0,0.0
04/04/2023,Izquierda,PF92 ,,,,,,,,,,
12/04/2023,Izquierda,PF92 ,,0.0,0.0,0.0,0.0,0.0,,0.0,0.0,0.0
16/04/2023,Izquierda,PF92 ,,,,,,,,,,
25/04/2023,Izquierda,PF92 ,0.0,0.0,0.0,0.0,0.0,,0.0,0.0,0.0,0.0
09/05/2023,Izquierda,PF92 ,,,,,,,,,,
19/05/2023,Izquierda,PF92 ,,,,,,,,,,
27/05/2023,Izquierda,PF92 ,,,,,,,,,,
31/05/2023,Izquierda,PF92 ,,,,,,,,,,
11/06/2023,Izquierda,PF92 ,-0.000999999996565748,0.0010000000002037268,0.0,0.0014142135600887689,1.4142135600887689,134.99999989577958,-0.0016051364310846678,0.00160513643692412,0.0,0.0022700057144282005
19/06/2023,Izquierda,PF92 ,-0.0029999999969732016,0.023000000001047738,0.012000000000000455,0.023194827010133857,23.194827010133857,97.43140796342378,-0.00475435815685135,0.036450079240963135,0.019017432646593432,0.0367588383678825
06/07/2023,Izquierda,PF92 ,,,,,,,,,,
17/07/2023,Izquierda,PF92 ,-0.023999999997613486,-0.000999999996565748,-0.0030000000000143245,0.024020824296401212,24.020824296401212,182.38594402244132,-0.03641881638484596,-0.0015174506776414994,-0.004552352048580159,0.03645041623126132
28/07/2023,Izquierda,PF92 ,,,,,,,,,,
19/08/2023,Izquierda,PF92 ,0.005000000004656613,0.018000000000029104,0.003999999999990678,0.01868154169354376,18.68154169354376,74.47588898950896,0.00722543353274077,0.026011560693683676,0.005780346820795776,0.026996447534022774
25/08/2023,Izquierda,PF92 ,,,,,,,,,,
24/09/2023,Izquierda,PF92 ,0.013000000006286427,0.02600000000165892,0.002999999999985903,0.029068883711792424,29.068883711792424,63.434948813301666,0.01785714286577806,0.035714285716564445,0.004120879120859756,0.03992978531839619
16/10/2023,Izquierda,PF92 ,,,,,,,,,,
01/11/2023,Izquierda,PF92 ,-0.0029999999969732016,0.009000000001833541,0.0020000000000095497,0.00948683298128743,9.48683298128743,108.43494880207793,-0.003916449082210446,0.011749347260879296,0.00261096605745372,0.012384899453377847
14/09/2024,Izquierda,PF92 ,0.0020000000004074536,0.021000000000640284,0.015999999999991132,0.021095023110405016,21.095023110405016,84.55966796805768,0.0018450184505603817,0.019372693727527937,0.014760147601467835,0.019460353422882853
19/04/2025,Izquierda,PF92 ,-0.008999999998195563,0.015000000003055902,0.009999999999990905,0.01749285568622794,17.49285568622794,120.96375652185583,-0.006917755571249472,0.01152959262340961,0.007686395080700157,0.01344569998941425
24/05/2025,Izquierda,PF92 ,-0.004999999997380655,0.020000000000436557,0.018000000000000682,0.02061552812787654,20.61552812787654,104.03624346056975,-0.0037425149680992927,0.014970059880566286,0.01347305389221608,0.015430784526853697
06/10/2021,Izquierda,PF94 ,-0.002333333330170717,0.001333333333604969,-0.000666666666660376,0.0026874192468216993,2.6874192468216993,150.2551186645764,-0.2333333330170717,0.1333333333604969,-0.0666666666660376,0.26874192468216995
10/10/2021,Izquierda,PF94 ,-0.00033333332976326346,0.001333333333604969,0.00033333333334439885,0.0013743685412702098,1.3743685412702098,104.03624332079177,-0.02380952355451882,0.0952380952574978,0.023809523810314204,0.09816918151930071
19/10/2021,Izquierda,PF94 ,-0.002333333330170717,-0.002666666667209938,0.012333333333344854,0.0035433819359044724,3.5433819359044723,228.81407487856097,-0.10144927522481378,-0.11594202900912776,0.5362318840584719,0.15406008416975966
28/10/2021,Izquierda,PF94 ,0.013666666665812954,-0.0006666666668024845,-0.003666666666646279,0.013682917167003112,13.682917167003112,357.2072976335445,0.4270833333066548,-0.020833333337577642,-0.11458333333269621,0.42759116146884724
02/11/2021,Izquierda,PF94 ,-0.001333333333604969,0.0033333333340124227,0.0013333333333491737,0.0035901098721544044,3.5901098721544042,111.80140948635182,-0.036036036043377545,0.09009009010844386,0.03603603603646416,0.09702999654471363
12/11/2021,Izquierda,PF94 ,-0.00033333332976326346,-0.0006666666668024845,-0.0056666666666558285,0.0007453559910248253,0.7453559910248253,243.43494907305103,-0.007092198505601351,-0.01418439716601031,-0.12056737588629422,0.015858638106911176
18/11/2021,Izquierda,PF94 ,-0.006333333330985624,0.0043333333342161495,-0.010666666666651281,0.007673909620708489,7.673909620708489,145.61965526081704,-0.11949685530161555,0.08176100630596508,-0.20125786163492984,0.14479074756053753
24/11/2021,Izquierda,PF94 ,9.999999747378752e-05,0.0,0.0,9.999999747378752e-05,0.09999999747378752,360.0,0.0016949152114201275,0.0,0.0,0.0016949152114201275
01/12/2021,Izquierda,PF94 ,9.999999747378752e-05,0.0,0.0,9.999999747378752e-05,0.09999999747378752,360.0,0.0015151514768755685,0.0,0.0,0.0015151514768755685
09/12/2021,Izquierda,PF94 ,9.999999747378752e-05,0.0,0.0,9.999999747378752e-05,0.09999999747378752,360.0,0.0013513513172133448,0.0,0.0,0.0013513513172133448
30/01/2022,Izquierda,PF94 ,0.005766666661656927,-0.003666666667413665,-0.002666666666641504,0.006833658525020685,6.833658525020685,327.5502426894996,0.045767195727435935,-0.02910052910645766,-0.02116402116382146,0.05423538511921179
11/02/2022,Izquierda,PF94 ,-0.006233333333511837,-0.016666666666424135,-0.03966666666664764,0.01779416258822997,17.79416258822997,249.4942032030414,-0.04516908212689737,-0.1207729468581459,-0.2874396135264322,0.12894320716108676
27/02/2022,Izquierda,PF94 ,-0.0012333333361311816,-0.0006666666668024845,0.005333333333339851,0.0014019827255134084,1.4019827255134085,208.3930193718945,-0.008008658026825854,-0.004329004329886263,0.03463203463207695,0.00910378393190525
12/03/2022,Izquierda,PF94 ,,,,,,,,,,
30/03/2022,Izquierda,PF94 ,,,,,,,,,,
06/04/2022,Izquierda,PF94 ,9.999999747378752e-05,0.0,0.0,9.999999747378752e-05,0.09999999747378752,360.0,0.0005208333201759766,0.0,0.0,0.0005208333201759766
11/04/2022,Izquierda,PF94 ,,,,,,,,,,
18/04/2022,Izquierda,PF94 ,,0.0,0.0,0.0,0.0,0.0,,0.0,0.0,0.0
01/05/2022,Izquierda,PF94 ,0.0010999999940395355,0.009000000001833541,0.0010000000000047748,0.009066973035136408,9.066973035136408,83.03174329741412,0.0050691243964955555,0.04147465438632968,0.00460829493089758,0.04178328587620465
09/05/2022,Izquierda,PF94 ,,0.0,0.0,0.0,0.0,0.0,,0.0,0.0,0.0
16/05/2022,Izquierda,PF94 ,,0.0,0.0,0.0,0.0,0.0,,0.0,0.0,0.0
23/05/2022,Izquierda,PF94 ,9.999999747378752e-05,0.0,0.0,9.999999747378752e-05,0.09999999747378752,360.0,0.0004184100312710775,0.0,0.0,0.0004184100312710775
30/05/2022,Izquierda,PF94 ,,0.0,0.0,0.0,0.0,0.0,,0.0,0.0,0.0
13/06/2022,Izquierda,PF94 ,,0.0,0.0,0.0,0.0,0.0,,0.0,0.0,0.0
24/06/2022,Izquierda,PF94 ,9.999999747378752e-05,0.0,0.0,9.999999747378752e-05,0.09999999747378752,360.0,0.0003690036807150831,0.0,0.0,0.0003690036807150831
27/06/2022,Izquierda,PF94 ,,0.0,0.0,0.0,0.0,0.0,,0.0,0.0,0.0
04/07/2022,Izquierda,PF94 ,,0.0,0.0,0.0,0.0,0.0,,0.0,0.0,0.0
11/07/2022,Izquierda,PF94 ,,0.0,0.0,0.0,0.0,0.0,,0.0,0.0,0.0
23/07/2022,Izquierda,PF94 ,-0.004899999999906868,-0.0010000000002037268,0.01999999999998181,0.005000999899969481,5.0009998999694805,191.534620656145,-0.016333333333022892,-0.0033333333340124227,0.06666666666660603,0.016669999666564937
01/08/2022,Izquierda,PF94 ,,0.0,0.0,0.0,0.0,0.0,,0.0,0.0,0.0
08/08/2022,Izquierda,PF94 ,,0.0,0.0,0.0,0.0,0.0,,0.0,0.0,0.0
16/08/2022,Izquierda,PF94 ,,0.0,0.0,0.0,0.0,0.0,,0.0,0.0,0.0
30/08/2022,Izquierda,PF94 ,,0.0,0.0,0.0,0.0,0.0,,0.0,0.0,0.0
13/11/2022,Izquierda,PF94 ,9.999999747378752e-05,0.0,0.0,9.999999747378752e-05,0.09999999747378752,360.0,0.00024213074448858963,0.0,0.0,0.00024213074448858963
13/11/2022,Izquierda,PF94 ,9.999999747378752e-05,0.0,0.0,9.999999747378752e-05,0.09999999747378752,360.0,0.00024213074448858963,0.0,0.0,0.00024213074448858963
09/02/2023,Izquierda,PF94 ,,,,,,,,,,
20/02/2023,Izquierda,PF94 ,0.014100000000325963,0.009000000001833541,0.012999999999976808,0.01672752223260205,16.727522232602052,32.550003496886504,0.027539062500636646,0.017578125003581135,0.025390624999954703,0.03267094186055088
11/03/2023,Izquierda,PF94 ,,0.0,0.0,0.0,0.0,0.0,,0.0,0.0,0.0
15/03/2023,Izquierda,PF94 ,,0.0,0.0,0.0,0.0,0.0,,0.0,0.0,0.0
29/03/2023,Izquierda,PF94 ,,,,,,,,,,
04/04/2023,Izquierda,PF94 ,,,,,,,,,,
12/04/2023,Izquierda,PF94 ,,0.0,0.0,0.0,0.0,0.0,,0.0,0.0,0.0
16/04/2023,Izquierda,PF94 ,,,,,,,,,,
25/04/2023,Izquierda,PF94 ,-0.0008999999990919605,0.005000000001018634,0.012999999999976808,0.005080354319193876,5.080354319193876,100.20397370961773,-0.0015624999984235426,0.008680555557324018,0.022569444444404178,0.008820059581933812
09/05/2023,Izquierda,PF94 ,,,,,,,,,,
19/05/2023,Izquierda,PF94 ,,,,,,,,,,
27/05/2023,Izquierda,PF94 ,,,,,,,,,,
31/05/2023,Izquierda,PF94 ,,,,,,,,,,
11/06/2023,Izquierda,PF94 ,-0.0019000000029336661,0.006000000001222361,0.012000000000000455,0.006293647593074803,6.2936475930748035,107.5712588004242,-0.0030497592342434445,0.00963081862154472,0.019261637239166057,0.010102163070746073
19/06/2023,Izquierda,PF94 ,-0.008900000000721775,-0.023000000001047738,0.012000000000000455,0.02466191395778202,24.66191395778202,248.84572917726905,-0.014104595880700118,-0.036450079240963135,0.019017432646593432,0.03908385730234869
06/07/2023,Izquierda,PF94 ,,,,,,,,,,
17/07/2023,Izquierda,PF94 ,-0.01690000000235159,-0.013999999999214197,-0.020000000000010232,0.02194561459739693,21.94561459739693,219.6384310138717,-0.025644916543780864,-0.021244309558746885,-0.030349013657071672,0.0333013878564445
28/07/2023,Izquierda,PF94 ,,,,,,,,,,
19/08/2023,Izquierda,PF94 ,-0.013900000005378388,-0.021000000000640284,-0.0020000000000095497,0.025183526364995254,25.183526364995252,236.49923501207877,-0.020086705210084377,-0.03034682081017382,-0.0028901734104184243,0.036392379140166554
25/08/2023,Izquierda,PF94 ,,,,,,,,,,
24/09/2023,Izquierda,PF94 ,-0.033900000002176967,-0.013999999999214197,0.0010000000000047748,0.03667710457663739,36.67710457663739,202.43961455605458,-0.046565934068924404,-0.01923076922968983,0.0013736263736329325,0.05038063815472169
16/10/2023,Izquierda,PF94 ,,,,,,,,,,
01/11/2023,Izquierda,PF94 ,-0.008900000000721775,-0.020000000000436557,0.001999999999981128,0.021890865675671892,21.890865675671893,246.0109359891862,-0.011618798956555841,-0.02610966057498245,0.0026109660574166163,0.028578153623592548
14/09/2024,Izquierda,PF94 ,-0.012900000001536682,-0.0319999999992433,0.02199999999999136,0.03450231876252982,34.50231876252982,248.04440417818284,-0.01190036900510764,-0.029520295202253966,0.02029520295202155,0.03182870734550721
19/04/2025,Izquierda,PF94 ,-0.0239000000001397,-0.02599999999802094,0.002999999999985903,0.035315860458210085,35.31586045821008,227.40982323793307,-0.018370484242997462,-0.019984627208317403,0.0023059185242013088,0.02714516560969261
24/05/2025,Izquierda,PF94 ,-0.024900000003981404,-0.02500000000145519,-0.004000000000019099,0.03528469923736113,35.28469923736113,225.11482104480712,-0.018637724553878295,-0.01871257485138862,-0.0029940119760622002,0.026410703021976897
06/10/2021,Izquierda,PF35  ,0.00033333332976326346,0.0010000000002037268,-0.0016666666666367291,0.001054092552453777,1.054092552453777,71.56505136467474,0.033333332976326346,0.10000000002037268,-0.1666666666636729,0.1054092552453777
10/10/2021,Izquierda,PF35  ,0.005333333334419876,-0.0010000000002037268,0.006333333333373048,0.0054262735331387126,5.426273533138713,349.38034472384487,0.3809523810299912,-0.07142857144312334,0.4523809523837891,0.3875909666527652
19/10/2021,Izquierda,PF35  ,-0.0016666666706441902,-0.0010000000002037268,0.00033333333337282056,0.0019436506351306149,1.9436506351306149,210.963756476898,-0.07246376828887784,-0.04347826087842291,0.014492753624905243,0.08450654935350499
28/10/2021,Izquierda,PF35  ,-0.006666666668024845,-0.0010000000002037268,0.0013333333333491737,0.006741249473425601,6.741249473425601,188.53076560994813,-0.20833333337577642,-0.03125000000636646,0.04166666666716168,0.21066404604455002
02/11/2021,Izquierda,PF35  ,-0.003666666671051644,-0.0020000000004074536,-0.0006666666666319543,0.004176654699425218,4.176654699425218,208.61045964206755,-0.099099099217612,-0.05405405406506632,-0.018018018017079845,0.11288255944392483
12/11/2021,Izquierda,PF35  ,0.00033333332976326346,-0.005000000001018634,0.00033333333337282056,0.00501109879356987,5.01109879356987,273.81407479278664,0.007092198505601351,-0.10638297874507732,0.007092198582400437,0.10661912326744404
18/11/2021,Izquierda,PF35  ,0.00033333332976326346,-0.005000000001018634,0.00033333333337282056,0.00501109879356987,5.01109879356987,273.81407479278664,0.0062893081087408206,-0.09433962266072894,0.006289308176845671,0.09454903384094095
24/11/2021,Izquierda,PF35  ,0.008433333328866865,-0.004000000000814907,0.00033333333337282056,0.009333869028559162,9.333869028559162,334.62462626300703,0.14293785303164178,-0.06779661018330352,0.005649717514793569,0.158201169975579
01/12/2021,Izquierda,PF35  ,0.0024333333276445046,-0.007000000001426088,-0.002666666666641504,0.007410877890195649,7.410877890195649,289.1684250883563,0.0368686867824925,-0.10606060608221346,-0.04040404040365915,0.11228602863932802
09/12/2021,Izquierda,PF35  ,0.0014333333310787566,-0.007000000001426088,-0.0076666666666369565,0.007145239286262326,7.145239286262326,281.57203391718303,0.019369369338902116,-0.09459459461386605,-0.10360360360320212,0.09655728765219358
30/01/2022,Izquierda,PF35  ,9.999999747378752e-05,0.0,0.0,9.999999747378752e-05,0.09999999747378752,360.0,0.0007936507736014882,0.0,0.0,0.0007936507736014882
11/02/2022,Izquierda,PF35  ,0.006433333328459412,-0.007999999997991836,-0.0076666666666369565,0.010265854941646897,10.265854941646896,308.80508120323594,0.04661835745260443,-0.05797101447820171,-0.05555555555534026,0.07439025320033983
27/02/2022,Izquierda,PF35  ,0.000433333327237051,-0.0010000000002037268,0.0033333333333587234,0.0010898521793811244,1.0898521793811244,293.42869251041566,0.002813852774266565,-0.006493506494829395,0.021645021645186516,0.007076962203773535
12/03/2022,Izquierda,PF35  ,9.999999747378752e-05,0.0,0.0,9.999999747378752e-05,0.09999999747378752,360.0,0.00059880238008256,0.0,0.0,0.00059880238008256
30/03/2022,Izquierda,PF35  ,9.999999747378752e-05,0.0,0.0,9.999999747378752e-05,0.09999999747378752,360.0,0.0005405405268853379,0.0,0.0,0.0005405405268853379
06/04/2022,Izquierda,PF35  ,,,,,,,,,,
11/04/2022,Izquierda,PF35  ,,,,,,,,,,
18/04/2022,Izquierda,PF35  ,,0.0,0.0,0.0,0.0,0.0,,0.0,0.0,0.0
01/05/2022,Izquierda,PF35  ,9.999999747378752e-05,0.0,0.0,9.999999747378752e-05,0.09999999747378752,360.0,0.0004608294814460254,0.0,0.0,0.0004608294814460254
09/05/2022,Izquierda,PF35  ,,0.0,0.0,0.0,0.0,0.0,,0.0,0.0,0.0
16/05/2022,Izquierda,PF35  ,,0.0,0.0,0.0,0.0,0.0,,0.0,0.0,0.0
23/05/2022,Izquierda,PF35  ,9.999999747378752e-05,0.0,0.0,9.999999747378752e-05,0.09999999747378752,360.0,0.0004184100312710775,0.0,0.0,0.0004184100312710775
30/05/2022,Izquierda,PF35  ,,0.0,0.0,0.0,0.0,0.0,,0.0,0.0,0.0
13/06/2022,Izquierda,PF35  ,,0.0,0.0,0.0,0.0,0.0,,0.0,0.0,0.0
24/06/2022,Izquierda,PF35  ,9.999999747378752e-05,0.0,0.0,9.999999747378752e-05,0.09999999747378752,360.0,0.0003690036807150831,0.0,0.0,0.0003690036807150831
27/06/2022,Izquierda,PF35  ,,0.0,0.0,0.0,0.0,0.0,,0.0,0.0,0.0
04/07/2022,Izquierda,PF35  ,,0.0,0.0,0.0,0.0,0.0,,0.0,0.0,0.0
11/07/2022,Izquierda,PF35  ,,0.0,0.0,0.0,0.0,0.0,,0.0,0.0,0.0
23/07/2022,Izquierda,PF35  ,0.0014333333310787566,-0.005000000001018634,0.00933333333335895,0.005201388703814364,5.201388703814364,285.9958322865572,0.004777777770262522,-0.016666666670062114,0.031111111111196504,0.01733796234604788
01/08/2022,Izquierda,PF35  ,,0.0,0.0,0.0,0.0,0.0,,0.0,0.0,0.0
08/08/2022,Izquierda,PF35  ,,0.0,0.0,0.0,0.0,0.0,,0.0,0.0,0.0
16/08/2022,Izquierda,PF35  ,,0.0,0.0,0.0,0.0,0.0,,0.0,0.0,0.0
30/08/2022,Izquierda,PF35  ,,0.0,0.0,0.0,0.0,0.0,,0.0,0.0,0.0
13/11/2022,Izquierda,PF35  ,0.0034333333314862102,-0.005000000001018634,-0.002666666666641504,0.00606529288454239,6.06529288454239,304.4760883381216,0.008313155766310436,-0.01210653753273277,-0.006456820016081123,0.014685939187753969
13/11/2022,Izquierda,PF35  ,,,,,,,,,,
09/02/2023,Izquierda,PF35  ,,,,,,,,,,
20/02/2023,Izquierda,PF35  ,0.004433333328051958,0.005000000001018634,-0.005666666666627407,0.006682398103061699,6.682398103061699,48.43766503204204,0.008658854156351481,0.00976562500198952,-0.011067708333256654,0.01305155879504238
11/03/2023,Izquierda,PF35  ,,0.0,0.0,0.0,0.0,0.0,,0.0,0.0,0.0
15/03/2023,Izquierda,PF35  ,,0.0,0.0,0.0,0.0,0.0,,0.0,0.0,0.0
29/03/2023,Izquierda,PF35  ,0.01583333333110204,-0.0004000000008090865,-0.0034666666666396395,0.015838385156777636,15.838385156777637,358.5528354931726,0.02884031572149734,-0.0007285974513826712,-0.00631451123249479,0.0288495175897589
04/04/2023,Izquierda,PF35  ,,,,,,,,,,
12/04/2023,Izquierda,PF35  ,,0.0,0.0,0.0,0.0,0.0,,0.0,0.0,0.0
16/04/2023,Izquierda,PF35  ,,,,,,,,,,
25/04/2023,Izquierda,PF35  ,0.01343333332624752,-0.0030000000006111804,-0.003666666666646279,0.013764245139408821,13.764245139408821,347.410991852802,0.023321759246957504,-0.0052083333343944105,-0.006365740740705345,0.02389625892258476
09/05/2023,Izquierda,PF35  ,,,,,,,,,,
19/05/2023,Izquierda,PF35  ,,,,,,,,,,
27/05/2023,Izquierda,PF35  ,,,,,,,,,,
31/05/2023,Izquierda,PF35  ,,,,,,,,,,
11/06/2023,Izquierda,PF35  ,0.01343333332624752,-0.0030000000006111804,-0.003666666666646279,0.013764245139408821,13.764245139408821,347.410991852802,0.02156233278691416,-0.00481540931077236,-0.005885500267490015,0.022093491395519776
19/06/2023,Izquierda,PF35  ,0.000433333327237051,-0.007000000001426088,0.007333333333349401,0.007013399873988333,7.013399873988333,273.54236114176564,0.000686740613687878,-0.011093502379439124,0.011621764395165454,0.011114738310599576
06/07/2023,Izquierda,PF35  ,,,,,,,,,,
17/07/2023,Izquierda,PF35  ,0.006433333328459412,-0.007999999997991836,-0.002666666666641504,0.010265854941646897,10.265854941646896,308.80508120323594,0.009762266052290457,-0.012139605459775167,-0.004046535154235969,0.015577928591269951
28/07/2023,Izquierda,PF35  ,,,,,,,,,,
19/08/2023,Izquierda,PF35  ,-0.00556666667398531,-0.004000000000814907,-0.0006666666666319543,0.006854763151690796,6.854763151690796,215.69962130883567,-0.008044316002868946,-0.00578034682198686,-0.000963391136751379,0.009905727097819068
25/08/2023,Izquierda,PF35  ,,,,,,,,,,
24/09/2023,Izquierda,PF35  ,-0.0035666666735778563,0.0,-0.002666666666641504,0.0035666666735778563,3.5666666735778563,180.0,-0.004899267408760791,0.0,-0.0036630036629690986,0.004899267408760791
16/10/2023,Izquierda,PF35  ,,,,,,,,,,
01/11/2023,Izquierda,PF35  ,0.000433333327237051,0.0,0.00033333333337282056,0.000433333327237051,0.433333327237051,0.0,0.0005657093044870117,0.0,0.0004351610096250921,0.0005657093044870117
14/09/2024,Izquierda,PF35  ,-0.006566666670551058,-0.0020000000004074536,0.010333333333363726,0.0068644818569033985,6.8644818569033985,196.93908562485655,-0.006057810581689168,-0.0018450184505603817,0.009532595325981295,0.0063325478384717694
19/04/2025,Izquierda,PF35  ,0.0024333333276445046,0.008000000001629815,0.0023333333333539485,0.008361884423352341,8.361884423352341,73.0819871884647,0.0018703561319327476,0.006149116065818459,0.0017934921855141802,0.0064272747297097164
24/05/2025,Izquierda,PF35  ,0.000433333327237051,0.009000000001833541,0.008333333333354176,0.00901042606126359,9.01042606126359,87.24344316774457,0.00032435129284210404,0.006736526947480196,0.006237524950115402,0.006744330884179334
06/10/2021,Izquierda,PF50  ,0.0029999999969732016,-3.637978807091713e-12,0.006333333333344626,0.0029999999969732016,2.9999999969732016,359.9999999305197,0.29999999969732016,-3.637978807091713e-10,0.6333333333344626,0.29999999969732016
10/10/2021,Izquierda,PF50  ,-0.0020000000004074536,-0.0020000000004074536,0.012333333333344854,0.0028284271253224166,2.8284271253224165,225.0,-0.14285714288624668,-0.14285714288624668,0.8809523809532038,0.20203050895160118
19/10/2021,Izquierda,PF50  ,-0.0010000000038417056,-3.637978807091713e-12,0.006333333333344626,0.0010000000038417056,1.0000000038417056,180.00000020844084,-0.0434782610365959,-1.5817299161268318e-10,0.2753623188410707,0.0434782610365959
28/10/2021,Izquierda,PF50  ,9.999999747378752e-05,-0.0010000000038417056,0.0033333333333303017,0.0010049875656833614,1.0049875656833613,275.710592972398,0.00312499992105586,-0.0312500001200533,0.10416666666657193,0.03140586142760504
02/11/2021,Izquierda,PF50  ,0.000999999996565748,-3.637978807091713e-12,0.011333333333340079,0.000999999996565748,0.999999996565748,359.99999979155916,0.027027026934209407,-9.832375154301927e-11,0.30630630630648864,0.027027026934209407
12/11/2021,Izquierda,PF50  ,0.0020000000004074536,-0.0010000000038417056,-0.006666666666660603,0.0022360679795822903,2.23606797958229,333.4349487395457,0.04255319149803093,-0.02127659582641927,-0.14184397163107668,0.04757591445919767
18/11/2021,Izquierda,PF50  ,-0.0010000000038417056,0.001999999996769475,-0.006666666666660603,0.002236067976328383,2.2360679763283833,116.56505130214248,-0.018867924600786897,0.03773584899565047,-0.1257861635218982,0.042189961817516664
24/11/2021,Izquierda,PF50  ,9.999999747378752e-05,0.0,0.0,9.999999747378752e-05,0.09999999747378752,360.0,0.0016949152114201275,0.0,0.0,0.0016949152114201275
01/12/2021,Izquierda,PF50  ,9.999999747378752e-05,0.0,0.0,9.999999747378752e-05,0.09999999747378752,360.0,0.0015151514768755685,0.0,0.0,0.0015151514768755685
09/12/2021,Izquierda,PF50  ,0.008099999999103602,-0.004000000000814907,0.00033333333334439885,0.009033825324412555,9.033825324412554,333.71858897152833,0.10945945944734597,-0.05405405406506632,0.0045045045046540385,0.12207872060016967
30/01/2022,Izquierda,PF50  ,0.00909999999566935,-0.0030000000006111804,0.006333333333344626,0.009581753489046212,9.581753489046212,341.75414546084295,0.07222222218785199,-0.02380952381437445,0.05026455026463989,0.07604566261147787
11/02/2022,Izquierda,PF50  ,-0.0019000000029336661,-0.014000000002852175,-0.009666666666646506,0.01412834031622288,14.12834031622288,262.2713629938148,-0.013768115963287435,-0.10144927538298679,-0.07004830917859788,0.10237927765378899
27/02/2022,Izquierda,PF50  ,0.006099999998696148,-0.0030000000006111804,0.009333333333330529,0.006797793758842651,6.797793758842651,333.8118892930466,0.039610389601923035,-0.019480519484488184,0.0606060606060424,0.04414151791456267
12/03/2022,Izquierda,PF50  ,9.999999747378752e-05,0.0,0.0,9.999999747378752e-05,0.09999999747378752,360.0,0.00059880238008256,0.0,0.0,0.00059880238008256
30/03/2022,Izquierda,PF50  ,9.999999747378752e-05,0.0,0.0,9.999999747378752e-05,0.09999999747378752,360.0,0.0005405405268853379,0.0,0.0,0.0005405405268853379
06/04/2022,Izquierda,PF50  ,,,,,,,,,,
11/04/2022,Izquierda,PF50  ,,,,,,,,,,
18/04/2022,Izquierda,PF50  ,,0.0,0.0,0.0,0.0,0.0,,0.0,0.0,0.0
01/05/2022,Izquierda,PF50  ,9.999999747378752e-05,0.0,0.0,9.999999747378752e-05,0.09999999747378752,360.0,0.0004608294814460254,0.0,0.0,0.0004608294814460254
09/05/2022,Izquierda,PF50  ,,0.0,0.0,0.0,0.0,0.0,,0.0,0.0,0.0
16/05/2022,Izquierda,PF50  ,,0.0,0.0,0.0,0.0,0.0,,0.0,0.0,0.0
23/05/2022,Izquierda,PF50  ,9.999999747378752e-05,0.0,0.0,9.999999747378752e-05,0.09999999747378752,360.0,0.0004184100312710775,0.0,0.0,0.0004184100312710775
30/05/2022,Izquierda,PF50  ,,0.0,0.0,0.0,0.0,0.0,,0.0,0.0,0.0
13/06/2022,Izquierda,PF50  ,,0.0,0.0,0.0,0.0,0.0,,0.0,0.0,0.0
24/06/2022,Izquierda,PF50  ,9.999999747378752e-05,0.0,0.0,9.999999747378752e-05,0.09999999747378752,360.0,0.0003690036807150831,0.0,0.0,0.0003690036807150831
27/06/2022,Izquierda,PF50  ,,0.0,0.0,0.0,0.0,0.0,,0.0,0.0,0.0
04/07/2022,Izquierda,PF50  ,,0.0,0.0,0.0,0.0,0.0,,0.0,0.0,0.0
11/07/2022,Izquierda,PF50  ,,0.0,0.0,0.0,0.0,0.0,,0.0,0.0,0.0
23/07/2022,Izquierda,PF50  ,9.999999747378752e-05,0.0,0.0,9.999999747378752e-05,0.09999999747378752,360.0,0.000333333324912625,0.0,0.0,0.000333333324912625
01/08/2022,Izquierda,PF50  ,,0.0,0.0,0.0,0.0,0.0,,0.0,0.0,0.0
08/08/2022,Izquierda,PF50  ,,0.0,0.0,0.0,0.0,0.0,,0.0,0.0,0.0
16/08/2022,Izquierda,PF50  ,,0.0,0.0,0.0,0.0,0.0,,0.0,0.0,0.0
30/08/2022,Izquierda,PF50  ,,0.0,0.0,0.0,0.0,0.0,,0.0,0.0,0.0
13/11/2022,Izquierda,PF50  ,9.999999747378752e-05,0.0,0.0,9.999999747378752e-05,0.09999999747378752,360.0,0.00024213074448858963,0.0,0.0,0.00024213074448858963
13/11/2022,Izquierda,PF50  ,9.999999747378752e-05,0.0,0.0,9.999999747378752e-05,0.09999999747378752,360.0,0.00024213074448858963,0.0,0.0,0.00024213074448858963
09/02/2023,Izquierda,PF50  ,,,,,,,,,,
20/02/2023,Izquierda,PF50  ,0.00909999999566935,0.000999999996565748,0.010333333333335304,0.009154780167448789,9.154780167448788,6.271077431096873,0.0177734374915417,0.0019531249932924766,0.020182291666670515,0.017880430014548414
11/03/2023,Izquierda,PF50  ,,0.0,0.0,0.0,0.0,0.0,,0.0,0.0,0.0
15/03/2023,Izquierda,PF50  ,,0.0,0.0,0.0,0.0,0.0,,0.0,0.0,0.0
29/03/2023,Izquierda,PF50  ,9.999999747378752e-05,0.0,0.0,9.999999747378752e-05,0.09999999747378752,360.0,0.00018214935787575138,0.0,0.0,0.00018214935787575138
04/04/2023,Izquierda,PF50  ,,,,,,,,,,
12/04/2023,Izquierda,PF50  ,,0.0,0.0,0.0,0.0,0.0,,0.0,0.0,0.0
16/04/2023,Izquierda,PF50  ,,,,,,,,,,
25/04/2023,Izquierda,PF50  ,9.999999747378752e-05,0.0,0.0,9.999999747378752e-05,0.09999999747378752,360.0,0.00017361110672532555,0.0,0.0,0.00017361110672532555
09/05/2023,Izquierda,PF50  ,,,,,,,,,,
19/05/2023,Izquierda,PF50  ,,,,,,,,,,
27/05/2023,Izquierda,PF50  ,,,,,,,,,,
31/05/2023,Izquierda,PF50  ,,,,,,,,,,
11/06/2023,Izquierda,PF50  ,9.999999747378752e-05,0.0,0.0,9.999999747378752e-05,0.09999999747378752,360.0,0.00016051363960479536,0.0,0.0,0.00016051363960479536
19/06/2023,Izquierda,PF50  ,-0.006900000007590279,-0.02200000000084401,0.0033333333333303017,0.023056669320218007,23.056669320218006,252.586678312416,-0.010935023783819777,-0.034865293186757546,0.005282620179604281,0.036539887987667205
06/07/2023,Izquierda,PF50  ,,,,,,,,,,
17/07/2023,Izquierda,PF50  ,-0.004900000007182825,-0.01600000000325963,-0.009666666666646506,0.016733499340386034,16.733499340386036,252.97279264470427,-0.007435508356878339,-0.024279210930591242,-0.01466868993421321,0.025392260000585788
28/07/2023,Izquierda,PF50  ,,,,,,,,,,
19/08/2023,Izquierda,PF50  ,-0.008900000007997733,-0.01600000000325963,-0.0016666666666651508,0.01830874108852566,18.308741088525657,240.91500024786177,-0.012861271687857995,-0.02312138728794744,-0.002408477842001663,0.026457718336019738
25/08/2023,Izquierda,PF50  ,,,,,,,,,,
24/09/2023,Izquierda,PF50  ,-0.007900000004156027,-0.017000000003463356,0.00033333333334439885,0.018745932897122494,18.745932897122493,245.075429637505,-0.01085164835735718,-0.023351648356405706,0.00045787545789065774,0.025749907825717712
16/10/2023,Izquierda,PF50  ,,,,,,,,,,
01/11/2023,Izquierda,PF50  ,-0.006900000007590279,-0.01600000000325963,0.00033333333334439885,0.017424408173853538,17.42440817385354,246.67187891326574,-0.009007832908081305,-0.020887728463785418,0.00043516100958798805,0.02274726915646676
14/09/2024,Izquierda,PF50  ,0.002099999997881241,-0.024000000001251465,0.014333333333325982,0.024091699816558638,24.091699816558638,275.0006445922793,0.0019372693707391524,-0.02214022140336851,0.01322263222631548,0.022224815328928633
19/04/2025,Izquierda,PF50  ,-0.008900000007997733,-0.021000000000640284,0.0013333333333491737,0.02280811259550539,22.80811259550539,247.0323065815685,-0.006840891627976735,-0.01614142966997716,0.0010248526774397954,0.017531216445430736
24/05/2025,Izquierda,PF50  ,-0.005900000003748573,-0.023000000001047738,0.012333333333344854,0.023744683617442225,23.744683617442224,255.61261211842202,-0.004416167667476477,-0.017215568863059687,0.009231536926156327,0.017772966779522625
06/10/2021,Izquierda,PF51  ,-0.0010000000038417056,0.0010000000002037268,0.00033333333334439885,0.0014142135652336477,1.4142135652336478,135.00000010422042,-0.10000000038417056,0.10000000002037268,0.033333333334439885,0.1414213565233648
10/10/2021,Izquierda,PF51  ,-0.0010000000038417056,0.0010000000002037268,0.00033333333334439885,0.0014142135652336477,1.4142135652336478,135.00000010422042,-0.07142857170297898,0.07142857144312334,0.023809523810314204,0.10101525465954626
19/10/2021,Izquierda,PF51  ,9.999999747378752e-05,0.0010000000002037268,0.0033333333333587234,0.0010049875620634372,1.0049875620634372,84.2894070069643,0.004347825977121197,0.04347826087842291,0.14492753623298796,0.043695111394062486
28/10/2021,Izquierda,PF51  ,9.999999747378752e-05,0.0,-0.003666666666646279,9.999999747378752e-05,0.09999999747378752,360.0,0.00312499992105586,0.0,-0.11458333333269621,0.00312499992105586
02/11/2021,Izquierda,PF51  ,0.000999999996565748,0.0,0.0023333333333539485,0.000999999996565748,0.999999996565748,360.0,0.027027026934209407,0.0,0.06306306306362024,0.027027026934209407
12/11/2021,Izquierda,PF51  ,0.000999999996565748,-0.0010000000002037268,-0.0056666666666558285,0.0014142135600887689,1.4142135600887689,314.9999998957796,0.02127659567161166,-0.021276595749015467,-0.12056737588629422,0.030089650214654658
18/11/2021,Izquierda,PF51  ,-0.0010000000038417056,0.0030000000006111804,-0.003666666666646279,0.0031622776619630497,3.1622776619630497,108.43494888545426,-0.018867924600786897,0.05660377359643737,-0.06918238993672224,0.05966561626345376
24/11/2021,Izquierda,PF51  ,9.999999747378752e-05,0.0,0.0,9.999999747378752e-05,0.09999999747378752,360.0,0.0016949152114201275,0.0,0.0,0.0016949152114201275
01/12/2021,Izquierda,PF51  ,9.999999747378752e-05,0.0,0.0,9.999999747378752e-05,0.09999999747378752,360.0,0.0015151514768755685,0.0,0.0,0.0015151514768755685
09/12/2021,Izquierda,PF51  ,9.999999747378752e-05,0.0,0.0,9.999999747378752e-05,0.09999999747378752,360.0,0.0013513513172133448,0.0,0.0,0.0013513513172133448
30/01/2022,Izquierda,PF51  ,0.005099999994854443,-0.0030000000006111804,0.0023333333333539485,0.005916924872869555,5.916924872869555,329.534455050176,0.04047619043535272,-0.02380952381437445,0.01851851851868213,0.04695972121325044
11/02/2022,Izquierda,PF51  ,-0.004899999999906868,-0.008999999998195563,-0.008666666666641731,0.010247438702749455,10.247438702749456,241.43416320188652,-0.03550724637613672,-0.06521739129127219,-0.06280193236696907,0.07425680219383662
27/02/2022,Izquierda,PF51  ,-0.0019000000029336661,-0.0010000000002037268,0.005333333333368273,0.0021470910580493286,2.1470910580493285,207.75854056940958,-0.012337662356712117,-0.006493506494829395,0.03463203463226151,0.013942149727593044
12/03/2022,Izquierda,PF51  ,9.999999747378752e-05,0.0,0.0,9.999999747378752e-05,0.09999999747378752,360.0,0.00059880238008256,0.0,0.0,0.00059880238008256
30/03/2022,Izquierda,PF51  ,9.999999747378752e-05,0.0,0.0,9.999999747378752e-05,0.09999999747378752,360.0,0.0005405405268853379,0.0,0.0,0.0005405405268853379
06/04/2022,Izquierda,PF51  ,,,,,,,,,,
11/04/2022,Izquierda,PF51  ,,,,,,,,,,
18/04/2022,Izquierda,PF51  ,,0.0,0.0,0.0,0.0,0.0,,0.0,0.0,0.0
01/05/2022,Izquierda,PF51  ,9.999999747378752e-05,0.0,0.0,9.999999747378752e-05,0.09999999747378752,360.0,0.0004608294814460254,0.0,0.0,0.0004608294814460254
09/05/2022,Izquierda,PF51  ,,0.0,0.0,0.0,0.0,0.0,,0.0,0.0,0.0
16/05/2022,Izquierda,PF51  ,,0.0,0.0,0.0,0.0,0.0,,0.0,0.0,0.0
23/05/2022,Izquierda,PF51  ,-0.004899999999906868,-0.0010000000002037268,-0.003666666666646279,0.005000999899969481,5.0009998999694805,191.534620656145,-0.02050209204981953,-0.004184100419262455,-0.01534170153408485,0.020924685773930883
30/05/2022,Izquierda,PF51  ,,0.0,0.0,0.0,0.0,0.0,,0.0,0.0,0.0
13/06/2022,Izquierda,PF51  ,,0.0,0.0,0.0,0.0,0.0,,0.0,0.0,0.0
24/06/2022,Izquierda,PF51  ,9.999999747378752e-05,0.0,0.0,9.999999747378752e-05,0.09999999747378752,360.0,0.0003690036807150831,0.0,0.0,0.0003690036807150831
27/06/2022,Izquierda,PF51  ,,0.0,0.0,0.0,0.0,0.0,,0.0,0.0,0.0
04/07/2022,Izquierda,PF51  ,,0.0,0.0,0.0,0.0,0.0,,0.0,0.0,0.0
11/07/2022,Izquierda,PF51  ,,0.0,0.0,0.0,0.0,0.0,,0.0,0.0,0.0
23/07/2022,Izquierda,PF51  ,9.999999747378752e-05,0.0,0.0,9.999999747378752e-05,0.09999999747378752,360.0,0.000333333324912625,0.0,0.0,0.000333333324912625
01/08/2022,Izquierda,PF51  ,,0.0,0.0,0.0,0.0,0.0,,0.0,0.0,0.0
08/08/2022,Izquierda,PF51  ,,0.0,0.0,0.0,0.0,0.0,,0.0,0.0,0.0
16/08/2022,Izquierda,PF51  ,,0.0,0.0,0.0,0.0,0.0,,0.0,0.0,0.0
30/08/2022,Izquierda,PF51  ,,0.0,0.0,0.0,0.0,0.0,,0.0,0.0,0.0
13/11/2022,Izquierda,PF51  ,-0.005900000003748573,-0.0010000000002037268,-0.014666666666641959,0.00598414572388078,5.98414572388078,189.61972779562433,-0.014285714294790735,-0.002421307506546554,-0.03551251008872145,0.014489456958549104
13/11/2022,Izquierda,PF51  ,9.999999747378752e-05,0.0,0.0,9.999999747378752e-05,0.09999999747378752,360.0,0.00024213074448858963,0.0,0.0,0.00024213074448858963
09/02/2023,Izquierda,PF51  ,,,,,,,,,,
20/02/2023,Izquierda,PF51  ,9.999999747378752e-05,0.0,0.0,9.999999747378752e-05,0.09999999747378752,360.0,0.00019531249506599124,0.0,0.0,0.00019531249506599124
11/03/2023,Izquierda,PF51  ,,0.0,0.0,0.0,0.0,0.0,,0.0,0.0,0.0
15/03/2023,Izquierda,PF51  ,,0.0,0.0,0.0,0.0,0.0,,0.0,0.0,0.0
29/03/2023,Izquierda,PF51  ,9.999999747378752e-05,0.0,0.0,9.999999747378752e-05,0.09999999747378752,360.0,0.00018214935787575138,0.0,0.0,0.00018214935787575138
04/04/2023,Izquierda,PF51  ,,,,,,,,,,
12/04/2023,Izquierda,PF51  ,,0.0,0.0,0.0,0.0,0.0,,0.0,0.0,0.0
16/04/2023,Izquierda,PF51  ,,,,,,,,,,
25/04/2023,Izquierda,PF51  ,9.999999747378752e-05,0.0,0.0,9.999999747378752e-05,0.09999999747378752,360.0,0.00017361110672532555,0.0,0.0,0.00017361110672532555
09/05/2023,Izquierda,PF51  ,,,,,,,,,,
19/05/2023,Izquierda,PF51  ,,,,,,,,,,
27/05/2023,Izquierda,PF51  ,,,,,,,,,,
31/05/2023,Izquierda,PF51  ,,,,,,,,,,
11/06/2023,Izquierda,PF51  ,-0.0009000000063679181,-0.0010000000002037268,-0.0016666666666367291,0.0013453624091187126,1.3453624091187126,228.0127873084102,-0.0014446228031587771,-0.00160513643692412,-0.002675227394280464,0.0021594902233045147
19/06/2023,Izquierda,PF51  ,-0.011900000004970934,-0.018000000000029104,-0.0016666666666367291,0.021577998056338685,21.577998056338686,236.53086625047234,-0.018858954049082305,-0.02852614896993519,-0.0026413100897570985,0.03419651039039411
06/07/2023,Izquierda,PF51  ,,,,,,,,,,
17/07/2023,Izquierda,PF51  ,-0.010900000001129229,-0.01299999999901047,-0.011666666666627634,0.01696496389618585,16.96496389618585,230.02146103713224,-0.016540212444809146,-0.01972685887558493,-0.01770359129989019,0.025743496048840443
28/07/2023,Izquierda,PF51  ,,,,,,,,,,
19/08/2023,Izquierda,PF51  ,-0.013900000005378388,-0.013999999999214197,-0.0076666666666369565,0.01972840591957487,19.728405919574868,225.20536032480237,-0.020086705210084377,-0.020231213871696813,-0.011078998073174794,0.028509257109212236
25/08/2023,Izquierda,PF51  ,,,,,,,,,,
24/09/2023,Izquierda,PF51  ,-0.011900000004970934,-0.013999999999214197,-0.0016666666666367291,0.018374166650390045,18.374166650390045,229.63546341350502,-0.016346153852982055,-0.01923076922968983,-0.0022893772893361666,0.02523923990438193
16/10/2023,Izquierda,PF51  ,,,,,,,,,,
01/11/2023,Izquierda,PF51  ,-0.007900000004156027,-0.013999999999214197,-0.002666666666641504,0.016075136081653018,16.075136081653017,240.56458362433006,-0.010313315932318573,-0.01827676240106292,-0.0034812880765554884,0.020985817338972607
14/09/2024,Izquierda,PF51  ,-0.008900000000721775,-0.018000000000029104,0.004333333333363498,0.020080089641580173,20.080089641580173,243.6901621867213,-0.008210332103986877,-0.016605166051687364,0.003997539975427581,0.01852406793503706
19/04/2025,Izquierda,PF51  ,-0.01690000000235159,-0.01599999999962165,-0.0056666666666558285,0.023272515980602024,23.272515980602023,223.4330290382947,-0.012990007688202606,-0.012298232128840623,-0.004355623879059053,0.017888175234897788
24/05/2025,Izquierda,PF51  ,-0.01590000000578584,-0.014999999999417923,-0.002666666666641504,0.021858865482145395,21.858865482145394,223.3316625401899,-0.01190119760912114,-0.011227544909743955,-0.0019960079840131016,0.016361426259090865
06/10/2021,Izquierda,PF52  ,-0.001333333333604969,0.002333333333808696,0.0006666666666887977,0.0026874192499803493,2.687419249980349,119.74488129694221,-0.1333333333604969,0.2333333333808696,0.06666666666887977,0.26874192499803495
10/10/2021,Izquierda,PF52  ,-0.001333333333604969,0.00033333333340124227,0.0036666666666747005,0.0013743685421525491,1.374368542152549,165.96375653207352,-0.0952380952574978,0.02380952381437445,0.26190476190533574,0.09816918158232495
19/10/2021,Izquierda,PF52  ,0.0006666666668024845,-0.002666666667209938,0.004666666666679475,0.0027487370843050983,2.748737084305098,284.03624346792645,0.02898550725228194,-0.11594202900912776,0.20289855072519458,0.11951030801326515
28/10/2021,Izquierda,PF52  ,0.0006666666668024845,-0.0016666666670062114,0.0036666666666747005,0.0017950549360772022,1.7950549360772021,291.8014094863518,0.020833333337577642,-0.052083333343944105,0.11458333333358439,0.056095466752412566
02/11/2021,Izquierda,PF52  ,-0.00033333332976326346,-0.0006666666668024845,0.00566666666668425,0.0007453559910248253,0.7453559910248253,243.43494907305103,-0.009009008912520634,-0.018018018021688773,0.15315315315362837,0.020144756514184466
12/11/2021,Izquierda,PF52  ,0.0016666666706441902,-0.0006666666668024845,-0.002333333333325527,0.0017950549394549807,1.7950549394549808,338.19859055677387,0.03546099299242958,-0.01418439716601031,-0.04964539007075589,0.03819265828627619
18/11/2021,Izquierda,PF52  ,0.0006666666668024845,0.001333333333604969,0.0006666666666887977,0.001490711985303558,1.490711985303558,63.43494882292201,0.012578616354763858,0.025157232709527716,0.012578616352618824,0.028126641232142605
24/11/2021,Izquierda,PF52  ,9.999999747378752e-05,0.0,0.0,9.999999747378752e-05,0.09999999747378752,360.0,0.0016949152114201275,0.0,0.0,0.0016949152114201275
01/12/2021,Izquierda,PF52  ,9.999999747378752e-05,0.0,0.0,9.999999747378752e-05,0.09999999747378752,360.0,0.0015151514768755685,0.0,0.0,0.0015151514768755685
09/12/2021,Izquierda,PF52  ,9.999999747378752e-05,0.0,0.0,9.999999747378752e-05,0.09999999747378752,360.0,0.0013513513172133448,0.0,0.0,0.0013513513172133448
30/01/2022,Izquierda,PF52  ,9.999999747378752e-05,0.0,0.0,9.999999747378752e-05,0.09999999747378752,360.0,0.0007936507736014882,0.0,0.0,0.0007936507736014882
11/02/2022,Izquierda,PF52  ,-0.0022333333326969296,-0.006666666664386867,-0.0033333333333303017,0.007030805230482657,7.030805230482657,251.479150521545,-0.01618357487461543,-0.04830917872744107,-0.024154589371958708,0.050947863989004756
27/02/2022,Izquierda,PF52  ,-0.00023333333228947595,-0.0016666666670062114,0.007666666666665378,0.0016829207417067818,1.6829207417067817,262.03038964247673,-0.0015151515083732204,-0.010822510824715657,0.04978354978354142,0.010928056764329752
12/03/2022,Izquierda,PF52  ,9.999999747378752e-05,0.0,0.0,9.999999747378752e-05,0.09999999747378752,360.0,0.00059880238008256,0.0,0.0,0.00059880238008256
30/03/2022,Izquierda,PF52  ,9.999999747378752e-05,0.0,0.0,9.999999747378752e-05,0.09999999747378752,360.0,0.0005405405268853379,0.0,0.0,0.0005405405268853379
06/04/2022,Izquierda,PF52  ,,,,,,,,,,
11/04/2022,Izquierda,PF52  ,,,,,,,,,,
18/04/2022,Izquierda,PF52  ,,0.0,0.0,0.0,0.0,0.0,,0.0,0.0,0.0
01/05/2022,Izquierda,PF52  ,9.999999747378752e-05,0.0,0.0,9.999999747378752e-05,0.09999999747378752,360.0,0.0004608294814460254,0.0,0.0,0.0004608294814460254
09/05/2022,Izquierda,PF52  ,,0.0,0.0,0.0,0.0,0.0,,0.0,0.0,0.0
16/05/2022,Izquierda,PF52  ,,0.0,0.0,0.0,0.0,0.0,,0.0,0.0,0.0
23/05/2022,Izquierda,PF52  ,9.999999747378752e-05,0.0,0.0,9.999999747378752e-05,0.09999999747378752,360.0,0.0004184100312710775,0.0,0.0,0.0004184100312710775
30/05/2022,Izquierda,PF52  ,,0.0,0.0,0.0,0.0,0.0,,0.0,0.0,0.0
13/06/2022,Izquierda,PF52  ,,0.0,0.0,0.0,0.0,0.0,,0.0,0.0,0.0
24/06/2022,Izquierda,PF52  ,9.999999747378752e-05,0.0,0.0,9.999999747378752e-05,0.09999999747378752,360.0,0.0003690036807150831,0.0,0.0,0.0003690036807150831
27/06/2022,Izquierda,PF52  ,,0.0,0.0,0.0,0.0,0.0,,0.0,0.0,0.0
04/07/2022,Izquierda,PF52  ,,0.0,0.0,0.0,0.0,0.0,,0.0,0.0,0.0
11/07/2022,Izquierda,PF52  ,,0.0,0.0,0.0,0.0,0.0,,0.0,0.0,0.0
23/07/2022,Izquierda,PF52  ,9.999999747378752e-05,0.0,0.0,9.999999747378752e-05,0.09999999747378752,360.0,0.000333333324912625,0.0,0.0,0.000333333324912625
01/08/2022,Izquierda,PF52  ,,0.0,0.0,0.0,0.0,0.0,,0.0,0.0,0.0
08/08/2022,Izquierda,PF52  ,,0.0,0.0,0.0,0.0,0.0,,0.0,0.0,0.0
16/08/2022,Izquierda,PF52  ,,0.0,0.0,0.0,0.0,0.0,,0.0,0.0,0.0
30/08/2022,Izquierda,PF52  ,,0.0,0.0,0.0,0.0,0.0,,0.0,0.0,0.0
13/11/2022,Izquierda,PF52  ,9.999999747378752e-05,0.0,0.0,9.999999747378752e-05,0.09999999747378752,360.0,0.00024213074448858963,0.0,0.0,0.00024213074448858963
13/11/2022,Izquierda,PF52  ,9.999999747378752e-05,0.0,0.0,9.999999747378752e-05,0.09999999747378752,360.0,0.00024213074448858963,0.0,0.0,0.00024213074448858963
09/02/2023,Izquierda,PF52  ,,,,,,,,,,
20/02/2023,Izquierda,PF52  ,9.999999747378752e-05,0.0,0.0,9.999999747378752e-05,0.09999999747378752,360.0,0.00019531249506599124,0.0,0.0,0.00019531249506599124
11/03/2023,Izquierda,PF52  ,,0.0,0.0,0.0,0.0,0.0,,0.0,0.0,0.0
15/03/2023,Izquierda,PF52  ,,0.0,0.0,0.0,0.0,0.0,,0.0,0.0,0.0
29/03/2023,Izquierda,PF52  ,9.999999747378752e-05,0.0,0.0,9.999999747378752e-05,0.09999999747378752,360.0,0.00018214935787575138,0.0,0.0,0.00018214935787575138
04/04/2023,Izquierda,PF52  ,,,,,,,,,,
12/04/2023,Izquierda,PF52  ,,0.0,0.0,0.0,0.0,0.0,,0.0,0.0,0.0
16/04/2023,Izquierda,PF52  ,,,,,,,,,,
25/04/2023,Izquierda,PF52  ,9.999999747378752e-05,0.0,0.0,9.999999747378752e-05,0.09999999747378752,360.0,0.00017361110672532555,0.0,0.0,0.00017361110672532555
09/05/2023,Izquierda,PF52  ,,,,,,,,,,
19/05/2023,Izquierda,PF52  ,,,,,,,,,,
27/05/2023,Izquierda,PF52  ,,,,,,,,,,
31/05/2023,Izquierda,PF52  ,,,,,,,,,,
11/06/2023,Izquierda,PF52  ,-0.0012333333361311816,-0.0006666666668024845,-0.001333333333320752,0.0014019827255134084,1.4019827255134085,208.3930193718945,-0.0019796682762940315,-0.0010700909579494135,-0.00214018191544262,0.0022503735562012976
19/06/2023,Izquierda,PF52  ,-0.010233333334326744,-0.009666666664998047,-0.002333333333325527,0.014077128810365677,14.077128810365677,223.36890265412595,-0.016217643952974238,-0.015319598518221947,-0.003697834125713989,0.02230923741737825
06/07/2023,Izquierda,PF52  ,,,,,,,,,,
17/07/2023,Izquierda,PF52  ,-0.009233333330485038,-0.006666666664386867,-0.0063333333333162045,0.011388541996493364,11.388541996493364,215.83010012194376,-0.014011127967352106,-0.010116337882225896,-0.00961052099137512,0.017281550829276727
28/07/2023,Izquierda,PF52  ,,,,,,,,,,
19/08/2023,Izquierda,PF52  ,-0.009233333330485038,-0.007666666664590593,-0.0033333333333303017,0.01200134251397695,12.00134251397695,219.70369392559755,-0.013342967240585316,-0.01107899807021762,-0.004816955684003326,0.017342980511527384
25/08/2023,Izquierda,PF52  ,,,,,,,,,,
24/09/2023,Izquierda,PF52  ,-0.00823333333391929,-0.00866666666479432,-0.00033333333331597714,0.011954032326628686,11.954032326628687,226.4688007061687,-0.011309523810328697,-0.01190476190219,-0.0004578754578516169,0.016420374075039403
16/10/2023,Izquierda,PF52  ,,,,,,,,,,
01/11/2023,Izquierda,PF52  ,-0.00823333333391929,-0.007666666664590593,-0.00033333333331597714,0.011250135800663526,11.250135800663527,222.9588759385958,-0.010748476937231449,-0.010008703217481192,-0.000435161009550884,0.014686861358568573
14/09/2024,Izquierda,PF52  ,-0.00823333333391929,-0.010666666665201774,0.0016666666666651508,0.013474626359716,13.474626359716,232.33634718163157,-0.007595325953800083,-0.009840098399632633,0.0015375153751523531,0.012430467121509225
19/04/2025,Izquierda,PF52  ,-0.010233333334326744,-0.010666666665201774,-0.00033333333331597714,0.01478170791478338,14.78170791478338,226.18778058144363,-0.007865744300020556,-0.008198821418294984,-0.00025621316934356427,0.01136180470006409
24/05/2025,Izquierda,PF52  ,-0.011233333330892492,-0.009666666664998047,0.0036666666666747005,0.014819993999159536,14.819993999159536,220.71311842136527,-0.008408183630907555,-0.007235528940866802,0.0027445109780499253,0.011092809879610432
06/10/2021,Izquierda,PF53  ,0.0016666666633682325,0.0,0.00033333333334439885,0.0016666666633682325,1.6666666633682325,360.0,0.16666666633682325,0.0,0.033333333334439885,0.16666666633682325
10/10/2021,Izquierda,PF53  ,0.0006666666668024845,0.0010000000002037268,0.00033333333334439885,0.0012018504253995122,1.2018504253995121,56.309932474020215,0.0476190476287489,0.07142857144312334,0.023809523810314204,0.08584645895710802
19/10/2021,Izquierda,PF53  ,-0.0003333333370392211,-0.0010000000002037268,0.00033333333334439885,0.0010540925547546367,1.0540925547546367,251.56505098948125,-0.01449275378431396,-0.04347826087842291,0.014492753623669514,0.04583011107628855
28/10/2021,Izquierda,PF53  ,-0.0003333333370392211,0.0010000000002037268,0.00033333333334439885,0.0010540925547546367,1.0540925547546367,108.43494901051875,-0.010416666782475659,0.03125000000636646,0.010416666667012464,0.0329403923360824
02/11/2021,Izquierda,PF53  ,0.0006666666668024845,0.0020000000004074536,0.00033333333334439885,0.0021081851072084134,2.1081851072084135,71.56505117707799,0.018018018021688773,0.05405405406506632,0.009009009009308077,0.05697797587049766
12/11/2021,Izquierda,PF53  ,-0.0003333333370392211,0.0,-0.0056666666666558285,0.0003333333370392211,0.3333333370392211,180.0,-0.0070921986604089585,0.0,-0.12056737588629422,0.0070921986604089585
18/11/2021,Izquierda,PF53  ,-0.0003333333370392211,0.0030000000006111804,0.0013333333333491737,0.0030184617137291613,3.0184617137291614,96.34019181454285,-0.006289308246023039,0.05660377359643737,0.025157232704701393,0.05695210780621059
24/11/2021,Izquierda,PF53  ,9.999999747378752e-05,0.0,0.0,9.999999747378752e-05,0.09999999747378752,360.0,0.0016949152114201275,0.0,0.0,0.0016949152114201275
01/12/2021,Izquierda,PF53  ,9.999999747378752e-05,0.0,0.0,9.999999747378752e-05,0.09999999747378752,360.0,0.0015151514768755685,0.0,0.0,0.0015151514768755685
09/12/2021,Izquierda,PF53  ,9.999999747378752e-05,0.0,0.0,9.999999747378752e-05,0.09999999747378752,360.0,0.0013513513172133448,0.0,0.0,0.0013513513172133448
30/01/2022,Izquierda,PF53  ,9.999999747378752e-05,0.0,0.0,9.999999747378752e-05,0.09999999747378752,360.0,0.0007936507736014882,0.0,0.0,0.0007936507736014882
11/02/2022,Izquierda,PF53  ,-0.0062333333407877944,0.0020000000004074536,-0.008666666666670153,0.0065463306163840015,6.546330616384002,162.21086998758983,-0.0451690821796217,0.01449275362614097,-0.06280193236717503,0.047437178379594214
27/02/2022,Izquierda,PF53  ,-0.00023333333956543356,-0.0010000000002037268,0.0013333333333491737,0.0010268614549978061,1.0268614549978061,256.8659773575505,-0.0015151515556196984,-0.006493506494829395,0.008658008658111518,0.00666793152595978
12/03/2022,Izquierda,PF53  ,9.999999747378752e-05,0.0,0.0,9.999999747378752e-05,0.09999999747378752,360.0,0.00059880238008256,0.0,0.0,0.00059880238008256
30/03/2022,Izquierda,PF53  ,9.999999747378752e-05,0.0,0.0,9.999999747378752e-05,0.09999999747378752,360.0,0.0005405405268853379,0.0,0.0,0.0005405405268853379
06/04/2022,Izquierda,PF53  ,,,,,,,,,,
11/04/2022,Izquierda,PF53  ,,,,,,,,,,
18/04/2022,Izquierda,PF53  ,,0.0,0.0,0.0,0.0,0.0,,0.0,0.0,0.0
01/05/2022,Izquierda,PF53  ,9.999999747378752e-05,0.0,0.0,9.999999747378752e-05,0.09999999747378752,360.0,0.0004608294814460254,0.0,0.0,0.0004608294814460254
09/05/2022,Izquierda,PF53  ,,0.0,0.0,0.0,0.0,0.0,,0.0,0.0,0.0
16/05/2022,Izquierda,PF53  ,,0.0,0.0,0.0,0.0,0.0,,0.0,0.0,0.0
23/05/2022,Izquierda,PF53  ,9.999999747378752e-05,0.0,0.0,9.999999747378752e-05,0.09999999747378752,360.0,0.0004184100312710775,0.0,0.0,0.0004184100312710775
30/05/2022,Izquierda,PF53  ,,0.0,0.0,0.0,0.0,0.0,,0.0,0.0,0.0
13/06/2022,Izquierda,PF53  ,,0.0,0.0,0.0,0.0,0.0,,0.0,0.0,0.0
24/06/2022,Izquierda,PF53  ,9.999999747378752e-05,0.0,0.0,9.999999747378752e-05,0.09999999747378752,360.0,0.0003690036807150831,0.0,0.0,0.0003690036807150831
27/06/2022,Izquierda,PF53  ,,0.0,0.0,0.0,0.0,0.0,,0.0,0.0,0.0
04/07/2022,Izquierda,PF53  ,,0.0,0.0,0.0,0.0,0.0,,0.0,0.0,0.0
11/07/2022,Izquierda,PF53  ,,0.0,0.0,0.0,0.0,0.0,,0.0,0.0,0.0
23/07/2022,Izquierda,PF53  ,9.999999747378752e-05,0.0,0.0,9.999999747378752e-05,0.09999999747378752,360.0,0.000333333324912625,0.0,0.0,0.000333333324912625
01/08/2022,Izquierda,PF53  ,,0.0,0.0,0.0,0.0,0.0,,0.0,0.0,0.0
08/08/2022,Izquierda,PF53  ,,0.0,0.0,0.0,0.0,0.0,,0.0,0.0,0.0
16/08/2022,Izquierda,PF53  ,,0.0,0.0,0.0,0.0,0.0,,0.0,0.0,0.0
30/08/2022,Izquierda,PF53  ,,0.0,0.0,0.0,0.0,0.0,,0.0,0.0,0.0
13/11/2022,Izquierda,PF53  ,9.999999747378752e-05,0.0,0.0,9.999999747378752e-05,0.09999999747378752,360.0,0.00024213074448858963,0.0,0.0,0.00024213074448858963
13/11/2022,Izquierda,PF53  ,9.999999747378752e-05,0.0,0.0,9.999999747378752e-05,0.09999999747378752,360.0,0.00024213074448858963,0.0,0.0,0.00024213074448858963
09/02/2023,Izquierda,PF53  ,,,,,,,,,,
20/02/2023,Izquierda,PF53  ,9.999999747378752e-05,0.0,0.0,9.999999747378752e-05,0.09999999747378752,360.0,0.00019531249506599124,0.0,0.0,0.00019531249506599124
11/03/2023,Izquierda,PF53  ,,0.0,0.0,0.0,0.0,0.0,,0.0,0.0,0.0
15/03/2023,Izquierda,PF53  ,,0.0,0.0,0.0,0.0,0.0,,0.0,0.0,0.0
29/03/2023,Izquierda,PF53  ,9.999999747378752e-05,0.0,0.0,9.999999747378752e-05,0.09999999747378752,360.0,0.00018214935787575138,0.0,0.0,0.00018214935787575138
04/04/2023,Izquierda,PF53  ,,,,,,,,,,
12/04/2023,Izquierda,PF53  ,,0.0,0.0,0.0,0.0,0.0,,0.0,0.0,0.0
16/04/2023,Izquierda,PF53  ,,,,,,,,,,
25/04/2023,Izquierda,PF53  ,9.999999747378752e-05,0.0,0.0,9.999999747378752e-05,0.09999999747378752,360.0,0.00017361110672532555,0.0,0.0,0.00017361110672532555
09/05/2023,Izquierda,PF53  ,,,,,,,,,,
19/05/2023,Izquierda,PF53  ,,,,,,,,,,
27/05/2023,Izquierda,PF53  ,,,,,,,,,,
31/05/2023,Izquierda,PF53  ,,,,,,,,,,
11/06/2023,Izquierda,PF53  ,-0.00023333333956543356,-0.0010000000002037268,-0.000666666666660376,0.0010268614549978061,1.0268614549978061,256.8659773575505,-0.00037453184520936365,-0.00160513643692412,-0.00107009095772131,0.0016482527367541028
19/06/2023,Izquierda,PF53  ,-0.01823333333595656,0.006000000001222361,-0.0016666666666651508,0.019195167218723913,19.195167218723913,161.78529745893482,-0.02889593238661895,0.009508716325233537,-0.0026413100898021406,0.03042023331018053
06/07/2023,Izquierda,PF53  ,,,,,,,,,,
17/07/2023,Izquierda,PF53  ,-0.01123333333816845,0.010000000002037268,-0.009666666666674928,0.015039540482579649,15.039540482579648,138.32427714758302,-0.01704602934471692,0.015174506831619528,-0.01466868993425634,0.022821760975082924
28/07/2023,Izquierda,PF53  ,,,,,,,,,,
19/08/2023,Izquierda,PF53  ,-0.01123333333816845,0.0030000000006111804,-0.0056666666666558285,0.011627027904416236,11.627027904416236,165.04742094997283,-0.016233140662093134,0.004335260116490145,-0.00818882466279744,0.016802063445688204
25/08/2023,Izquierda,PF53  ,,,,,,,,,,
24/09/2023,Izquierda,PF53  ,-0.010233333341602702,0.006000000001222361,-0.007666666666665378,0.011862592941470504,11.862592941470504,149.61608458809368,-0.014056776568135579,0.008241758243437309,-0.010531135531133762,0.016294770523997946
16/10/2023,Izquierda,PF53  ,,,,,,,,,,
01/11/2023,Izquierda,PF53  ,-0.010233333341602702,0.005000000001018634,-0.004666666666651054,0.011389517605699718,11.389517605699718,153.95989547815282,-0.013359443004703266,0.006527415144932942,-0.006092254134009208,0.014868821939555767
14/09/2024,Izquierda,PF53  ,-0.012233333342010155,0.004000000000814907,0.00033333333334439885,0.012870681592800618,12.870681592800619,161.89352461940712,-0.011285362861632984,0.0036900369011207633,0.00030750307504095835,0.011873322502583597
19/04/2025,Izquierda,PF53  ,-0.013233333338575903,0.004000000000814907,-0.004666666666651054,0.013824655918191372,13.824655918191372,163.18166540577542,-0.010171662827498772,0.0030745580329092294,-0.0035869843709846684,0.010626176724205513
24/05/2025,Izquierda,PF53  ,-0.014233333342417609,0.004000000000814907,0.00033333333334439885,0.014784714337547956,14.784714337547955,164.30302029847832,-0.010653692621570067,0.0029940119766578644,0.0002495009980122746,0.011066402947266433
06/10/2021,Izquierda,PF56 ,-0.001333333333604969,-0.0010000000002037268,0.009666666666646506,0.0016666666670062114,1.6666666670062114,216.86989764584402,-0.1333333333604969,-0.10000000002037268,0.9666666666646506,0.16666666670062114
10/10/2021,Izquierda,PF56 ,-0.00033333332976326346,-0.0010000000002037268,0.0016666666666651508,0.001054092552453777,1.054092552453777,251.56505136467473,-0.02380952355451882,-0.07142857144312334,0.11904761904751078,0.07529232517526978
19/10/2021,Izquierda,PF56 ,-0.006333333330985624,0.0,0.004666666666651054,0.006333333330985624,6.333333330985624,180.0,-0.2753623187385054,0.0,0.20289855072395888,0.2753623187385054
28/10/2021,Izquierda,PF56 ,-0.012333333332207985,0.0,0.004666666666651054,0.012333333332207985,12.333333332207985,180.0,-0.38541666663149954,0.0,0.14583333333284543,0.38541666663149954
02/11/2021,Izquierda,PF56 ,-0.011333333335642237,-0.0010000000002037268,-0.0033333333333587234,0.011377365446235216,11.377365446235215,185.0424510691709,-0.3063063063687091,-0.02702702703253316,-0.09009009009077631,0.30749636341176256
12/11/2021,Izquierda,PF56 ,-0.009333333335234784,-0.0030000000006111804,0.000666666666660376,0.009803627448565756,9.803627448565756,197.81888891452277,-0.19858156032414434,-0.0638297872470464,0.014184397162986723,0.20858781805459056
18/11/2021,Izquierda,PF56 ,-0.00033333332976326346,-0.0020000000004074536,-0.006333333333344626,0.0020275875099144006,2.0275875099144005,260.53767789337803,-0.0062893081087408206,-0.037735849064291574,-0.11949685534612502,0.03825636811159246
24/11/2021,Izquierda,PF56 ,0.008766666665906087,0.0020000000004074536,-0.010333333333335304,0.00899190994354029,8.991909943540291,12.851337845614912,0.14858757060857775,0.03389830509165176,-0.17514124293788652,0.1524052532803439
01/12/2021,Izquierda,PF56 ,9.999999747378752e-05,0.0,0.0,9.999999747378752e-05,0.09999999747378752,360.0,0.0015151514768755685,0.0,0.0,0.0015151514768755685
09/12/2021,Izquierda,PF56 ,-0.005233333336946089,-0.0010000000002037268,-0.00933333333335895,0.005328018188407275,5.328018188407276,190.8178335797012,-0.07072072076954174,-0.01351351351626658,-0.1261261261264723,0.07200024578928751
30/01/2022,Izquierda,PF56 ,,,,,,,,,,
11/02/2022,Izquierda,PF56 ,,,,,,,,,,
27/02/2022,Izquierda,PF56 ,,,,,,,,,,
12/03/2022,Izquierda,PF56 ,,,,,,,,,,
30/03/2022,Izquierda,PF56 ,,,,,,,,,,
06/04/2022,Izquierda,PF56 ,,,,,,,,,,
11/04/2022,Izquierda,PF56 ,,,,,,,,,,
18/04/2022,Izquierda,PF56 ,,0.0,0.0,0.0,0.0,0.0,,0.0,0.0,0.0
01/05/2022,Izquierda,PF56 ,,,,,,,,,,
09/05/2022,Izquierda,PF56 ,,0.0,0.0,0.0,0.0,0.0,,0.0,0.0,0.0
16/05/2022,Izquierda,PF56 ,,0.0,0.0,0.0,0.0,0.0,,0.0,0.0,0.0
23/05/2022,Izquierda,PF56 ,,,,,,,,,,
30/05/2022,Izquierda,PF56 ,,0.0,0.0,0.0,0.0,0.0,,0.0,0.0,0.0
13/06/2022,Izquierda,PF56 ,,0.0,0.0,0.0,0.0,0.0,,0.0,0.0,0.0
24/06/2022,Izquierda,PF56 ,,,,,,,,,,
27/06/2022,Izquierda,PF56 ,,0.0,0.0,0.0,0.0,0.0,,0.0,0.0,0.0
04/07/2022,Izquierda,PF56 ,,0.0,0.0,0.0,0.0,0.0,,0.0,0.0,0.0
11/07/2022,Izquierda,PF56 ,,0.0,0.0,0.0,0.0,0.0,,0.0,0.0,0.0
23/07/2022,Izquierda,PF56 ,,,,,,,,,,
01/08/2022,Izquierda,PF56 ,,0.0,0.0,0.0,0.0,0.0,,0.0,0.0,0.0
08/08/2022,Izquierda,PF56 ,,0.0,0.0,0.0,0.0,0.0,,0.0,0.0,0.0
16/08/2022,Izquierda,PF56 ,,0.0,0.0,0.0,0.0,0.0,,0.0,0.0,0.0
30/08/2022,Izquierda,PF56 ,,0.0,0.0,0.0,0.0,0.0,,0.0,0.0,0.0
13/11/2022,Izquierda,PF56 ,,,,,,,,,,
13/11/2022,Izquierda,PF56 ,,,,,,,,,,
09/02/2023,Izquierda,PF56 ,,,,,,,,,,
20/02/2023,Izquierda,PF56 ,,,,,,,,,,
11/03/2023,Izquierda,PF56 ,,0.0,0.0,0.0,0.0,0.0,,0.0,0.0,0.0
15/03/2023,Izquierda,PF56 ,,0.0,0.0,0.0,0.0,0.0,,0.0,0.0,0.0
29/03/2023,Izquierda,PF56 ,,,,,,,,,,
04/04/2023,Izquierda,PF56 ,,,,,,,,,,
12/04/2023,Izquierda,PF56 ,,0.0,0.0,0.0,0.0,0.0,,0.0,0.0,0.0
16/04/2023,Izquierda,PF56 ,,,,,,,,,,
25/04/2023,Izquierda,PF56 ,,,,,,,,,,
09/05/2023,Izquierda,PF56 ,,,,,,,,,,
19/05/2023,Izquierda,PF56 ,,,,,,,,,,
27/05/2023,Izquierda,PF56 ,,,,,,,,,,
31/05/2023,Izquierda,PF56 ,,,,,,,,,,
11/06/2023,Izquierda,PF56 ,,,,,,,,,,
19/06/2023,Izquierda,PF56 ,,,,,,,,,,
06/07/2023,Izquierda,PF56 ,,,,,,,,,,
17/07/2023,Izquierda,PF56 ,,,,,,,,,,
28/07/2023,Izquierda,PF56 ,,,,,,,,,,
19/08/2023,Izquierda,PF56 ,,,,,,,,,,
25/08/2023,Izquierda,PF56 ,,,,,,,,,,
24/09/2023,Izquierda,PF56 ,,,,,,,,,,
16/10/2023,Izquierda,PF56 ,,,,,,,,,,
06/10/2021,Izquierda,PF58 ,0.00010000000474974513,0.0010000000002037268,0.0030000000000143245,0.001004987562787422,1.004987562787422,84.28940659421018,0.010000000474974513,0.10000000002037268,0.30000000000143245,0.10049875627874222
10/10/2021,Izquierda,PF58 ,-0.000999999996565748,0.0,0.0020000000000095497,0.000999999996565748,0.999999996565748,180.0,-0.07142857118326772,0.0,0.14285714285782497,0.07142857118326772
19/10/2021,Izquierda,PF58 ,-0.006000000001222361,0.004000000000814907,0.0,0.007211102552397074,7.211102552397074,146.30993247402023,-0.2608695652705374,0.17391304351369163,0.0,0.31352619793030756
28/10/2021,Izquierda,PF58 ,-0.0020000000004074536,0.0010000000002037268,-0.007000000000005002,0.002236067977955337,2.236067977955337,153.43494882292202,-0.06250000001273293,0.03125000000636646,-0.21875000000015632,0.06987712431110428
02/11/2021,Izquierda,PF58 ,-0.004000000000814907,0.0030000000006111804,-0.0010000000000047748,0.005000000001018634,5.000000001018634,143.13010235415598,-0.10810810813013264,0.08108108109759947,-0.027027027027156078,0.1351351351626658
12/11/2021,Izquierda,PF58 ,0.005000000004656613,0.0030000000006111804,-0.020999999999986585,0.005830951899152763,5.830951899152763,30.963756513681684,0.10638297882248113,0.0638297872470464,-0.4468085106380124,0.12406280636495241
18/11/2021,Izquierda,PF58 ,0.0010000000038417056,0.004000000000814907,-0.00899999999998613,0.004123105627339987,4.123105627339988,75.96375648302862,0.018867924600786897,0.07547169812858315,-0.1698113207544553,0.07779444579886768
24/11/2021,Izquierda,PF58 ,9.999999747378752e-05,0.0,0.0,9.999999747378752e-05,0.09999999747378752,360.0,0.0016949152114201275,0.0,0.0,0.0016949152114201275
01/12/2021,Izquierda,PF58 ,9.999999747378752e-05,0.0,0.0,9.999999747378752e-05,0.09999999747378752,360.0,0.0015151514768755685,0.0,0.0,0.0015151514768755685
09/12/2021,Izquierda,PF58 ,0.011099999996076804,0.0,-0.020999999999986585,0.011099999996076804,11.099999996076804,360.0,0.14999999994698382,0.0,-0.2837837837836025,0.14999999994698382
30/01/2022,Izquierda,PF58 ,0.013099999996484257,-0.0010000000002037268,0.0010000000000047748,0.013138112494125439,13.138112494125439,355.6347422629192,0.10396825394035125,-0.007936507938124815,0.007936507936545833,0.10427073408036062
11/02/2022,Izquierda,PF58 ,0.002099999997881241,-0.013999999999214197,-0.025000000000005684,0.01415662389021827,14.15662389021827,278.5307656019396,0.0152173912889945,-0.10144927535662461,-0.18115942028989626,0.10258423108853819
27/02/2022,Izquierda,PF58 ,-0.0008999999990919605,-0.0010000000002037268,0.004000000000019099,0.0013453624042513536,1.3453624042513537,228.01278753873154,-0.005844155838259484,-0.006493506494829395,0.025974025974149995,0.008736119508125672
12/03/2022,Izquierda,PF58 ,9.999999747378752e-05,0.0,0.0,9.999999747378752e-05,0.09999999747378752,360.0,0.00059880238008256,0.0,0.0,0.00059880238008256
30/03/2022,Izquierda,PF58 ,9.999999747378752e-05,0.0,0.0,9.999999747378752e-05,0.09999999747378752,360.0,0.0005405405268853379,0.0,0.0,0.0005405405268853379
06/04/2022,Izquierda,PF58 ,,,,,,,,,,
11/04/2022,Izquierda,PF58 ,,,,,,,,,,
18/04/2022,Izquierda,PF58 ,,0.0,0.0,0.0,0.0,0.0,,0.0,0.0,0.0
01/05/2022,Izquierda,PF58 ,9.999999747378752e-05,0.0,0.0,9.999999747378752e-05,0.09999999747378752,360.0,0.0004608294814460254,0.0,0.0,0.0004608294814460254
09/05/2022,Izquierda,PF58 ,,0.0,0.0,0.0,0.0,0.0,,0.0,0.0,0.0
16/05/2022,Izquierda,PF58 ,,0.0,0.0,0.0,0.0,0.0,,0.0,0.0,0.0
23/05/2022,Izquierda,PF58 ,-0.01389999999810243,-0.0020000000004074536,0.0,0.014043147793457042,14.043147793457042,188.18780201465256,-0.058158995807959954,-0.00836820083852491,0.0,0.05875794055839766
30/05/2022,Izquierda,PF58 ,,0.0,0.0,0.0,0.0,0.0,,0.0,0.0,0.0
13/06/2022,Izquierda,PF58 ,,0.0,0.0,0.0,0.0,0.0,,0.0,0.0,0.0
24/06/2022,Izquierda,PF58 ,-0.00990000000456348,0.0,-0.0010000000000047748,0.00990000000456348,9.90000000456348,180.0,-0.036531365330492546,0.0,-0.0036900369003866227,0.036531365330492546
27/06/2022,Izquierda,PF58 ,,0.0,0.0,0.0,0.0,0.0,,0.0,0.0,0.0
04/07/2022,Izquierda,PF58 ,,0.0,0.0,0.0,0.0,0.0,,0.0,0.0,0.0
11/07/2022,Izquierda,PF58 ,,0.0,0.0,0.0,0.0,0.0,,0.0,0.0,0.0
23/07/2022,Izquierda,PF58 ,-0.010900000001129229,0.0,0.0,0.010900000001129229,10.900000001129229,180.0,-0.03633333333709743,0.0,0.0,0.03633333333709743
01/08/2022,Izquierda,PF58 ,,0.0,0.0,0.0,0.0,0.0,,0.0,0.0,0.0
08/08/2022,Izquierda,PF58 ,,0.0,0.0,0.0,0.0,0.0,,0.0,0.0,0.0
16/08/2022,Izquierda,PF58 ,,0.0,0.0,0.0,0.0,0.0,,0.0,0.0,0.0
30/08/2022,Izquierda,PF58 ,,0.0,0.0,0.0,0.0,0.0,,0.0,0.0,0.0
13/11/2022,Izquierda,PF58 ,9.999999747378752e-05,0.0,0.0,9.999999747378752e-05,0.09999999747378752,360.0,2.228263235299869e-06,0.0,0.0,2.228263235299869e-06
13/11/2022,Izquierda,PF58 ,0.0051000000021304,0.0020000000004074536,-0.018000000000000682,0.005478138372053037,5.478138372053038,21.412969470704333,0.00011364142791858818,4.4565265840889827e-05,-0.00040108739248631136,0.00012206734640699312
09/02/2023,Izquierda,PF58 ,,,,,,,,,,
20/02/2023,Izquierda,PF58 ,0.010099999999511056,0.011000000002240995,-0.003999999999990678,0.014933519345399637,14.933519345399636,47.442415317854056,0.00022455921914558678,0.0002445694466558684,-8.893434422017203e-05,0.0003320256874713662
11/03/2023,Izquierda,PF58 ,,0.0,0.0,0.0,0.0,0.0,,0.0,0.0,0.0
15/03/2023,Izquierda,PF58 ,,0.0,0.0,0.0,0.0,0.0,,0.0,0.0,0.0
29/03/2023,Izquierda,PF58 ,-0.006999999997788109,-0.0005999999993946403,-0.021099999999989905,0.00702566722584461,7.02566722584461,184.89909245040946,-0.00015550717549624803,-1.3329186461870537e-05,-0.00046874305771515317,0.0001560773809446974
04/04/2023,Izquierda,PF58 ,,,,,,,,,,
12/04/2023,Izquierda,PF58 ,,0.0,0.0,0.0,0.0,0.0,,0.0,0.0,0.0
16/04/2023,Izquierda,PF58 ,,,,,,,,,,
25/04/2023,Izquierda,PF58 ,-0.00990000000456348,0.0,-0.01999999999998181,0.00990000000456348,9.90000000456348,180.0,-0.00021979973811779224,0.0,-0.0004440398747803515,0.00021979973811779224
09/05/2023,Izquierda,PF58 ,,,,,,,,,,
19/05/2023,Izquierda,PF58 ,,,,,,,,,,
27/05/2023,Izquierda,PF58 ,,,,,,,,,,
31/05/2023,Izquierda,PF58 ,,,,,,,,,,
11/06/2023,Izquierda,PF58 ,-0.010900000001129229,0.0010000000002037268,-0.019000000000005457,0.010945775441923914,10.945775441923914,174.75818005249852,-0.000241749467732639,2.2178850252921546e-05,-0.00042139815471978036,0.000242764714379079
19/06/2023,Izquierda,PF58 ,-0.011900000004970934,-0.01900000000023283,-0.0010000000000047748,0.022418965188588786,22.418965188588786,237.94043639145625,-0.0002638814973605405,-0.00042132339897624693,-2.2174915735426088e-05,0.0004971386639300334
06/07/2023,Izquierda,PF58 ,,,,,,,,,,
17/07/2023,Izquierda,PF58 ,-0.014900000001944136,-0.011999999998806743,-0.012000000000000455,0.019131387822876236,19.131387822876235,218.84689584236796,-0.0003302012233388914,-0.00026593387108427317,-0.0002659338711107272,0.00042397366862149266
28/07/2023,Izquierda,PF58 ,,,,,,,,,,
19/08/2023,Izquierda,PF58 ,-0.00990000000456348,-0.01599999999962165,-0.0010000000000047748,0.01881515346943122,18.81515346943122,238.25284953018524,-0.00021923511315108358,-0.00035431937461792524,-2.2144960914249724e-05,0.000416660838174175
25/08/2023,Izquierda,PF58 ,,,,,,,,,,
24/09/2023,Izquierda,PF58 ,-0.010900000001129229,-0.014999999999417923,-0.003999999999990678,0.018542114227001052,18.54211422700105,233.99534499979916,-0.00024118779459494233,-0.0003319098090283434,-8.850928241078659e-05,0.00041028730615363116
16/10/2023,Izquierda,PF58 ,,,,,,,,,,
01/11/2023,Izquierda,PF58 ,0.0011000000013154931,-0.010999999998603016,-0.00899999999998613,0.011054863181973825,11.054863181973825,275.7105931450043,2.431960384062906e-05,-0.00024319603808456626,-0.00019897857663960848,0.0002444089934331283
14/09/2024,Izquierda,PF58 ,-0.002899999999499414,-0.01900000000023283,0.006000000000000227,0.01922004162341862,19.22004162341862,261.3218311163391,-6.366769851148025e-05,-0.00041713319722129646,0.00013172627280511596,0.0004219640743686715
19/04/2025,Izquierda,PF58 ,-0.002899999999499414,-0.020000000000436557,-0.009999999999990905,0.02020915634098957,20.20915634098957,261.74961277267664,-6.336581740810676e-05,-0.00043700563738226103,-0.00021850281868616232,0.00044157576237795676
24/05/2025,Izquierda,PF58 ,-0.014900000001944136,-0.01900000000023283,0.0020000000000095497,0.02414560001463585,24.14560001463585,231.89608419136428,-0.00032532040789380444,-0.00041483810397661253,4.3667168839316816e-05,0.00052718499628034
06/10/2021,Izquierda,PF59 ,0.0013333333408809267,0.0016666666670062114,-0.00033333333334439885,0.0021343747507910336,2.1343747507910336,51.340191593392234,0.13333333408809267,0.16666666670062114,-0.033333333334439885,0.21343747507910335
10/10/2021,Izquierda,PF59 ,-0.0006666666595265269,-0.00033333333340124227,0.007666666666665378,0.0007453559861439646,0.7453559861439646,206.56505142720698,-0.04761904710903764,-0.02380952381437445,0.5476190476189556,0.05323971329599747
19/10/2021,Izquierda,PF59 ,0.0013333333408809267,0.0006666666668024845,0.0026666666666699257,0.001490711991811372,1.490711991811372,26.56505105201349,0.057971014820909855,0.02898550725228194,0.11594202898564894,0.064813564861364
28/10/2021,Izquierda,PF59 ,0.0013333333408809267,0.005666666667821119,-0.0043333333333350765,0.005821416401710119,5.8214164017101195,76.75948001510473,0.04166666690252896,0.17708333336940996,-0.13541666666672114,0.18191926255344124
02/11/2021,Izquierda,PF59 ,0.0033333333412883803,0.003666666667413665,0.0016666666666651508,0.004955356255010046,4.955356255010046,47.726310931656975,0.09009009030509137,0.09909909911928824,0.045045045045004076,0.13392854743270394
12/11/2021,Izquierda,PF59 ,0.0013333333408809267,0.004666666667617392,-0.007333333333349401,0.004853406595841307,4.853406595841307,74.05460401648739,0.028368794486828226,0.09929078016207217,-0.1560283687946681,0.10326397012428312
18/11/2021,Izquierda,PF59 ,0.0013333333408809267,0.007666666668228572,-0.008333333333354176,0.007781745022784522,7.781745022784522,80.13419300413612,0.02515723284680994,0.1446540880797844,-0.15723270440290898,0.14682537778838722
24/11/2021,Izquierda,PF59 ,0.0014333333383547142,0.006666666668024845,-0.0013333333333491737,0.006819009379770097,6.8190093797700975,77.86611979051654,0.024293785395842614,0.11299435030550586,-0.022598870056765658,0.11557643016559487
01/12/2021,Izquierda,PF59 ,0.0064333333357353695,0.003666666667413665,-0.00033333333334439885,0.007404878274394955,7.404878274394955,29.680899432685806,0.09747474751114196,0.055555555566873714,-0.00505050505067271,0.11219512536962054
09/12/2021,Izquierda,PF59 ,0.0064333333357353695,0.004666666667617392,-0.013333333333349628,0.007947676112885778,7.947676112885778,35.9567033213315,0.08693693696939687,0.0630630630759107,-0.18018018018040038,0.1074010285525105
30/01/2022,Izquierda,PF59 ,0.009433333332708571,-0.00033333333340124227,0.003666666666646279,0.009439220777010515,9.439220777010515,357.97625616022,0.07486772486276644,-0.0026455026460416053,0.02910052910036729,0.07491445061119456
11/02/2022,Izquierda,PF59 ,-0.0005666666620527394,-0.007333333331189351,-0.014333333333354403,0.007355194684861489,7.355194684861489,265.58137956755905,-0.004106280159802459,-0.05314009660282139,-0.1038647342996696,0.053298512209141224
27/02/2022,Izquierda,PF59 ,0.0014333333383547142,-0.001333333333604969,0.010666666666651281,0.0019576062518650702,1.9576062518650703,317.07003074731995,0.009307359339965677,-0.008658008659772527,0.06926406926396936,0.012711728908214742
12/03/2022,Izquierda,PF59 ,9.999999747378752e-05,0.0,0.0,9.999999747378752e-05,0.09999999747378752,360.0,0.00059880238008256,0.0,0.0,0.00059880238008256
30/03/2022,Izquierda,PF59 ,9.999999747378752e-05,0.0,0.0,9.999999747378752e-05,0.09999999747378752,360.0,0.0005405405268853379,0.0,0.0,0.0005405405268853379
06/04/2022,Izquierda,PF59 ,,,,,,,,,,
11/04/2022,Izquierda,PF59 ,,,,,,,,,,
18/04/2022,Izquierda,PF59 ,,0.0,0.0,0.0,0.0,0.0,,0.0,0.0,0.0
01/05/2022,Izquierda,PF59 ,9.999999747378752e-05,0.0,0.0,9.999999747378752e-05,0.09999999747378752,360.0,0.0004608294814460254,0.0,0.0,0.0004608294814460254
09/05/2022,Izquierda,PF59 ,,0.0,0.0,0.0,0.0,0.0,,0.0,0.0,0.0
16/05/2022,Izquierda,PF59 ,,0.0,0.0,0.0,0.0,0.0,,0.0,0.0,0.0
23/05/2022,Izquierda,PF59 ,9.999999747378752e-05,0.0,0.0,9.999999747378752e-05,0.09999999747378752,360.0,0.0004184100312710775,0.0,0.0,0.0004184100312710775
30/05/2022,Izquierda,PF59 ,,0.0,0.0,0.0,0.0,0.0,,0.0,0.0,0.0
13/06/2022,Izquierda,PF59 ,,0.0,0.0,0.0,0.0,0.0,,0.0,0.0,0.0
24/06/2022,Izquierda,PF59 ,9.999999747378752e-05,0.0,0.0,9.999999747378752e-05,0.09999999747378752,360.0,0.0003690036807150831,0.0,0.0,0.0003690036807150831
27/06/2022,Izquierda,PF59 ,,0.0,0.0,0.0,0.0,0.0,,0.0,0.0,0.0
04/07/2022,Izquierda,PF59 ,,0.0,0.0,0.0,0.0,0.0,,0.0,0.0,0.0
11/07/2022,Izquierda,PF59 ,,0.0,0.0,0.0,0.0,0.0,,0.0,0.0,0.0
23/07/2022,Izquierda,PF59 ,0.0024333333349204622,0.005666666667821119,-0.00033333333334439885,0.006167027018185508,6.167027018185508,66.76074533942437,0.00811111111640154,0.01888888889273706,-0.001111111111147996,0.020556756727285026
01/08/2022,Izquierda,PF59 ,,0.0,0.0,0.0,0.0,0.0,,0.0,0.0,0.0
08/08/2022,Izquierda,PF59 ,,0.0,0.0,0.0,0.0,0.0,,0.0,0.0,0.0
16/08/2022,Izquierda,PF59 ,,0.0,0.0,0.0,0.0,0.0,,0.0,0.0,0.0
30/08/2022,Izquierda,PF59 ,,0.0,0.0,0.0,0.0,0.0,,0.0,0.0,0.0
13/11/2022,Izquierda,PF59 ,9.999999747378752e-05,0.0,0.0,9.999999747378752e-05,0.09999999747378752,360.0,2.228263235299869e-06,0.0,0.0,2.228263235299869e-06
13/11/2022,Izquierda,PF59 ,9.999999747378752e-05,0.0,0.0,9.999999747378752e-05,0.09999999747378752,360.0,2.228263235299869e-06,0.0,0.0,2.228263235299869e-06
09/02/2023,Izquierda,PF59 ,,,,,,,,,,
20/02/2023,Izquierda,PF59 ,,,,,,,,,,
11/03/2023,Izquierda,PF59 ,,0.0,0.0,0.0,0.0,0.0,,0.0,0.0,0.0
15/03/2023,Izquierda,PF59 ,,0.0,0.0,0.0,0.0,0.0,,0.0,0.0,0.0
29/03/2023,Izquierda,PF59 ,0.006033333338564262,0.0006666666668024845,-0.02213333333332912,0.00607005400460791,6.0700540046079094,6.305445973120047,0.00013403237522913454,1.4810207197815892e-05,-0.0004916988788672217,0.00013484813623779068
04/04/2023,Izquierda,PF59 ,,,,,,,,,,
12/04/2023,Izquierda,PF59 ,,0.0,0.0,0.0,0.0,0.0,,0.0,0.0,0.0
16/04/2023,Izquierda,PF59 ,,,,,,,,,,
25/04/2023,Izquierda,PF59 ,0.0064333333357353695,0.0016666666670062114,-0.02233333333333576,0.006645717086033198,6.645717086033198,14.524151935059425,0.00014283282644113963,3.7003322905934845e-05,-0.0004958445268385639,0.00014754816913552536
09/05/2023,Izquierda,PF59 ,,,,,,,,,,
19/05/2023,Izquierda,PF59 ,,,,,,,,,,
27/05/2023,Izquierda,PF59 ,,,,,,,,,,
31/05/2023,Izquierda,PF59 ,,,,,,,,,,
11/06/2023,Izquierda,PF59 ,0.007433333339577075,0.0006666666668024845,-0.02233333333333576,0.007463168829786287,7.463168829786286,5.124923342735742,0.00016486278698494221,1.4785900168614366e-05,-0.0004953276555477236,0.00016552450385438002
19/06/2023,Izquierda,PF59 ,-0.012566666664497461,-0.0203333333338378,-0.00033333333334439885,0.023903254078086338,23.903254078086338,238.28257542247079,-0.00027866477435908865,-0.00045088995329603066,-7.391638578685446e-06,0.0005300526449815136
06/07/2023,Izquierda,PF59 ,,,,,,,,,,
17/07/2023,Izquierda,PF59 ,-0.011566666660655756,-0.013333333332411712,-0.015333333333330756,0.01765121965734738,17.65121965734738,229.05836164329463,-0.0002563307034096214,-0.0002954820789914837,-0.000339804390863637,0.00039117143110866455
28/07/2023,Izquierda,PF59 ,,,,,,,,,,
19/08/2023,Izquierda,PF59 ,-0.015566666661470663,-0.018333333333430346,-0.005333333333339851,0.02405061791439069,24.050617914390692,229.6657162345178,-0.00034472322478177605,-0.00040599095009478806,-0.00011810645820891227,0.000532599993675193
25/08/2023,Izquierda,PF59 ,,,,,,,,,,
24/09/2023,Izquierda,PF59 ,-0.017566666661878116,-0.019333333333634073,-0.0013333333333491737,0.02612212769662813,26.12212769662813,227.74106527978344,-0.0003887032651489858,-0.00042779486499312005,-2.9503094137348123e-05,0.0005780126943692194
16/10/2023,Izquierda,PF59 ,,,,,,,,,,
01/11/2023,Izquierda,PF59 ,-0.010566666664090008,-0.018333333333430346,-0.0023333333333539485,0.021160471533136008,21.160471533136008,240.04241554203253,-0.00023361558807211887,-0.00040532673019456444,-5.158703838858191e-05,0.0004678311674103161
14/09/2024,Izquierda,PF59 ,-0.01356666666106321,-0.029333333332033362,0.009666666666646506,0.032318708028951024,32.31870802895102,245.17945867255986,-0.0002978477389418694,-0.0006439951114631137,0.00021222566174112508,0.0007095371584217222
19/04/2025,Izquierda,PF59 ,-0.010566666664090008,-0.03233333333264454,-0.0043333333333350765,0.0340161562906495,34.016156290649505,251.90239460553616,-0.00023088464502228745,-0.0007064924470708505,-9.468455476412788e-05,0.0007432626030382709
24/05/2025,Izquierda,PF59 ,-0.004566666662867647,-0.03633333333345945,0.003666666666646279,0.03661919654402623,36.619196544026224,262.8361697669346,-9.970670209968443e-05,-0.0007932869005798879,8.005647620458677e-05,0.0007995283191202425
06/10/2021,Izquierda,PF60 ,0.001333333333604969,-0.0006666666631645057,0.0010000000000047748,0.0014907119836766042,1.4907119836766043,333.4349489479865,0.1333333333604969,-0.06666666631645057,0.10000000000047748,0.14907119836766042
10/10/2021,Izquierda,PF60 ,-0.0006666666668024845,0.00033333333340124227,-0.0010000000000047748,0.000745355992651779,0.745355992651779,153.43494882292202,-0.0476190476287489,0.02380952381437445,-0.07142857142891249,0.053239713760841356
19/10/2021,Izquierda,PF60 ,-0.0006666666668024845,0.001333333333604969,0.0010000000000047748,0.001490711985303558,1.490711985303558,116.56505117707799,-0.02898550725228194,0.05797101450456388,0.04347826086977282,0.06481356457841556
28/10/2021,Izquierda,PF60 ,0.00033333332976326346,-0.0006666666631645057,0.0020000000000095497,0.0007453559877709182,0.7453559877709182,296.5650510520135,0.010416666555101983,-0.020833333223890804,0.06250000000029843,0.023292374617841193
02/11/2021,Izquierda,PF60 ,-0.0016666666706441902,0.001333333333604969,0.0020000000000095497,0.0021343747490865633,2.134374749086563,141.34019180691698,-0.04504504515254568,0.036036036043377545,0.054054054054312156,0.05768580402936657
12/11/2021,Izquierda,PF60 ,0.0033333333340124227,0.00033333333340124227,-0.0010000000000047748,0.0033499585410561067,3.3499585410561066,5.710593137499643,0.07092198583005155,0.007092198583005155,-0.021276595744782443,0.07127571363949163
18/11/2021,Izquierda,PF60 ,-0.0006666666668024845,0.002333333333808696,-0.003999999999990678,0.002426703296921224,2.426703296921224,105.94539590092285,-0.012578616354763858,0.0440251572416735,-0.07547169811303166,0.04578685465889101
24/11/2021,Izquierda,PF60 ,9.999999747378752e-05,0.0,0.0,9.999999747378752e-05,0.09999999747378752,360.0,0.0016949152114201275,0.0,0.0,0.0016949152114201275
01/12/2021,Izquierda,PF60 ,9.999999747378752e-05,0.0,0.0,9.999999747378752e-05,0.09999999747378752,360.0,0.0015151514768755685,0.0,0.0,0.0015151514768755685
09/12/2021,Izquierda,PF60 ,9.999999747378752e-05,0.0,0.0,9.999999747378752e-05,0.09999999747378752,360.0,0.0013513513172133448,0.0,0.0,0.0013513513172133448
30/01/2022,Izquierda,PF60 ,0.005433333331893664,-0.003666666663775686,0.0030000000000143245,0.0065548116310623775,6.554811631062377,325.98668751399657,0.04312169311026717,-0.029100529077584814,0.023809523809637495,0.05202231453224109
11/02/2022,Izquierda,PF60 ,0.000433333327237051,-0.007666666664590593,-0.01099999999999568,0.007678903275757482,7.678903275757482,273.2350150132441,0.003140096574181529,-0.05555555554051155,-0.07971014492750493,0.055644226635923784
27/02/2022,Izquierda,PF60 ,0.004433333328051958,-0.004666666663979413,0.0049999999999954525,0.006436786632343269,6.436786632343269,313.53119926800605,0.028787878753584146,-0.030303030285580602,0.03246753246750294,0.04179731579443681
12/03/2022,Izquierda,PF60 ,9.999999747378752e-05,0.0,0.0,9.999999747378752e-05,0.09999999747378752,360.0,0.00059880238008256,0.0,0.0,0.00059880238008256
30/03/2022,Izquierda,PF60 ,9.999999747378752e-05,0.0,0.0,9.999999747378752e-05,0.09999999747378752,360.0,0.0005405405268853379,0.0,0.0,0.0005405405268853379
06/04/2022,Izquierda,PF60 ,,,,,,,,,,
11/04/2022,Izquierda,PF60 ,,,,,,,,,,
18/04/2022,Izquierda,PF60 ,,0.0,0.0,0.0,0.0,0.0,,0.0,0.0,0.0
01/05/2022,Izquierda,PF60 ,9.999999747378752e-05,0.0,0.0,9.999999747378752e-05,0.09999999747378752,360.0,0.0004608294814460254,0.0,0.0,0.0004608294814460254
09/05/2022,Izquierda,PF60 ,,0.0,0.0,0.0,0.0,0.0,,0.0,0.0,0.0
16/05/2022,Izquierda,PF60 ,,0.0,0.0,0.0,0.0,0.0,,0.0,0.0,0.0
23/05/2022,Izquierda,PF60 ,9.999999747378752e-05,0.0,0.0,9.999999747378752e-05,0.09999999747378752,360.0,0.0004184100312710775,0.0,0.0,0.0004184100312710775
30/05/2022,Izquierda,PF60 ,,0.0,0.0,0.0,0.0,0.0,,0.0,0.0,0.0
13/06/2022,Izquierda,PF60 ,,0.0,0.0,0.0,0.0,0.0,,0.0,0.0,0.0
24/06/2022,Izquierda,PF60 ,9.999999747378752e-05,0.0,0.0,9.999999747378752e-05,0.09999999747378752,360.0,0.0003690036807150831,0.0,0.0,0.0003690036807150831
27/06/2022,Izquierda,PF60 ,,0.0,0.0,0.0,0.0,0.0,,0.0,0.0,0.0
04/07/2022,Izquierda,PF60 ,,0.0,0.0,0.0,0.0,0.0,,0.0,0.0,0.0
11/07/2022,Izquierda,PF60 ,,0.0,0.0,0.0,0.0,0.0,,0.0,0.0,0.0
23/07/2022,Izquierda,PF60 ,9.999999747378752e-05,0.0,0.0,9.999999747378752e-05,0.09999999747378752,360.0,0.000333333324912625,0.0,0.0,0.000333333324912625
01/08/2022,Izquierda,PF60 ,,0.0,0.0,0.0,0.0,0.0,,0.0,0.0,0.0
08/08/2022,Izquierda,PF60 ,,0.0,0.0,0.0,0.0,0.0,,0.0,0.0,0.0
16/08/2022,Izquierda,PF60 ,,0.0,0.0,0.0,0.0,0.0,,0.0,0.0,0.0
30/08/2022,Izquierda,PF60 ,,0.0,0.0,0.0,0.0,0.0,,0.0,0.0,0.0
13/11/2022,Izquierda,PF60 ,9.999999747378752e-05,0.0,0.0,9.999999747378752e-05,0.09999999747378752,360.0,2.228263235299869e-06,0.0,0.0,2.228263235299869e-06
13/11/2022,Izquierda,PF60 ,0.004433333328051958,-0.0026666666635719594,-0.0049999999999954525,0.005173543804030488,5.173543804030488,328.9729332393086,9.878633914283075e-05,-5.9420354373456025e-05,-0.00011141316457942539,0.0001152801774595679
09/02/2023,Izquierda,PF60 ,,,,,,,,,,
20/02/2023,Izquierda,PF60 ,0.008433333328866865,0.00033333333340124227,-0.007000000000005002,0.008439918373238752,8.439918373238752,2.2634770804940074,0.00018750324229866076,7.4111953532081345e-06,-0.00015563510238577498,0.00018764965144937973
11/03/2023,Izquierda,PF60 ,,0.0,0.0,0.0,0.0,0.0,,0.0,0.0,0.0
15/03/2023,Izquierda,PF60 ,,0.0,0.0,0.0,0.0,0.0,,0.0,0.0,0.0
29/03/2023,Izquierda,PF60 ,9.999999747378752e-05,0.0,0.0,9.999999747378752e-05,0.09999999747378752,360.0,2.221531023099203e-06,0.0,0.0,2.221531023099203e-06
04/04/2023,Izquierda,PF60 ,,,,,,,,,,
12/04/2023,Izquierda,PF60 ,,0.0,0.0,0.0,0.0,0.0,,0.0,0.0,0.0
16/04/2023,Izquierda,PF60 ,,,,,,,,,,
25/04/2023,Izquierda,PF60 ,9.999999747378752e-05,0.0,0.0,9.999999747378752e-05,0.09999999747378752,360.0,2.2201993178168226e-06,0.0,0.0,2.2201993178168226e-06
09/05/2023,Izquierda,PF60 ,,,,,,,,,,
19/05/2023,Izquierda,PF60 ,,,,,,,,,,
27/05/2023,Izquierda,PF60 ,,,,,,,,,,
31/05/2023,Izquierda,PF60 ,,,,,,,,,,
11/06/2023,Izquierda,PF60 ,-0.000566666669328697,0.0,0.0,0.000566666669328697,0.566666669328697,180.0,-1.2568015199802543e-05,0.0,0.0,1.2568015199802543e-05
19/06/2023,Izquierda,PF60 ,-0.005566666666709352,-0.014666666666016681,-0.003999999999990678,0.015687539286653528,15.687539286653527,249.21596979212399,-0.0001234403642608957,-0.0003252320974369497,-8.86996629410741e-05,0.00034786986177606723
06/07/2023,Izquierda,PF60 ,,,,,,,,,,
17/07/2023,Izquierda,PF60 ,-0.007566666667116806,-0.00866666666479432,-0.009999999999990905,0.01150502305647032,11.50502305647032,228.876539538176,-0.00016768607984923335,-0.00019206335131624679,-0.0002216115592587294,0.0002549646098854339
28/07/2023,Izquierda,PF60 ,,,,,,,,,,
19/08/2023,Izquierda,PF60 ,-0.008566666670958512,-0.00866666666479432,-0.009999999999990905,0.012186012019113082,12.186012019113083,225.33246692210594,-0.0001897084985928762,-0.00019192299454778484,-0.00022144960914123845,0.00026985875986254804
25/08/2023,Izquierda,PF60 ,,,,,,,,,,
24/09/2023,Izquierda,PF60 ,-0.005566666666709352,-0.009666666664998047,-0.008000000000009777,0.011154919192465605,11.154919192465606,240.0639918998737,-0.00012317541802290955,-0.00021389743245631065,-0.00017701856482220206,0.0002468284732694356
16/10/2023,Izquierda,PF60 ,,,,,,,,,,
01/11/2023,Izquierda,PF60 ,-0.0025666666697361507,-0.009666666664998047,-0.007000000000005002,0.010001610980523034,10.001610980523033,255.13008533301434,-5.6745742294801146e-05,-0.00021371773042820293,-0.000154761115164489,0.00022112292411229098
14/09/2024,Izquierda,PF60 ,-0.006566666670551058,-0.014666666666016681,0.0,0.016069605541337066,16.069605541337065,245.88063584915398,-0.0001441670875442064,-0.00032199755573155683,0.0,0.0003527982072347816
19/04/2025,Izquierda,PF60 ,-0.004566666670143604,-0.015666666666220408,-0.007000000000005002,0.01631866688509396,16.318666885093958,253.74915809985856,-9.97829539427436e-05,-0.00034232108259888143,-0.00015295197308056203,0.00035656747115968095
24/05/2025,Izquierda,PF60 ,-0.007566666667116806,-0.014666666666016681,-0.0010000000000047748,0.016503501311639947,16.503501311639948,242.71037957739767,-0.0001652074554511213,-0.00032022590480593617,-2.1833584419658408e-05,0.00036033058910591353
06/10/2021,Izquierda,PF61 ,-0.0006666666595265269,-0.0010000000002037268,0.00533333333331143,0.0012018504213635371,1.201850421363537,236.3099327626306,-0.06666666595265269,-0.10000000002037268,0.533333333331143,0.12018504213635371
10/10/2021,Izquierda,PF61 ,-0.0006666666595265269,-0.0010000000002037268,0.00533333333331143,0.0012018504213635371,1.201850421363537,236.3099327626306,-0.04761904710903764,-0.07142857144312334,0.3809523809508164,0.08584645866882408
19/10/2021,Izquierda,PF61 ,-0.0006666666595265269,0.0,0.012333333333316432,0.0006666666595265269,0.6666666595265269,180.0,-0.02898550693593595,0.0,0.5362318840572361,0.02898550693593595
28/10/2021,Izquierda,PF61 ,0.0003333333443151787,-0.0010000000002037268,0.009333333333330529,0.0010540925570554965,1.0540925570554964,288.43494938571223,0.010416667009849334,-0.03125000000636646,0.29166666666657903,0.03294039240798426
02/11/2021,Izquierda,PF61 ,0.0013333333408809267,-0.0010000000002037268,0.013333333333321207,0.0016666666728269773,1.6666666728269772,323.1301025042334,0.03603603624002504,-0.02702702703253316,0.3603603603600326,0.04504504521153993
12/11/2021,Izquierda,PF61 ,0.0003333333443151787,0.0,0.00033333333331597714,0.0003333333443151787,0.3333333443151787,360.0,0.007092198815216568,0.0,0.0070921985811910025,0.007092198815216568
18/11/2021,Izquierda,PF61 ,0.0003333333443151787,0.0,0.0063333333333162045,0.0003333333443151787,0.3333333443151787,360.0,0.006289308383305259,0.0,0.11949685534558876,0.006289308383305259
24/11/2021,Izquierda,PF61 ,9.999999747378752e-05,0.0,0.0,9.999999747378752e-05,0.09999999747378752,360.0,0.0016949152114201275,0.0,0.0,0.0016949152114201275
01/12/2021,Izquierda,PF61 ,9.999999747378752e-05,0.0,0.0,9.999999747378752e-05,0.09999999747378752,360.0,0.0015151514768755685,0.0,0.0,0.0015151514768755685
09/12/2021,Izquierda,PF61 ,9.999999747378752e-05,0.0,0.0,9.999999747378752e-05,0.09999999747378752,360.0,0.0013513513172133448,0.0,0.0,0.0013513513172133448
30/01/2022,Izquierda,PF61 ,0.0044333333426038735,-0.004000000000814907,0.012333333333316432,0.005971134275258135,5.971134275258136,317.9414650476956,0.0351851852587609,-0.03174603175249926,0.09788359788346375,0.04738995456554076
11/02/2022,Izquierda,PF61 ,-0.009566666660248302,-0.008000000001629815,-0.0026666666666699257,0.012470810359170066,12.470810359170066,219.903613080635,-0.06932367145107464,-0.05797101450456388,-0.019323671497608157,0.09036819100847875
27/02/2022,Izquierda,PF61 ,-0.0005666666620527394,-0.0010000000002037268,0.014333333333325982,0.0011493959745403006,1.1493959745403006,240.46121794555188,-0.0036796536496931133,-0.006493506494829395,0.09307359307354533,0.0074636102242876656
12/03/2022,Izquierda,PF61 ,9.999999747378752e-05,0.0,0.0,9.999999747378752e-05,0.09999999747378752,360.0,0.00059880238008256,0.0,0.0,0.00059880238008256
30/03/2022,Izquierda,PF61 ,0.006433333343011327,0.001999999996769475,-0.006666666666689025,0.006737045189797913,6.737045189797914,17.269467711451973,0.03477477482708825,0.010810810793348512,-0.03603603603615689,0.036416460485394125
06/04/2022,Izquierda,PF61 ,,,,,,,,,,
11/04/2022,Izquierda,PF61 ,,,,,,,,,,
18/04/2022,Izquierda,PF61 ,,0.0,0.0,0.0,0.0,0.0,,0.0,0.0,0.0
01/05/2022,Izquierda,PF61 ,0.0044333333426038735,0.004999999997380655,0.0033333333333303017,0.006682398109993881,6.682398109993882,48.43766491799059,0.020430107569603104,0.023041474642307165,0.015360983102904617,0.030794461336377334
09/05/2022,Izquierda,PF61 ,,0.0,0.0,0.0,0.0,0.0,,0.0,0.0,0.0
16/05/2022,Izquierda,PF61 ,,0.0,0.0,0.0,0.0,0.0,,0.0,0.0,0.0
23/05/2022,Izquierda,PF61 ,9.999999747378752e-05,0.0,0.0,9.999999747378752e-05,0.09999999747378752,360.0,0.0004184100312710775,0.0,0.0,0.0004184100312710775
30/05/2022,Izquierda,PF61 ,,0.0,0.0,0.0,0.0,0.0,,0.0,0.0,0.0
13/06/2022,Izquierda,PF61 ,,0.0,0.0,0.0,0.0,0.0,,0.0,0.0,0.0
24/06/2022,Izquierda,PF61 ,9.999999747378752e-05,0.0,0.0,9.999999747378752e-05,0.09999999747378752,360.0,0.0003690036807150831,0.0,0.0,0.0003690036807150831
27/06/2022,Izquierda,PF61 ,,0.0,0.0,0.0,0.0,0.0,,0.0,0.0,0.0
04/07/2022,Izquierda,PF61 ,,0.0,0.0,0.0,0.0,0.0,,0.0,0.0,0.0
11/07/2022,Izquierda,PF61 ,,0.0,0.0,0.0,0.0,0.0,,0.0,0.0,0.0
23/07/2022,Izquierda,PF61 ,9.999999747378752e-05,0.0,0.0,9.999999747378752e-05,0.09999999747378752,360.0,0.000333333324912625,0.0,0.0,0.000333333324912625
01/08/2022,Izquierda,PF61 ,,0.0,0.0,0.0,0.0,0.0,,0.0,0.0,0.0
08/08/2022,Izquierda,PF61 ,,0.0,0.0,0.0,0.0,0.0,,0.0,0.0,0.0
16/08/2022,Izquierda,PF61 ,,0.0,0.0,0.0,0.0,0.0,,0.0,0.0,0.0
30/08/2022,Izquierda,PF61 ,,0.0,0.0,0.0,0.0,0.0,,0.0,0.0,0.0
13/11/2022,Izquierda,PF61 ,9.999999747378752e-05,0.0,0.0,9.999999747378752e-05,0.09999999747378752,360.0,2.228263235299869e-06,0.0,0.0,2.228263235299869e-06
13/11/2022,Izquierda,PF61 ,9.999999747378752e-05,0.0,0.0,9.999999747378752e-05,0.09999999747378752,360.0,2.228263235299869e-06,0.0,0.0,2.228263235299869e-06
09/02/2023,Izquierda,PF61 ,,,,,,,,,,
20/02/2023,Izquierda,PF61 ,0.0054333333391696215,0.0039999999971769284,0.0063333333333162045,0.006746933462836842,6.746933462836842,36.36036358369802,0.0001208024843624435,8.89343441576123e-05,0.0001408127116818864,0.00015000852575398186
11/03/2023,Izquierda,PF61 ,,0.0,0.0,0.0,0.0,0.0,,0.0,0.0,0.0
15/03/2023,Izquierda,PF61 ,,0.0,0.0,0.0,0.0,0.0,,0.0,0.0,0.0
29/03/2023,Izquierda,PF61 ,9.999999747378752e-05,0.0,0.0,9.999999747378752e-05,0.09999999747378752,360.0,2.221531023099203e-06,0.0,0.0,2.221531023099203e-06
04/04/2023,Izquierda,PF61 ,,,,,,,,,,
12/04/2023,Izquierda,PF61 ,,0.0,0.0,0.0,0.0,0.0,,0.0,0.0,0.0
16/04/2023,Izquierda,PF61 ,,,,,,,,,,
25/04/2023,Izquierda,PF61 ,9.999999747378752e-05,0.0,0.0,9.999999747378752e-05,0.09999999747378752,360.0,2.2201993178168226e-06,0.0,0.0,2.2201993178168226e-06
09/05/2023,Izquierda,PF61 ,,,,,,,,,,
19/05/2023,Izquierda,PF61 ,,,,,,,,,,
27/05/2023,Izquierda,PF61 ,,,,,,,,,,
31/05/2023,Izquierda,PF61 ,,,,,,,,,,
11/06/2023,Izquierda,PF61 ,9.999999747378752e-05,0.000999999996565748,0.0,0.001004987558443513,1.0049875584435128,84.2894069863266,2.217884968811824e-06,2.2178850172235363e-05,0.0,2.2289468560226954e-05
19/06/2023,Izquierda,PF61 ,-0.015566666661470663,-0.008000000001629815,0.007333333333320979,0.01750203162422635,17.502031624226348,207.19947597014652,-0.00034518952149793027,-0.00017739932591870266,0.00016261604872540756,0.00038810607646412874
06/07/2023,Izquierda,PF61 ,,,,,,,,,,
17/07/2023,Izquierda,PF61 ,-0.01356666666106321,-0.006000000001222361,0.00033333333331597714,0.014834232177873996,14.834232177873997,203.85791090709014,-0.0003006530152704372,-0.0001329669355824475,7.387051974913065e-06,0.00032874373233476634
28/07/2023,Izquierda,PF61 ,,,,,,,,,,
19/08/2023,Izquierda,PF61 ,-0.014566666657628957,-0.006000000001222361,0.00033333333331597714,0.015753976562415836,15.753976562415836,202.38672912765873,-0.00032257826378255766,-0.00013286976551193304,7.381653637663644e-06,0.00034887119521703915
25/08/2023,Izquierda,PF61 ,,,,,,,,,,
24/09/2023,Izquierda,PF61 ,-0.014566666657628957,-0.008000000001629815,0.0043333333333350765,0.016618898204771464,16.618898204771465,208.77555031772968,-0.0003223213032467187,-0.00017701856485804912,9.588505594528083e-05,0.00036773168864141494
16/10/2023,Izquierda,PF61 ,,,,,,,,,,
01/11/2023,Izquierda,PF61 ,-0.014566666657628957,-0.006000000001222361,0.0043333333333350765,0.015753976562415836,15.753976562415836,202.38672912765873,-0.0003220505108803466,-0.00013265238445363492,9.580449986370137e-05,0.00034830042586756507
14/09/2024,Izquierda,PF61 ,-0.014566666657628957,-0.013000000002648449,0.012333333333316432,0.019524030771931773,19.524030771931773,221.74726966765357,-0.00031980211766732434,-0.0002854069244692188,0.0002707706718768015,0.0004286379672864777
19/04/2025,Izquierda,PF61 ,-0.014566666657628957,-0.012000000002444722,0.0063333333333162045,0.018872937703843365,18.872937703843366,219.4816499876492,-0.0003182857723556561,-0.00026220338247705114,0.00013838511850098773,0.00041237900851818745
24/05/2025,Izquierda,PF61 ,-0.01956666666228557,-0.0030000000006111804,0.013333333333321207,0.019795313694828495,19.795313694828494,188.71682119619376,-0.000427210468380288,-6.550075327200673e-05,0.00029111445892712404,0.00043220265266759447
06/10/2021,Izquierda,PF62 ,0.0010000000038417056,0.0010000000002037268,0.0016666666666935726,0.0014142135652336477,1.4142135652336478,44.99999989577959,0.10000000038417056,0.10000000002037268,0.16666666666935726,0.1414213565233648
10/10/2021,Izquierda,PF62 ,9.999999747378752e-05,0.0020000000004074536,0.008666666666670153,0.0020024984397308708,2.002498439730871,87.13759484666062,0.007142856962413394,0.14285714288624668,0.6190476190478681,0.14303560283791933
19/10/2021,Izquierda,PF62 ,0.0020000000004074536,-0.0029999999969732016,0.015666666666675155,0.0036055512731715555,3.6055512731715553,303.6900675580476,0.08695652175684582,-0.13043478247709572,0.6811594202902241,0.1567630988335459
28/10/2021,Izquierda,PF62 ,0.0010000000038417056,0.0030000000006111804,0.004666666666679475,0.0031622776619630497,3.1622776619630497,71.56505111454574,0.0312500001200533,0.09375000001909939,0.1458333333337336,0.0988211769363453
02/11/2021,Izquierda,PF62 ,0.0010000000038417056,0.0020000000004074536,0.012666666666689252,0.0022360679795822903,2.23606797958229,63.43494873954568,0.027027027130856907,0.05405405406506632,0.34234234234295274,0.06043426971844027
12/11/2021,Izquierda,PF62 ,-0.000999999996565748,0.0010000000002037268,-0.001333333333320752,0.0014142135600887689,1.4142135600887689,134.99999989577958,-0.02127659567161166,0.021276595749015467,-0.028368794325973445,0.030089650214654658
18/11/2021,Izquierda,PF62 ,0.0010000000038417056,0.0020000000004074536,0.004666666666679475,0.0022360679795822903,2.23606797958229,63.43494873954568,0.018867924600786897,0.037735849064291574,0.08805031446565048,0.042189961878911136
24/11/2021,Izquierda,PF62 ,9.999999747378752e-05,0.0,0.0,9.999999747378752e-05,0.09999999747378752,360.0,0.0016949152114201275,0.0,0.0,0.0016949152114201275
01/12/2021,Izquierda,PF62 ,9.999999747378752e-05,0.0,0.0,9.999999747378752e-05,0.09999999747378752,360.0,0.0015151514768755685,0.0,0.0,0.0015151514768755685
09/12/2021,Izquierda,PF62 ,9.999999747378752e-05,0.0,0.0,9.999999747378752e-05,0.09999999747378752,360.0,0.0013513513172133448,0.0,0.0,0.0013513513172133448
30/01/2022,Izquierda,PF62 ,0.011099999996076804,-0.007999999997991836,0.010666666666679703,0.013682470532793936,13.682470532793936,324.21892613532395,0.0880952380641016,-0.06349206347612568,0.08465608465618811,0.10859103597455505
11/02/2022,Izquierda,PF62 ,-0.010900000001129229,-0.008999999998195563,-0.0033333333333303017,0.014135416512863614,14.135416512863614,219.54608110285454,-0.07898550725455962,-0.06521739129127219,-0.024154589371958708,0.10243055444104068
27/02/2022,Izquierda,PF62 ,-0.0019000000029336661,-0.0029999999969732016,0.020666666666670608,0.0035510561799255076,3.5510561799255074,237.65255643443874,-0.012337662356712117,-0.019480519460864945,0.13419913419915977,0.023058806363152648
12/03/2022,Izquierda,PF62 ,9.999999747378752e-05,0.0,0.0,9.999999747378752e-05,0.09999999747378752,360.0,0.00059880238008256,0.0,0.0,0.00059880238008256
30/03/2022,Izquierda,PF62 ,0.007099999995261896,-0.0010000000002037268,0.008666666666670153,0.007170076703433959,7.170076703433959,351.98290691945203,0.03837837835276701,-0.005405405406506631,0.04684684684686569,0.03875717136991329
06/04/2022,Izquierda,PF62 ,,,,,,,,,,
11/04/2022,Izquierda,PF62 ,,,,,,,,,,
18/04/2022,Izquierda,PF62 ,,0.0,0.0,0.0,0.0,0.0,,0.0,0.0,0.0
01/05/2022,Izquierda,PF62 ,9.999999747378752e-05,0.0,0.0,9.999999747378752e-05,0.09999999747378752,360.0,0.0004608294814460254,0.0,0.0,0.0004608294814460254
09/05/2022,Izquierda,PF62 ,,0.0,0.0,0.0,0.0,0.0,,0.0,0.0,0.0
16/05/2022,Izquierda,PF62 ,,0.0,0.0,0.0,0.0,0.0,,0.0,0.0,0.0
23/05/2022,Izquierda,PF62 ,9.999999747378752e-05,0.0,0.0,9.999999747378752e-05,0.09999999747378752,360.0,0.0004184100312710775,0.0,0.0,0.0004184100312710775
30/05/2022,Izquierda,PF62 ,,0.0,0.0,0.0,0.0,0.0,,0.0,0.0,0.0
13/06/2022,Izquierda,PF62 ,,0.0,0.0,0.0,0.0,0.0,,0.0,0.0,0.0
24/06/2022,Izquierda,PF62 ,9.999999747378752e-05,0.0,0.0,9.999999747378752e-05,0.09999999747378752,360.0,0.0003690036807150831,0.0,0.0,0.0003690036807150831
27/06/2022,Izquierda,PF62 ,,0.0,0.0,0.0,0.0,0.0,,0.0,0.0,0.0
04/07/2022,Izquierda,PF62 ,,0.0,0.0,0.0,0.0,0.0,,0.0,0.0,0.0
11/07/2022,Izquierda,PF62 ,,0.0,0.0,0.0,0.0,0.0,,0.0,0.0,0.0
23/07/2022,Izquierda,PF62 ,9.999999747378752e-05,0.0,0.0,9.999999747378752e-05,0.09999999747378752,360.0,0.000333333324912625,0.0,0.0,0.000333333324912625
01/08/2022,Izquierda,PF62 ,,0.0,0.0,0.0,0.0,0.0,,0.0,0.0,0.0
08/08/2022,Izquierda,PF62 ,,0.0,0.0,0.0,0.0,0.0,,0.0,0.0,0.0
16/08/2022,Izquierda,PF62 ,,0.0,0.0,0.0,0.0,0.0,,0.0,0.0,0.0
30/08/2022,Izquierda,PF62 ,,0.0,0.0,0.0,0.0,0.0,,0.0,0.0,0.0
13/11/2022,Izquierda,PF62 ,9.999999747378752e-05,0.0,0.0,9.999999747378752e-05,0.09999999747378752,360.0,2.228263235299869e-06,0.0,0.0,2.228263235299869e-06
13/11/2022,Izquierda,PF62 ,9.999999747378752e-05,0.0,0.0,9.999999747378752e-05,0.09999999747378752,360.0,2.228263235299869e-06,0.0,0.0,2.228263235299869e-06
09/02/2023,Izquierda,PF62 ,,,,,,,,,,
20/02/2023,Izquierda,PF62 ,,,,,,,,,,
11/03/2023,Izquierda,PF62 ,,0.0,0.0,0.0,0.0,0.0,,0.0,0.0,0.0
15/03/2023,Izquierda,PF62 ,,0.0,0.0,0.0,0.0,0.0,,0.0,0.0,0.0
29/03/2023,Izquierda,PF62 ,9.999999747378752e-05,0.0,0.0,9.999999747378752e-05,0.09999999747378752,360.0,2.221531023099203e-06,0.0,0.0,2.221531023099203e-06
04/04/2023,Izquierda,PF62 ,,,,,,,,,,
12/04/2023,Izquierda,PF62 ,,0.0,0.0,0.0,0.0,0.0,,0.0,0.0,0.0
16/04/2023,Izquierda,PF62 ,,,,,,,,,,
25/04/2023,Izquierda,PF62 ,9.999999747378752e-05,0.0,0.0,9.999999747378752e-05,0.09999999747378752,360.0,2.2201993178168226e-06,0.0,0.0,2.2201993178168226e-06
09/05/2023,Izquierda,PF62 ,,,,,,,,,,
19/05/2023,Izquierda,PF62 ,,,,,,,,,,
27/05/2023,Izquierda,PF62 ,,,,,,,,,,
31/05/2023,Izquierda,PF62 ,,,,,,,,,,
11/06/2023,Izquierda,PF62 ,0.0011000000013154931,0.0010000000002037268,-0.00033333333331597714,0.0014866068758422782,1.4866068758422781,42.2736889777986,2.439673530241956e-05,2.2178850252921546e-05,-7.392950082416101e-06,3.2971231277552306e-05
19/06/2023,Izquierda,PF62 ,-0.017899999998917338,-0.014999999999417923,-0.0033333333333303017,0.02335401464296403,23.354014642964028,219.96263149857998,-0.0003969309916382238,-0.0003326237360168956,-7.391638578433346e-05,0.0005178733067891615
06/07/2023,Izquierda,PF62 ,,,,,,,,,,
17/07/2023,Izquierda,PF62 ,-0.01690000000235159,-0.005999999997584382,-0.001333333333320752,0.017933488228743907,17.933488228743908,199.5463677235553,-0.00037452353519970723,-0.00013296693550182568,-2.9548207900911976e-05,0.0003974268289323621
28/07/2023,Izquierda,PF62 ,,,,,,,,,,
19/08/2023,Izquierda,PF62 ,-0.020900000003166497,-0.007999999997991836,0.0016666666666935726,0.0223787845983697,22.3787845983697,200.945602563488,-0.00046282968317573126,-0.00017715968726868115,3.690826819083581e-05,0.0004955773102369445
25/08/2023,Izquierda,PF62 ,,,,,,,,,,
24/09/2023,Izquierda,PF62 ,-0.015899999998509884,-0.011999999998806743,0.0036666666666747005,0.019920090359332614,19.920090359332615,217.0424747729253,-0.0003518243975507243,-0.00026552784720657496,8.113350887692122e-05,0.0004407782258166666
16/10/2023,Izquierda,PF62 ,,,,,,,,,,
01/11/2023,Izquierda,PF62 ,-0.014900000001944136,-0.011999999998806743,0.0026666666666699257,0.019131387822876236,19.131387822876235,218.84689584236796,-0.0003294200880357307,-0.00026530476882683873,5.895661530078764e-05,0.0004229707020157909
14/09/2024,Izquierda,PF62 ,-0.015899999998509884,-0.020999999997002305,0.011666666666684478,0.026340273343811584,26.340273343811585,232.86907555043857,-0.0003490746229008295,-0.0004610419547520759,0.00025613441934366237,0.0005782843387080196
19/04/2025,Izquierda,PF62 ,-0.018900000002759043,-0.018999999996594852,0.0006666666666887977,0.026799440292194467,26.79944029219447,225.15117583910876,-0.00041297032737750827,-0.00041515535542968254,1.4566854579574305e-05,0.0005855753243061327
24/05/2025,Izquierda,PF62 ,-0.020900000003166497,-0.018999999996594852,0.012666666666689252,0.028245530619957628,28.245530619957627,222.27368899666203,-0.0004563219144378179,-0.0004148381038971824,0.00027655873598151243,0.0006167011772659467
06/10/2021,Izquierda,PF63 ,-0.0016666666633682325,0.0016666666633682325,0.00033333333334439885,0.0023570225992904682,2.357022599290468,135.0,-0.16666666633682325,0.16666666633682325,0.033333333334439885,0.23570225992904684
10/10/2021,Izquierda,PF63 ,-0.0016666666633682325,-0.001333333333604969,0.010333333333335304,0.0021343747434049948,2.1343747434049947,218.65980831509717,-0.11904761881201661,-0.0952380952574978,0.7380952380953788,0.1524553388146425
19/10/2021,Izquierda,PF63 ,-0.002666666667209938,-0.001333333333604969,0.012333333333344854,0.002981423970607116,2.981423970607116,206.56505117707798,-0.11594202900912776,-0.05797101450456388,0.5362318840584719,0.1296271291568311
28/10/2021,Izquierda,PF63 ,-0.0006666666668024845,-0.00033333333340124227,0.00033333333334439885,0.000745355992651779,0.745355992651779,206.56505117707798,-0.020833333337577642,-0.010416666668788821,0.010416666667012464,0.023292374770368093
02/11/2021,Izquierda,PF63 ,-0.0006666666668024845,-0.00033333333340124227,0.010333333333335304,0.000745355992651779,0.745355992651779,206.56505117707798,-0.018018018021688773,-0.009009009010844386,0.27927927927933255,0.02014475655815619
12/11/2021,Izquierda,PF63 ,-0.0016666666633682325,-0.00033333333340124227,0.0013333333333491737,0.001699673167976532,1.699673167976532,191.30993249807108,-0.03546099283762197,-0.007092198583005155,0.028368794326578163,0.0361632588931177
18/11/2021,Izquierda,PF63 ,0.0003333333370392211,0.0006666666668024845,0.00033333333334439885,0.0007453559942787325,0.7453559942787326,63.43494857279301,0.006289308246023039,0.012578616354763858,0.006289308176309412,0.014063320646768539
24/11/2021,Izquierda,PF63 ,9.999999747378752e-05,0.0,0.0,9.999999747378752e-05,0.09999999747378752,360.0,0.0016949152114201275,0.0,0.0,0.0016949152114201275
01/12/2021,Izquierda,PF63 ,9.999999747378752e-05,0.0,0.0,9.999999747378752e-05,0.09999999747378752,360.0,0.0015151514768755685,0.0,0.0,0.0015151514768755685
09/12/2021,Izquierda,PF63 ,9.999999747378752e-05,0.0,0.0,9.999999747378752e-05,0.09999999747378752,360.0,0.0013513513172133448,0.0,0.0,0.0013513513172133448
30/01/2022,Izquierda,PF63 ,9.999999747378752e-05,0.0,0.0,9.999999747378752e-05,0.09999999747378752,360.0,0.0007936507736014882,0.0,0.0,0.0007936507736014882
11/02/2022,Izquierda,PF63 ,-0.008566666670958512,-0.009333333335234784,-0.0056666666666558285,0.012668815611489349,12.668815611489348,227.4525102294799,-0.06207729471709066,-0.06763285025532452,-0.04106280193228862,0.09180301167745905
27/02/2022,Izquierda,PF63 ,-0.0025666666697361507,-0.002333333333808696,0.014333333333354403,0.003468749376965316,3.4687493769653157,222.2736889777986,-0.01666666668659838,-0.015151515154601922,0.0930735930737299,0.02252434660367088
12/03/2022,Izquierda,PF63 ,9.999999747378752e-05,0.0,0.0,9.999999747378752e-05,0.09999999747378752,360.0,0.00059880238008256,0.0,0.0,0.00059880238008256
30/03/2022,Izquierda,PF63 ,9.999999747378752e-05,0.0,0.0,9.999999747378752e-05,0.09999999747378752,360.0,0.0005405405268853379,0.0,0.0,0.0005405405268853379
06/04/2022,Izquierda,PF63 ,,,,,,,,,,
11/04/2022,Izquierda,PF63 ,,,,,,,,,,
18/04/2022,Izquierda,PF63 ,,0.0,0.0,0.0,0.0,0.0,,0.0,0.0,0.0
01/05/2022,Izquierda,PF63 ,9.999999747378752e-05,0.0,0.0,9.999999747378752e-05,0.09999999747378752,360.0,0.0004608294814460254,0.0,0.0,0.0004608294814460254
09/05/2022,Izquierda,PF63 ,,0.0,0.0,0.0,0.0,0.0,,0.0,0.0,0.0
16/05/2022,Izquierda,PF63 ,,0.0,0.0,0.0,0.0,0.0,,0.0,0.0,0.0
23/05/2022,Izquierda,PF63 ,9.999999747378752e-05,0.0,0.0,9.999999747378752e-05,0.09999999747378752,360.0,0.0004184100312710775,0.0,0.0,0.0004184100312710775
30/05/2022,Izquierda,PF63 ,,0.0,0.0,0.0,0.0,0.0,,0.0,0.0,0.0
13/06/2022,Izquierda,PF63 ,,0.0,0.0,0.0,0.0,0.0,,0.0,0.0,0.0
24/06/2022,Izquierda,PF63 ,9.999999747378752e-05,0.0,0.0,9.999999747378752e-05,0.09999999747378752,360.0,0.0003690036807150831,0.0,0.0,0.0003690036807150831
27/06/2022,Izquierda,PF63 ,,0.0,0.0,0.0,0.0,0.0,,0.0,0.0,0.0
04/07/2022,Izquierda,PF63 ,,0.0,0.0,0.0,0.0,0.0,,0.0,0.0,0.0
11/07/2022,Izquierda,PF63 ,,0.0,0.0,0.0,0.0,0.0,,0.0,0.0,0.0
23/07/2022,Izquierda,PF63 ,9.999999747378752e-05,0.0,0.0,9.999999747378752e-05,0.09999999747378752,360.0,0.000333333324912625,0.0,0.0,0.000333333324912625
01/08/2022,Izquierda,PF63 ,,0.0,0.0,0.0,0.0,0.0,,0.0,0.0,0.0
08/08/2022,Izquierda,PF63 ,,0.0,0.0,0.0,0.0,0.0,,0.0,0.0,0.0
16/08/2022,Izquierda,PF63 ,,0.0,0.0,0.0,0.0,0.0,,0.0,0.0,0.0
30/08/2022,Izquierda,PF63 ,,0.0,0.0,0.0,0.0,0.0,,0.0,0.0,0.0
13/11/2022,Izquierda,PF63 ,9.999999747378752e-05,0.0,0.0,9.999999747378752e-05,0.09999999747378752,360.0,2.228263235299869e-06,0.0,0.0,2.228263235299869e-06
13/11/2022,Izquierda,PF63 ,9.999999747378752e-05,0.0,0.0,9.999999747378752e-05,0.09999999747378752,360.0,2.228263235299869e-06,0.0,0.0,2.228263235299869e-06
09/02/2023,Izquierda,PF63 ,,,,,,,,,,
20/02/2023,Izquierda,PF63 ,0.005433333331893664,0.007666666664590593,0.0033333333333587234,0.00939674884422327,9.39674884422327,54.6749653617046,0.00012080248420067288,0.00017045749304290178,7.411195351754726e-05,0.00020892342406615092
11/03/2023,Izquierda,PF63 ,,0.0,0.0,0.0,0.0,0.0,,0.0,0.0,0.0
15/03/2023,Izquierda,PF63 ,,0.0,0.0,0.0,0.0,0.0,,0.0,0.0,0.0
29/03/2023,Izquierda,PF63 ,9.999999747378752e-05,0.0,0.0,9.999999747378752e-05,0.09999999747378752,360.0,2.221531023099203e-06,0.0,0.0,2.221531023099203e-06
04/04/2023,Izquierda,PF63 ,,,,,,,,,,
12/04/2023,Izquierda,PF63 ,,0.0,0.0,0.0,0.0,0.0,,0.0,0.0,0.0
16/04/2023,Izquierda,PF63 ,,,,,,,,,,
25/04/2023,Izquierda,PF63 ,9.999999747378752e-05,0.0,0.0,9.999999747378752e-05,0.09999999747378752,360.0,2.2201993178168226e-06,0.0,0.0,2.2201993178168226e-06
09/05/2023,Izquierda,PF63 ,,,,,,,,,,
19/05/2023,Izquierda,PF63 ,,,,,,,,,,
27/05/2023,Izquierda,PF63 ,,,,,,,,,,
31/05/2023,Izquierda,PF63 ,,,,,,,,,,
11/06/2023,Izquierda,PF63 ,9.999999747378752e-05,-0.001333333333604969,0.0,0.0013370780747573782,1.3370780747573783,274.2891532199997,2.217884968811824e-06,-2.9571800337228733e-05,0.0,2.9654854390467048e-05
19/06/2023,Izquierda,PF63 ,-0.023566666670376435,-0.009333333335234784,0.006333333333344626,0.025347561797917296,25.347561797917297,201.60552724354687,-0.0005225888475779766,-0.00020696588023848644,0.0001404411329906117,0.0005620800469646375
06/07/2023,Izquierda,PF63 ,,,,,,,,,,
17/07/2023,Izquierda,PF63 ,-0.018566666665719822,-0.0043333333342161495,0.00033333333334439885,0.01906564682515074,19.06564682515074,193.13727405647407,-0.00041145879500309863,-9.60316756984343e-05,7.3870519755429235e-06,0.0004225167721201742
28/07/2023,Izquierda,PF63 ,,,,,,,,,,
19/08/2023,Izquierda,PF63 ,-0.02156666666996898,-0.005333333334419876,0.00033333333334439885,0.022216335334829307,22.216335334829306,193.89029383646616,-0.00047759299045483495,-0.00011810645823282938,7.381653638293041e-06,0.0004919798776453109
25/08/2023,Izquierda,PF63 ,,,,,,,,,,
24/09/2023,Izquierda,PF63 ,-0.017466666671680287,-0.01033333333543851,0.0033333333333587234,0.020294388939824517,20.29438893982452,210.60868863898608,-0.0003864905333056068,-0.00022864897960831346,7.375773534305586e-05,0.00044906045050836454
16/10/2023,Izquierda,PF63 ,,,,,,,,,,
01/11/2023,Izquierda,PF63 ,-0.017566666669154074,-0.009333333335234784,0.0043333333333350765,0.01989218160513757,19.89218160513757,207.98212402829546,-0.00038837670334845734,-0.00020634815359454322,9.580449986370137e-05,0.00043979088689477503
14/09/2024,Izquierda,PF63 ,-0.019566666669561528,-0.01733333333322662,0.019333333333349856,0.026139986400120316,26.139986400120314,221.53645878628862,-0.00042957401193355566,-0.0003805425658790889,0.00042445132348349813,0.0005738871632773566
19/04/2025,Izquierda,PF63 ,-0.02256666666653473,-0.009333333335234784,0.006333333333344626,0.02442059695390542,24.42059695390542,202.4694668844588,-0.0004930880274993386,-0.00020393596414881754,0.00013838511850160876,0.0005335969268431897
24/05/2025,Izquierda,PF63 ,-0.02256666666653473,-0.00733333333482733,0.011333333333340079,0.023728300028408682,23.728300028408682,198.00224792275296,-0.0004927112217317248,-0.0001601129524426831,0.0002474472900884277,0.0005180738418027704
06/10/2021,Izquierda,PF64 ,-0.001333333333604969,-0.001333333333604969,0.0026666666666699257,0.0018856180835482776,1.8856180835482776,225.0,-0.1333333333604969,-0.1333333333604969,0.26666666666699257,0.18856180835482775
10/10/2021,Izquierda,PF64 ,-0.001333333333604969,-0.00033333333340124227,0.011666666666684478,0.0013743685421525491,1.374368542152549,194.03624346792648,-0.0952380952574978,-0.02380952381437445,0.8333333333346056,0.09816918158232495
19/10/2021,Izquierda,PF64 ,-0.0023333333374466747,-0.001333333333604969,0.008666666666670153,0.0026874192531389993,2.6874192531389993,209.74488125846085,-0.10144927554115976,-0.05797101450456388,0.3768115942030501,0.11684431535386954
28/10/2021,Izquierda,PF64 ,-0.0003333333370392211,-0.001333333333604969,0.004666666666679475,0.0013743685430348887,1.3743685430348886,255.96375638493882,-0.010416666782475659,-0.041666666675155284,0.1458333333337336,0.04294901696984027
02/11/2021,Izquierda,PF64 ,-0.001333333333604969,-0.001333333333604969,0.009666666666674928,0.0018856180835482776,1.8856180835482776,225.0,-0.036036036043377545,-0.036036036043377545,0.2612612612614846,0.05096265090671021
12/11/2021,Izquierda,PF64 ,-0.0003333333370392211,-0.001333333333604969,-0.0033333333333303017,0.0013743685430348887,1.3743685430348886,255.96375638493882,-0.0070921986604089585,-0.02836879433202062,-0.07092198581553834,0.029241883894359333
18/11/2021,Izquierda,PF64 ,-0.0023333333374466747,-0.00033333333340124227,-0.00033333333331597714,0.0023570226080367623,2.3570226080367624,188.13010234164952,-0.04402515731031462,-0.006289308177381929,-0.006289308175773153,0.04447212467993891
24/11/2021,Izquierda,PF64 ,9.999999747378752e-05,0.0,0.0,9.999999747378752e-05,0.09999999747378752,360.0,0.0016949152114201275,0.0,0.0,0.0016949152114201275
01/12/2021,Izquierda,PF64 ,9.999999747378752e-05,0.0,0.0,9.999999747378752e-05,0.09999999747378752,360.0,0.0015151514768755685,0.0,0.0,0.0015151514768755685
09/12/2021,Izquierda,PF64 ,9.999999747378752e-05,0.0,0.0,9.999999747378752e-05,0.09999999747378752,360.0,0.0013513513172133448,0.0,0.0,0.0013513513172133448
30/01/2022,Izquierda,PF64 ,0.0037666666612494737,-0.006333333330985624,0.0026666666666699257,0.007368777973201643,7.368777973201643,300.74150866909054,0.029894179851186302,-0.05026455024591765,0.021164021164047028,0.05848236486667971
11/02/2022,Izquierda,PF64 ,-0.009233333337760996,-0.010333333331800532,-0.009333333333330529,0.013857569132871337,13.857569132871337,228.21767050186588,-0.06690821259247098,-0.07487922704203284,-0.06763285024152557,0.10041716762950244
27/02/2022,Izquierda,PF64 ,-0.003233333336538635,-0.0033333333340124227,0.013666666666665606,0.004643872907478244,4.643872907478244,225.87245710034932,-0.020995671016484644,-0.021645021649431315,0.08874458874458185,0.030155018879728858
12/03/2022,Izquierda,PF64 ,9.999999747378752e-05,0.0,0.0,9.999999747378752e-05,0.09999999747378752,360.0,0.00059880238008256,0.0,0.0,0.00059880238008256
30/03/2022,Izquierda,PF64 ,0.0037666666612494737,-0.005333333334419876,0.0026666666666699257,0.006529335509299739,6.529335509299739,305.2316497880349,0.020360360331078235,-0.028828828834702034,0.01441441441443203,0.035293705455674264
06/04/2022,Izquierda,PF64 ,,,,,,,,,,
11/04/2022,Izquierda,PF64 ,,,,,,,,,,
18/04/2022,Izquierda,PF64 ,,0.0,0.0,0.0,0.0,0.0,,0.0,0.0,0.0
01/05/2022,Izquierda,PF64 ,9.999999747378752e-05,0.0,0.0,9.999999747378752e-05,0.09999999747378752,360.0,0.0004608294814460254,0.0,0.0,0.0004608294814460254
09/05/2022,Izquierda,PF64 ,,0.0,0.0,0.0,0.0,0.0,,0.0,0.0,0.0
16/05/2022,Izquierda,PF64 ,,0.0,0.0,0.0,0.0,0.0,,0.0,0.0,0.0
23/05/2022,Izquierda,PF64 ,9.999999747378752e-05,0.0,0.0,9.999999747378752e-05,0.09999999747378752,360.0,0.0004184100312710775,0.0,0.0,0.0004184100312710775
30/05/2022,Izquierda,PF64 ,,0.0,0.0,0.0,0.0,0.0,,0.0,0.0,0.0
13/06/2022,Izquierda,PF64 ,,0.0,0.0,0.0,0.0,0.0,,0.0,0.0,0.0
24/06/2022,Izquierda,PF64 ,9.999999747378752e-05,0.0,0.0,9.999999747378752e-05,0.09999999747378752,360.0,0.0003690036807150831,0.0,0.0,0.0003690036807150831
27/06/2022,Izquierda,PF64 ,,0.0,0.0,0.0,0.0,0.0,,0.0,0.0,0.0
04/07/2022,Izquierda,PF64 ,,0.0,0.0,0.0,0.0,0.0,,0.0,0.0,0.0
11/07/2022,Izquierda,PF64 ,,0.0,0.0,0.0,0.0,0.0,,0.0,0.0,0.0
23/07/2022,Izquierda,PF64 ,-0.005233333336946089,-0.0033333333340124227,0.0026666666666699257,0.006204747289876491,6.204747289876491,212.4947999322206,-0.017444444456486963,-0.011111111113374744,0.008888888888899752,0.02068249096625497
01/08/2022,Izquierda,PF64 ,,0.0,0.0,0.0,0.0,0.0,,0.0,0.0,0.0
08/08/2022,Izquierda,PF64 ,,0.0,0.0,0.0,0.0,0.0,,0.0,0.0,0.0
16/08/2022,Izquierda,PF64 ,,0.0,0.0,0.0,0.0,0.0,,0.0,0.0,0.0
30/08/2022,Izquierda,PF64 ,,0.0,0.0,0.0,0.0,0.0,,0.0,0.0,0.0
13/11/2022,Izquierda,PF64 ,9.999999747378752e-05,0.0,0.0,9.999999747378752e-05,0.09999999747378752,360.0,2.228263235299869e-06,0.0,0.0,2.228263235299869e-06
13/11/2022,Izquierda,PF64 ,9.999999747378752e-05,0.0,0.0,9.999999747378752e-05,0.09999999747378752,360.0,2.228263235299869e-06,0.0,0.0,2.228263235299869e-06
09/02/2023,Izquierda,PF64 ,,,,,,,,,,
20/02/2023,Izquierda,PF64 ,0.004766666665091179,-0.0043333333342161495,0.0026666666666699257,0.0064419631232661,6.4419631232661,317.7263109786704,0.0001059800934942566,-9.634553959170575e-05,5.928956281365866e-05,0.00014322794146488427
11/03/2023,Izquierda,PF64 ,,0.0,0.0,0.0,0.0,0.0,,0.0,0.0,0.0
15/03/2023,Izquierda,PF64 ,,0.0,0.0,0.0,0.0,0.0,,0.0,0.0,0.0
29/03/2023,Izquierda,PF64 ,9.999999747378752e-05,0.0,0.0,9.999999747378752e-05,0.09999999747378752,360.0,2.221531023099203e-06,0.0,0.0,2.221531023099203e-06
04/04/2023,Izquierda,PF64 ,,,,,,,,,,
12/04/2023,Izquierda,PF64 ,,0.0,0.0,0.0,0.0,0.0,,0.0,0.0,0.0
16/04/2023,Izquierda,PF64 ,,,,,,,,,,
25/04/2023,Izquierda,PF64 ,9.999999747378752e-05,0.0,0.0,9.999999747378752e-05,0.09999999747378752,360.0,2.2201993178168226e-06,0.0,0.0,2.2201993178168226e-06
09/05/2023,Izquierda,PF64 ,,,,,,,,,,
19/05/2023,Izquierda,PF64 ,,,,,,,,,,
27/05/2023,Izquierda,PF64 ,,,,,,,,,,
31/05/2023,Izquierda,PF64 ,,,,,,,,,,
11/06/2023,Izquierda,PF64 ,9.999999747378752e-05,0.0006666666668024845,0.0,0.0006741249469647986,0.6741249469647986,81.46923460409869,2.217884968811824e-06,1.4785900168614366e-05,0.0,1.4951316247444967e-05
19/06/2023,Izquierda,PF64 ,-0.02423333333717892,-0.006333333330985624,0.0016666666666651508,0.025047266431932263,25.04726643193226,194.64653694551652,-0.0005373721247378685,-0.00014044113293830104,3.695819289216673e-05,0.0005554210225282123
06/07/2023,Izquierda,PF64 ,,,,,,,,,,
17/07/2023,Izquierda,PF64 ,-0.01823333333595656,-0.011333333332004258,0.0016666666666651508,0.02146855581902107,21.46855581902107,211.8639357117897,-0.0004040717431069178,-0.0002511597671306679,3.69352598764549e-05,0.00047576801300906545
28/07/2023,Izquierda,PF64 ,,,,,,,,,,
19/08/2023,Izquierda,PF64 ,-0.01823333333595656,-0.008333333331393078,-0.00033333333331597714,0.020047416016838966,20.047416016838966,204.56222028376388,-0.00040377645405931657,-0.00018454134090823302,-7.381653637663644e-06,0.00044394924412248304
25/08/2023,Izquierda,PF64 ,,,,,,,,,,
24/09/2023,Izquierda,PF64 ,-0.019233333339798264,-0.010333333331800532,0.0026666666666699257,0.02183343511923617,21.83343511923617,208.24743532565114,-0.00042558213306924224,-0.00022864897952781473,5.900618827406735e-05,0.00048311541874264093
16/10/2023,Izquierda,PF64 ,,,,,,,,,,
01/11/2023,Izquierda,PF64 ,-0.015233333338983357,-0.010333333331800532,0.0026666666666699257,0.018407395860432885,18.407395860432885,214.15049580889752,-0.00033678966503025265,-0.0002284568842563846,5.895661530078764e-05,0.0004069641586618223
14/09/2024,Izquierda,PF64 ,-0.01823333333595656,-0.016333333333022892,0.00566666666668425,0.024479220214454166,24.479220214454166,221.85383186888183,-0.00040030150685978964,-0.0003585881870737644,0.0001244081465385464,0.0005374260733375961
19/04/2025,Izquierda,PF64 ,-0.020233333336364012,-0.01733333333322662,0.007666666666665378,0.026642676711268413,26.64267671126841,220.58574415121387,-0.00044210403654162505,-0.0003787382190540274,0.00016751882765951532,0.0005821499958761616
24/05/2025,Izquierda,PF64 ,-0.02323333334061317,-0.015333333332819166,0.01466666666667038,0.027837005751542153,27.837005751542154,213.42366594501402,-0.0005072669448399199,-0.000334781627755271,0.00032022590482020877,0.0006077816150639102
06/10/2021,Izquierda,PF65 ,-0.0010000000038417056,0.0006666666668024845,0.005333333333339851,0.0012018504284264935,1.2018504284264935,146.30993257022368,-0.10000000038417056,0.06666666668024845,0.5333333333339851,0.12018504284264936
10/10/2021,Izquierda,PF65 ,9.999999747378752e-05,-0.001333333333604969,-0.0056666666666558285,0.0013370780747573782,1.3370780747573783,274.2891532199997,0.007142856962413394,-0.0952380952574978,-0.4047619047611306,0.09550557676838417
19/10/2021,Izquierda,PF65 ,0.000999999996565748,-0.002333333330170717,0.00033333333334439885,0.0025385910310282483,2.5385910310282482,293.1985904705225,0.04347826072024991,-0.10144927522481378,0.014492753623669514,0.11037352308818471
28/10/2021,Izquierda,PF65 ,0.004999999997380655,-0.0053333333307818975,0.0033333333333303017,0.007310570729500925,7.310570729500925,313.15238973270533,0.15624999991814548,-0.1666666665869343,0.10416666666657193,0.2284553352969039
02/11/2021,Izquierda,PF65 ,0.0029999999969732016,-0.0053333333307818975,0.00033333333334439885,0.006119186579854249,6.119186579854249,299.3577535298024,0.08108108099927572,-0.14414414407518641,0.009009009009308077,0.16538342107714185
12/11/2021,Izquierda,PF65 ,0.0020000000004074536,-0.004333333330578171,-0.0016666666666651508,0.004772607018761288,4.772607018761288,294.77514058713405,0.04255319149803093,-0.0921985815016632,-0.03546099290776917,0.10154483018641039
18/11/2021,Izquierda,PF65 ,0.0020000000004074536,-0.002333333330170717,0.0033333333333303017,0.003073181483628226,3.073181483628226,310.6012946891449,0.037735849064291574,-0.0440251571730324,0.0628930817609491,0.05798455629487219
24/11/2021,Izquierda,PF65 ,9.999999747378752e-05,0.0,0.0,9.999999747378752e-05,0.09999999747378752,360.0,0.0016949152114201275,0.0,0.0,0.0016949152114201275
01/12/2021,Izquierda,PF65 ,9.999999747378752e-05,0.0,0.0,9.999999747378752e-05,0.09999999747378752,360.0,0.0015151514768755685,0.0,0.0,0.0015151514768755685
09/12/2021,Izquierda,PF65 ,9.999999747378752e-05,0.0,0.0,9.999999747378752e-05,0.09999999747378752,360.0,0.0013513513172133448,0.0,0.0,0.0013513513172133448
30/01/2022,Izquierda,PF65 ,0.008099999991827644,-0.0053333333307818975,0.006333333333344626,0.009698167057997968,9.698167057997969,326.6376454517166,0.06428571422085431,-0.04232804230779284,0.05026455026463989,0.0769695798253807
11/02/2022,Izquierda,PF65 ,0.013099999996484257,0.0016666666670062114,-0.0056666666666558285,0.013205596453276812,13.205596453276812,7.250586112607568,0.09492753620640766,0.012077294688450807,-0.04106280193228862,0.09569272792229574
27/02/2022,Izquierda,PF65 ,0.002099999997881241,0.0016666666670062114,0.0013333333333491737,0.0026810031275645327,2.6810031275645327,38.4373015248951,0.013636363622605462,0.010822510824715657,0.008658008658111518,0.01740911121795151
12/03/2022,Izquierda,PF65 ,9.999999747378752e-05,0.0,0.0,9.999999747378752e-05,0.09999999747378752,360.0,0.00059880238008256,0.0,0.0,0.00059880238008256
30/03/2022,Izquierda,PF65 ,0.006099999998696148,-0.0053333333307818975,0.0013333333333491737,0.008102743017109832,8.102743017109832,318.8362481299824,0.03297297296592513,-0.028828828815037285,0.007207207207292831,0.04379861090329639
06/04/2022,Izquierda,PF65 ,,,,,,,,,,
11/04/2022,Izquierda,PF65 ,,,,,,,,,,
18/04/2022,Izquierda,PF65 ,,0.0,0.0,0.0,0.0,0.0,,0.0,0.0,0.0
01/05/2022,Izquierda,PF65 ,9.999999747378752e-05,0.0,0.0,9.999999747378752e-05,0.09999999747378752,360.0,0.0004608294814460254,0.0,0.0,0.0004608294814460254
09/05/2022,Izquierda,PF65 ,,0.0,0.0,0.0,0.0,0.0,,0.0,0.0,0.0
16/05/2022,Izquierda,PF65 ,,0.0,0.0,0.0,0.0,0.0,,0.0,0.0,0.0
23/05/2022,Izquierda,PF65 ,9.999999747378752e-05,0.0,0.0,9.999999747378752e-05,0.09999999747378752,360.0,0.0004184100312710775,0.0,0.0,0.0004184100312710775
30/05/2022,Izquierda,PF65 ,,0.0,0.0,0.0,0.0,0.0,,0.0,0.0,0.0
13/06/2022,Izquierda,PF65 ,,0.0,0.0,0.0,0.0,0.0,,0.0,0.0,0.0
24/06/2022,Izquierda,PF65 ,9.999999747378752e-05,0.0,0.0,9.999999747378752e-05,0.09999999747378752,360.0,0.0003690036807150831,0.0,0.0,0.0003690036807150831
27/06/2022,Izquierda,PF65 ,,0.0,0.0,0.0,0.0,0.0,,0.0,0.0,0.0
04/07/2022,Izquierda,PF65 ,,0.0,0.0,0.0,0.0,0.0,,0.0,0.0,0.0
11/07/2022,Izquierda,PF65 ,,0.0,0.0,0.0,0.0,0.0,,0.0,0.0,0.0
23/07/2022,Izquierda,PF65 ,9.999999747378752e-05,0.0,0.0,9.999999747378752e-05,0.09999999747378752,360.0,0.000333333324912625,0.0,0.0,0.000333333324912625
01/08/2022,Izquierda,PF65 ,,0.0,0.0,0.0,0.0,0.0,,0.0,0.0,0.0
08/08/2022,Izquierda,PF65 ,,0.0,0.0,0.0,0.0,0.0,,0.0,0.0,0.0
16/08/2022,Izquierda,PF65 ,,0.0,0.0,0.0,0.0,0.0,,0.0,0.0,0.0
30/08/2022,Izquierda,PF65 ,,0.0,0.0,0.0,0.0,0.0,,0.0,0.0,0.0
13/11/2022,Izquierda,PF65 ,9.999999747378752e-05,0.0,0.0,9.999999747378752e-05,0.09999999747378752,360.0,2.228263235299869e-06,0.0,0.0,2.228263235299869e-06
13/11/2022,Izquierda,PF65 ,-0.007900000004156027,-0.00033333333340124227,0.008333333333354176,0.007907029225747278,,182.4161102849034,-0.00017603280012825945,-7.427544306814971e-06,0.00018568860763300895,0.00017618942969266184
09/02/2023,Izquierda,PF65 ,0.0010999999940395355,-0.010333333331800532,0.0043333333333350765,0.010391716784679365,,276.0763447893646,2.4462927412701496e-05,-0.00022980325872438135,9.636910851165496e-05,0.00023110164979494208
20/02/2023,Izquierda,PF65 ,-0.0039000000033411197,-0.011333333332004258,0.0023333333333539485,0.011985593203524785,,251.0107557224822,-8.67109856891549e-05,-0.0002519806419281913,5.187836746234628e-05,0.000266482717911928
11/03/2023,Izquierda,PF65 ,,0.0,0.0,0.0,,0.0,,0.0,0.0,0.0
15/03/2023,Izquierda,PF65 ,,0.0,0.0,0.0,,0.0,,0.0,0.0,0.0
29/03/2023,Izquierda,PF65 ,-0.009500000007392373,-0.00033333333340124227,0.005033333333329892,0.009505846161789674,,182.00955381186776,-0.0002110454526901047,-7.405103598907946e-06,0.00011181706432065341,0.00021117532682697992
04/04/2023,Izquierda,PF65 ,0.003099999994446989,-0.012333333332207985,0.00033333333334439885,0.012716961549400229,,284.10909245778873,6.885828508322944e-05,-0.000273952317463527,7.404116689124808e-06,0.000282473601719241
12/04/2023,Izquierda,PF65 ,,0.0,0.0,0.0,,0.0,,0.0,0.0,0.0
16/04/2023,Izquierda,PF65 ,-0.0039000000033411197,-0.008333333331393078,-0.0026666666666699257,0.009200784990323792,,244.92040595444382,-8.660508090560311e-05,-0.00018505359147701807,-5.921714928650572e-05,0.00020431659687164219
25/04/2023,Izquierda,PF65 ,-0.00990000000456348,-0.00033333333340124227,0.0033333333333303017,0.009905610087294639,,181.9284223127763,-0.00021979973811779224,-7.400664581186969e-06,7.400664579672524e-05,0.0002199242931394649
09/05/2023,Izquierda,PF65 ,0.008099999991827644,-0.0053333333307818975,-0.0026666666666699257,0.009698167057997968,,326.6376454517166,0.0001797802683792619,-0.00011837383932486734,-5.918691969082068e-05,0.0002152517380534451
19/05/2023,Izquierda,PF65 ,-0.0009000000063679181,-0.001333333333604969,-0.0016666666666651508,0.0016086571387229761,,235.98064982759763,-1.9971152920623947e-05,-2.9586893012425808e-05,-3.698361625796407e-05,3.569637498553148e-05
27/05/2023,Izquierda,PF65 ,0.002099999997881241,-0.0053333333307818975,0.0033333333333303017,0.00573187965752338,,291.4920400229821,4.659108552528656e-05,-0.000118326566476203,7.395410408293883e-05,0.0001271688074351248
31/05/2023,Izquierda,PF65 ,0.005099999994854443,-0.004333333330578171,0.008333333333354176,0.006692367122432467,,319.6463354806469,0.00011313973855523754,-9.61318040370515e-05,0.00018486885403541,0.00014846522888463002
11/06/2023,Izquierda,PF65 ,-0.00990000000456348,-0.00033333333340124227,0.0023333333333539485,0.009905610087294639,,181.9284223127763,-0.00021957061756040365,-7.392950084307183e-06,5.175065058006451e-05,0.00021969504274517917
19/06/2023,Izquierda,PF65 ,0.007099999995261896,-0.004333333330578171,0.007333333333349401,0.008317919071896445,,328.60308775060616,0.0001574419016157064,-9.60913014586254e-05,0.0001626160487260378,0.00018444915451251652
06/07/2023,Izquierda,PF65 ,9.999999747378752e-05,-0.00033333333340124227,-0.011666666666656056,0.00034801021630282813,,286.6992438324104,2.216655896832122e-06,-7.388853177603845e-06,-0.0002586098611632136,7.714189176131672e-06
17/07/2023,Izquierda,PF65 ,-0.0029000000067753717,-0.001333333333604969,-0.007666666666665378,0.0031918298541431206,,204.69155811710232,-6.426735233524004e-05,-2.9548207907210557e-05,-0.0001699021954318185,7.073463908658631e-05
28/07/2023,Izquierda,PF65 ,-0.004900000007182825,-0.009333333331596805,0.0013333333333491737,0.010541399866672718,,242.30052715299092,-0.00010856319945015676,-0.0002067870462301275,2.9541006610151185e-05,0.0002335526723534445
19/08/2023,Izquierda,PF65 ,9.999999747378752e-05,-0.002333333330170717,0.00033333333334439885,0.0023354752041458986,,272.45403161593094,2.214496035471522e-06,-5.1671575396299957e-05,7.381653638293041e-06,5.171900711176337e-05
25/08/2023,Izquierda,PF65 ,-0.0009000000063679181,-0.00033333333340124227,0.00033333333334439885,0.0009597453425876243,,200.32313670143034,-1.9927817159354296e-05,-7.380672971265024e-06,7.3806729700063954e-06,2.125069952367257e-05
24/09/2023,Izquierda,PF65 ,-0.0029000000067753717,0.0006666666668024845,0.00033333333334439885,0.0029756418608298096,,167.05349051104267,-6.416922989789064e-05,1.4751547071504095e-05,7.375773534494254e-06,6.584298145353948e-05
16/10/2023,Izquierda,PF65 ,-0.0039000000033411197,0.0006666666668024845,0.00033333333334439885,0.003956569785898673,,170.29960806226794,-8.625456161320624e-05,1.474436949690334e-05,7.372184747194489e-06,8.75056902775334e-05
01/11/2023,Izquierda,PF65 ,-0.0009000000063679181,-0.001333333333604969,0.00033333333334439885,0.0016086571387229761,,235.98064982759763,-1.98978578047781e-05,-2.9478307656363315e-05,7.369576912834093e-06,3.5565367529415135e-05
14/09/2024,Izquierda,PF65 ,-0.006900000007590279,-0.004333333330578171,0.007333333333349401,0.008147869528818288,,212.1296149276532,-0.0001514852138925175,-9.513564140987006e-05,0.00016099877787326619,0.0001788814140555948
19/04/2025,Izquierda,PF65 ,-0.004900000007182825,-0.010333333331800532,0.009333333333330529,0.01143624841530174,,244.62999380893427,-0.00010706638131326369,-0.00022578624594241428,0.00020393596410720906,0.000249885251394086
24/05/2025,Izquierda,PF65 ,-0.005900000003748573,-0.007333333331189351,0.011333333333340079,0.009412108041802637,,231.1817414062067,-0.00012881814815721433,-0.000160112952363253,0.0002474472900884277,0.00020550005549666245
31/05/2025,Izquierda,PF65 ,0.0,0.0,0.0,0.0,,0.0,0.0,0.0,0.0,0.0
07/06/2025,Izquierda,PF65 ,0.0,0.0,0.0,0.0,,0.0,0.0,0.0,0.0,0.0
14/06/2025,Izquierda,PF65 ,0.0,0.0,0.0,0.0,,0.0,0.0,0.0,0.0,0.0
21/06/2025,Izquierda,PF65 ,0.0,0.0,0.0,0.0,,0.0,0.0,0.0,0.0,0.0
28/06/2025,Izquierda,PF65 ,0.0,0.0,0.0,0.0,,0.0,0.0,0.0,0.0,0.0
05/07/2025,Izquierda,PF65 ,0.0,0.0,0.0,0.0,,0.0,0.0,0.0,0.0,0.0
12/07/2025,Izquierda,PF65 ,0.0,0.0,0.0,0.0,,0.0,0.0,0.0,0.0,0.0
19/07/2025,Izquierda,PF65 ,0.0,0.0,0.0,0.0,,0.0,0.0,0.0,0.0,0.0
26/07/2025,Izquierda,PF65 ,0.0,0.0,0.0,0.0,,0.0,0.0,0.0,0.0,0.0
02/08/2025,Izquierda,PF65 ,0.0,0.0,0.0,0.0,,0.0,0.0,0.0,0.0,0.0
09/08/2025,Izquierda,PF65 ,0.0,0.0,0.0,0.0,,0.0,0.0,0.0,0.0,0.0
16/08/2025,Izquierda,PF65 ,0.0,0.0,0.0,0.0,,0.0,0.0,0.0,0.0,0.0
23/08/2025,Izquierda,PF65 ,0.0,0.0,0.0,0.0,,0.0,0.0,0.0,0.0,0.0
30/08/2025,Izquierda,PF65 ,0.0,0.0,0.0,0.0,,0.0,0.0,0.0,0.0,0.0
06/09/2025,Izquierda,PF65 ,0.0,0.0,0.0,0.0,,0.0,0.0,0.0,0.0,0.0
13/09/2025,Izquierda,PF65 ,0.0,0.0,0.0,0.0,,0.0,0.0,0.0,0.0,0.0
20/09/2025,Izquierda,PF65 ,0.0,0.0,0.0,0.0,,0.0,0.0,0.0,0.0,0.0
27/09/2025,Izquierda,PF65 ,0.0,0.0,0.0,0.0,,0.0,0.0,0.0,0.0,0.0
04/10/2025,Izquierda,PF65 ,0.0,0.0,0.0,0.0,,0.0,0.0,0.0,0.0,0.0
11/10/2025,Izquierda,PF65 ,0.0,0.0,0.0,0.0,,0.0,0.0,0.0,0.0,0.0
18/10/2025,Izquierda,PF65 ,0.0,0.0,0.0,0.0,,0.0,0.0,0.0,0.0,0.0
25/10/2025,Izquierda,PF65 ,0.0,0.0,0.0,0.0,,0.0,0.0,0.0,0.0,0.0
01/11/2025,Izquierda,PF65 ,0.0,0.0,0.0,0.0,,0.0,0.0,0.0,0.0,0.0
08/11/2025,Izquierda,PF65 ,0.0,0.0,0.0,0.0,,0.0,0.0,0.0,0.0,0.0
15/11/2025,Izquierda,PF65 ,0.0,0.0,0.0,0.0,,0.0,0.0,0.0,0.0,0.0
22/11/2025,Izquierda,PF65 ,0.0,0.0,0.0,0.0,,0.0,0.0,0.0,0.0,0.0
29/11/2025,Izquierda,PF65 ,0.0,0.0,0.0,0.0,,0.0,0.0,0.0,0.0,0.0
06/12/2025,Izquierda,PF65 ,0.0,0.0,0.0,0.0,,0.0,0.0,0.0,0.0,0.0
13/12/2025,Izquierda,PF65 ,0.0,0.0,0.0,0.0,,0.0,0.0,0.0,0.0,0.0
20/12/2025,Izquierda,PF65 ,0.0,0.0,0.0,0.0,,0.0,0.0,0.0,0.0,0.0
27/12/2025,Izquierda,PF65 ,0.0,0.0,0.0,0.0,,0.0,0.0,0.0,0.0,0.0
03/01/2026,Izquierda,PF65 ,0.0,0.0,0.0,0.0,,0.0,0.0,0.0,0.0,0.0
10/01/2026,Izquierda,PF65 ,0.0,0.0,0.0,0.0,,0.0,0.0,0.0,0.0,0.0
17/01/2026,Izquierda,PF65 ,0.0,0.0,0.0,0.0,,0.0,0.0,0.0,0.0,0.0
24/01/2026,Izquierda,PF65 ,0.0,0.0,0.0,0.0,,0.0,0.0,0.0,0.0,0.0
31/01/2026,Izquierda,PF65 ,0.0,0.0,0.0,0.0,,0.0,0.0,0.0,0.0,0.0
07/02/2026,Izquierda,PF65 ,0.0,0.0,0.0,0.0,,0.0,0.0,0.0,0.0,0.0
14/02/2026,Izquierda,PF65 ,0.0,0.0,0.0,0.0,,0.0,0.0,0.0,0.0,0.0
21/02/2026,Izquierda,PF65 ,0.0,0.0,0.0,0.0,,0.0,0.0,0.0,0.0,0.0
28/02/2026,Izquierda,PF65 ,0.0,0.0,0.0,0.0,,0.0,0.0,0.0,0.0,0.0
07/03/2026,Izquierda,PF65 ,0.0,0.0,0.0,0.0,,0.0,0.0,0.0,0.0,0.0
14/03/2026,Izquierda,PF65 ,0.0,0.0,0.0,0.0,,0.0,0.0,0.0,0.0,0.0
21/03/2026,Izquierda,PF65 ,0.0,0.0,0.0,0.0,,0.0,0.0,0.0,0.0,0.0
06/10/2021,Izquierda,PF66 ,0.0006666666668024845,3.637978807091713e-12,0.006666666666660603,0.0006666666668024845,0.6666666668024845,3.126612473428921e-07,0.06666666668024845,3.637978807091713e-10,0.6666666666660603,0.06666666668024845
10/10/2021,Izquierda,PF66 ,-0.001333333333604969,-0.001999999996769475,-0.00033333333331597714,0.002403700847772043,2.403700847772043,236.30993242591848,-0.0952380952574978,-0.14285714262639107,-0.02380952380828408,0.17169291769800307
19/10/2021,Izquierda,PF66 ,-0.0003333333370392211,3.637978807091713e-12,0.000666666666660376,0.0003333333370392211,0.3333333370392211,179.99999937467751,-0.01449275378431396,1.5817299161268318e-10,0.0289855072461033,0.01449275378431396
28/10/2021,Izquierda,PF66 ,-0.0003333333370392211,3.637978807091713e-12,0.0016666666666651508,0.0003333333370392211,0.3333333370392211,179.99999937467751,-0.010416666782475659,1.1368683772161603e-10,0.052083333333285964,0.010416666782475659
02/11/2021,Izquierda,PF66 ,-0.0003333333370392211,3.637978807091713e-12,0.0016666666666651508,0.0003333333370392211,0.3333333370392211,179.99999937467751,-0.009009009109168136,9.832375154301927e-11,0.045045045045004076,0.009009009109168136
12/11/2021,Izquierda,PF66 ,-0.005333333334419876,0.0020000000004074536,0.0016666666666651508,0.0056960024980387824,5.696002498038783,159.44395478041653,-0.11347517732808247,0.04255319149803093,0.03546099290776917,0.12119154251146345
18/11/2021,Izquierda,PF66 ,0.0016666666633682325,-0.0029999999969732016,0.00566666666668425,0.0034318767094145743,3.431876709414574,299.0546040754801,0.03144654081826854,-0.05660377352779626,0.10691823899404246,0.06475239074367121
24/11/2021,Izquierda,PF66 ,-0.013233333338575903,0.007000000001426088,0.0036666666666747005,0.014970675043892634,14.970675043892633,152.12262564355166,-0.22429378539959158,0.11864406782078114,0.0621468926555034,0.2537402549812311
01/12/2021,Izquierda,PF66 ,-0.005233333336946089,0.004000000000814907,-0.001333333333320752,0.006586939943715181,6.586939943715181,142.6081916862391,-0.079292929347668,0.06060606061840769,-0.020202020201829575,0.09980212035932091
09/12/2021,Izquierda,PF66 ,9.999999747378752e-05,0.0,0.0,9.999999747378752e-05,0.09999999747378752,360.0,0.0013513513172133448,0.0,0.0,0.0013513513172133448
30/01/2022,Izquierda,PF66 ,9.999999747378752e-05,0.0,0.0,9.999999747378752e-05,0.09999999747378752,360.0,0.0007936507736014882,0.0,0.0,0.0007936507736014882
11/02/2022,Izquierda,PF66 ,0.006766666665498633,0.010000000002037268,-0.002333333333325527,0.01207426096300373,12.07426096300373,55.91509798710163,0.049033816416656766,0.07246376813070483,-0.016908212560329903,0.08749464465944733
27/02/2022,Izquierda,PF66 ,-0.005233333336946089,0.007000000001426088,-0.00033333333331597714,0.008740010173652918,8.740010173652918,126.78248997795653,-0.03398268400614343,0.045454545463805764,-0.002164502164389462,0.05675331281592804
12/03/2022,Izquierda,PF66 ,9.999999747378752e-05,0.0,0.0,9.999999747378752e-05,0.09999999747378752,360.0,0.00059880238008256,0.0,0.0,0.00059880238008256
30/03/2022,Izquierda,PF66 ,9.999999747378752e-05,0.0,0.0,9.999999747378752e-05,0.09999999747378752,360.0,0.0005405405268853379,0.0,0.0,0.0005405405268853379
06/04/2022,Izquierda,PF66 ,,,,,,,,,,
11/04/2022,Izquierda,PF66 ,,,,,,,,,,
18/04/2022,Izquierda,PF66 ,,0.0,0.0,0.0,0.0,0.0,,0.0,0.0,0.0
01/05/2022,Izquierda,PF66 ,-0.005233333336946089,0.005000000001018634,0.0026666666666699257,0.00723794016456185,7.23794016456185,136.30619210784457,-0.024116743488230823,0.023041474659072046,0.012288786482349889,0.033354562970331104
09/05/2022,Izquierda,PF66 ,,0.0,0.0,0.0,0.0,0.0,,0.0,0.0,0.0
16/05/2022,Izquierda,PF66 ,,0.0,0.0,0.0,0.0,0.0,,0.0,0.0,0.0
23/05/2022,Izquierda,PF66 ,9.999999747378752e-05,0.0,0.0,9.999999747378752e-05,0.09999999747378752,360.0,0.0004184100312710775,0.0,0.0,0.0004184100312710775
30/05/2022,Izquierda,PF66 ,,0.0,0.0,0.0,0.0,0.0,,0.0,0.0,0.0
13/06/2022,Izquierda,PF66 ,,0.0,0.0,0.0,0.0,0.0,,0.0,0.0,0.0
24/06/2022,Izquierda,PF66 ,9.999999747378752e-05,0.0,0.0,9.999999747378752e-05,0.09999999747378752,360.0,0.0003690036807150831,0.0,0.0,0.0003690036807150831
27/06/2022,Izquierda,PF66 ,,0.0,0.0,0.0,0.0,0.0,,0.0,0.0,0.0
04/07/2022,Izquierda,PF66 ,,0.0,0.0,0.0,0.0,0.0,,0.0,0.0,0.0
11/07/2022,Izquierda,PF66 ,,0.0,0.0,0.0,0.0,0.0,,0.0,0.0,0.0
23/07/2022,Izquierda,PF66 ,9.999999747378752e-05,0.0,0.0,9.999999747378752e-05,0.09999999747378752,360.0,0.000333333324912625,0.0,0.0,0.000333333324912625
01/08/2022,Izquierda,PF66 ,,0.0,0.0,0.0,0.0,0.0,,0.0,0.0,0.0
08/08/2022,Izquierda,PF66 ,,0.0,0.0,0.0,0.0,0.0,,0.0,0.0,0.0
16/08/2022,Izquierda,PF66 ,,0.0,0.0,0.0,0.0,0.0,,0.0,0.0,0.0
30/08/2022,Izquierda,PF66 ,,0.0,0.0,0.0,0.0,0.0,,0.0,0.0,0.0
13/11/2022,Izquierda,PF66 ,9.999999747378752e-05,0.0,0.0,9.999999747378752e-05,0.09999999747378752,360.0,2.228263235299869e-06,0.0,0.0,2.228263235299869e-06
13/11/2022,Izquierda,PF66 ,-0.016233333335549105,0.009000000001833541,0.000666666666660376,0.018561279891646847,18.561279891646848,150.99536604143657,-0.00036172140771756995,0.00020054369628400422,1.4855088610463389e-05,0.000413594186274942
09/02/2023,Izquierda,PF66 ,0.004766666665091179,-0.0039999999971769284,0.000666666666660376,0.006222628951938793,6.222628951938794,319.9979421045147,0.0001060060193277405,-8.895610010178643e-05,1.48260166939549e-05,0.00013838520108390323
20/02/2023,Izquierda,PF66 ,-0.0022333333326969296,-0.004999999997380655,0.000666666666660376,0.005476109727602409,5.476109727602409,245.93127669302785,-4.965500884222891e-05,-0.00011116793021723671,1.4822390703256687e-05,0.00012175355687579003
11/03/2023,Izquierda,PF66 ,,0.0,0.0,0.0,0.0,0.0,,0.0,0.0,0.0
15/03/2023,Izquierda,PF66 ,,0.0,0.0,0.0,0.0,0.0,,0.0,0.0,0.0
29/03/2023,Izquierda,PF66 ,-0.013633333335747011,0.005900000003748573,0.005166666666667652,0.014855227291691767,14.855227291691767,156.59883243223132,-0.00030286873718725306,0.00013107033375724382,0.00011477910575971147,0.00033001349117367415
04/04/2023,Izquierda,PF66 ,9.999999747378752e-05,0.0,0.0,9.999999747378752e-05,0.09999999747378752,360.0,2.2212349505505887e-06,0.0,0.0,2.2212349505505887e-06
12/04/2023,Izquierda,PF66 ,,0.0,0.0,0.0,0.0,0.0,,0.0,0.0,0.0
16/04/2023,Izquierda,PF66 ,-0.0072333333373535424,-0.0029999999969732016,-0.00033333333331597714,0.007830779728169434,7.830779728169434,202.52606051500342,-0.00016062651752872496,-6.661929288002312e-05,-7.40214366041875e-06,0.0001738936695720695
25/04/2023,Izquierda,PF66 ,-0.014233333335141651,0.005000000001018634,0.004666666666679475,0.015086012655418294,15.086012655418294,160.64423393603377,-0.0003160083775924525,0.00011100996871780453,0.00010360930411579395,0.00033493955852264147
09/05/2023,Izquierda,PF66 ,0.0027666666646837257,0.010000000002037268,-0.005333333333339851,0.010375665977382731,10.37566597738273,74.5350075989281,6.140642913513985e-05,0.00022195094888552365,-0.00011837383938164136,0.0002302888908530181
19/05/2023,Izquierda,PF66 ,-0.009233333337760996,0.015000000003055902,0.000666666666660376,0.017614041121159156,17.614041121159158,121.61460562290642,-0.00020488923416755789,0.00033285254638979036,1.4793446503059492e-05,0.00039085856254652515
27/05/2023,Izquierda,PF66 ,0.0027666666646837257,0.005000000001018634,0.010666666666679703,0.005714406744681246,5.714406744681247,61.04278242355307,6.138190634490105e-05,0.00011093115614710878,0.0002366531330659087,0.00012678114935063667
31/05/2023,Izquierda,PF66 ,0.005766666661656927,0.006000000001222361,0.008666666666670153,0.008321925522457755,8.321925522457756,46.13602807038788,0.00012792924688104638,0.00013310557493227944,0.00019226360819642286,0.00018461578016411374
11/06/2023,Izquierda,PF66 ,0.004766666665091179,0.006000000001222361,0.008666666666670153,0.007662970123311181,7.662970123311181,51.534809828611195,0.0001057191861491124,0.00013307310151752932,0.00019221670215290439,0.00016995586682290592
19/06/2023,Izquierda,PF66 ,0.009766666662471835,0.007000000001426088,0.008666666666670153,0.012016146541874561,12.01614654187456,35.63006047581102,0.00021657501025527397,0.0001552244101788648,0.0001921826030395191,0.0002664570370293277
06/07/2023,Izquierda,PF66 ,0.0037666666612494737,0.005000000001018634,-0.0043333333333350765,0.006260014197040978,6.260014197040977,53.008066844796936,8.349404076983294e-05,0.00011083279766405767,-9.605509128931964e-05,0.0001387629773466845
17/07/2023,Izquierda,PF66 ,-0.032233333338808734,0.031000000002677552,-0.002333333333325527,0.04472122290699089,44.72122290699089,136.1173827524933,-0.0007143279261326285,0.0006869958337620236,-5.170936382691089e-05,0.0009910739940384471
28/07/2023,Izquierda,PF66 ,-0.0072333333373535424,0.0010000000038417056,0.008666666666670153,0.007302130591611845,7.302130591611845,172.12881803762912,-0.000160259960947237,2.215575504246606e-05,0.00019201654296377874,0.00016178421605432249
19/08/2023,Izquierda,PF66 ,-0.003233333336538635,0.006000000001222361,0.0036666666666747005,0.006815749737177884,6.815749737177884,118.31973418081654,-7.160204036004684e-05,0.00013286976551193304,8.119819001870587e-05,0.0001509345115303914
25/08/2023,Izquierda,PF66 ,-0.00023333333956543356,0.004000000000814907,0.0026666666666699257,0.004006799777112904,4.006799777112904,93.33847063205128,-5.166471216824249e-06,8.856807565518029e-05,5.904538375816323e-05,8.871863643054942e-05
24/09/2023,Izquierda,PF66 ,,,,,,,,,,
16/10/2023,Izquierda,PF66 ,-0.0012333333361311816,0.006000000001222361,-0.00033333333331597714,0.006125447831194124,6.125447831194124,101.6156701477984,-2.727708362559287e-05,0.00013269932547213005,-7.372184746565899e-06,0.0001354737992080974
01/11/2023,Izquierda,PF66 ,-0.005233333336946089,0.008000000001629815,-0.00033333333331597714,0.009559695488961368,9.559695488961369,123.19137412104872,-0.00011570235760752778,0.00017686984593817987,-7.369576912205725e-06,0.00021135273350050558
14/09/2024,Izquierda,PF66 ,0.00176666666084202,0.0010000000038417056,-0.00033333333331597714,0.0020300519939681605,2.0300519939681605,29.511498732430137,3.8786069086961735e-05,2.1954378885194093e-05,-7.318126266569565e-06,4.456853046100157e-05
19/04/2025,Izquierda,PF66 ,0.006766666665498633,0.005000000001018634,0.0026666666666699257,0.008413547276396368,8.413547276396368,36.46129759759486,0.0001478535739522491,0.00010925140936543797,5.826741831643416e-05,0.00018383837950435624
24/05/2025,Izquierda,PF66 ,0.0027666666646837257,0.008000000001629815,0.007666666666665378,0.00846489482861714,8.46489482861714,70.92290869648252,6.0406250184138466e-05,0.00017466867539201798,0.00016739081388322043,0.00018481899584325977
06/10/2021,Izquierda,PF67 ,-0.0006666666668024845,0.002666666667209938,0.0043333333333350765,0.0027487370843050983,2.748737084305098,104.03624346792647,-0.06666666668024845,0.2666666667209938,0.43333333333350765,0.2748737084305098
10/10/2021,Izquierda,PF67 ,-0.0006666666668024845,-0.001333333333604969,0.00033333333334439885,0.001490711985303558,1.490711985303558,243.43494882292202,-0.0476190476287489,-0.0952380952574978,0.023809523810314204,0.10647942752168271
19/10/2021,Izquierda,PF67 ,0.0003333333370392211,-0.00033333333340124227,0.001333333333320752,0.0004714045234595089,0.4714045234595089,315.00000031266126,0.01449275378431396,-0.01449275362614097,0.0579710144922066,0.020495848846065604
28/10/2021,Izquierda,PF67 ,0.0003333333370392211,-0.00033333333340124227,0.006333333333344626,0.0004714045234595089,0.4714045234595089,315.00000031266126,0.010416666782475659,-0.010416666668788821,0.19791666666701957,0.014731391358109653
02/11/2021,Izquierda,PF67 ,0.001333333333604969,-0.001333333333604969,0.00033333333334439885,0.0018856180835482776,1.8856180835482776,315.0,0.036036036043377545,-0.036036036043377545,0.009009009009308077,0.05096265090671021
12/11/2021,Izquierda,PF67 ,0.001333333333604969,-0.00033333333340124227,0.002333333333325527,0.0013743685421525491,1.374368542152549,345.96375653207355,0.02836879433202062,-0.007092198583005155,0.04964539007075589,0.029241883875586152
18/11/2021,Izquierda,PF67 ,0.005333333334419876,-0.004333333330578171,0.008333333333325754,0.0068718427084686635,6.871842708468663,320.90614113731203,0.10062893083811086,-0.08176100623732398,0.15723270440237272,0.12965740959374836
24/11/2021,Izquierda,PF67 ,-0.013566666668339167,0.005666666667821119,0.008333333333325754,0.014702569694241203,14.702569694241204,157.3301736228778,-0.22994350285320622,0.09604519775967997,0.14124293785297887,0.24919609651256278
01/12/2021,Izquierda,PF67 ,9.999999747378752e-05,0.0,0.0,9.999999747378752e-05,0.09999999747378752,360.0,0.0015151514768755685,0.0,0.0,0.0015151514768755685
09/12/2021,Izquierda,PF67 ,9.999999747378752e-05,0.0,0.0,9.999999747378752e-05,0.09999999747378752,360.0,0.0013513513172133448,0.0,0.0,0.0013513513172133448
30/01/2022,Izquierda,PF67 ,9.999999747378752e-05,0.0,0.0,9.999999747378752e-05,0.09999999747378752,360.0,0.0007936507736014882,0.0,0.0,0.0007936507736014882
11/02/2022,Izquierda,PF67 ,0.0024333333276445046,0.007666666668228572,-0.0026666666666699257,0.008043561952589939,8.043561952589938,72.39101441094274,0.017632850200322497,0.055555555566873714,-0.019323671497608157,0.058286680815869116
27/02/2022,Izquierda,PF67 ,-0.007566666667116806,0.005666666667821119,0.002333333333325527,0.009453335685114087,9.453335685114087,143.17050839392473,-0.049134199137122116,0.036796536804033234,0.01515151515146446,0.06138529665658498
12/03/2022,Izquierda,PF67 ,9.999999747378752e-05,0.0,0.0,9.999999747378752e-05,0.09999999747378752,360.0,0.00059880238008256,0.0,0.0,0.00059880238008256
30/03/2022,Izquierda,PF67 ,9.999999747378752e-05,0.0,0.0,9.999999747378752e-05,0.09999999747378752,360.0,0.0005405405268853379,0.0,0.0,0.0005405405268853379
06/04/2022,Izquierda,PF67 ,,,,,,,,,,
11/04/2022,Izquierda,PF67 ,,,,,,,,,,
18/04/2022,Izquierda,PF67 ,,0.0,0.0,0.0,0.0,0.0,,0.0,0.0,0.0
01/05/2022,Izquierda,PF67 ,-0.007566666667116806,0.006666666668024845,0.0033333333333303017,0.010084586700197982,10.084586700197983,138.61810122420343,-0.03486943164569956,0.030721966212096063,0.015360983102904617,0.04647274977049761
09/05/2022,Izquierda,PF67 ,,0.0,0.0,0.0,0.0,0.0,,0.0,0.0,0.0
16/05/2022,Izquierda,PF67 ,,0.0,0.0,0.0,0.0,0.0,,0.0,0.0,0.0
23/05/2022,Izquierda,PF67 ,9.999999747378752e-05,0.0,0.0,9.999999747378752e-05,0.09999999747378752,360.0,0.0004184100312710775,0.0,0.0,0.0004184100312710775
30/05/2022,Izquierda,PF67 ,,0.0,0.0,0.0,0.0,0.0,,0.0,0.0,0.0
13/06/2022,Izquierda,PF67 ,,0.0,0.0,0.0,0.0,0.0,,0.0,0.0,0.0
24/06/2022,Izquierda,PF67 ,9.999999747378752e-05,0.0,0.0,9.999999747378752e-05,0.09999999747378752,360.0,0.0003690036807150831,0.0,0.0,0.0003690036807150831
27/06/2022,Izquierda,PF67 ,,0.0,0.0,0.0,0.0,0.0,,0.0,0.0,0.0
04/07/2022,Izquierda,PF67 ,,0.0,0.0,0.0,0.0,0.0,,0.0,0.0,0.0
11/07/2022,Izquierda,PF67 ,,0.0,0.0,0.0,0.0,0.0,,0.0,0.0,0.0
23/07/2022,Izquierda,PF67 ,-0.007566666667116806,0.005666666667821119,0.014333333333325982,0.009453335685114087,9.453335685114087,143.17050839392473,-0.025222222223722685,0.01888888889273706,0.04777777777775327,0.03151111895038029
01/08/2022,Izquierda,PF67 ,,0.0,0.0,0.0,0.0,0.0,,0.0,0.0,0.0
08/08/2022,Izquierda,PF67 ,,0.0,0.0,0.0,0.0,0.0,,0.0,0.0,0.0
16/08/2022,Izquierda,PF67 ,,0.0,0.0,0.0,0.0,0.0,,0.0,0.0,0.0
30/08/2022,Izquierda,PF67 ,,0.0,0.0,0.0,0.0,0.0,,0.0,0.0,0.0
13/11/2022,Izquierda,PF67 ,9.999999747378752e-05,0.0,0.0,9.999999747378752e-05,0.09999999747378752,360.0,2.228263235299869e-06,0.0,0.0,2.228263235299869e-06
13/11/2022,Izquierda,PF67 ,-0.016566666672588326,0.007666666668228572,0.009333333333330529,0.01825464933769958,18.254649337699583,155.16640183000302,-0.00036914895210544865,0.00017083351905674435,0.0002079712405483874,0.00040676165020053437
09/02/2023,Izquierda,PF67 ,9.999999747378752e-05,0.0,0.0,9.999999747378752e-05,0.09999999747378752,360.0,2.223902447933717e-06,0.0,0.0,2.223902447933717e-06
20/02/2023,Izquierda,PF67 ,9.999999747378752e-05,0.0,0.0,9.999999747378752e-05,0.09999999747378752,360.0,2.2233585493427198e-06,0.0,0.0,2.2233585493427198e-06
11/03/2023,Izquierda,PF67 ,,0.0,0.0,0.0,0.0,0.0,,0.0,0.0,0.0
15/03/2023,Izquierda,PF67 ,,0.0,0.0,0.0,0.0,0.0,,0.0,0.0,0.0
29/03/2023,Izquierda,PF67 ,-0.020166666668956168,0.008566666667320533,0.0046333333333450355,0.021910778679128873,21.910778679128875,156.9845356058986,-0.00044800876769352134,0.00019031116246768856,0.00010293094000411062,0.0004867547580559131
04/04/2023,Izquierda,PF67 ,9.999999747378752e-05,0.0,0.0,9.999999747378752e-05,0.09999999747378752,360.0,2.2212349505505887e-06,0.0,0.0,2.2212349505505887e-06
12/04/2023,Izquierda,PF67 ,,0.0,0.0,0.0,0.0,0.0,,0.0,0.0,0.0
16/04/2023,Izquierda,PF67 ,-0.007566666667116806,0.005666666667821119,0.0043333333333350765,0.009453335685114087,9.453335685114087,143.17050839392473,-0.0001680286611102506,0.00012583644225930713,9.62278675904929e-05,0.00020992484644506324
25/04/2023,Izquierda,PF67 ,-0.020566666666127276,0.006666666668024845,0.001333333333320752,0.021620180901605432,21.620180901605433,162.03994437013785,-0.0004566210045542345,0.00014801329162373938,2.960265831843769e-05,0.0004800111210143077
09/05/2023,Izquierda,PF67 ,-0.000566666669328697,0.008666666668432299,0.005333333333339851,0.008685172551875035,8.685172551875034,93.74093756691656,-1.257722049336804e-05,0.0001923574890341205,0.00011837383938164136,0.00019276822887304482
19/05/2023,Izquierda,PF67 ,-0.020566666666127276,0.020666666667239042,0.010333333333335304,0.029156455355381593,29.156455355381592,134.86104526802384,-0.00045637782461172254,0.00045859684161187267,0.00022929842079962953,0.000646986693784125
27/05/2023,Izquierda,PF67 ,0.0034333333314862102,0.006666666668024845,0.011333333333340079,0.0074988147215175075,7.498814721517507,62.75153259065358,7.617272716451557e-05,0.00014790820819614504,0.00025144395388237035,0.0001663704373242852
31/05/2023,Izquierda,PF67 ,0.006433333328459412,0.006666666668024845,0.014333333333325982,0.009264568105293422,9.264568105293423,46.02042763706381,0.0001427187552068552,0.0001478950832580883,0.0003179744289399468,0.00020552761065051849
11/06/2023,Izquierda,PF67 ,0.006433333328459412,0.007666666668228572,0.015333333333330756,0.010008274352594139,10.008274352594139,49.998964347267595,0.00014268393648996213,0.00017003785193906522,0.0003400757038087907,0.0002219720181111191
19/06/2023,Izquierda,PF67 ,,,,,,,,,,
06/07/2023,Izquierda,PF67 ,0.0024333333276445046,0.006666666668024845,0.00033333333334439885,0.007096869418692933,7.0968694186929335,69.94791790080514,5.393862805941757e-05,0.0001477770635520769,7.388853176343822e-06,0.0001573131784339976
17/07/2023,Izquierda,PF67 ,-0.029566666671598796,0.028666666668868857,-0.000666666666660376,0.04118210237437457,41.18210237437457,135.88543955263884,-0.0006552315103182075,0.000635286469924405,-1.4774103950455988e-05,0.0009126429920746071
28/07/2023,Izquierda,PF67 ,-0.007566666667116806,0.003666666667413665,0.012333333333344854,0.008408263132251452,8.408263132251452,154.14603013999246,-0.0001676452125205895,8.123776819350094e-05,0.0002732543111409074,0.0001862914175750848
19/08/2023,Izquierda,PF67 ,-0.001566666665894445,0.007666666668228572,0.010333333333335304,0.00782510205963806,7.825102059638061,101.5492618157299,-3.469377208172476e-05,0.00016977803370969222,0.0002288312627795315,0.00017328657925987244
25/08/2023,Izquierda,PF67 ,-0.005566666666709352,0.010666666668839753,0.007333333333320979,0.012031855866922191,12.031855866922191,117.55893030121058,-0.00012325723859596025,0.00023618153508048076,0.00016237480533447688,0.0002664095801191726
24/09/2023,Izquierda,PF67 ,0.0024333333276445046,0.005666666667821119,0.005333333333339851,0.006167027015314622,6.1670270153146225,66.76074540153827,5.384314667414212e-05,0.0001253881501077848,0.0001180123765481347,0.00013645978393367605
16/10/2023,Izquierda,PF67 ,0.0004333333345130086,0.009666666668636026,0.00033333333334439885,0.009676374437841835,9.676374437841835,87.43328685848455,9.583840197125039e-06,0.00021379335770509842,7.372184747194489e-06,0.00021400806010929635
01/11/2023,Izquierda,PF67 ,-0.001566666665894445,0.01166666666904348,0.00033333333334439885,0.011771387157365731,11.771387157365732,97.64825092582102,-3.4637011472097564e-05,0.00025793519199317905,7.369576912834093e-06,0.00026025042907222324
14/09/2024,Izquierda,PF67 ,-0.006566666670551058,0.003666666667413665,0.013333333333321207,0.0075210076194648645,7.521007619464864,150.82207328654582,-0.0001441670875442064,8.049938895285659e-05,0.0002927250506777582,0.0001651190502418245
19/04/2025,Izquierda,PF67 ,-0.011566666667931713,0.004666666667617392,0.019333333333321434,0.012472592176195523,12.472592176195523,158.02798323581334,-0.0002527349269748659,0.00010196798207440877,0.0004224387827933714,0.0002725296546824176
24/05/2025,Izquierda,PF67 ,-0.01556666666874662,0.006666666668024845,0.024333333333316887,0.01693415352589023,16.93415352589023,156.81621842215247,-0.00033987613084313924,0.0001455572294933483,0.0005312838875421254,0.00036973327058121506
06/10/2021,Izquierda,PF68 ,-0.005333333327143919,0.002666666667209938,0.009666666666646506,0.005962847934706417,5.962847934706417,153.43494879165587,-0.5333333327143919,0.2666666667209938,0.9666666666646506,0.5962847934706417
10/10/2021,Izquierda,PF68 ,-0.001333333333604969,-0.001333333333604969,-0.0013333333333491737,0.0018856180835482776,1.8856180835482776,225.0,-0.0952380952574978,-0.0952380952574978,-0.09523809523922669,0.1346870059677341
19/10/2021,Izquierda,PF68 ,-0.002333333330170717,0.0006666666668024845,0.0016666666666367291,0.0024267032934232203,2.42670329342322,164.05460407548006,-0.10144927522481378,0.02898550725228194,0.0724637681146404,0.10550883884448785
28/10/2021,Izquierda,PF68 ,-0.001333333333604969,-0.001333333333604969,0.0016666666666367291,0.0018856180835482776,1.8856180835482776,225.0,-0.041666666675155284,-0.041666666675155284,0.052083333332397785,0.058925565110883676
02/11/2021,Izquierda,PF68 ,-0.001333333333604969,-0.001333333333604969,0.000666666666660376,0.0018856180835482776,1.8856180835482776,225.0,-0.036036036043377545,-0.036036036043377545,0.018018018017847998,0.05096265090671021
12/11/2021,Izquierda,PF68 ,-0.002333333330170717,0.0016666666670062114,0.0016666666666367291,0.002867441753304705,2.867441753304705,144.46232216577408,-0.04964539000363228,0.035460992915025774,0.03546099290716445,0.06100939900648309
18/11/2021,Izquierda,PF68 ,0.0006666666668024845,0.0006666666668024845,0.0016666666666367291,0.0009428090417741388,0.9428090417741388,45.0,0.012578616354763858,0.012578616354763858,0.031446540879938284,0.017788849844795073
24/11/2021,Izquierda,PF68 ,-0.010233333334326744,0.006666666668024845,0.006666666666660603,0.012213335154412017,12.213335154412016,146.91713223164297,-0.1734463277004533,0.11299435030550586,0.11299435028238311,0.2070056805832545
01/12/2021,Izquierda,PF68 ,-0.005233333329670131,0.003666666667413665,-0.0023333333333539485,0.00639000956097553,6.39000956097553,144.98349440273867,-0.07929292923742623,0.055555555566873714,-0.035353535353847707,0.09681832668144744
09/12/2021,Izquierda,PF68 ,9.999999747378752e-05,0.0,0.0,9.999999747378752e-05,0.09999999747378752,360.0,0.0013513513172133448,0.0,0.0,0.0013513513172133448
30/01/2022,Izquierda,PF68 ,9.999999747378752e-05,0.0,0.0,9.999999747378752e-05,0.09999999747378752,360.0,0.0007936507736014882,0.0,0.0,0.0007936507736014882
11/02/2022,Izquierda,PF68 ,0.005766666668932885,0.006666666668024845,-0.0033333333333587234,0.00881469732510056,8.81469732510056,49.14019456293445,0.04178743962994844,0.04830917875380323,-0.02415458937216466,0.06387461829783014
27/02/2022,Izquierda,PF68 ,-0.003233333336538635,0.005666666667821119,0.004666666666651054,0.006524228352025009,6.524228352025009,119.70857220873478,-0.020995671016484644,0.036796536804033234,0.03030303030292892,0.04236511916899357
12/03/2022,Izquierda,PF68 ,9.999999747378752e-05,0.0,0.0,9.999999747378752e-05,0.09999999747378752,360.0,0.00059880238008256,0.0,0.0,0.00059880238008256
30/03/2022,Izquierda,PF68 ,9.999999747378752e-05,0.0,0.0,9.999999747378752e-05,0.09999999747378752,360.0,0.0005405405268853379,0.0,0.0,0.0005405405268853379
06/04/2022,Izquierda,PF68 ,,,,,,,,,,
11/04/2022,Izquierda,PF68 ,,,,,,,,,,
18/04/2022,Izquierda,PF68 ,,0.0,0.0,0.0,0.0,0.0,,0.0,0.0,0.0
01/05/2022,Izquierda,PF68 ,9.999999747378752e-05,0.0,0.0,9.999999747378752e-05,0.09999999747378752,360.0,0.0004608294814460254,0.0,0.0,0.0004608294814460254
09/05/2022,Izquierda,PF68 ,,0.0,0.0,0.0,0.0,0.0,,0.0,0.0,0.0
16/05/2022,Izquierda,PF68 ,,0.0,0.0,0.0,0.0,0.0,,0.0,0.0,0.0
23/05/2022,Izquierda,PF68 ,9.999999747378752e-05,0.0,0.0,9.999999747378752e-05,0.09999999747378752,360.0,0.0004184100312710775,0.0,0.0,0.0004184100312710775
30/05/2022,Izquierda,PF68 ,,0.0,0.0,0.0,0.0,0.0,,0.0,0.0,0.0
13/06/2022,Izquierda,PF68 ,,0.0,0.0,0.0,0.0,0.0,,0.0,0.0,0.0
24/06/2022,Izquierda,PF68 ,9.999999747378752e-05,0.0,0.0,9.999999747378752e-05,0.09999999747378752,360.0,0.0003690036807150831,0.0,0.0,0.0003690036807150831
27/06/2022,Izquierda,PF68 ,,0.0,0.0,0.0,0.0,0.0,,0.0,0.0,0.0
04/07/2022,Izquierda,PF68 ,,0.0,0.0,0.0,0.0,0.0,,0.0,0.0,0.0
11/07/2022,Izquierda,PF68 ,,0.0,0.0,0.0,0.0,0.0,,0.0,0.0,0.0
23/07/2022,Izquierda,PF68 ,-0.006233333333511837,0.0016666666670062114,0.013666666666637184,0.006452303637119024,6.452303637119024,165.03044919469815,-0.020777777778372787,0.005555555556687372,0.04555555555545728,0.021507678790396747
01/08/2022,Izquierda,PF68 ,,0.0,0.0,0.0,,0.0,,0.0,0.0,0.0
08/08/2022,Izquierda,PF68 ,,0.0,0.0,0.0,,0.0,,0.0,0.0,0.0
16/08/2022,Izquierda,PF68 ,,0.0,0.0,0.0,,0.0,,0.0,0.0,0.0
30/08/2022,Izquierda,PF68 ,,0.0,0.0,0.0,,0.0,,0.0,0.0,0.0
13/11/2022,Izquierda,PF68 ,-0.006233333333511837,0.002666666667209938,0.009666666666646506,0.006779790229843276,,156.83839836042148,-0.00013889507851312083,5.942035445451977e-05,0.0002153987848533024,0.00015107157693843926
13/11/2022,Izquierda,PF68 ,-0.0152333333317074,0.008666666668432299,0.0056666666666558285,0.01752613920795516,,150.3632493139363,-0.0003394387747160613,0.00019311615197718926,0.00012626825318988878,0.00039052852640392085
09/02/2023,Izquierda,PF68 ,-0.003233333336538635,-0.0043333333342161495,0.008666666666641731,0.005406683109874382,,233.2713986663452,-7.190618103764256e-05,-9.636910853124916e-05,0.00019273821702267782,0.00012023936107001694
20/02/2023,Izquierda,PF68 ,-0.00823333333391929,-0.0033333333340124227,0.004666666666651054,0.008882504652577724,,202.0409723278612,-0.00018305652519997535,-7.411195353208135e-05,0.00010375673492342873,0.000197489931577867
11/03/2023,Izquierda,PF68 ,,0.0,0.0,0.0,,0.0,,0.0,0.0,0.0
15/03/2023,Izquierda,PF68 ,,0.0,0.0,0.0,,0.0,,0.0,0.0,0.0
29/03/2023,Izquierda,PF68 ,-0.014433333330089226,0.003966666667110985,0.00926666666666165,0.014968485409868091,,164.6329756149454,-0.00032064098569532204,8.812073281892267e-05,0.00020586188000758986,0.00033252955546870063
04/04/2023,Izquierda,PF68 ,-0.005233333329670131,-0.0033333333340124227,0.0076666666666369565,0.006204747283739656,,212.49479996831528,-0.00011624463193403224,-7.404116690387434e-05,0.00017029468384355747,0.0001378220187414406
12/04/2023,Izquierda,PF68 ,,0.0,0.0,0.0,,0.0,,0.0,0.0,0.0
16/04/2023,Izquierda,PF68 ,-0.013233333331299946,0.002666666667209938,0.003666666666646279,0.013499341545842251,,168.60682915997486,-0.00029386510328877123,5.9217149298497473e-05,8.142358026839312e-05,0.0002997721963457597
25/04/2023,Izquierda,PF68 ,-0.016233333335549105,0.004666666667617392,0.0076666666666369565,0.016890793023706763,,163.96141505659517,-0.00036041236507957427,0.00010360930413661756,0.00017021528533196325,0.0003750092809597203
09/05/2023,Izquierda,PF68 ,-0.0012333333361311816,0.006666666668024845,0.004666666666651054,0.006779790231309961,,100.48121816529293,-2.7373950419069614e-05,0.00014796729925701578,0.00010357710945846307,0.00015047808747774855
19/05/2023,Izquierda,PF68 ,-0.0152333333317074,0.008666666668432299,0.006666666666660603,0.01752613920795516,,150.3632493139363,-0.00033803025256201933,0.00019231480458076775,0.00014793446503185627,0.0003889080041707569
27/05/2023,Izquierda,PF68 ,-0.006233333333511837,0.0006666666668024845,0.008666666666641731,0.00626888258713587,,173.89531512201032,-0.0001382941746391817,1.4790820819614505e-05,0.0001922806706152626,0.00013908287859995717
31/05/2023,Izquierda,PF68 ,-0.005233333329670131,-0.001333333333604969,0.011666666666656056,0.005400514375310782,,194.2935581254352,-0.00011609764025268165,-2.9579016651617655e-05,0.00025881639564869126,0.00011980642845155583
11/06/2023,Izquierda,PF68 ,-0.005233333329670131,-0.00033333333340124227,0.010666666666651281,0.005243938295841461,,183.6444895160562,-0.00011606931621873073,-7.392950084307183e-06,0.00023657440264929208,0.00011630452217533402
19/06/2023,Izquierda,PF68 ,-0.003233333336538635,0.0016666666670062114,0.01266666666666083,0.00363761216240567,,152.73052802991987,-7.169889428194597e-05,3.695819289972972e-05,0.00028088226598059317,8.066374317912166e-05
06/07/2023,Izquierda,PF68 ,-0.007233333330077585,-0.00033333333340124227,0.002666666666641504,0.00724100974831326,,182.6384918271339,-0.00016033811384916953,-7.388853177603845e-06,5.9110825408230536e-05,0.00016050827363095472
17/07/2023,Izquierda,PF68 ,-0.02723333333415212,0.01766666666662786,0.004666666666651054,0.032461755275997956,,147.02792801293415,-0.0006035221463999672,0.00039151375468991805,0.00010341872765382178,0.0007193900202995735
28/07/2023,Izquierda,PF68 ,-0.017233333332114853,-0.002333333333808696,0.009666666666646506,0.017390578546513154,,187.71075878767687,-0.0003818175104046716,-5.1696761577682416e-05,0.000214172297920605,0.00038530139684309636
19/08/2023,Izquierda,PF68 ,-0.006233333333511837,-0.00033333333340124227,0.006666666666660603,0.0062422396267546604,,183.0610297999526,-0.00013803692303545047,-7.381653639551836e-06,0.00014763307276082565,0.0001382341525512027
25/08/2023,Izquierda,PF68 ,-0.00823333333391929,0.0016666666670062114,0.006666666666660603,0.008400330681963426,,168.55630330174046,-0.00018230262236608043,3.690336485632512e-05,0.0001476134593950934,0.00018600028080427398
24/09/2023,Izquierda,PF68 ,-0.0022333333326969296,0.0006666666668024845,0.0056666666666558285,0.00233071281361748,,163.37924307843372,-4.94176826653891e-05,1.4751547071504095e-05,0.00012538815008200006,5.157242965984731e-05
16/10/2023,Izquierda,PF68 ,-0.005233333329670131,0.002666666667209938,0.004666666666651054,0.005873575474397585,,152.9986949520761,-0.0001157433004460938,5.897747798761336e-05,0.00010321058645695132,0.0001299032505672362
01/11/2023,Izquierda,PF68 ,-0.005233333329670131,0.003666666667413665,0.004666666666651054,0.00639000956097553,,144.98349440273867,-0.0001157023574466656,8.10653460549991e-05,0.0001031740767759071,0.0001412750007953733
14/09/2024,Izquierda,PF68 ,-0.0022333333326969296,-0.00033333333340124227,0.009666666666646506,0.0022580719399725863,,188.4889438845927,-4.903144597459724e-05,-7.318126268441508e-06,0.00021222566174112508,4.9574566729732516e-05
19/04/2025,Izquierda,PF68 ,-0.004233333333104383,0.0006666666668024845,0.009666666666646506,0.00428550528570415,,171.05054191352122,-9.249952657222355e-05,1.4566854582058395e-05,0.00021121939139637517,9.363949844216557e-05
24/05/2025,Izquierda,PF68 ,-0.007233333330077585,0.002666666667209938,0.017666666666656283,0.007709229674748304,,159.76290571177884,-0.00015792959389702378,5.8222891797339316e-05,0.0003857266580785634,0.00016832011691334913
31/05/2025,Izquierda,PF68 ,0.0,0.0,0.0,0.0,,0.0,0.0,0.0,0.0,0.0
07/06/2025,Izquierda,PF68 ,0.0,0.0,0.0,0.0,,0.0,0.0,0.0,0.0,0.0
14/06/2025,Izquierda,PF68 ,0.0,0.0,0.0,0.0,,0.0,0.0,0.0,0.0,0.0
21/06/2025,Izquierda,PF68 ,0.0,0.0,0.0,0.0,,0.0,0.0,0.0,0.0,0.0
28/06/2025,Izquierda,PF68 ,0.0,0.0,0.0,0.0,,0.0,0.0,0.0,0.0,0.0
05/07/2025,Izquierda,PF68 ,0.0,0.0,0.0,0.0,,0.0,0.0,0.0,0.0,0.0
12/07/2025,Izquierda,PF68 ,0.0,0.0,0.0,0.0,,0.0,0.0,0.0,0.0,0.0
19/07/2025,Izquierda,PF68 ,0.0,0.0,0.0,0.0,,0.0,0.0,0.0,0.0,0.0
26/07/2025,Izquierda,PF68 ,0.0,0.0,0.0,0.0,,0.0,0.0,0.0,0.0,0.0
02/08/2025,Izquierda,PF68 ,0.0,0.0,0.0,0.0,,0.0,0.0,0.0,0.0,0.0
09/08/2025,Izquierda,PF68 ,0.0,0.0,0.0,0.0,,0.0,0.0,0.0,0.0,0.0
16/08/2025,Izquierda,PF68 ,0.0,0.0,0.0,0.0,,0.0,0.0,0.0,0.0,0.0
23/08/2025,Izquierda,PF68 ,0.0,0.0,0.0,0.0,,0.0,0.0,0.0,0.0,0.0
30/08/2025,Izquierda,PF68 ,0.0,0.0,0.0,0.0,,0.0,0.0,0.0,0.0,0.0
06/09/2025,Izquierda,PF68 ,0.0,0.0,0.0,0.0,,0.0,0.0,0.0,0.0,0.0
13/09/2025,Izquierda,PF68 ,0.0,0.0,0.0,0.0,,0.0,0.0,0.0,0.0,0.0
20/09/2025,Izquierda,PF68 ,0.0,0.0,0.0,0.0,,0.0,0.0,0.0,0.0,0.0
27/09/2025,Izquierda,PF68 ,0.0,0.0,0.0,0.0,,0.0,0.0,0.0,0.0,0.0
04/10/2025,Izquierda,PF68 ,0.0,0.0,0.0,0.0,,0.0,0.0,0.0,0.0,0.0
11/10/2025,Izquierda,PF68 ,0.0,0.0,0.0,0.0,,0.0,0.0,0.0,0.0,0.0
18/10/2025,Izquierda,PF68 ,0.0,0.0,0.0,0.0,,0.0,0.0,0.0,0.0,0.0
25/10/2025,Izquierda,PF68 ,0.0,0.0,0.0,0.0,,0.0,0.0,0.0,0.0,0.0
01/11/2025,Izquierda,PF68 ,0.0,0.0,0.0,0.0,,0.0,0.0,0.0,0.0,0.0
08/11/2025,Izquierda,PF68 ,0.0,0.0,0.0,0.0,,0.0,0.0,0.0,0.0,0.0
15/11/2025,Izquierda,PF68 ,0.0,0.0,0.0,0.0,,0.0,0.0,0.0,0.0,0.0
22/11/2025,Izquierda,PF68 ,0.0,0.0,0.0,0.0,,0.0,0.0,0.0,0.0,0.0
29/11/2025,Izquierda,PF68 ,0.0,0.0,0.0,0.0,,0.0,0.0,0.0,0.0,0.0
06/12/2025,Izquierda,PF68 ,0.0,0.0,0.0,0.0,,0.0,0.0,0.0,0.0,0.0
13/12/2025,Izquierda,PF68 ,0.0,0.0,0.0,0.0,,0.0,0.0,0.0,0.0,0.0
20/12/2025,Izquierda,PF68 ,0.0,0.0,0.0,0.0,,0.0,0.0,0.0,0.0,0.0
27/12/2025,Izquierda,PF68 ,0.0,0.0,0.0,0.0,,0.0,0.0,0.0,0.0,0.0
03/01/2026,Izquierda,PF68 ,0.0,0.0,0.0,0.0,,0.0,0.0,0.0,0.0,0.0
10/01/2026,Izquierda,PF68 ,0.0,0.0,0.0,0.0,,0.0,0.0,0.0,0.0,0.0
17/01/2026,Izquierda,PF68 ,0.0,0.0,0.0,0.0,,0.0,0.0,0.0,0.0,0.0
24/01/2026,Izquierda,PF68 ,0.0,0.0,0.0,0.0,,0.0,0.0,0.0,0.0,0.0
31/01/2026,Izquierda,PF68 ,0.0,0.0,0.0,0.0,,0.0,0.0,0.0,0.0,0.0
07/02/2026,Izquierda,PF68 ,0.0,0.0,0.0,0.0,,0.0,0.0,0.0,0.0,0.0
14/02/2026,Izquierda,PF68 ,0.0,0.0,0.0,0.0,,0.0,0.0,0.0,0.0,0.0
21/02/2026,Izquierda,PF68 ,0.0,0.0,0.0,0.0,,0.0,0.0,0.0,0.0,0.0
28/02/2026,Izquierda,PF68 ,0.0,0.0,0.0,0.0,,0.0,0.0,0.0,0.0,0.0
07/03/2026,Izquierda,PF68 ,0.0,0.0,0.0,0.0,,0.0,0.0,0.0,0.0,0.0
14/03/2026,Izquierda,PF68 ,0.0,0.0,0.0,0.0,,0.0,0.0,0.0,0.0,0.0
21/03/2026,Izquierda,PF68 ,0.0,0.0,0.0,0.0,,0.0,0.0,0.0,0.0,0.0
06/10/2021,Izquierda,PF69 ,-0.00033333332976326346,-0.00033333333340124227,0.0030000000000143245,0.0004714045183146299,0.47140451831462993,225.00000031266126,-0.033333332976326346,-0.03333333334012423,0.30000000000143245,0.04714045183146299
10/10/2021,Izquierda,PF69 ,-0.002333333330170717,-0.0043333333342161495,0.0,0.004921607686022365,4.921607686022365,241.6992442712835,-0.1666666664407655,-0.3095238095868678,0.0,0.3515434061444547
19/10/2021,Izquierda,PF69 ,-0.0013333333263290115,-0.0033333333340124227,-0.0010000000000047748,0.0035901098694521814,3.5901098694521814,248.19859062146242,-0.057971014188217894,-0.14492753626140967,-0.04347826086977282,0.1560917334544427
28/10/2021,Izquierda,PF69 ,-0.0013333333263290115,-0.0033333333340124227,0.0049999999999954525,0.0035901098694521814,3.5901098694521814,248.19859062146242,-0.04166666644778161,-0.10416666668788821,0.1562499999998579,0.11219093342038067
02/11/2021,Izquierda,PF69 ,-0.003333333326736465,-0.006333333334623603,0.0,0.007156970182597279,7.156970182597279,242.241459450485,-0.09009008991179634,-0.17117117120604333,0.0,0.1934316265566832
12/11/2021,Izquierda,PF69 ,-0.008333333331393078,-0.0033333333340124227,-0.002999999999985903,0.008975274677008233,8.975274677008233,201.80140949497695,-0.17730496449772506,-0.07092198583005155,-0.06382978723374262,0.19096329100017514
18/11/2021,Izquierda,PF69 ,-0.006333333330985624,-0.0043333333342161495,0.0,0.007673909620708489,7.673909620708489,214.38034473918296,-0.11949685530161555,-0.08176100630596508,0.0,0.14479074756053753
24/11/2021,Izquierda,PF69 ,-0.019233333332522307,0.0016666666670062114,0.003999999999990678,0.019305410869982106,19.305410869982104,175.0473995826378,-0.32598870055122553,0.028248587576376466,0.06779661016933351,0.32721035372851026
01/12/2021,Izquierda,PF69 ,-0.011233333330892492,-0.002333333333808696,-0.002999999999985903,0.011473108653264076,11.473108653264076,191.734337898185,-0.17020202016503777,-0.03535353536073781,-0.04545454545433186,0.17383497959491026
09/12/2021,Izquierda,PF69 ,-0.005233333329670131,-0.006333333334623603,-0.002999999999985903,0.008215770740891618,8.215770740891617,230.43253989280214,-0.07072072067121798,-0.08558558560302167,-0.040540540540350035,0.1110239289309678
30/01/2022,Izquierda,PF69 ,9.999999747378752e-05,0.0,0.0,9.999999747378752e-05,0.09999999747378752,360.0,0.0007936507736014882,0.0,0.0,0.0007936507736014882
11/02/2022,Izquierda,PF69 ,9.999999747378752e-05,0.0,0.0,9.999999747378752e-05,0.09999999747378752,360.0,0.0007246376628535327,0.0,0.0,0.0007246376628535327
27/02/2022,Izquierda,PF69 ,-0.00823333333391929,0.0006666666668024845,0.0049999999999954525,0.008260279791390367,8.260279791390367,175.37076505159143,-0.05346320346700838,0.004329004329886263,0.03246753246750294,0.05363818046357381
12/03/2022,Izquierda,PF69 ,9.999999747378752e-05,0.0,0.0,9.999999747378752e-05,0.09999999747378752,360.0,0.00059880238008256,0.0,0.0,0.00059880238008256
30/03/2022,Izquierda,PF69 ,-0.004233333333104383,-0.0043333333342161495,0.0010000000000047748,0.006057960786816099,6.057960786816099,225.66879196035237,-0.022882882881645313,-0.0234234234281954,0.005405405405431215,0.032745733982789724
06/04/2022,Izquierda,PF69 ,,,,,,,,,,
11/04/2022,Izquierda,PF69 ,,,,,,,,,,
18/04/2022,Izquierda,PF69 ,,0.0,0.0,0.0,0.0,0.0,,0.0,0.0,0.0
01/05/2022,Izquierda,PF69 ,-0.006233333333511837,0.0006666666668024845,0.009999999999990905,0.00626888258713587,6.26888258713587,173.89531512201032,-0.02872503840328035,0.0030721966212096065,0.04608294930871385,0.028888859848552398
09/05/2022,Izquierda,PF69 ,,0.0,0.0,0.0,0.0,0.0,,0.0,0.0,0.0
16/05/2022,Izquierda,PF69 ,,0.0,0.0,0.0,0.0,0.0,,0.0,0.0,0.0
23/05/2022,Izquierda,PF69 ,9.999999747378752e-05,0.0,0.0,9.999999747378752e-05,0.09999999747378752,360.0,0.0004184100312710775,0.0,0.0,0.0004184100312710775
30/05/2022,Izquierda,PF69 ,,0.0,0.0,0.0,0.0,0.0,,0.0,0.0,0.0
13/06/2022,Izquierda,PF69 ,,0.0,0.0,0.0,0.0,0.0,,0.0,0.0,0.0
24/06/2022,Izquierda,PF69 ,9.999999747378752e-05,0.0,0.0,9.999999747378752e-05,0.09999999747378752,360.0,0.0003690036807150831,0.0,0.0,0.0003690036807150831
27/06/2022,Izquierda,PF69 ,,0.0,0.0,0.0,0.0,0.0,,0.0,0.0,0.0
04/07/2022,Izquierda,PF69 ,,0.0,0.0,0.0,0.0,0.0,,0.0,0.0,0.0
11/07/2022,Izquierda,PF69 ,,0.0,0.0,0.0,0.0,0.0,,0.0,0.0,0.0
23/07/2022,Izquierda,PF69 ,-0.007233333330077585,-0.0043333333342161495,0.015999999999991132,0.008432015705004358,8.432015705004359,210.9249119582602,-0.024111111100258615,-0.014444444447387165,0.05333333333330378,0.028106719016681193
01/08/2022,Izquierda,PF69 ,,0.0,0.0,0.0,0.0,0.0,,0.0,0.0,0.0
08/08/2022,Izquierda,PF69 ,,0.0,0.0,0.0,0.0,0.0,,0.0,0.0,0.0
16/08/2022,Izquierda,PF69 ,,0.0,0.0,0.0,0.0,0.0,,0.0,0.0,0.0
30/08/2022,Izquierda,PF69 ,,0.0,0.0,0.0,0.0,0.0,,0.0,0.0,0.0
13/11/2022,Izquierda,PF69 ,-0.011233333330892492,-0.0043333333342161495,0.01099999999999568,0.012040164264177174,12.040164264177173,201.0944537493329,-0.00025030824303428164,-9.655807598859463e-05,0.0002451089620748625,0.00026828656054586153
13/11/2022,Izquierda,PF69 ,-0.019233333332522307,0.003666666667413665,0.009000000000014552,0.019579723070815788,19.57972307081579,169.2065764184451,-0.000428569306397841,8.170298737496468e-05,0.00020054369624347235,0.00043628778178207115
09/02/2023,Izquierda,PF69 ,9.999999747378752e-05,0.0,0.0,9.999999747378752e-05,0.09999999747378752,360.0,2.223902447933717e-06,0.0,0.0,2.223902447933717e-06
20/02/2023,Izquierda,PF69 ,-0.006233333333511837,-0.0033333333340124227,0.018000000000000682,0.007068631802711764,7.068631802711764,208.1360605943935,-0.00013858935308072655,-7.411195353208135e-05,0.000400204548991722,0.00015716103347737206
11/03/2023,Izquierda,PF69 ,,0.0,0.0,0.0,0.0,0.0,,0.0,0.0,0.0
15/03/2023,Izquierda,PF69 ,,0.0,0.0,0.0,0.0,0.0,,0.0,0.0,0.0
29/03/2023,Izquierda,PF69 ,-0.01883333332807524,0.0021666666652890854,0.019100000000008777,0.018957554923693734,18.957554923693735,173.43730149338248,-0.00041838835313625186,4.8133173352492234e-05,0.00042431243613117646,0.0004211479744900194
04/04/2023,Izquierda,PF69 ,9.999999747378752e-05,0.0,0.0,9.999999747378752e-05,0.09999999747378752,360.0,2.2212349505505887e-06,0.0,0.0,2.2212349505505887e-06
12/04/2023,Izquierda,PF69 ,,0.0,0.0,0.0,0.0,0.0,,0.0,0.0,0.0
16/04/2023,Izquierda,PF69 ,-0.00823333333391929,0.0006666666668024845,0.009999999999990905,0.008260279791390367,8.260279791390367,175.37076505159143,-0.00018283294843487498,1.4804287324624368e-05,0.0002220643098239231,0.00018343133308292698
25/04/2023,Izquierda,PF69 ,-0.01883333332807524,0.0021666666652890854,0.016999999999995907,0.018957554923693734,18.957554923693735,173.43730149338248,-0.0004181375486351378,4.810431973733011e-05,0.00037743389356355116,0.0004208955157233128
09/05/2023,Izquierda,PF69 ,-0.004233333333104383,0.004666666667617392,0.01500000000001478,0.006300705428428144,6.300705428428143,132.2125191506172,-9.395923500398143e-05,0.00010357710947991105,0.00033292642326078747,0.0001398447548202895
19/05/2023,Izquierda,PF69 ,-0.013233333331299946,0.013666666665812954,0.016999999999995907,0.01902364026183572,19.02364026183572,134.07709948405727,-0.0002936499130433806,0.00030326565329663716,0.00037723288583148577,0.00042213780676435644
27/05/2023,Izquierda,PF69 ,-0.00023333333228947595,0.004666666667617392,0.022999999999996135,0.004672496359614261,4.672496359614261,92.86240521274539,-5.176787262651165e-06,0.00010353574573730153,0.0005102833181726562,0.00010366508463191403
31/05/2023,Izquierda,PF69 ,0.0027666666719596833,0.004666666667617392,0.022999999999996135,0.005425147210941255,5.425147210941255,59.33811512864726,6.137645965702427e-05,0.0001035265582806618,0.0005102380371363697,0.00012035288974291223
11/06/2023,Izquierda,PF69 ,0.0017666666681179777,0.003666666667413665,0.02400000000000091,0.004070080535586674,4.0700805355866745,64.27438734279326,3.9182635471033927e-05,8.1322450927379e-05,0.0005322924059616951,9.026970669771722e-05
19/06/2023,Izquierda,PF69 ,0.005766666668932885,0.006666666668024845,0.027999999999991587,0.00881469732510056,8.81469732510056,49.14019456293445,0.0001278753474572664,0.00014783277159891888,0.0006208976405887792,0.00019546517041645734
06/07/2023,Izquierda,PF69 ,0.0017666666681179777,0.003666666667413665,0.015999999999991132,0.004070080535586674,4.0700805355866745,64.27438734279326,3.916092186549282e-05,8.12773849536423e-05,0.00035466495245253327,9.02196824770393e-05
17/07/2023,Izquierda,PF69 ,-0.025233333333744667,0.015666666666220408,0.014000000000010004,0.0297012719519271,29.7012719519271,148.1650177286648,-0.0005591998345391515,0.0003471914428291022,0.00031025618296272507,0.0006582145189240117
28/07/2023,Izquierda,PF69 ,-0.009233333330485038,-0.00033333333340124227,0.02400000000000091,0.009239348218516408,9.239348218516408,182.06754180567918,-0.00020457147070976047,-7.385251653954631e-06,0.0005317381189764242,0.00020470473509507937
19/08/2023,Izquierda,PF69 ,-0.00023333333228947595,0.0006666666668024845,0.020000000000010232,0.0007063206697972571,0.7063206697972572,109.2900461356267,-5.167157523517416e-06,1.4763307279103672e-05,0.0004428992182831063,1.564144362551226e-05
25/08/2023,Izquierda,PF69 ,-0.0032333333292626776,0.003666666667413665,0.020000000000010232,0.00488864898188071,4.88864898188071,131.406433770561,-7.159252771655287e-05,8.118740268391526e-05,0.0004428403781859095,0.00010824455819765539
24/09/2023,Izquierda,PF69 ,-0.001233333328855224,0.0016666666670062114,0.018000000000000682,0.0020733762029537,2.0733762029536997,126.50144101545084,-2.7290361977634235e-05,3.687886767876023e-05,0.00039829177084948293,4.587825997286527e-05
16/10/2023,Izquierda,PF69 ,-0.0022333333326969296,0.003666666667413665,0.019000000000005457,0.004293276397444918,4.2932763974449175,121.34521412927631,-4.939363779048832e-05,8.109403223296838e-05,0.00042021453057625695,9.495248031504849e-05
01/11/2023,Izquierda,PF69 ,-0.005233333329670131,0.003666666667413665,0.01500000000001478,0.00639000956097553,6.39000956097553,144.98349440273867,-0.0001157023574466656,8.10653460549991e-05,0.00033163096106685194,0.0001412750007953733
14/09/2024,Izquierda,PF69 ,-0.004233333333104383,0.003666666667413665,0.030000000000001137,0.005600496010095454,5.600496010095454,139.10279691593195,-9.294020358524629e-05,8.049938895285659e-05,0.0006586313640255799,0.00012295541087829488
19/04/2025,Izquierda,PF69 ,-0.007233333330077585,0.005666666667821119,0.03900000000001569,0.009188700788914948,9.188700788914948,141.9244910359775,-0.00015805037211199548,0.00012381826394749636,0.000852160992877151,0.00020077570224435058
24/05/2025,Izquierda,PF69 ,-0.006233333333511837,0.013666666665812954,0.04400000000001114,0.015021059290246903,15.021059290246903,114.51761322786737,-0.00013609600955245162,0.0002983923203819339,0.0009606777144606262,0.000327963566084734
06/10/2021,Izquierda,PF70 ,-0.0007499999919673428,0.004999999997380655,0.006249999999994316,0.005055937100257238,5.055937100257238,98.5307655243294,-0.07499999919673428,0.4999999997380655,0.6249999999994316,0.5055937100257238
10/10/2021,Izquierda,PF70 ,0.0002500000045984052,-3.637978807091713e-12,0.0002499999999940883,0.0002500000045984052,0.2500000045984052,359.9999991662367,0.01785714318560037,-2.598556290779795e-10,0.017857142856720593,0.01785714318560037
19/10/2021,Izquierda,PF70 ,0.0012500000084401108,0.000999999996565748,-0.0037499999999965894,0.0016007810638034713,1.6007810638034714,38.65980796939042,0.054347826453917863,0.04347826072024991,-0.1630434782607213,0.06959917668710744
28/10/2021,Izquierda,PF70 ,0.0032500000088475645,-0.0020000000040454324,0.0012499999999988631,0.0038160843902737395,3.8160843902737396,328.39249777164304,0.10156250027648639,-0.06250000012641976,0.03906249999996447,0.11925263719605436
02/11/2021,Izquierda,PF70 ,0.002250000005005859,-0.0010000000038417056,-0.004750000000001364,0.002462214456583702,2.4622144565837023,336.0375109910398,0.06081081094610429,-0.027027027130856907,-0.12837837837841526,0.06654633666442439
12/11/2021,Izquierda,PF70 ,-0.0017499999958090484,0.001999999996769475,-0.012750000000011141,0.0026575364479926836,2.6575364479926837,131.18592514357434,-0.03723404246402231,0.04255319142062712,-0.2712765957449179,0.0565433286806954
18/11/2021,Izquierda,PF70 ,0.010250000006635673,-0.006000000001222361,-0.007750000000015689,0.011876973526563896,11.876973526563896,329.6567511268428,0.19339622654029573,-0.11320754719287474,-0.14622641509463563,0.2240938401238471
24/11/2021,Izquierda,PF70 ,-0.011650000000372529,0.0039999999971769284,-0.0027500000000202363,0.012317568753049254,12.317568753049255,161.0502120858683,-0.19745762712495812,0.06779661012164286,-0.046610169491868414,0.20877235174659753
01/12/2021,Izquierda,PF70 ,9.999999747378752e-05,0.0,0.0,9.999999747378752e-05,0.09999999747378752,360.0,0.0015151514768755685,0.0,0.0,0.0015151514768755685
09/12/2021,Izquierda,PF70 ,9.999999747378752e-05,0.0,0.0,9.999999747378752e-05,0.09999999747378752,360.0,0.0013513513172133448,0.0,0.0,0.0013513513172133448
30/01/2022,Izquierda,PF70 ,9.999999747378752e-05,0.0,0.0,9.999999747378752e-05,0.09999999747378752,360.0,0.0007936507736014882,0.0,0.0,0.0007936507736014882
11/02/2022,Izquierda,PF70 ,0.0043500000028871,0.008999999998195563,-0.006750000000010914,0.009996124248559434,9.996124248559434,64.20397348610003,0.031521739151355796,0.06521739129127219,-0.04891304347833996,0.0724356829605756
27/02/2022,Izquierda,PF70 ,-0.0046499999953084625,0.004999999997380655,-0.0007500000000106866,0.006828067071300285,6.828067071300286,132.92282522097764,-0.030194805164340668,0.03246753245052374,-0.004870129870199263,0.04433809786558627
12/03/2022,Izquierda,PF70 ,0.008350000003702007,-3.637978807091713e-12,0.0012499999999988631,0.008350000003702007,8.350000003702007,359.99999997503704,0.05000000002216771,-2.1784304234082114e-11,0.007485029940112953,0.05000000002216771
30/03/2022,Izquierda,PF70 ,9.999999747378752e-05,0.0,0.0,9.999999747378752e-05,0.09999999747378752,360.0,0.0005405405268853379,0.0,0.0,0.0005405405268853379
06/04/2022,Izquierda,PF70 ,,,,,,,,,,
11/04/2022,Izquierda,PF70 ,,,,,,,,,,
18/04/2022,Izquierda,PF70 ,,0.0,0.0,0.0,0.0,0.0,,0.0,0.0,0.0
01/05/2022,Izquierda,PF70 ,-0.0046499999953084625,0.004999999997380655,0.006249999999994316,0.006828067071300285,6.828067071300286,132.92282522097764,-0.02142857140695144,0.023041474642307165,0.028801843317946156,0.03146574687235155
09/05/2022,Izquierda,PF70 ,,0.0,0.0,0.0,0.0,0.0,,0.0,0.0,0.0
16/05/2022,Izquierda,PF70 ,,0.0,0.0,0.0,0.0,0.0,,0.0,0.0,0.0
23/05/2022,Izquierda,PF70 ,0.008350000003702007,-0.0020000000040454324,0.011249999999989768,0.00858618076201551,8.58618076201551,346.53022174993737,0.03493723850921342,-0.008368200853746578,0.04707112970707016,0.03592544251889335
30/05/2022,Izquierda,PF70 ,,0.0,0.0,0.0,0.0,0.0,,0.0,0.0,0.0
13/06/2022,Izquierda,PF70 ,,0.0,0.0,0.0,0.0,0.0,,0.0,0.0,0.0
24/06/2022,Izquierda,PF70 ,0.005349999999452848,-0.0010000000038417056,0.008250000000003865,0.005442655601985935,5.442655601985935,349.41267864095073,0.01974169741495516,-0.003690036914545039,0.030442804428058544,0.020083600007328176
27/06/2022,Izquierda,PF70 ,,0.0,0.0,0.0,0.0,0.0,,0.0,0.0,0.0
04/07/2022,Izquierda,PF70 ,,0.0,0.0,0.0,0.0,0.0,,0.0,0.0,0.0
11/07/2022,Izquierda,PF70 ,,0.0,0.0,0.0,0.0,0.0,,0.0,0.0,0.0
23/07/2022,Izquierda,PF70 ,9.999999747378752e-05,0.0,0.0,9.999999747378752e-05,0.09999999747378752,360.0,0.000333333324912625,0.0,0.0,0.000333333324912625
01/08/2022,Izquierda,PF70 ,,0.0,0.0,0.0,0.0,0.0,,0.0,0.0,0.0
08/08/2022,Izquierda,PF70 ,,0.0,0.0,0.0,0.0,0.0,,0.0,0.0,0.0
16/08/2022,Izquierda,PF70 ,,0.0,0.0,0.0,0.0,0.0,,0.0,0.0,0.0
30/08/2022,Izquierda,PF70 ,,0.0,0.0,0.0,0.0,0.0,,0.0,0.0,0.0
13/11/2022,Izquierda,PF70 ,9.999999747378752e-05,0.0,0.0,9.999999747378752e-05,0.09999999747378752,360.0,2.228263235299869e-06,0.0,0.0,2.228263235299869e-06
13/11/2022,Izquierda,PF70 ,-0.017649999994318932,0.010999999998603016,-0.0017500000000154614,0.020797175283406272,20.797175283406272,148.0676236020223,-0.00039328847083914013,0.0002451089620438303,-3.899460760317888e-05,0.00046341582252788164
09/02/2023,Izquierda,PF70 ,0.012350000004516914,-0.004000000000814907,0.002250000000003638,0.012981621628983302,12.981621628983302,342.05355390609986,0.00027465195935855787,-8.895610018269154e-05,5.003780634265085e-05,0.0002886986084815928
20/02/2023,Izquierda,PF70 ,9.999999747378752e-05,0.0,0.0,9.999999747378752e-05,0.09999999747378752,360.0,2.2233585493427198e-06,0.0,0.0,2.2233585493427198e-06
11/03/2023,Izquierda,PF70 ,,0.0,0.0,0.0,0.0,0.0,,0.0,0.0,0.0
15/03/2023,Izquierda,PF70 ,,0.0,0.0,0.0,0.0,0.0,,0.0,0.0,0.0
29/03/2023,Izquierda,PF70 ,-0.009149999998044223,0.005599999996775296,0.002649999999988495,0.010727651184117266,10.727651184117265,148.53245664067225,-0.00020327009370516334,0.0001244057403646709,5.8870573599069064e-05,0.0002383181051254558
04/04/2023,Izquierda,PF70 ,0.007349999999860302,0.000999999996565748,0.005249999999989541,0.007417715281073946,7.417715281073947,7.747772009968959,0.00016326077298667928,2.2212349990354244e-05,0.00011661483784961219,0.00016476488851785754
12/04/2023,Izquierda,PF70 ,,0.0,0.0,0.0,0.0,0.0,,0.0,0.0,0.0
16/04/2023,Izquierda,PF70 ,9.999999747378752e-05,0.0,0.0,9.999999747378752e-05,0.09999999747378752,360.0,2.2206430421430876e-06,0.0,0.0,2.2206430421430876e-06
25/04/2023,Izquierda,PF70 ,-0.009649999999965075,0.0029999999969732016,0.002250000000003638,0.010105567771340963,10.105567771340963,162.73053225420676,-0.00021424923958093906,6.660598114991234e-05,4.995448591291574e-05,0.00022436375238873388
09/05/2023,Izquierda,PF70 ,0.006350000003294554,0.010999999998603016,0.0012499999999988631,0.012701279463546464,12.701279463546465,60.00333221428983,0.0001409388525867174,0.00024414604369333074,2.7743868605013052e-05,0.0002819061028420034
19/05/2023,Izquierda,PF70 ,-0.010649999996530823,0.016999999996187398,0.009249999999980218,0.020060471076135726,20.060471076135727,122.06593354436674,-0.00023632530781162375,0.0003772328857469744,0.00020525907023144832,0.0004451452585406796
27/05/2023,Izquierda,PF70 ,0.01035000000410946,0.005999999997584382,0.012249999999994543,0.011963381631298,11.963381631298,30.1013045457201,0.00022962749326890734,0.00013311738729581752,0.00027178133250492634,0.0002654223511037206
31/05/2023,Izquierda,PF70 ,0.013350000001082662,0.004999999997380655,0.015249999999980446,0.014255612929745028,14.255612929745029,20.532524774579954,0.00029615990418800414,0.00011092131236286034,0.00033831000288352033,0.00031625025910652943
11/06/2023,Izquierda,PF70 ,0.013349999906495214,0.004999999997380655,0.015249999999980446,0.014255612841166413,14.255612841166414,20.532524907918088,0.000296087648742353,0.00011089425118392156,0.000338227466287714,0.00031617310240344244
19/06/2023,Izquierda,PF70 ,0.015350000001490116,0.007999999997991836,0.01824999999999477,0.017309607159424964,17.309607159424964,27.527292906601907,0.00034038495657020835,0.00017739932583803075,0.0004046922121694778,0.00038383908017174394
06/07/2023,Izquierda,PF70 ,0.013350000001082662,0.004999999997380655,0.004249999999984766,0.014255612929745028,14.255612929745029,20.532524774579954,0.0002959235697267453,0.00011083279758341621,9.420787799491867e-05,0.00031599789261953383
17/07/2023,Izquierda,PF70 ,-0.024649999999383,0.023999999997613486,0.003249999999979991,0.0344038151933042,34.403815193304204,135.76546846852747,-0.0005462724935595913,0.0005318677421685463,7.202375675870913e-05,0.0007624283129444244
28/07/2023,Izquierda,PF70 ,-0.0046499999953084625,0.005999999997584382,0.014250000000004093,0.007590948552544753,7.590948552544753,127.77568428913398,-0.00010302426044773374,0.0001329345296905812,0.0003157195081423306,0.0001681831960240335
19/08/2023,Izquierda,PF70 ,0.009350000000267755,0.006999999997788109,0.008250000000003865,0.011680004279709857,11.680004279709857,36.82084304260946,0.00020705538455317572,0.00015501472635002568,0.00018269592754177347,0.00025865323825120925
25/08/2023,Izquierda,PF70 ,0.006350000003294554,0.008999999998195563,0.011249999999989768,0.011014649336649848,11.014649336649848,54.79490609149521,0.00014060182014690242,0.00019927817014360344,0.00024909771272922014,0.00024388657389123506
24/09/2023,Izquierda,PF70 ,0.01035000000410946,0.005999999997584382,0.005249999999989541,0.011963381631298,11.963381631298,30.1013045457201,0.0002290177683293754,0.00013276392356303813,0.00011616843316419668,0.0002647175808487598
16/10/2023,Izquierda,PF70 ,0.003350000006321352,0.006999999997788109,0.008250000000003865,0.007760315715960697,7.760315715960697,64.42555517875115,7.409045684665159e-05,0.0001548158796370255,0.000182461572487092,0.00017163144345815984
01/11/2023,Izquierda,PF70 ,0.0023500000024796464,0.00999999999839929,0.0002499999999940883,0.010272414515567414,10.272414515567414,76.7754487922802,5.1955517288577444e-05,0.00022108730734229378,5.527182684311386e-06,0.00022711004655142302
14/09/2024,Izquierda,PF70 ,0.011350000000675209,-0.0010000000038417056,0.011249999999989768,0.011393967703263454,11.393967703263455,354.96491530159744,0.0002491821994044921,-2.1954378885194093e-05,0.0002469867615093585,0.0002501474830021176
19/04/2025,Izquierda,PF70 ,0.015350000001490116,-0.0010000000038417056,0.01824999999999477,0.015382538803898074,15.382538803898074,356.27264302213626,0.0003354018267161237,-2.1850281952578454e-05,0.0003987676441024946,0.00033611280872040543
24/05/2025,Izquierda,PF70 ,0.01735000000189757,-3.637978807091713e-12,0.01824999999999477,0.01735000000189757,17.35000000189757,359.99999998798614,0.0003788126897206954,-7.943011740118585e-14,0.0003984629156567492,0.0003788126897206954
06/10/2021,Izquierda,PF71 ,9.999999747378752e-05,0.0017499999994470272,0.004000000000019099,0.0017528548135996183,1.7528548135996183,86.72951215822538,0.009999999747378752,0.17499999994470272,0.40000000000190994,0.17528548135996183
10/10/2021,Izquierda,PF71 ,9.999999747378752e-05,-0.0002500000009604264,-0.0069999999999765805,0.000269258240310247,0.269258240310247,291.8014089113426,0.007142856962413394,-0.017857142925744744,-0.49999999999832717,0.019232731450731927
19/10/2021,Izquierda,PF71 ,0.000999999996565748,0.0007499999992433004,-0.001999999999981128,0.0012499999967985787,1.2499999967985786,36.86989771254509,0.04347826072024991,0.03260869561927393,-0.08695652173830992,0.05434782594776429
28/10/2021,Izquierda,PF71 ,0.006000000001222361,-0.0002500000009604264,0.0030000000000143245,0.0060052060759934415,6.005206075993441,357.6140559609412,0.18750000003819878,-0.007812500030013325,0.09375000000044764,0.18766268987479504
02/11/2021,Izquierda,PF71 ,0.006999999997788109,-0.00225000000136788,0.0010000000000047748,0.0073527205832391715,7.352720583239171,342.181111070055,0.18918918912940835,-0.06081081084778054,0.027027027027156078,0.198722177925383
12/11/2021,Izquierda,PF71 ,0.000999999996565748,0.0007499999992433004,-0.001999999999981128,0.0012499999967985787,1.2499999967985786,36.86989771254509,0.02127659567161166,0.015957446792410648,-0.04255319148896017,0.026595744612735717
18/11/2021,Izquierda,PF71 ,0.008000000001629815,-0.0002500000009604264,0.0020000000000095497,0.00800390529845008,8.003905298450078,358.21008938524653,0.1509433962571663,-0.004716981150196724,0.037735849056783954,0.15101708110283169
24/11/2021,Izquierda,PF71 ,-0.011900000004970934,0.011749999997846317,-0.001999999999981128,0.016723411735279876,16.723411735279875,135.36339332322888,-0.2016949153384904,0.19915254233637825,-0.03389830508442589,0.2834476565301674
01/12/2021,Izquierda,PF71 ,9.999999747378752e-05,0.0057500000002619345,-0.007999999999981355,0.0057508694996936775,5.750869499693677,89.00365212870526,0.0015151514768755685,0.08712121212518081,-0.12121212121183872,0.08713438635899512
09/12/2021,Izquierda,PF71 ,0.003099999994446989,0.0057500000002619345,-0.003999999999990678,0.006532419151323925,6.532419151323925,61.66954195842191,0.041891891816851205,0.07770270270624235,-0.054054054053928074,0.08827593447735034
30/01/2022,Izquierda,PF71 ,0.002099999997881241,0.014749999998457497,0.005000000000023874,0.014898741555768976,14.898741555768977,81.89709071202626,0.016666666649851117,0.11706349205124998,0.03968253968272916,0.11824398060134109
11/02/2022,Izquierda,PF71 ,0.006099999998696148,0.025750000000698492,-0.01099999999999568,0.02646266237588473,26.46266237588473,76.67269654363042,0.04420289854127644,0.18659420290361226,-0.07971014492750493,0.19175842301365745
27/02/2022,Izquierda,PF71 ,-0.0039000000033411197,0.01974999999947613,-0.002999999999985903,0.020131380976112095,20.131380976112094,101.17039116305644,-0.02532467534637091,0.1282467532433515,-0.01948051948042794,0.130723253091637
12/03/2022,Izquierda,PF71 ,0.004099999998288695,0.01674999999886495,0.0030000000000143245,0.017244491872709475,17.244491872709474,76.24580099310059,0.02455089819334548,0.10029940119080809,0.0179640718563732,0.10326043037550584
30/03/2022,Izquierda,PF71 ,0.004099999998288695,0.012749999998050043,-0.0049999999999954525,0.013393001901599335,13.393001901599336,72.1738382060132,0.022162162152911866,0.0689189189083786,-0.027027027027002447,0.07239460487350992
06/04/2022,Izquierda,PF71 ,,,,,,,,,,
11/04/2022,Izquierda,PF71 ,,,,,,,,,,
18/04/2022,Izquierda,PF71 ,,0.0,0.0,0.0,0.0,0.0,,0.0,0.0,0.0
01/05/2022,Izquierda,PF71 ,-0.008900000000721775,0.02275000000008731,-0.002999999999985903,0.02442892752490007,24.42892752490007,111.36587413299956,-0.04101382488811878,0.10483870967782172,-0.013824884792561764,0.11257570287972382
09/05/2022,Izquierda,PF71 ,,0.0,0.0,0.0,0.0,0.0,,0.0,0.0,0.0
16/05/2022,Izquierda,PF71 ,,0.0,0.0,0.0,0.0,0.0,,0.0,0.0,0.0
23/05/2022,Izquierda,PF71 ,0.004099999998288695,0.015749999998661224,0.004000000000019099,0.016274903991845724,16.274903991845726,75.4087477166231,0.017154811708320897,0.06589958158435659,0.01673640167372008,0.06809583260186496
30/05/2022,Izquierda,PF71 ,,0.0,0.0,0.0,0.0,0.0,,0.0,0.0,0.0
13/06/2022,Izquierda,PF71 ,,0.0,0.0,0.0,0.0,0.0,,0.0,0.0,0.0
24/06/2022,Izquierda,PF71 ,0.00909999999566935,0.01374999999825377,0.0010000000000047748,0.016488556634016237,16.488556634016238,56.50268458873214,0.03357933577737768,0.05073800737363015,0.0036900369003866227,0.06084338241334405
27/06/2022,Izquierda,PF71 ,,0.0,0.0,0.0,0.0,0.0,,0.0,0.0,0.0
04/07/2022,Izquierda,PF71 ,,0.0,0.0,0.0,0.0,0.0,,0.0,0.0,0.0
11/07/2022,Izquierda,PF71 ,,0.0,0.0,0.0,0.0,0.0,,0.0,0.0,0.0
23/07/2022,Izquierda,PF71 ,0.0010999999940395355,0.017749999999068677,0.004000000000019099,0.017784051842980694,17.784051842980695,86.4538107374031,0.003666666646798452,0.05916666666356226,0.013333333333396999,0.059280172809935645
01/08/2022,Izquierda,PF71 ,,0.0,0.0,0.0,0.0,0.0,,0.0,0.0,0.0
08/08/2022,Izquierda,PF71 ,,0.0,0.0,0.0,0.0,0.0,,0.0,0.0,0.0
16/08/2022,Izquierda,PF71 ,,0.0,0.0,0.0,0.0,0.0,,0.0,0.0,0.0
30/08/2022,Izquierda,PF71 ,,0.0,0.0,0.0,0.0,0.0,,0.0,0.0,0.0
13/11/2022,Izquierda,PF71 ,-0.0009000000063679181,0.015749999998661224,0.0020000000000095497,0.015775693327688987,15.775693327688987,93.27048794655093,-2.005436976620879e-05,0.0003509514683956777,4.456526583202348e-05,0.0003515239834147909
13/11/2022,Izquierda,PF71 ,-0.011900000004970934,0.02275000000008731,0.0,0.02567435491151201,25.67435491151201,117.61302783282392,-0.0002651633318100391,0.0005069298988387921,0.0,0.0005720922258458935
09/02/2023,Izquierda,PF71 ,0.008099999999103602,0.014749999998457497,0.0020000000000095497,0.016827730088754527,16.827730088754528,61.226498480177455,0.00018013610281331676,0.0003280256193225436,4.447805008249677e-05,0.0003742323108293939
20/02/2023,Izquierda,PF71 ,9.999999747378752e-05,0.020749999999679858,-0.0069999999999765805,0.020750240962124,20.750240962124003,89.72387790602556,2.2233585493427198e-06,0.00046134691063609974,-0.00015563510238514308,0.00046135226809533765
11/03/2023,Izquierda,PF71 ,,0.0,0.0,0.0,0.0,0.0,,0.0,0.0,0.0
15/03/2023,Izquierda,PF71 ,,0.0,0.0,0.0,0.0,0.0,,0.0,0.0,0.0
29/03/2023,Izquierda,PF71 ,-0.013300000005983748,0.02914999999848078,-0.00529999999997699,0.032040794310856234,32.040794310856235,114.5253512978849,-0.000295463633669164,0.0006475763095588213,-0.00011774114719813813,0.0007117962036445602
04/04/2023,Izquierda,PF71 ,0.007099999995261896,0.020749999999679858,-0.0049999999999954525,0.021931085242628396,21.931085242628395,71.11066015652223,0.00015770768536787862,0.0004609062638756077,-0.00011106175033308424,0.00048714094275051974
12/04/2023,Izquierda,PF71 ,,0.0,0.0,0.0,0.0,0.0,,0.0,0.0,0.0
16/04/2023,Izquierda,PF71 ,-0.007900000004156027,0.024750000000494765,-0.007999999999981355,0.025980232872131,25.980232872130998,107.70266285770606,-0.00017543080485334932,0.0005496091668256965,-0.00017765144785888601,0.0005769282481819817
25/04/2023,Izquierda,PF71 ,-0.013900000005378388,0.028749999997671694,-0.006000000000000227,0.03193387699631289,31.933876996312893,115.80275736577971,-0.00030860771309203585,0.0006383073199456426,-0.00013321196243423164,0.000708995737135341
09/05/2023,Izquierda,PF71 ,0.002099999997881241,0.03374999999869033,-0.007999999999981355,0.033815270217798024,33.81527021779802,86.43951946852836,4.660969920943827e-05,0.0007490844523069654,-0.00017756075907183122,0.0007505331310131622
19/05/2023,Izquierda,PF71 ,-0.014900000001944136,0.03974999999991269,-0.0049999999999954525,0.042450824492004796,42.4508244920048,110.54814671378989,-0.00033063352938964024,0.0008820592477513078,-0.00011095084877389221,0.0009419910017087496
27/05/2023,Izquierda,PF71 ,0.006099999998696148,0.024750000000494765,-0.0009999999999763531,0.025490635535595888,25.49063553559589,76.15456004326354,0.0001353360104429736,0.0005491092228272972,-2.218623122437719e-05,0.0005655411340624296
31/05/2023,Izquierda,PF71 ,0.006099999998696148,0.02675000000090222,0.0020000000000095497,0.027436699875028003,27.436699875028005,77.15408111672255,0.00013532400112465666,0.0005934290214721969,4.436852496859928e-05,0.000608662951727666
11/06/2023,Izquierda,PF71 ,0.006099999998696148,0.025750000000698492,0.0020000000000095497,0.02646266237588473,26.46266237588473,76.67269654363042,0.00013529098648634112,0.0005711053939118721,4.4357700497018046e-05,0.0005869114260087991
19/06/2023,Izquierda,PF71 ,0.008099999999103602,0.030749999998079147,0.0020000000000095497,0.03179893865944815,31.798938659448147,75.24268067479485,0.00017961681743621614,0.0006818786588185015,4.4349831470852176e-05,0.0007051387852458787
06/07/2023,Izquierda,PF71 ,0.0010999999940395355,0.02375000000029104,-0.009999999999990905,0.02377546003762517,23.77546003762517,87.34819584390405,2.4383215349002184e-05,0.0005264557888034722,-0.00022166559528275453,0.0005270201502366317
17/07/2023,Izquierda,PF71 ,-0.03290000000561122,0.04974999999831198,-0.012000000000000455,0.0596445513035454,59.6445513035454,123.47692448477812,-0.0007291020300862339,0.001102517507275773,-0.0002659338711107272,0.0013217922015677998
28/07/2023,Izquierda,PF71 ,-0.011900000004970934,0.024750000000494765,0.0030000000000143245,0.027462201298198933,27.462201298198934,115.67862369892629,-0.00026365348410260184,0.0005483549352053787,6.64672648723679e-05,0.0006084458025523194
19/08/2023,Izquierda,PF71 ,9.999999747378752e-05,0.01974999999947613,0.0,0.01975025316239774,19.75025316239774,89.70989727369262,2.214496035471522e-06,0.00043736297804274266,0.0,0.00043736858432574663
25/08/2023,Izquierda,PF71 ,-0.0019000000029336661,0.02275000000008731,0.0,0.02282920278974105,22.82920278974105,94.77406290191591,-4.206983599259717e-05,0.0005037309301881476,0.0,0.0005054846398543288
24/09/2023,Izquierda,PF71 ,,,,,,,,,,
16/10/2023,Izquierda,PF71 ,-0.0019000000029336661,0.01374999999825377,0.0,0.013880652000649198,13.880652000649198,97.86741342037593,-4.2021453122496206e-05,0.000304102620773057,0.0,0.000306992192870711
01/11/2023,Izquierda,PF71 ,-0.0019000000029336661,0.01374999999825377,-0.0009999999999763531,0.013880652000649198,13.880652000649198,97.86741342037593,-4.2006588466619486e-05,0.00030399504760570783,-2.2108730737245544e-05,0.0003068835975470186
14/09/2024,Izquierda,PF71 ,0.008099999999103602,0.01074999999764259,0.011000000000024102,0.013460033429928547,13.460033429928547,53.002400230872084,0.00017783046826721997,0.0002360095720574017,0.0002414981668098993,0.00029550667259278026
19/04/2025,Izquierda,PF71 ,0.014099999993050005,0.01674999999886495,0.01500000000001478,0.021894576948778572,21.89457694877857,49.90962768301181,0.00030808897419590974,0.0003659922212748536,0.0003277542280298645,0.00047840267772535447
24/05/2025,Izquierda,PF71 ,0.008099999999103602,0.01974999999947613,0.019000000000005457,0.02134648682956485,21.34648682956485,67.70016220569217,0.0001768520337788171,0.00043121329227475665,0.00041483810397164813,0.0004660703222542051
06/10/2021,Izquierda,PF72 ,-0.00566666666418314,0.002666666667209938,0.00966666666670335,0.006262764740669494,6.262764740669494,154.79887634035333,-0.566666666418314,0.2666666667209938,0.966666666670335,0.6262764740669494
10/10/2021,Izquierda,PF72 ,-0.002666666667209938,-0.005333333334419876,-0.00033333333331597714,0.005962847941214232,5.962847941214232,243.43494882292202,-0.1904761905149956,-0.3809523810299912,-0.02380952380828408,0.42591771008673085
19/10/2021,Izquierda,PF72 ,-0.0006666666668024845,-0.002333333333808696,0.0006666666666887977,0.002426703296921224,2.426703296921224,254.05460409907715,-0.02898550725228194,-0.10144927538298679,0.02898550724733903,0.10550883899657496
28/10/2021,Izquierda,PF72 ,-0.0006666666668024845,-0.002333333333808696,0.006666666666689025,0.002426703296921224,2.426703296921224,254.05460409907715,-0.020833333337577642,-0.07291666668152175,0.20833333333403203,0.07583447802878825
02/11/2021,Izquierda,PF72 ,-0.0016666666633682325,-0.002333333333808696,0.0006666666666887977,0.002867441754150518,2.8674417541505184,234.46232226717774,-0.04504504495589817,-0.0630630630759107,0.018018018018616154,0.07749842578785185
12/11/2021,Izquierda,PF72 ,-0.002666666667209938,-0.001333333333604969,0.0026666666666983474,0.002981423970607116,2.981423970607116,206.56505117707798,-0.05673758866404124,-0.02836879433202062,0.056737588653156326,0.06343455256610885
18/11/2021,Izquierda,PF72 ,0.001333333333604969,-0.0033333333340124227,0.0016666666666935726,0.0035901098721544044,3.5901098721544042,291.8014094863518,0.025157232709527716,-0.06289308177381929,0.0314465408810108,0.06773792211612084
24/11/2021,Izquierda,PF72 ,-0.008566666670958512,0.002666666667209938,0.00966666666670335,0.008972117306707484,8.972117306707483,162.7094680060498,-0.14519774018573747,0.045197740122202346,0.16384180791022626,0.1520697848594489
01/12/2021,Izquierda,PF72 ,9.999999747378752e-05,0.0,0.0,9.999999747378752e-05,0.09999999747378752,360.0,0.0015151514768755685,0.0,0.0,0.0015151514768755685
09/12/2021,Izquierda,PF72 ,9.999999747378752e-05,0.0,0.0,9.999999747378752e-05,0.09999999747378752,360.0,0.0013513513172133448,0.0,0.0,0.0013513513172133448
30/01/2022,Izquierda,PF72 ,0.004433333328051958,-0.0033333333340124227,0.015666666666703577,0.005546670669262294,5.546670669262294,323.0612372293177,0.035185185143269515,-0.026455026460416052,0.12433862433891728,0.04402119578779599
11/02/2022,Izquierda,PF72 ,0.004433333328051958,0.005666666667821119,0.0006666666666887977,0.0071948283872383745,7.194828387238375,51.962046304399166,0.03212560382646347,0.04106280194073274,0.004830917874556505,0.05213643758868387
27/02/2022,Izquierda,PF72 ,-0.006566666670551058,0.004666666667617392,0.0036666666667031222,0.008055984666617565,8.055984666617565,144.6001184403705,-0.04264069266591596,0.030303030309203845,0.023809523809760536,0.0523115887442699
12/03/2022,Izquierda,PF72 ,9.999999747378752e-05,0.0,0.0,9.999999747378752e-05,0.09999999747378752,360.0,0.00059880238008256,0.0,0.0,0.00059880238008256
30/03/2022,Izquierda,PF72 ,9.999999747378752e-05,0.0,0.0,9.999999747378752e-05,0.09999999747378752,360.0,0.0005405405268853379,0.0,0.0,0.0005405405268853379
06/04/2022,Izquierda,PF72 ,,,,,,,,,,
11/04/2022,Izquierda,PF72 ,,,,,,,,,,
18/04/2022,Izquierda,PF72 ,,0.0,0.0,0.0,0.0,0.0,,0.0,0.0,0.0
01/05/2022,Izquierda,PF72 ,-0.006566666670551058,-0.00033333333340124227,0.006666666666689025,0.00657512146452691,6.57512146452691,182.90592099852833,-0.030261136730650038,-0.0015360983106048032,0.030721966205940206,0.030300098914870552
09/05/2022,Izquierda,PF72 ,,0.0,0.0,0.0,0.0,0.0,,0.0,0.0,0.0
16/05/2022,Izquierda,PF72 ,,0.0,0.0,0.0,0.0,0.0,,0.0,0.0,0.0
23/05/2022,Izquierda,PF72 ,-0.0025666666697361507,-0.0043333333342161495,0.00966666666670335,0.005036422895167096,5.036422895167096,239.36141463688705,-0.010739191086762136,-0.018131101816803975,0.04044630404478389,0.02107289914295856
30/05/2022,Izquierda,PF72 ,,0.0,0.0,0.0,0.0,0.0,,0.0,0.0,0.0
13/06/2022,Izquierda,PF72 ,,0.0,0.0,0.0,0.0,0.0,,0.0,0.0,0.0
24/06/2022,Izquierda,PF72 ,-0.0025666666697361507,-0.0043333333342161495,0.013666666666694027,0.005036422895167096,5.036422895167096,239.36141463688705,-0.009471094722273619,-0.01599015990485664,0.050430504305144015,0.018584586329029876
27/06/2022,Izquierda,PF72 ,,0.0,0.0,0.0,0.0,0.0,,0.0,0.0,0.0
04/07/2022,Izquierda,PF72 ,,0.0,0.0,0.0,0.0,0.0,,0.0,0.0,0.0
11/07/2022,Izquierda,PF72 ,,0.0,0.0,0.0,0.0,0.0,,0.0,0.0,0.0
23/07/2022,Izquierda,PF72 ,-0.007566666667116806,-0.008333333335031057,0.00966666666670335,0.011256060097742743,11.256060097742743,227.7605514996281,-0.025222222223722685,-0.027777777783436857,0.0322222222223445,0.03752020032580914
01/08/2022,Izquierda,PF72 ,,0.0,0.0,0.0,0.0,0.0,,0.0,0.0,0.0
08/08/2022,Izquierda,PF72 ,,0.0,0.0,0.0,0.0,0.0,,0.0,0.0,0.0
16/08/2022,Izquierda,PF72 ,,0.0,0.0,0.0,0.0,0.0,,0.0,0.0,0.0
30/08/2022,Izquierda,PF72 ,,0.0,0.0,0.0,0.0,0.0,,0.0,0.0,0.0
13/11/2022,Izquierda,PF72 ,-0.007566666667116806,-0.002333333333808696,0.008666666666698575,0.007918262997521575,7.918262997521575,197.13819524943284,-0.00016860525574038073,-5.19928101477048e-05,0.00019311615193855732,0.00017643974770536954
13/11/2022,Izquierda,PF72 ,-0.018566666665719822,0.006666666668024845,0.008666666666698575,0.019727279476362297,19.7272794763623,160.2484905701802,-0.000413714217784211,0.0001485508861362994,0.00019311615193855732,0.00043957572700125444
09/02/2023,Izquierda,PF72 ,-0.004566666670143604,-0.00733333333482733,0.010666666666708124,0.008638994286135985,8.638994286135985,238.08835212055934,-0.00010155821443187306,-0.0001630861836682678,0.00023721626710643872,0.00019212281025966253
20/02/2023,Izquierda,PF72 ,-0.00956666666752426,-0.00733333333482733,0.011666666666684478,0.012053998877020416,12.053998877020415,217.47198821269512,-0.00021270130661280788,-0.00016304629777057897,0.00025939183730983565,0.0002680036213402498
11/03/2023,Izquierda,PF72 ,,0.0,0.0,0.0,0.0,0.0,,0.0,0.0,0.0
15/03/2023,Izquierda,PF72 ,,0.0,0.0,0.0,0.0,0.0,,0.0,0.0,0.0
29/03/2023,Izquierda,PF72 ,-0.01796666666632518,0.0007666666679142509,0.010166666666691526,0.017983016679037227,17.983016679037227,177.55657893157735,-0.00039913508389223756,1.7031738301733924e-05,0.00022585565972123176,0.00039949830450609203
04/04/2023,Izquierda,PF72 ,-0.00956666666752426,-0.006333333334623603,0.010666666666708124,0.011473108656984568,11.473108656984568,213.50539200570785,-0.00021249814898987692,-0.00014067821711736124,0.0002369317340450494,0.0002548447058415053
12/04/2023,Izquierda,PF72 ,,0.0,0.0,0.0,0.0,0.0,,0.0,0.0,0.0
16/04/2023,Izquierda,PF72 ,-0.014566666672180872,-0.0033333333340124227,0.004666666666707897,0.014943188717742386,14.943188717742386,192.88924095559122,-0.000323473678099593,-7.402143662312184e-05,0.00010363001125217395,0.0003318348889177115
25/04/2023,Izquierda,PF72 ,-0.018566666665719822,0.0006666666668024845,0.011666666666684478,0.018578631691289246,18.578631691289246,177.94358438095156,-0.0004122170170671127,1.4801329162373939e-05,0.0002590232602891694,0.00041248266448989246
09/05/2023,Izquierda,PF72 ,-0.00956666666752426,0.002666666667209938,0.00566666666668425,0.009931375646985078,9.931375646985078,164.42441957638331,-0.00021233307440959403,5.918691970280631e-05,0.0001257722043432305,0.00022042782481378488
19/05/2023,Izquierda,PF72 ,-0.02256666666653473,0.00866666666479432,0.0076666666666938,0.024173654161444992,24.173654161444993,158.99085041551282,-0.0005007581641303612,0.00019231480450004039,0.00017012463478739156,0.0005364174894362585
27/05/2023,Izquierda,PF72 ,-0.011566666667931713,0.0006666666668024845,0.011666666666684478,0.01158586303439101,11.585863034391009,176.70129913852523,-0.0002566207411960977,1.4790820819614505e-05,0.00025883936429091646,0.00025704663622104165
31/05/2023,Izquierda,PF72 ,-0.007566666667116806,-0.001333333333604969,0.016666666666708352,0.007683242950067289,7.683242950067289,189.99358026068063,-0.00016786091947371845,-2.9579016651617655e-05,0.00036973770807082,0.0001704470783341236
11/06/2023,Izquierda,PF72 ,-0.007566666667116806,-0.00033333333340124227,0.016666666666708352,0.007574005252335975,7.574005252335975,182.52241228380282,-0.0001678199668895672,-7.392950084307183e-06,0.0003696475041409766,0.00016798272827217827
19/06/2023,Izquierda,PF72 ,-0.006566666670551058,0.0006666666668024845,0.012666666666689252,0.006600420865880573,6.600420865880573,174.20303138316277,-0.0001456152800814054,1.4783277159891889e-05,0.0002808822659812234,0.00014636377651855092
06/07/2023,Izquierda,PF72 ,-0.012566666671773419,0.0016666666670062114,0.006666666666689025,0.01267670655250686,12.676706552506861,172.44517993112285,-0.000278559764852114,3.694426588801923e-05,0.00014777706352246637,0.0002809989704188784
17/07/2023,Izquierda,PF72 ,-0.0335666666724137,0.01766666666662786,0.0026666666666983474,0.037931941983065785,37.931941983065784,152.24145940303492,-0.0007438761340398392,0.00039151375468991805,5.909641580308367e-05,0.0008406156808586513
28/07/2023,Izquierda,PF72 ,-0.01656666666531237,-0.0043333333342161495,0.008666666666698575,0.017124024707556366,17.124024707556366,194.65841114524642,-0.0003670470070967623,-9.60082715014102e-05,0.00019201654296440845,0.0003793956953042288
19/08/2023,Izquierda,PF72 ,-0.01556666666874662,0.002666666667209938,0.00966666666670335,0.015793423387279768,15.793423387279768,170.2792322389246,-0.00034472322494290194,5.905322911641469e-05,0.0002140679555042042,0.000349744743611838
25/08/2023,Izquierda,PF72 ,-0.018566666665719822,0.003666666667413665,0.011666666666684478,0.018925262363462075,18.925262363462075,168.8286062710363,-0.000411103484394744,8.118740268391526e-05,0.00025832355394204276,0.00041904351711494084
24/09/2023,Izquierda,PF72 ,-0.01556666666874662,0.007666666664590593,0.013666666666694027,0.017352201270208104,17.352201270208102,153.77950692641343,-0.00034444862409547096,0.00016964279124179836,0.000302406714904831,0.0003839577206693095
16/10/2023,Izquierda,PF72 ,-0.01656666666531237,0.009666666664998047,0.014666666666698802,0.019180690519680372,19.180690519680372,149.7363954908243,-0.0003663975818934506,0.00021379335762463888,0.0003243761288665001,0.00042421078225545443
01/11/2023,Izquierda,PF72 ,-0.01556666666874662,0.009666666664998047,0.011666666666684478,0.018323906668285872,18.323906668285872,148.16033880055656,-0.0003441592418639124,0.00021371773042820293,0.0002579351919410245,0.0004051183185931302
14/09/2024,Izquierda,PF72 ,-0.030566666668164544,0.028666666665230878,0.011666666666684478,0.041905833590302685,41.905833590302684,136.83722005794596,-0.0006710721787122559,0.0006293588589262306,0.00025613441934366237,0.0009200165446069658
19/04/2025,Izquierda,PF72 ,-0.03456666666897945,0.03466666666645324,0.010666666666708124,0.048955410552535605,48.955410552535604,134.91724255432945,-0.0007552914099763897,0.0007574764381080548,0.00023306967326635765,0.0010696895195677052
24/05/2025,Izquierda,PF72 ,-0.03456666666897945,0.03666666666686069,0.015666666666703577,0.050391456508648444,50.391456508648446,133.31137625925513,-0.0007547142348197517,0.0008005647620545553,0.0003420594892404877,0.0011002261197058676
06/10/2021,Izquierda,PF74  ,9.999999747378752e-05,-0.0020000000004074536,0.004333333333306655,0.0020024984397308708,2.002498439730871,272.8624051533394,0.009999999747378752,-0.20000000004074536,0.4333333333306655,0.2002498439730871
10/10/2021,Izquierda,PF74  ,9.999999747378752e-05,0.0010000000002037268,-0.0006666666666887977,0.0010049875620634372,1.0049875620634372,84.2894070069643,0.007142856962413394,0.07142857144312334,-0.04761904762062841,0.07178482586167408
19/10/2021,Izquierda,PF74  ,0.000999999996565748,-0.0010000000002037268,0.0063333333333162045,0.0014142135600887689,1.4142135600887689,314.9999998957796,0.04347826072024991,-0.04347826087842291,0.275362318839835,0.061487546090816046
28/10/2021,Izquierda,PF74  ,0.0020000000004074536,0.0,0.008333333333325754,0.0020000000004074536,2.0000000004074536,360.0,0.06250000001273293,0.0,0.2604166666664298,0.06250000001273293
02/11/2021,Izquierda,PF74  ,9.999999747378752e-05,0.0,0.008333333333325754,9.999999747378752e-05,0.09999999747378752,360.0,0.0027027026344266895,0.0,0.2252252252250204,0.0027027026344266895
12/11/2021,Izquierda,PF74  ,0.0020000000004074536,-0.0010000000002037268,0.004333333333306655,0.002236067977955337,2.236067977955337,333.434948822922,0.04255319149803093,-0.021276595749015467,0.09219858155971607,0.04757591442458164
18/11/2021,Izquierda,PF74  ,0.0020000000004074536,-0.0010000000002037268,0.00033333333334439885,0.002236067977955337,2.236067977955337,333.434948822922,0.037735849064291574,-0.018867924532145787,0.006289308176309412,0.0421899618482139
24/11/2021,Izquierda,PF74  ,9.999999747378752e-05,0.0,0.0,9.999999747378752e-05,0.09999999747378752,360.0,0.0016949152114201275,0.0,0.0,0.0016949152114201275
01/12/2021,Izquierda,PF74  ,0.00019999999494757503,0.0,0.0,0.00019999999494757503,0.19999999494757503,360.0,0.003030302953751137,0.0,0.0,0.003030302953751137
09/12/2021,Izquierda,PF74  ,0.00019999999494757503,0.0,0.0,0.00019999999494757503,0.19999999494757503,360.0,0.0027027026344266895,0.0,0.0,0.0027027026344266895
30/01/2022,Izquierda,PF74  ,0.00019999999494757503,0.0,0.0,0.00019999999494757503,0.19999999494757503,360.0,0.0015873015472029765,0.0,0.0,0.0015873015472029765
11/02/2022,Izquierda,PF74  ,0.001199999991513323,-0.006000000001222361,-0.0016666666666651508,0.00611882341584559,6.118823415845591,281.30993239385066,0.008695652112415384,-0.04347826087842291,-0.012077294685979354,0.04433930011482312
27/02/2022,Izquierda,PF74  ,0.00019999999494757503,0.0,0.00933333333335895,0.00019999999494757503,0.19999999494757503,360.0,0.0012987012658933444,0.0,0.060606060606226954,0.0012987012658933444
12/03/2022,Izquierda,PF74  ,0.00019999999494757503,0.0,0.0,0.00019999999494757503,0.19999999494757503,360.0,0.00119760476016512,0.0,0.0,0.00119760476016512
30/03/2022,Izquierda,PF74  ,0.00019999999494757503,0.0,0.0,0.00019999999494757503,0.19999999494757503,360.0,0.0010810810537706759,0.0,0.0,0.0010810810537706759
06/04/2022,Izquierda,PF74  ,,,,,,,,,,
11/04/2022,Izquierda,PF74  ,,,,,,,,,,
18/04/2022,Izquierda,PF74  ,,,,,,,,,,
01/05/2022,Izquierda,PF74  ,9.999999747378752e-05,0.0,0.0,9.999999747378752e-05,0.09999999747378752,360.0,0.0004608294814460254,0.0,0.0,0.0004608294814460254
09/05/2022,Izquierda,PF74  ,,,,,,,,,,
16/05/2022,Izquierda,PF74  ,,,,,,,,,,
23/05/2022,Izquierda,PF74  ,9.999999747378752e-05,0.0,0.0,9.999999747378752e-05,0.09999999747378752,360.0,0.0004184100312710775,0.0,0.0,0.0004184100312710775
30/05/2022,Izquierda,PF74  ,,,,,,,,,,
13/06/2022,Izquierda,PF74  ,,,,,,,,,,
24/06/2022,Izquierda,PF74  ,9.999999747378752e-05,0.0,0.0,9.999999747378752e-05,0.09999999747378752,360.0,0.0003690036807150831,0.0,0.0,0.0003690036807150831
27/06/2022,Izquierda,PF74  ,,,,,,,,,,
04/07/2022,Izquierda,PF74  ,,,,,,,,,,
11/07/2022,Izquierda,PF74  ,,,,,,,,,,
23/07/2022,Izquierda,PF74  ,9.999999747378752e-05,0.0,0.0,9.999999747378752e-05,0.09999999747378752,360.0,0.000333333324912625,0.0,0.0,0.000333333324912625
01/08/2022,Izquierda,PF74  ,,,,,,,,,,
08/08/2022,Izquierda,PF74  ,,,,,,,,,,
16/08/2022,Izquierda,PF74  ,,,,,,,,,,
30/08/2022,Izquierda,PF74  ,,,,,,,,,,
13/11/2022,Izquierda,PF74  ,9.999999747378752e-05,0.0,0.0,9.999999747378752e-05,0.09999999747378752,360.0,2.228263235299869e-06,0.0,0.0,2.228263235299869e-06
13/11/2022,Izquierda,PF74  ,9.999999747378752e-05,0.0,0.0,9.999999747378752e-05,0.09999999747378752,360.0,2.228263235299869e-06,0.0,0.0,2.228263235299869e-06
09/02/2023,Izquierda,PF74  ,,,,,,,,,,
20/02/2023,Izquierda,PF74  ,9.999999747378752e-05,0.0,0.0,9.999999747378752e-05,0.09999999747378752,360.0,2.2233585493427198e-06,0.0,0.0,2.2233585493427198e-06
11/03/2023,Izquierda,PF74  ,,,,,,,,,,
15/03/2023,Izquierda,PF74  ,,,,,,,,,,
29/03/2023,Izquierda,PF74  ,9.999999747378752e-05,0.0,0.0,9.999999747378752e-05,0.09999999747378752,360.0,2.221531023099203e-06,0.0,0.0,2.221531023099203e-06
04/04/2023,Izquierda,PF74  ,,,,,,,,,,
12/04/2023,Izquierda,PF74  ,,,,,,,,,,
16/04/2023,Izquierda,PF74  ,,,,,,,,,,
25/04/2023,Izquierda,PF74  ,9.999999747378752e-05,0.0,0.0,9.999999747378752e-05,0.09999999747378752,360.0,2.2201993178168226e-06,0.0,0.0,2.2201993178168226e-06
09/05/2023,Izquierda,PF74  ,,,,,,,,,,
19/05/2023,Izquierda,PF74  ,,,,,,,,,,
27/05/2023,Izquierda,PF74  ,,,,,,,,,,
31/05/2023,Izquierda,PF74  ,,,,,,,,,,
11/06/2023,Izquierda,PF74  ,9.999999747378752e-05,-0.0010000000002037268,-0.0006666666666887977,0.0010049875620634372,1.0049875620634372,275.7105929930357,2.217884968811824e-06,-2.2178850252921546e-05,-1.4785900166092922e-05,2.228946864051271e-05
19/06/2023,Izquierda,PF74  ,0.002099999997881241,-0.007000000001426088,0.008333333333325754,0.007308214556994509,7.308214556994509,286.69924421487065,4.656732299718913e-05,-0.0001552244101788648,0.00018479096446083365,0.0001620590419769937
06/07/2023,Izquierda,PF74  ,,,,,,,,,,
17/07/2023,Izquierda,PF74  ,0.002099999997881241,-0.009000000001833541,0.010333333333335304,0.009241753081753751,9.241753081753751,283.1340222910213,4.653842739742135e-05,-0.00019945040337367124,0.00022899861123427232,0.00020480793107334792
28/07/2023,Izquierda,PF74  ,,,,,,,,,,
19/08/2023,Izquierda,PF74  ,0.006099999998696148,-0.004000000000814907,0.0033333333333303017,0.007294518489291276,7.294518489291276,326.74563341431946,0.00013508426154740458,-8.857984367462205e-05,7.381653638041282e-05,0.00016153682683285595
25/08/2023,Izquierda,PF74  ,,,,,,,,,,
24/09/2023,Izquierda,PF74  ,,,,,,,,,,
16/10/2023,Izquierda,PF74  ,,,,,,,,,,
01/11/2023,Izquierda,PF74  ,0.002099999997881241,-0.004000000000814907,0.00033333333334439885,0.004517742798967253,4.517742798967253,297.6994727794595,4.642833450247046e-05,-8.843492296908994e-05,7.369576912834093e-06,9.988155908485891e-05
14/09/2024,Izquierda,PF74  ,,,,,,,,,,
19/04/2025,Izquierda,PF74  ,0.004099999998288695,-0.006000000001222361,0.002333333333297105,0.0072670489196533985,7.267048919653399,304.3460973834841,8.958615562401554e-05,-0.00013110169123852557,5.098399102602598e-05,0.00015878706724759426
24/05/2025,Izquierda,PF74  ,0.004099999998288695,-0.010000000002037268,0.007333333333349401,0.010807867505975111,10.80786750597511,292.293629147203,8.951769608280811e-05,-0.00021833584424002246,0.00016011295241041463,0.00023597448758706386
06/10/2021,Izquierda,PF75  ,-0.00033333332976326346,-0.0006666666668024845,0.002000000000066393,0.0007453559910248253,0.7453559910248253,243.43494907305103,-0.033333332976326346,-0.06666666668024845,0.2000000000066393,0.07453559910248253
10/10/2021,Izquierda,PF75  ,-0.00033333332976326346,0.00033333333340124227,-0.0009999999999195097,0.0004714045183146299,0.47140451831462993,134.99999968733874,-0.02380952355451882,0.02380952381437445,-0.07142857142282212,0.03367175130818785
19/10/2021,Izquierda,PF75  ,-0.00033333332976326346,-0.0006666666668024845,0.0030000000000427463,0.0007453559910248253,0.7453559910248253,243.43494907305103,-0.014492753467967976,-0.02898550725228194,0.1304347826105542,0.03240678221847067
28/10/2021,Izquierda,PF75  ,-0.00033333332976326346,-0.0006666666668024845,0.005000000000052296,0.0007453559910248253,0.7453559910248253,243.43494907305103,-0.010416666555101983,-0.020833333337577642,0.15625000000163425,0.02329237471952579
02/11/2021,Izquierda,PF75  ,-0.00033333332976326346,-0.0016666666670062114,0.005000000000052296,0.0016996731708303976,1.6996731708303976,258.6900676462341,-0.009009008912520634,-0.04504504505422193,0.13513513513654854,0.045937112725145876
12/11/2021,Izquierda,PF75  ,-0.00033333332976326346,-0.0006666666668024845,0.008000000000038199,0.0007453559910248253,0.7453559910248253,243.43494907305103,-0.007092198505601351,-0.01418439716601031,0.17021276595825954,0.015858638106911176
18/11/2021,Izquierda,PF75  ,0.0016666666706441902,-0.0006666666668024845,0.0010000000000331966,0.0017950549394549807,1.7950549394549808,338.19859055677387,0.03144654095555076,-0.012578616354763858,0.01886792452892824,0.033868961121792086
24/11/2021,Izquierda,PF75  ,9.999999747378752e-05,0.0,0.0,9.999999747378752e-05,0.09999999747378752,360.0,0.0016949152114201275,0.0,0.0,0.0016949152114201275
01/12/2021,Izquierda,PF75  ,0.00019999999494757503,0.0,0.0,0.00019999999494757503,0.19999999494757503,360.0,0.003030302953751137,0.0,0.0,0.003030302953751137
09/12/2021,Izquierda,PF75  ,0.00019999999494757503,0.0,0.0,0.00019999999494757503,0.19999999494757503,360.0,0.0027027026344266895,0.0,0.0,0.0027027026344266895
30/01/2022,Izquierda,PF75  ,0.00019999999494757503,0.0,0.0,0.00019999999494757503,0.19999999494757503,360.0,0.0015873015472029765,0.0,0.0,0.0015873015472029765
11/02/2022,Izquierda,PF75  ,0.00019999999494757503,0.0,0.0,0.00019999999494757503,0.19999999494757503,360.0,0.0014492753257070654,0.0,0.0,0.0014492753257070654
27/02/2022,Izquierda,PF75  ,-0.00013333333481568843,0.00033333333340124227,0.002000000000066393,0.000359010987755885,0.359010987755885,111.80140970198026,-0.0008658008754265482,0.0021645021649431316,0.01298701298744411,0.0023312401802330195
12/03/2022,Izquierda,PF75  ,0.00019999999494757503,0.0,0.0,0.00019999999494757503,0.19999999494757503,360.0,0.00119760476016512,0.0,0.0,0.00119760476016512
30/03/2022,Izquierda,PF75  ,0.00019999999494757503,0.0,0.0,0.00019999999494757503,0.19999999494757503,360.0,0.0010810810537706759,0.0,0.0,0.0010810810537706759
06/04/2022,Izquierda,PF75  ,,,,,,,,,,
11/04/2022,Izquierda,PF75  ,,,,,,,,,,
18/04/2022,Izquierda,PF75  ,,,,,,,,,,
01/05/2022,Izquierda,PF75  ,9.999999747378752e-05,0.0,0.0,9.999999747378752e-05,0.09999999747378752,360.0,0.0004608294814460254,0.0,0.0,0.0004608294814460254
09/05/2022,Izquierda,PF75  ,,,,,,,,,,
16/05/2022,Izquierda,PF75  ,,,,,,,,,,
23/05/2022,Izquierda,PF75  ,9.999999747378752e-05,0.0,0.0,9.999999747378752e-05,0.09999999747378752,360.0,0.0004184100312710775,0.0,0.0,0.0004184100312710775
30/05/2022,Izquierda,PF75  ,,,,,,,,,,
13/06/2022,Izquierda,PF75  ,,,,,,,,,,
24/06/2022,Izquierda,PF75  ,9.999999747378752e-05,0.0,0.0,9.999999747378752e-05,0.09999999747378752,360.0,0.0003690036807150831,0.0,0.0,0.0003690036807150831
27/06/2022,Izquierda,PF75  ,,,,,,,,,,
04/07/2022,Izquierda,PF75  ,,,,,,,,,,
11/07/2022,Izquierda,PF75  ,,,,,,,,,,
23/07/2022,Izquierda,PF75  ,9.999999747378752e-05,0.0,0.0,9.999999747378752e-05,0.09999999747378752,360.0,0.000333333324912625,0.0,0.0,0.000333333324912625
01/08/2022,Izquierda,PF75  ,,,,,,,,,,
08/08/2022,Izquierda,PF75  ,,,,,,,,,,
16/08/2022,Izquierda,PF75  ,,,,,,,,,,
30/08/2022,Izquierda,PF75  ,,,,,,,,,,
13/11/2022,Izquierda,PF75  ,9.999999747378752e-05,0.0,0.0,9.999999747378752e-05,0.09999999747378752,360.0,2.228263235299869e-06,0.0,0.0,2.228263235299869e-06
13/11/2022,Izquierda,PF75  ,9.999999747378752e-05,0.0,0.0,9.999999747378752e-05,0.09999999747378752,360.0,2.228263235299869e-06,0.0,0.0,2.228263235299869e-06
09/02/2023,Izquierda,PF75  ,,,,,,,,,,
20/02/2023,Izquierda,PF75  ,9.999999747378752e-05,0.0,0.0,9.999999747378752e-05,0.09999999747378752,360.0,2.2233585493427198e-06,0.0,0.0,2.2233585493427198e-06
11/03/2023,Izquierda,PF75  ,,,,,,,,,,
15/03/2023,Izquierda,PF75  ,,,,,,,,,,
29/03/2023,Izquierda,PF75  ,9.999999747378752e-05,0.0,0.0,9.999999747378752e-05,0.09999999747378752,360.0,2.221531023099203e-06,0.0,0.0,2.221531023099203e-06
04/04/2023,Izquierda,PF75  ,,,,,,,,,,
12/04/2023,Izquierda,PF75  ,,,,,,,,,,
16/04/2023,Izquierda,PF75  ,,,,,,,,,,
25/04/2023,Izquierda,PF75  ,9.999999747378752e-05,0.0,0.0,9.999999747378752e-05,0.09999999747378752,360.0,2.2201993178168226e-06,0.0,0.0,2.2201993178168226e-06
09/05/2023,Izquierda,PF75  ,,,,,,,,,,
19/05/2023,Izquierda,PF75  ,,,,,,,,,,
27/05/2023,Izquierda,PF75  ,,,,,,,,,,
31/05/2023,Izquierda,PF75  ,,,,,,,,,,
11/06/2023,Izquierda,PF75  ,0.0007666666642762721,-0.0006666666668024845,0.0,0.0010159833752271938,1.0159833752271938,318.9909130041939,1.700378513742619e-05,-1.4785900168614366e-05,0.0,2.253334313403109e-05
19/06/2023,Izquierda,PF75  ,-0.00023333333228947595,0.0013333333299669903,0.004000000000075943,0.0013535960301205726,1.3535960301205725,99.92624548769105,-5.1741469817605985e-06,2.9566554239111902e-05,8.869966294296486e-05,3.001587790758765e-05
06/07/2023,Izquierda,PF75  ,,,,,,,,,,
17/07/2023,Izquierda,PF75  ,0.0007666666642762721,-0.002666666667209938,0.009000000000071395,0.002774687169415872,2.774687169415872,286.0399432555113,1.6990219490210798e-05,-5.9096415814421115e-05,0.00019945040333462007,6.149027500700009e-05
28/07/2023,Izquierda,PF75  ,,,,,,,,,,
19/08/2023,Izquierda,PF75  ,0.0027666666646837257,0.00033333333340124227,5.684341886080802e-14,0.002786674639176335,2.786674639176335,6.869992314477326,6.126772515188622e-05,7.381653639551836e-06,1.2587952888989087e-15,6.171080096499624e-05
25/08/2023,Izquierda,PF75  ,,,,,,,,,,
24/09/2023,Izquierda,PF75  ,0.0007666666642762721,0.00033333333340124227,5.684341886080802e-14,0.0008359957447672146,0.8359957447672146,23.498565745542834,1.69642790758806e-05,7.3757735357520475e-06,1.2577925532894036e-15,1.8498345866997424e-05
16/10/2023,Izquierda,PF75  ,,,,,,,,,,
01/11/2023,Izquierda,PF75  ,-0.00023333333228947595,0.00033333333340124227,5.684341886080802e-14,0.00040688518664814367,0.40688518664814366,124.99202007265481,-5.158703815734252e-06,7.369576914090829e-06,1.2567358418077871e-15,8.995715032790424e-06
14/09/2024,Izquierda,PF75  ,,,,,,,,,,
19/04/2025,Izquierda,PF75  ,-0.00023333333228947595,0.0013333333299669903,5.684341886080802e-14,0.0013535960301205726,1.3535960301205725,99.92624548769105,-5.09839907987318e-06,2.9133709084625927e-05,1.242044724485601e-15,2.957645479440136e-05
24/05/2025,Izquierda,PF75  ,-0.00023333333228947595,-0.0006666666668024845,0.0030000000000427463,0.0007063206697972571,0.7063206697972572,250.7099538643733,-5.094503008438155e-06,-1.4555722949334829e-05,6.550075325959578e-05,1.542151197129445e-05
06/10/2021,Izquierda,PF76  ,-0.000999999996565748,-0.0006666666668024845,0.0023333333333539485,0.0012018504223725308,1.2018504223725308,213.69006762218325,-0.0999999996565748,-0.06666666668024845,0.23333333333539485,0.12018504223725308
10/10/2021,Izquierda,PF76  ,-0.000999999996565748,0.00033333333340124227,-0.0006666666666319543,0.001054092550152917,1.0540925501529168,161.56505111454575,-0.07142857118326772,0.02380952381437445,-0.04761904761656816,0.07529232501092263
19/10/2021,Izquierda,PF76  ,-0.0020000000004074536,-0.0006666666668024845,0.0023333333333539485,0.0021081851072084134,2.1081851072084135,198.43494882292202,-0.08695652175684582,-0.02898550725228194,0.10144927536321514,0.09166022205253971
28/10/2021,Izquierda,PF76  ,-0.000999999996565748,0.00033333333340124227,0.004333333333363498,0.001054092550152917,1.0540925501529168,161.56505111454575,-0.031249999892679625,0.010416666668788821,0.13541666666760932,0.03294039219227865
02/11/2021,Izquierda,PF76  ,-0.0029999999969732016,-0.0006666666668024845,0.0033333333333303017,0.0030731814828390373,3.073181482839037,192.528807723865,-0.08108108099927572,-0.018018018021688773,0.09009009009000815,0.08305895899564966
12/11/2021,Izquierda,PF76  ,-0.0020000000004074536,-0.0006666666668024845,0.008333333333382598,0.0021081851072084134,2.1081851072084135,198.43494882292202,-0.04255319149803093,-0.01418439716601031,0.17730496454005526,0.04485500228103007
18/11/2021,Izquierda,PF76  ,0.0010000000038417056,0.00033333333340124227,0.0013333333333775954,0.0010540925570554965,1.0540925570554964,18.434948760389762,0.018867924600786897,0.006289308177381929,0.025157232705237648,0.019888538812367858
24/11/2021,Izquierda,PF76  ,9.999999747378752e-05,0.0,0.0,9.999999747378752e-05,0.09999999747378752,360.0,0.0016949152114201275,0.0,0.0,0.0016949152114201275
01/12/2021,Izquierda,PF76  ,0.00019999999494757503,0.0,0.0,0.00019999999494757503,0.19999999494757503,360.0,0.003030302953751137,0.0,0.0,0.003030302953751137
09/12/2021,Izquierda,PF76  ,0.00019999999494757503,0.0,0.0,0.00019999999494757503,0.19999999494757503,360.0,0.0027027026344266895,0.0,0.0,0.0027027026344266895
30/01/2022,Izquierda,PF76  ,0.00019999999494757503,0.0,0.0,0.00019999999494757503,0.19999999494757503,360.0,0.0015873015472029765,0.0,0.0,0.0015873015472029765
11/02/2022,Izquierda,PF76  ,0.00019999999494757503,0.0,0.0,0.00019999999494757503,0.19999999494757503,360.0,0.0014492753257070654,0.0,0.0,0.0014492753257070654
27/02/2022,Izquierda,PF76  ,-0.0018000000054598786,0.00033333333340124227,0.0033333333333303017,0.0018306040344137633,1.8306040344137633,169.5085230166953,-0.011688311723765445,0.0021645021649431316,0.02164502164500196,0.011887039184504957
12/03/2022,Izquierda,PF76  ,0.00019999999494757503,0.0,0.0,0.00019999999494757503,0.19999999494757503,360.0,0.00119760476016512,0.0,0.0,0.00119760476016512
30/03/2022,Izquierda,PF76  ,0.00019999999494757503,0.0,0.0,0.00019999999494757503,0.19999999494757503,360.0,0.0010810810537706759,0.0,0.0,0.0010810810537706759
06/04/2022,Izquierda,PF76  ,,,,,,,,,,
11/04/2022,Izquierda,PF76  ,,,,,,,,,,
18/04/2022,Izquierda,PF76  ,,,,,,,,,,
01/05/2022,Izquierda,PF76  ,9.999999747378752e-05,0.0,0.0,9.999999747378752e-05,0.09999999747378752,360.0,0.0004608294814460254,0.0,0.0,0.0004608294814460254
09/05/2022,Izquierda,PF76  ,,,,,,,,,,
16/05/2022,Izquierda,PF76  ,,,,,,,,,,
23/05/2022,Izquierda,PF76  ,9.999999747378752e-05,0.0,0.0,9.999999747378752e-05,0.09999999747378752,360.0,0.0004184100312710775,0.0,0.0,0.0004184100312710775
30/05/2022,Izquierda,PF76  ,,,,,,,,,,
13/06/2022,Izquierda,PF76  ,,,,,,,,,,
24/06/2022,Izquierda,PF76  ,9.999999747378752e-05,0.0,0.0,9.999999747378752e-05,0.09999999747378752,360.0,0.0003690036807150831,0.0,0.0,0.0003690036807150831
27/06/2022,Izquierda,PF76  ,,,,,,,,,,
04/07/2022,Izquierda,PF76  ,,,,,,,,,,
11/07/2022,Izquierda,PF76  ,,,,,,,,,,
23/07/2022,Izquierda,PF76  ,9.999999747378752e-05,0.0,0.0,9.999999747378752e-05,0.09999999747378752,360.0,0.000333333324912625,0.0,0.0,0.000333333324912625
01/08/2022,Izquierda,PF76  ,,,,,,,,,,
08/08/2022,Izquierda,PF76  ,,,,,,,,,,
16/08/2022,Izquierda,PF76  ,,,,,,,,,,
30/08/2022,Izquierda,PF76  ,,,,,,,,,,
13/11/2022,Izquierda,PF76  ,9.999999747378752e-05,0.0,0.0,9.999999747378752e-05,0.09999999747378752,360.0,2.228263235299869e-06,0.0,0.0,2.228263235299869e-06
13/11/2022,Izquierda,PF76  ,9.999999747378752e-05,0.0,0.0,9.999999747378752e-05,0.09999999747378752,360.0,2.228263235299869e-06,0.0,0.0,2.228263235299869e-06
09/02/2023,Izquierda,PF76  ,,,,,,,,,,
20/02/2023,Izquierda,PF76  ,9.999999747378752e-05,0.0,0.0,9.999999747378752e-05,0.09999999747378752,360.0,2.2233585493427198e-06,0.0,0.0,2.2233585493427198e-06
11/03/2023,Izquierda,PF76  ,,,,,,,,,,
15/03/2023,Izquierda,PF76  ,,,,,,,,,,
29/03/2023,Izquierda,PF76  ,9.999999747378752e-05,0.0,0.0,9.999999747378752e-05,0.09999999747378752,360.0,2.221531023099203e-06,0.0,0.0,2.221531023099203e-06
04/04/2023,Izquierda,PF76  ,,,,,,,,,,
12/04/2023,Izquierda,PF76  ,,,,,,,,,,
16/04/2023,Izquierda,PF76  ,,,,,,,,,,
25/04/2023,Izquierda,PF76  ,9.999999747378752e-05,0.0,0.0,9.999999747378752e-05,0.09999999747378752,360.0,2.2201993178168226e-06,0.0,0.0,2.2201993178168226e-06
09/05/2023,Izquierda,PF76  ,,,,,,,,,,
19/05/2023,Izquierda,PF76  ,,,,,,,,,,
27/05/2023,Izquierda,PF76  ,,,,,,,,,,
31/05/2023,Izquierda,PF76  ,,,,,,,,,,
11/06/2023,Izquierda,PF76  ,9.999999747378752e-05,0.0,-0.0006666666666319543,9.999999747378752e-05,0.09999999747378752,360.0,2.217884968811824e-06,0.0,-1.4785900164832202e-05,2.217884968811824e-06
19/06/2023,Izquierda,PF76  ,-0.0019000000029336661,0.002333333333808696,0.004333333333363498,0.0030090603945103415,3.0090603945103416,129.15543416021382,-4.213233996216219e-05,5.174147005962161e-05,9.609130152038979e-05,6.67256606907562e-05
06/07/2023,Izquierda,PF76  ,,,,,,,,,,
17/07/2023,Izquierda,PF76  ,-0.002899999999499414,-0.002666666667209938,0.00933333333335895,0.003939684138494501,3.9396841384945014,222.59978554988697,-6.426735217399641e-05,-5.9096415814421115e-05,0.00020683745530890326,8.730795449194445e-05
28/07/2023,Izquierda,PF76  ,,,,,,,,,,
19/08/2023,Izquierda,PF76  ,9.999999747378752e-05,0.00033333333340124227,0.00033333333334439885,0.00034801021630282813,0.34801021630282813,73.30075616758963,2.214496035471522e-06,7.381653639551836e-06,7.381653638293041e-06,7.706672637748925e-06
25/08/2023,Izquierda,PF76  ,,,,,,,,,,
24/09/2023,Izquierda,PF76  ,-0.0019000000029336661,0.00033333333340124227,0.00033333333334439885,0.0019290181757319746,1.9290181757319746,170.04937332511875,-4.2041909210135775e-05,7.3757735357520475e-06,7.375773534494254e-06,4.2684003622949895e-05
16/10/2023,Izquierda,PF76  ,,,,,,,,,,
01/11/2023,Izquierda,PF76  ,9.999999747378752e-05,0.00033333333340124227,0.00033333333334439885,0.00034801021630282813,0.34801021630282813,73.30075616758963,2.2108730179254827e-06,7.369576914090829e-06,7.369576912834093e-06,7.694064166231745e-06
14/09/2024,Izquierda,PF76  ,,,,,,,,,,
19/04/2025,Izquierda,PF76  ,-0.0019000000029336661,-0.0006666666668024845,0.00033333333334439885,0.0020135651108850357,2.0135651108850356,199.33480851383487,-4.151553561451003e-05,-1.4566854582058395e-05,7.283427289787153e-06,4.399696523368955e-05
24/05/2025,Izquierda,PF76  ,-0.0019000000029336661,-0.0006666666668024845,0.0023333333333539485,0.0020135651108850357,2.0135651108850356,199.33480851383487,-4.1483810461205345e-05,-1.4555722949334829e-05,5.094503031274314e-05,4.396334383277736e-05
06/10/2021,Izquierda,PF77  ,9.999999747378752e-05,0.00033333333340124227,0.0,0.00034801021630282813,0.34801021630282813,73.30075616758963,0.009999999747378752,0.03333333334012423,0.0,0.034801021630282813
10/10/2021,Izquierda,PF77  ,9.999999747378752e-05,-0.0006666666631645057,-0.0010000000000331966,0.000674124943367069,0.6741249433670691,278.5307654417685,0.007142856962413394,-0.04761904736889327,-0.07142857143094261,0.04815178166907636
19/10/2021,Izquierda,PF77  ,-0.000999999996565748,-0.0026666666635719594,0.002999999999985903,0.002848001244335666,2.848001244335666,249.44395482324686,-0.04347826072024991,-0.11594202885095475,0.13043478260808275,0.12382614105807242
28/10/2021,Izquierda,PF77  ,0.000999999996565748,-0.0006666666631645057,0.0049999999999954525,0.0012018504203545432,1.2018504203545433,326.3099325221219,0.031249999892679625,-0.020833333223890804,0.1562499999998579,0.03755782563607948
02/11/2021,Izquierda,PF77  ,0.000999999996565748,-0.0016666666633682325,0.004000000000019099,0.0019436506270198081,1.9436506270198082,300.96375649528983,0.027027026934209407,-0.04504504495589817,0.10810810810862431,0.05253109802756238
12/11/2021,Izquierda,PF77  ,-0.0029999999969732016,-0.0016666666633682325,0.007999999999981355,0.0034318767094145743,3.431876709414574,209.05460407548009,-0.06382978716964259,-0.03546099283762197,0.17021276595705012,0.07301865339179946
18/11/2021,Izquierda,PF77  ,0.000999999996565748,-0.0006666666631645057,0.0020000000000095497,0.0012018504203545432,1.2018504203545433,326.3099325221219,0.01886792446350468,-0.01257861628612275,0.037735849056783954,0.02267642302555742
24/11/2021,Izquierda,PF77  ,9.999999747378752e-05,0.0,0.0,9.999999747378752e-05,0.09999999747378752,360.0,0.0016949152114201275,0.0,0.0,0.0016949152114201275
01/12/2021,Izquierda,PF77  ,0.00019999999494757503,0.0,0.0,0.00019999999494757503,0.19999999494757503,360.0,0.003030302953751137,0.0,0.0,0.003030302953751137
09/12/2021,Izquierda,PF77  ,0.00019999999494757503,0.0,0.0,0.00019999999494757503,0.19999999494757503,360.0,0.0027027026344266895,0.0,0.0,0.0027027026344266895
30/01/2022,Izquierda,PF77  ,0.00019999999494757503,0.0,0.0,0.00019999999494757503,0.19999999494757503,360.0,0.0015873015472029765,0.0,0.0,0.0015873015472029765
11/02/2022,Izquierda,PF77  ,0.00019999999494757503,0.0,0.0,0.00019999999494757503,0.19999999494757503,360.0,0.0014492753257070654,0.0,0.0,0.0014492753257070654
27/02/2022,Izquierda,PF77  ,0.00019999999494757503,-0.0006666666631645057,0.0020000000000095497,0.0006960204291211046,0.6960204291211046,286.69924391846394,0.0012987012658933444,-0.0043290043062630245,0.012987012987074997,0.004519613176111069
12/03/2022,Izquierda,PF77  ,0.00019999999494757503,0.0,0.0,0.00019999999494757503,0.19999999494757503,360.0,0.00119760476016512,0.0,0.0,0.00119760476016512
30/03/2022,Izquierda,PF77  ,0.00019999999494757503,0.0,0.0,0.00019999999494757503,0.19999999494757503,360.0,0.0010810810537706759,0.0,0.0,0.0010810810537706759
06/04/2022,Izquierda,PF77  ,,,,,,,,,,
11/04/2022,Izquierda,PF77  ,,,,,,,,,,
18/04/2022,Izquierda,PF77  ,,,,,,,,,,
01/05/2022,Izquierda,PF77  ,9.999999747378752e-05,0.0,0.0,9.999999747378752e-05,0.09999999747378752,360.0,0.0004608294814460254,0.0,0.0,0.0004608294814460254
09/05/2022,Izquierda,PF77  ,,,,,,,,,,
16/05/2022,Izquierda,PF77  ,,,,,,,,,,
23/05/2022,Izquierda,PF77  ,9.999999747378752e-05,0.0,0.0,9.999999747378752e-05,0.09999999747378752,360.0,0.0004184100312710775,0.0,0.0,0.0004184100312710775
30/05/2022,Izquierda,PF77  ,,,,,,,,,,
13/06/2022,Izquierda,PF77  ,,,,,,,,,,
24/06/2022,Izquierda,PF77  ,9.999999747378752e-05,0.0,0.0,9.999999747378752e-05,0.09999999747378752,360.0,0.0003690036807150831,0.0,0.0,0.0003690036807150831
27/06/2022,Izquierda,PF77  ,,,,,,,,,,
04/07/2022,Izquierda,PF77  ,,,,,,,,,,
11/07/2022,Izquierda,PF77  ,,,,,,,,,,
23/07/2022,Izquierda,PF77  ,9.999999747378752e-05,0.0,0.0,9.999999747378752e-05,0.09999999747378752,360.0,0.000333333324912625,0.0,0.0,0.000333333324912625
01/08/2022,Izquierda,PF77  ,,,,,,,,,,
08/08/2022,Izquierda,PF77  ,,,,,,,,,,
16/08/2022,Izquierda,PF77  ,,,,,,,,,,
30/08/2022,Izquierda,PF77  ,,,,,,,,,,
13/11/2022,Izquierda,PF77  ,9.999999747378752e-05,0.0,0.0,9.999999747378752e-05,0.09999999747378752,360.0,2.228263235299869e-06,0.0,0.0,2.228263235299869e-06
13/11/2022,Izquierda,PF77  ,9.999999747378752e-05,0.0,0.0,9.999999747378752e-05,0.09999999747378752,360.0,2.228263235299869e-06,0.0,0.0,2.228263235299869e-06
09/02/2023,Izquierda,PF77  ,,,,,,,,,,
20/02/2023,Izquierda,PF77  ,9.999999747378752e-05,0.0,0.0,9.999999747378752e-05,0.09999999747378752,360.0,2.2233585493427198e-06,0.0,0.0,2.2233585493427198e-06
11/03/2023,Izquierda,PF77  ,,,,,,,,,,
15/03/2023,Izquierda,PF77  ,,,,,,,,,,
29/03/2023,Izquierda,PF77  ,-0.007600000004458707,-0.0018666666655917652,0.008600000000001273,0.00782588298584919,7.82588298584919,193.7994853805905,-0.00016883636211975623,-4.146858012155696e-05,0.00019105167281293094,0.00017385442275401407
04/04/2023,Izquierda,PF77  ,,,,,,,,,,
12/04/2023,Izquierda,PF77  ,,,,,,,,,,
16/04/2023,Izquierda,PF77  ,,,,,,,,,,
25/04/2023,Izquierda,PF77  ,-0.007900000004156027,-0.003666666663775686,0.009000000000014552,0.008709445705032504,8.709445705032504,204.89766540973056,-0.00017539575063067042,-8.140731031228627e-05,0.00019981794365166297,0.000193367059013621
09/05/2023,Izquierda,PF77  ,,,,,,,,,,
19/05/2023,Izquierda,PF77  ,,,,,,,,,,
27/05/2023,Izquierda,PF77  ,,,,,,,,,,
31/05/2023,Izquierda,PF77  ,,,,,,,,,,
11/06/2023,Izquierda,PF77  ,-0.007900000004156027,-0.004666666663979413,0.009000000000014552,0.009175389791085824,9.175389791085824,210.57108129762403,-0.00017521291705456057,-0.00010350130109961437,0.00019960965223595086,0.00020349959614721931
19/06/2023,Izquierda,PF77  ,-0.0008999999990919605,0.002333333333808696,0.004000000000019099,0.002500888731037095,2.500888731037095,111.09233948249872,-1.9957424141652486e-05,5.174147005962161e-05,8.869966294170435e-05,5.5456996874159466e-05
06/07/2023,Izquierda,PF77  ,,,,,,,,,,
17/07/2023,Izquierda,PF77  ,-0.0008999999990919605,0.00033333333340124227,0.009999999999990905,0.0009597453357646041,0.9597453357646041,159.67686314770776,-1.994504031318058e-05,7.387051976802639e-06,0.0002216115592587294,2.1269066035028014e-05
28/07/2023,Izquierda,PF77  ,,,,,,,,,,
19/08/2023,Izquierda,PF77  ,0.0010999999940395355,0.001333333333604969,0.0,0.0017285189514116175,1.7285189514116175,50.477368886961756,2.4359456873564132e-05,2.9526614558207344e-05,0.0,3.8277984618367416e-05
25/08/2023,Izquierda,PF77  ,,,,,,,,,,
24/09/2023,Izquierda,PF77  ,9.999999747378752e-05,0.002333333333808696,0.0,0.0023354752077805407,2.3354752077805405,87.54596838789054,2.212732004376508e-06,5.163041475026433e-05,0.0,5.1677808682330024e-05
16/10/2023,Izquierda,PF77  ,,,,,,,,,,
01/11/2023,Izquierda,PF77  ,9.999999747378752e-05,0.002333333333808696,0.0,0.0023354752077805407,2.3354752077805405,87.54596838789054,2.2108730179254827e-06,5.1587038398635806e-05,0.0,5.1634392513553555e-05
14/09/2024,Izquierda,PF77  ,,,,,,,,,,
19/04/2025,Izquierda,PF77  ,-0.0019000000029336661,0.0033333333340124227,0.0,0.0038368100196369253,3.8368100196369253,119.6831402121617,-4.151553561451003e-05,7.283427291029198e-05,0.0,8.383538040547405e-05
24/05/2025,Izquierda,PF77  ,9.999999747378752e-05,0.001333333333604969,0.0020000000000095497,0.0013370780747573782,1.3370780747573783,85.71084678000031,2.1833583867991423e-06,2.9111445898669658e-05,4.3667168839316816e-05,2.9193207020750165e-05
06/10/2021,Izquierda,PF79  ,-0.000999999996565748,-0.001333333333604969,0.005333333333339851,0.001666666664823424,1.666666664823424,233.1301024542076,-0.0999999996565748,-0.1333333333604969,0.5333333333339851,0.1666666664823424
10/10/2021,Izquierda,PF79  ,0.00010000000474974513,-0.001333333333604969,0.006333333333344626,0.0013370780753015467,1.3370780753015468,274.289153530912,0.0071428574821246526,-0.0952380952574978,0.452380952381759,0.09550557680725333
19/10/2021,Izquierda,PF79  ,-0.000999999996565748,-0.00033333333340124227,0.001333333333320752,0.001054092550152917,1.0540925501529168,198.43494888545425,-0.04347826072024991,-0.01449275362614097,0.0579710144922066,0.045830110876213775
28/10/2021,Izquierda,PF79  ,-0.01900000000023283,-0.0033333333340124227,0.006333333333344626,0.019290181728653724,19.290181728653724,189.9506266898188,-0.593750000007276,-0.10416666668788821,0.19791666666701957,0.6028181790204289
02/11/2021,Izquierda,PF79  ,-0.01299999999901047,-0.0033333333340124227,0.0033333333333303017,0.01342054809200841,13.42054809200841,194.38139459494823,-0.35135135132460726,-0.09009009010844386,0.09009009009000815,0.36271751600022734
12/11/2021,Izquierda,PF79  ,-0.000999999996565748,-0.0033333333340124227,-0.000666666666660376,0.003480102169300475,3.480102169300475,253.30075582337543,-0.02127659567161166,-0.07092198583005155,-0.014184397162986723,0.07404472700639309
18/11/2021,Izquierda,PF79  ,-0.000999999996565748,-0.0043333333342161495,0.001333333333320752,0.004447221354796762,4.447221354796762,257.0053832537531,-0.01886792446350468,-0.08176100630596508,0.02515723270416513,0.08390983688295778
24/11/2021,Izquierda,PF79  ,0.0051000000021304,-0.001333333333604969,-0.009666666666674928,0.00527141136700905,5.27141136700905,345.3486414311783,0.08644067800221018,-0.022598870061101173,-0.16384180790974454,0.08934595537303475
01/12/2021,Izquierda,PF79  ,9.999999747378752e-05,0.0,0.0,9.999999747378752e-05,0.09999999747378752,360.0,0.0015151514768755685,0.0,0.0,0.0015151514768755685
09/12/2021,Izquierda,PF79  ,-0.00789999999688007,-0.0033333333340124227,-0.011666666666656056,0.008574445233736318,8.574445233736318,202.87687181694028,-0.10675675671459553,-0.04504504505422193,-0.15765765765751427,0.11587088153697728
30/01/2022,Izquierda,PF79  ,,,,,,,,,,
11/02/2022,Izquierda,PF79  ,,,,,,,,,,
27/02/2022,Izquierda,PF79  ,,,,,,,,,,
12/03/2022,Izquierda,PF79  ,,,,,,,,,,
30/03/2022,Izquierda,PF79  ,,,,,,,,,,
06/04/2022,Izquierda,PF79  ,,,,,,,,,,
11/04/2022,Izquierda,PF79  ,,,,,,,,,,
18/04/2022,Izquierda,PF79  ,,,,,,,,,,
01/05/2022,Izquierda,PF79  ,,,,,,,,,,
09/05/2022,Izquierda,PF79  ,,,,,,,,,,
16/05/2022,Izquierda,PF79  ,,,,,,,,,,
23/05/2022,Izquierda,PF79  ,,,,,,,,,,
30/05/2022,Izquierda,PF79  ,,,,,,,,,,
13/06/2022,Izquierda,PF79  ,,,,,,,,,,
24/06/2022,Izquierda,PF79  ,,,,,,,,,,
27/06/2022,Izquierda,PF79  ,,,,,,,,,,
04/07/2022,Izquierda,PF79  ,,,,,,,,,,
11/07/2022,Izquierda,PF79  ,,,,,,,,,,
23/07/2022,Izquierda,PF79  ,,,,,,,,,,
01/08/2022,Izquierda,PF79  ,,,,,,,,,,
08/08/2022,Izquierda,PF79  ,,,,,,,,,,
16/08/2022,Izquierda,PF79  ,,,,,,,,,,
30/08/2022,Izquierda,PF79  ,,,,,,,,,,
13/11/2022,Izquierda,PF79  ,,,,,,,,,,
13/11/2022,Izquierda,PF79  ,,,,,,,,,,
09/02/2023,Izquierda,PF79  ,,,,,,,,,,
20/02/2023,Izquierda,PF79  ,,,,,,,,,,
11/03/2023,Izquierda,PF79  ,,,,,,,,,,
15/03/2023,Izquierda,PF79  ,,,,,,,,,,
29/03/2023,Izquierda,PF79  ,,,,,,,,,,
04/04/2023,Izquierda,PF79  ,,,,,,,,,,
12/04/2023,Izquierda,PF79  ,,,,,,,,,,
16/04/2023,Izquierda,PF79  ,,,,,,,,,,
25/04/2023,Izquierda,PF79  ,,,,,,,,,,
09/05/2023,Izquierda,PF79  ,,,,,,,,,,
19/05/2023,Izquierda,PF79  ,,,,,,,,,,
27/05/2023,Izquierda,PF79  ,,,,,,,,,,
31/05/2023,Izquierda,PF79  ,,,,,,,,,,
11/06/2023,Izquierda,PF79  ,,,,,,,,,,
19/06/2023,Izquierda,PF79  ,,,,,,,,,,
06/07/2023,Izquierda,PF79  ,,,,,,,,,,
17/07/2023,Izquierda,PF79  ,,,,,,,,,,
28/07/2023,Izquierda,PF79  ,,,,,,,,,,
19/08/2023,Izquierda,PF79  ,,,,,,,,,,
25/08/2023,Izquierda,PF79  ,,,,,,,,,,
24/09/2023,Izquierda,PF79  ,,,,,,,,,,
16/10/2023,Izquierda,PF79  ,,,,,,,,,,
06/10/2021,Izquierda,PF80 ,-0.0003333333370392211,0.0,0.0016666666666367291,0.0003333333370392211,0.3333333370392211,180.0,-0.03333333370392211,0.0,0.1666666666636729,0.03333333370392211
10/10/2021,Izquierda,PF80 ,-0.0003333333370392211,0.0,-0.0013333333333491737,0.0003333333370392211,0.3333333370392211,180.0,-0.023809524074230076,0.0,-0.09523809523922669,0.023809524074230076
19/10/2021,Izquierda,PF80 ,-0.010333333331800532,-0.0010000000002037268,0.000666666666660376,0.010381607666758908,10.381607666758908,185.52754015359017,-0.449275362252197,-0.04347826087842291,0.0289855072461033,0.4513742463808221
28/10/2021,Izquierda,PF80 ,-0.009333333335234784,-0.0010000000002037268,0.0076666666666369565,0.009386751895464816,9.386751895464815,186.1155035662854,-0.291666666726087,-0.03125000000636646,0.2395833333324049,0.2933359967332755
02/11/2021,Izquierda,PF80 ,-0.008333333331393078,-0.0010000000002037268,-0.0043333333333350765,0.008393118872773954,8.393118872773954,186.84277341558987,-0.2252252251727859,-0.02702702703253316,-0.11711711711716423,0.22684105061551224
12/11/2021,Izquierda,PF80 ,-0.00733333333482733,-0.0030000000006111804,-0.0033333333333587234,0.007923242884283985,7.923242884283985,202.24902365721238,-0.1560283688261134,-0.0638297872470464,-0.07092198581614305,0.16857963583582947
18/11/2021,Izquierda,PF80 ,-0.0003333333370392211,0.0,-0.0013333333333491737,0.0003333333370392211,0.3333333370392211,180.0,-0.006289308246023039,0.0,-0.025157232704701393,0.006289308246023039
24/11/2021,Izquierda,PF80 ,9.999999747378752e-05,0.0,0.0,9.999999747378752e-05,0.09999999747378752,360.0,0.0016949152114201275,0.0,0.0,0.0016949152114201275
01/12/2021,Izquierda,PF80 ,9.999999747378752e-05,0.0,0.0,9.999999747378752e-05,0.09999999747378752,360.0,0.0015151514768755685,0.0,0.0,0.0015151514768755685
09/12/2021,Izquierda,PF80 ,-0.006233333333511837,-0.0020000000004074536,-0.007333333333349401,0.006546330609455926,6.546330609455926,197.78913003186585,-0.08423423423664644,-0.02702702703253316,-0.09909909909931623,0.08846392715480982
30/01/2022,Izquierda,PF80 ,,,,,,,,,,
11/02/2022,Izquierda,PF80 ,,,,,,,,,,
27/02/2022,Izquierda,PF80 ,,,,,,,,,,
12/03/2022,Izquierda,PF80 ,,,,,,,,,,
30/03/2022,Izquierda,PF80 ,,,,,,,,,,
06/04/2022,Izquierda,PF80 ,,,,,,,,,,
11/04/2022,Izquierda,PF80 ,,,,,,,,,,
18/04/2022,Izquierda,PF80 ,,,,,,,,,,
01/05/2022,Izquierda,PF80 ,,,,,,,,,,
09/05/2022,Izquierda,PF80 ,,,,,,,,,,
16/05/2022,Izquierda,PF80 ,,,,,,,,,,
23/05/2022,Izquierda,PF80 ,,,,,,,,,,
30/05/2022,Izquierda,PF80 ,,,,,,,,,,
13/06/2022,Izquierda,PF80 ,,,,,,,,,,
24/06/2022,Izquierda,PF80 ,,,,,,,,,,
27/06/2022,Izquierda,PF80 ,,,,,,,,,,
04/07/2022,Izquierda,PF80 ,,,,,,,,,,
11/07/2022,Izquierda,PF80 ,,,,,,,,,,
23/07/2022,Izquierda,PF80 ,,,,,,,,,,
01/08/2022,Izquierda,PF80 ,,,,,,,,,,
08/08/2022,Izquierda,PF80 ,,,,,,,,,,
16/08/2022,Izquierda,PF80 ,,,,,,,,,,
30/08/2022,Izquierda,PF80 ,,,,,,,,,,
13/11/2022,Izquierda,PF80 ,,,,,,,,,,
13/11/2022,Izquierda,PF80 ,,,,,,,,,,
09/02/2023,Izquierda,PF80 ,,,,,,,,,,
20/02/2023,Izquierda,PF80 ,,,,,,,,,,
11/03/2023,Izquierda,PF80 ,,,,,,,,,,
15/03/2023,Izquierda,PF80 ,,,,,,,,,,
29/03/2023,Izquierda,PF80 ,,,,,,,,,,
04/04/2023,Izquierda,PF80 ,,,,,,,,,,
12/04/2023,Izquierda,PF80 ,,,,,,,,,,
16/04/2023,Izquierda,PF80 ,,,,,,,,,,
25/04/2023,Izquierda,PF80 ,,,,,,,,,,
09/05/2023,Izquierda,PF80 ,,,,,,,,,,
19/05/2023,Izquierda,PF80 ,,,,,,,,,,
27/05/2023,Izquierda,PF80 ,,,,,,,,,,
31/05/2023,Izquierda,PF80 ,,,,,,,,,,
11/06/2023,Izquierda,PF80 ,,,,,,,,,,
19/06/2023,Izquierda,PF80 ,,,,,,,,,,
06/07/2023,Izquierda,PF80 ,,,,,,,,,,
17/07/2023,Izquierda,PF80 ,,,,,,,,,,
28/07/2023,Izquierda,PF80 ,,,,,,,,,,
19/08/2023,Izquierda,PF80 ,,,,,,,,,,
25/08/2023,Izquierda,PF80 ,,,,,,,,,,
24/09/2023,Izquierda,PF80 ,,,,,,,,,,
16/10/2023,Izquierda,PF80 ,,,,,,,,,,
06/10/2021,Izquierda,PF81 ,0.005333333327143919,-0.001333333333604969,0.0010000000000047748,0.005497474161551481,5.497474161551481,345.9637565136817,0.5333333327143919,-0.1333333333604969,0.10000000000047748,0.5497474161551481
10/10/2021,Izquierda,PF81 ,0.005333333327143919,-0.001333333333604969,0.0049999999999954525,0.005497474161551481,5.497474161551481,345.9637565136817,0.3809523805102799,-0.0952380952574978,0.3571428571425323,0.3926767258251058
19/10/2021,Izquierda,PF81 ,-0.0006666666740784422,0.0016666666670062114,-0.0030000000000143245,0.001795054938779425,1.795054938779425,111.80140970198026,-0.02898550756862792,0.07246376813070483,-0.13043478260931846,0.07804586690345325
28/10/2021,Izquierda,PF81 ,-0.006666666668024845,0.002666666667209938,0.0,0.007180219744308809,7.1802197443088085,158.19859051364818,-0.20833333337577642,0.08333333335031057,0.0,0.22438186700965027
02/11/2021,Izquierda,PF81 ,-0.0006666666740784422,0.0006666666668024845,-0.009000000000014552,0.0009428090469190178,0.9428090469190178,135.00000031266123,-0.018018018218336273,0.018018018021688773,-0.24324324324363653,0.025481325592405887
12/11/2021,Izquierda,PF81 ,-0.0006666666740784422,-0.00033333333340124227,-0.006000000000000227,0.0007453559991595932,0.7453559991595933,206.565050926949,-0.014184397320817917,-0.007092198583005155,-0.12765957446808995,0.015858638279991347
18/11/2021,Izquierda,PF81 ,0.006333333330985624,-0.00033333333340124227,-0.009000000000014552,0.006342099194472588,6.3420991944725875,356.98721249408925,0.11949685530161555,-0.006289308177381929,-0.16981132075499153,0.11966224895231298
24/11/2021,Izquierda,PF81 ,0.008433333328866865,-0.00033333333340124227,-0.0049999999999954525,0.008439918373238752,8.439918373238752,357.736522919506,0.14293785303164178,-0.005649717515275293,-0.08474576271178733,0.14304946395319917
01/12/2021,Izquierda,PF81 ,9.999999747378752e-05,0.0,0.0,9.999999747378752e-05,0.09999999747378752,360.0,0.0015151514768755685,0.0,0.0,0.0015151514768755685
09/12/2021,Izquierda,PF81 ,9.999999747378752e-05,0.0,0.0,9.999999747378752e-05,0.09999999747378752,360.0,0.0013513513172133448,0.0,0.0,0.0013513513172133448
30/01/2022,Izquierda,PF81 ,0.011433333325840067,-0.00033333333340124227,-0.0030000000000143245,0.011438191380236716,11.438191380236717,358.330042148692,0.09074074068127037,-0.0026455026460416053,-0.023809523809637495,0.09077929666854537
11/02/2022,Izquierda,PF81 ,-0.0015666666731704026,-0.006333333330985624,0.0020000000000095497,0.006524228348716519,6.52422834871652,256.1057531562111,-0.01135265705195944,-0.0458937197897509,0.014492753623257606,0.04727701701968492
27/02/2022,Izquierda,PF81 ,0.000433333327237051,0.0016666666670062114,-0.007000000000005002,0.0017220788458731867,1.7220788458731868,75.42578400110855,0.002813852774266565,0.010822510824715657,-0.04545454545457794,0.011182330168007706
12/03/2022,Izquierda,PF81 ,9.999999747378752e-05,0.0,0.0,9.999999747378752e-05,0.09999999747378752,360.0,0.00059880238008256,0.0,0.0,0.00059880238008256
30/03/2022,Izquierda,PF81 ,,,,,,,,,,
06/04/2022,Izquierda,PF81 ,,,,,,,,,,
11/04/2022,Izquierda,PF81 ,,,,,,,,,,
18/04/2022,Izquierda,PF81 ,,,,,,,,,,
01/05/2022,Izquierda,PF81 ,,,,,,,,,,
09/05/2022,Izquierda,PF81 ,,,,,,,,,,
16/05/2022,Izquierda,PF81 ,,,,,,,,,,
23/05/2022,Izquierda,PF81 ,,,,,,,,,,
30/05/2022,Izquierda,PF81 ,,,,,,,,,,
13/06/2022,Izquierda,PF81 ,,,,,,,,,,
24/06/2022,Izquierda,PF81 ,,,,,,,,,,
27/06/2022,Izquierda,PF81 ,,,,,,,,,,
04/07/2022,Izquierda,PF81 ,,,,,,,,,,
11/07/2022,Izquierda,PF81 ,,,,,,,,,,
23/07/2022,Izquierda,PF81 ,,,,,,,,,,
01/08/2022,Izquierda,PF81 ,,,,,,,,,,
08/08/2022,Izquierda,PF81 ,,,,,,,,,,
16/08/2022,Izquierda,PF81 ,,,,,,,,,,
30/08/2022,Izquierda,PF81 ,,,,,,,,,,
13/11/2022,Izquierda,PF81 ,,,,,,,,,,
13/11/2022,Izquierda,PF81 ,,,,,,,,,,
09/02/2023,Izquierda,PF81 ,,,,,,,,,,
20/02/2023,Izquierda,PF81 ,,,,,,,,,,
11/03/2023,Izquierda,PF81 ,,,,,,,,,,
15/03/2023,Izquierda,PF81 ,,,,,,,,,,
29/03/2023,Izquierda,PF81 ,,,,,,,,,,
04/04/2023,Izquierda,PF81 ,,,,,,,,,,
12/04/2023,Izquierda,PF81 ,,,,,,,,,,
16/04/2023,Izquierda,PF81 ,,,,,,,,,,
25/04/2023,Izquierda,PF81 ,,,,,,,,,,
09/05/2023,Izquierda,PF81 ,,,,,,,,,,
19/05/2023,Izquierda,PF81 ,,,,,,,,,,
27/05/2023,Izquierda,PF81 ,,,,,,,,,,
31/05/2023,Izquierda,PF81 ,,,,,,,,,,
11/06/2023,Izquierda,PF81 ,,,,,,,,,,
19/06/2023,Izquierda,PF81 ,,,,,,,,,,
06/07/2023,Izquierda,PF81 ,,,,,,,,,,
17/07/2023,Izquierda,PF81 ,,,,,,,,,,
28/07/2023,Izquierda,PF81 ,,,,,,,,,,
19/08/2023,Izquierda,PF81 ,,,,,,,,,,
25/08/2023,Izquierda,PF81 ,,,,,,,,,,
24/09/2023,Izquierda,PF81 ,,,,,,,,,,
16/10/2023,Izquierda,PF81 ,,,,,,,,,,
06/10/2021,Izquierda,PF82 ,0.002666666667209938,-0.0010000000002037268,0.000666666666660376,0.0028480012490193912,2.8480012490193913,339.44395478041656,0.2666666667209938,-0.10000000002037268,0.0666666666660376,0.2848001249019391
10/10/2021,Izquierda,PF82 ,0.010666666668839753,0.0,0.000666666666660376,0.010666666668839753,10.666666668839753,360.0,0.7619047620599824,0.0,0.04761904761859829,0.7619047620599824
19/10/2021,Izquierda,PF82 ,-0.0003333333370392211,0.0010000000002037268,0.0016666666666651508,0.0010540925547546367,1.0540925547546367,108.43494901051875,-0.01449275378431396,0.04347826087842291,0.07246376811587613,0.04583011107628855
28/10/2021,Izquierda,PF82 ,-0.009333333335234784,0.0010000000002037268,0.000666666666660376,0.009386751895464816,9.386751895464815,173.8844964337146,-0.291666666726087,0.03125000000636646,0.02083333333313675,0.2933359967332755
02/11/2021,Izquierda,PF82 ,-0.0003333333370392211,0.0,-0.005333333333339851,0.0003333333370392211,0.3333333370392211,180.0,-0.009009009109168136,0.0,-0.1441441441443203,0.009009009109168136
12/11/2021,Izquierda,PF82 ,-0.006333333330985624,-0.0010000000002037268,-0.0043333333333350765,0.0064117946849365755,6.4117946849365755,188.97262661996658,-0.13475177299969412,-0.021276595749015467,-0.09219858156032078,0.13642116350928885
18/11/2021,Izquierda,PF82 ,0.002666666667209938,0.0010000000002037268,-0.002333333333325527,0.0028480012490193912,2.8480012490193913,20.556045219583464,0.05031446541905543,0.018867924532145787,-0.044025157232557115,0.05373587262300738
24/11/2021,Izquierda,PF82 ,0.011766666662879288,0.0010000000002037268,-0.0033333333333303017,0.011809083129342524,11.809083129342524,4.857657187086305,0.1994350281843947,0.01694915254582588,-0.056497175141191555,0.20015395134478856
01/12/2021,Izquierda,PF82 ,9.999999747378752e-05,0.0,0.0,9.999999747378752e-05,0.09999999747378752,360.0,0.0015151514768755685,0.0,0.0,0.0015151514768755685
09/12/2021,Izquierda,PF82 ,-0.00823333333391929,-0.0010000000002037268,-0.015333333333330756,0.008293839749346136,8.293839749346136,186.92508173930173,-0.1112612612691796,-0.01351351351626658,-0.2072072072071724,0.11207891553170454
30/01/2022,Izquierda,PF82 ,,,,,,,,,,
11/02/2022,Izquierda,PF82 ,,,,,,,,,,
27/02/2022,Izquierda,PF82 ,,,,,,,,,,
12/03/2022,Izquierda,PF82 ,,,,,,,,,,
30/03/2022,Izquierda,PF82 ,,,,,,,,,,
06/04/2022,Izquierda,PF82 ,,,,,,,,,,
11/04/2022,Izquierda,PF82 ,,,,,,,,,,
18/04/2022,Izquierda,PF82 ,,,,,,,,,,
01/05/2022,Izquierda,PF82 ,,,,,,,,,,
09/05/2022,Izquierda,PF82 ,,,,,,,,,,
16/05/2022,Izquierda,PF82 ,,,,,,,,,,
23/05/2022,Izquierda,PF82 ,,,,,,,,,,
30/05/2022,Izquierda,PF82 ,,,,,,,,,,
13/06/2022,Izquierda,PF82 ,,,,,,,,,,
24/06/2022,Izquierda,PF82 ,,,,,,,,,,
27/06/2022,Izquierda,PF82 ,,,,,,,,,,
04/07/2022,Izquierda,PF82 ,,,,,,,,,,
11/07/2022,Izquierda,PF82 ,,,,,,,,,,
23/07/2022,Izquierda,PF82 ,,,,,,,,,,
01/08/2022,Izquierda,PF82 ,,,,,,,,,,
08/08/2022,Izquierda,PF82 ,,,,,,,,,,
16/08/2022,Izquierda,PF82 ,,,,,,,,,,
30/08/2022,Izquierda,PF82 ,,,,,,,,,,
13/11/2022,Izquierda,PF82 ,,,,,,,,,,
13/11/2022,Izquierda,PF82 ,,,,,,,,,,
09/02/2023,Izquierda,PF82 ,,,,,,,,,,
20/02/2023,Izquierda,PF82 ,,,,,,,,,,
11/03/2023,Izquierda,PF82 ,,,,,,,,,,
15/03/2023,Izquierda,PF82 ,,,,,,,,,,
29/03/2023,Izquierda,PF82 ,,,,,,,,,,
04/04/2023,Izquierda,PF82 ,,,,,,,,,,
12/04/2023,Izquierda,PF82 ,,,,,,,,,,
16/04/2023,Izquierda,PF82 ,,,,,,,,,,
25/04/2023,Izquierda,PF82 ,,,,,,,,,,
09/05/2023,Izquierda,PF82 ,,,,,,,,,,
19/05/2023,Izquierda,PF82 ,,,,,,,,,,
27/05/2023,Izquierda,PF82 ,,,,,,,,,,
31/05/2023,Izquierda,PF82 ,,,,,,,,,,
11/06/2023,Izquierda,PF82 ,,,,,,,,,,
19/06/2023,Izquierda,PF82 ,,,,,,,,,,
06/07/2023,Izquierda,PF82 ,,,,,,,,,,
17/07/2023,Izquierda,PF82 ,,,,,,,,,,
28/07/2023,Izquierda,PF82 ,,,,,,,,,,
19/08/2023,Izquierda,PF82 ,,,,,,,,,,
25/08/2023,Izquierda,PF82 ,,,,,,,,,,
24/09/2023,Izquierda,PF82 ,,,,,,,,,,
16/10/2023,Izquierda,PF82 ,,,,,,,,,,
06/10/2021,Izquierda,PF83 ,-0.000999999996565748,-0.0006666666668024845,0.0030000000000143245,0.0012018504223725308,1.2018504223725308,213.69006762218325,-0.0999999996565748,-0.06666666668024845,0.30000000000143245,0.12018504223725308
10/10/2021,Izquierda,PF83 ,0.00010000000474974513,-0.0006666666668024845,0.007000000000005002,0.0006741249480441174,0.6741249480441174,278.5307660074636,0.0071428574821246526,-0.0476190476287489,0.5000000000003573,0.04815178200315124
19/10/2021,Izquierda,PF83 ,-0.004000000000814907,0.0013333333299669903,0.006000000000000227,0.004216370213266397,4.216370213266397,161.56505122397718,-0.17391304351369163,0.05797101434639088,0.2608695652174012,0.18332044405506076
28/10/2021,Izquierda,PF83 ,-0.006999999997788109,-0.0006666666668024845,0.008000000000009777,0.007031674367720612,7.031674367720612,185.44033203381593,-0.2187499999308784,-0.020833333337577642,0.25000000000030553,0.21973982399126912
02/11/2021,Izquierda,PF83 ,-0.010999999998603016,-0.002666666667209938,0.003999999999990678,0.011318617896336765,11.318617896336765,193.62699486423028,-0.29729729725954096,-0.07207207208675509,0.10810810810785615,0.30590859179288554
12/11/2021,Izquierda,PF83 ,-0.0020000000004074536,-0.0006666666668024845,0.0030000000000143245,0.0021081851072084134,2.1081851072084135,198.43494882292202,-0.04255319149803093,-0.01418439716601031,0.06382978723434733,0.04485500228103007
18/11/2021,Izquierda,PF83 ,0.0010000000038417056,-0.0006666666668024845,0.0010000000000047748,0.0012018504284264935,1.2018504284264935,326.3099325702237,0.018867924600786897,-0.012578616354763858,0.018867924528391977,0.022676423177858368
24/11/2021,Izquierda,PF83 ,0.0051000000021304,0.00033333332976326346,-0.0010000000000047748,0.005110881639253755,5.110881639253755,3.739503321436194,0.08644067800221018,0.005649717453614635,-0.01694915254245381,0.08662511252972467
01/12/2021,Izquierda,PF83 ,9.999999747378752e-05,0.0,0.0,9.999999747378752e-05,0.09999999747378752,360.0,0.0015151514768755685,0.0,0.0,0.0015151514768755685
09/12/2021,Izquierda,PF83 ,9.999999747378752e-05,0.0,0.0,9.999999747378752e-05,0.09999999747378752,360.0,0.0013513513172133448,0.0,0.0,0.0013513513172133448
30/01/2022,Izquierda,PF83 ,,,,,,,,,,
11/02/2022,Izquierda,PF83 ,,,,,,,,,,
27/02/2022,Izquierda,PF83 ,,,,,,,,,,
12/03/2022,Izquierda,PF83 ,,,,,,,,,,
30/03/2022,Izquierda,PF83 ,,,,,,,,,,
06/04/2022,Izquierda,PF83 ,,,,,,,,,,
11/04/2022,Izquierda,PF83 ,,,,,,,,,,
18/04/2022,Izquierda,PF83 ,,,,,,,,,,
01/05/2022,Izquierda,PF83 ,,,,,,,,,,
09/05/2022,Izquierda,PF83 ,,,,,,,,,,
16/05/2022,Izquierda,PF83 ,,,,,,,,,,
23/05/2022,Izquierda,PF83 ,,,,,,,,,,
30/05/2022,Izquierda,PF83 ,,,,,,,,,,
13/06/2022,Izquierda,PF83 ,,,,,,,,,,
24/06/2022,Izquierda,PF83 ,,,,,,,,,,
27/06/2022,Izquierda,PF83 ,,,,,,,,,,
04/07/2022,Izquierda,PF83 ,,,,,,,,,,
11/07/2022,Izquierda,PF83 ,,,,,,,,,,
23/07/2022,Izquierda,PF83 ,,,,,,,,,,
01/08/2022,Izquierda,PF83 ,,,,,,,,,,
08/08/2022,Izquierda,PF83 ,,,,,,,,,,
16/08/2022,Izquierda,PF83 ,,,,,,,,,,
30/08/2022,Izquierda,PF83 ,,,,,,,,,,
13/11/2022,Izquierda,PF83 ,,,,,,,,,,
13/11/2022,Izquierda,PF83 ,,,,,,,,,,
09/02/2023,Izquierda,PF83 ,,,,,,,,,,
20/02/2023,Izquierda,PF83 ,,,,,,,,,,
11/03/2023,Izquierda,PF83 ,,,,,,,,,,
15/03/2023,Izquierda,PF83 ,,,,,,,,,,
29/03/2023,Izquierda,PF83 ,,,,,,,,,,
04/04/2023,Izquierda,PF83 ,,,,,,,,,,
12/04/2023,Izquierda,PF83 ,,,,,,,,,,
16/04/2023,Izquierda,PF83 ,,,,,,,,,,
25/04/2023,Izquierda,PF83 ,,,,,,,,,,
09/05/2023,Izquierda,PF83 ,,,,,,,,,,
19/05/2023,Izquierda,PF83 ,,,,,,,,,,
27/05/2023,Izquierda,PF83 ,,,,,,,,,,
31/05/2023,Izquierda,PF83 ,,,,,,,,,,
11/06/2023,Izquierda,PF83 ,,,,,,,,,,
19/06/2023,Izquierda,PF83 ,,,,,,,,,,
06/07/2023,Izquierda,PF83 ,,,,,,,,,,
17/07/2023,Izquierda,PF83 ,,,,,,,,,,
28/07/2023,Izquierda,PF83 ,,,,,,,,,,
19/08/2023,Izquierda,PF83 ,,,,,,,,,,
25/08/2023,Izquierda,PF83 ,,,,,,,,,,
24/09/2023,Izquierda,PF83 ,,,,,,,,,,
16/10/2023,Izquierda,PF83 ,,,,,,,,,,
06/10/2021,Izquierda,IN1-C1,-0.0006666666668024845,-0.0010000000002037268,-0.0013333333332923303,0.0012018504253995122,1.2018504253995121,236.30993247402023,-0.06666666668024845,-0.10000000002037268,-0.13333333332923303,0.12018504253995121
10/10/2021,Izquierda,IN1-C1,0.001333333333604969,-0.001999999996769475,0.0006666666666887977,0.002403700847772043,2.403700847772043,303.6900675740815,0.0952380952574978,-0.14285714262639107,0.04761904762062841,0.17169291769800307
19/10/2021,Izquierda,IN1-C1,0.00033333332976326346,-0.0010000000002037268,0.0006666666666887977,0.001054092552453777,1.054092552453777,288.43494863532527,0.014492753467967976,-0.04347826087842291,0.02898550724733903,0.04583011097625117
28/10/2021,Izquierda,IN1-C1,0.001333333333604969,0.0010000000002037268,0.0006666666666887977,0.0016666666670062114,1.6666666670062114,36.86989764584402,0.041666666675155284,0.03125000000636646,0.020833333334024928,0.052083333343944105
02/11/2021,Izquierda,IN1-C1,0.00033333332976326346,0.0010000000002037268,0.0016666666666935726,0.001054092552453777,1.054092552453777,71.56505136467474,0.009009008912520634,0.02702702703253316,0.04504504504577223,0.028488987904156132
12/11/2021,Izquierda,IN1-C1,0.001333333333604969,0.0010000000002037268,-0.0013333333332923303,0.0016666666670062114,1.6666666670062114,36.86989764584402,0.02836879433202062,0.021276595749015467,-0.028368794325368728,0.035460992915025774
18/11/2021,Izquierda,IN1-C1,0.001333333333604969,0.0020000000004074536,0.0006666666666887977,0.0024037008507990245,2.4037008507990243,56.309932474020215,0.025157232709527716,0.037735849064291574,0.012578616352618824,0.04535284624149103
24/11/2021,Izquierda,IN1-C1,-0.0015666666731704026,0.005000000001018634,-0.002333333333297105,0.005239698891635774,5.239698891635774,107.39751295013912,-0.026553672426616992,0.0847457627291294,-0.039548022598256016,0.08880845579043685
01/12/2021,Izquierda,IN1-C1,9.999999747378752e-05,0.0,0.0,9.999999747378752e-05,0.09999999747378752,360.0,0.0015151514768755685,0.0,0.0,0.0015151514768755685
09/12/2021,Izquierda,IN1-C1,9.999999747378752e-05,0.0,0.0,9.999999747378752e-05,0.09999999747378752,360.0,0.0013513513172133448,0.0,0.0,0.0013513513172133448
30/01/2022,Izquierda,IN1-C1,9.999999747378752e-05,0.0,0.0,9.999999747378752e-05,0.09999999747378752,360.0,0.0007936507736014882,0.0,0.0,0.0007936507736014882
11/02/2022,Izquierda,IN1-C1,-0.004566666670143604,-0.0039999999971769284,-0.00333333333330188,0.006070786147906702,6.070786147906702,221.2155200488478,-0.033091787464808724,-0.028985507225919773,-0.024154589371752754,0.04399120397033842
27/02/2022,Izquierda,IN1-C1,-0.000566666669328697,0.0,-0.00033333333331597714,0.000566666669328697,0.566666669328697,180.0,-0.003679653696939591,0.0,-0.002164502164389462,0.003679653696939591
12/03/2022,Izquierda,IN1-C1,9.999999747378752e-05,0.0,0.0,9.999999747378752e-05,0.09999999747378752,360.0,0.00059880238008256,0.0,0.0,0.00059880238008256
30/03/2022,Izquierda,IN1-C1,9.999999747378752e-05,0.0,0.0,9.999999747378752e-05,0.09999999747378752,360.0,0.0005405405268853379,0.0,0.0,0.0005405405268853379
06/04/2022,Izquierda,IN1-C1,,,,,,,,,,
11/04/2022,Izquierda,IN1-C1,,,,,,,,,,
18/04/2022,Izquierda,IN1-C1,,,,,,,,,,
01/05/2022,Izquierda,IN1-C1,9.999999747378752e-05,0.0,0.0,9.999999747378752e-05,0.09999999747378752,360.0,0.0004608294814460254,0.0,0.0,0.0004608294814460254
09/05/2022,Izquierda,IN1-C1,,,,,,,,,,
16/05/2022,Izquierda,IN1-C1,,,,,,,,,,
23/05/2022,Izquierda,IN1-C1,9.999999747378752e-05,0.0,0.0,9.999999747378752e-05,0.09999999747378752,360.0,0.0004184100312710775,0.0,0.0,0.0004184100312710775
30/05/2022,Izquierda,IN1-C1,,,,,,,,,,
13/06/2022,Izquierda,IN1-C1,,,,,,,,,,
24/06/2022,Izquierda,IN1-C1,9.999999747378752e-05,0.0,0.0,9.999999747378752e-05,0.09999999747378752,360.0,0.0003690036807150831,0.0,0.0,0.0003690036807150831
27/06/2022,Izquierda,IN1-C1,,,,,,,,,,
04/07/2022,Izquierda,IN1-C1,,,,,,,,,,
11/07/2022,Izquierda,IN1-C1,,,,,,,,,,
23/07/2022,Izquierda,IN1-C1,-0.00556666667398531,0.0030000000006111804,-0.002333333333297105,0.006323589001739895,6.323589001739895,151.67878878857553,-0.018555555579951033,0.010000000002037268,-0.007777777777657017,0.02107863000579965
01/08/2022,Izquierda,IN1-C1,,,,,,,,,,
08/08/2022,Izquierda,IN1-C1,,,,,,,,,,
16/08/2022,Izquierda,IN1-C1,,,,,,,,,,
30/08/2022,Izquierda,IN1-C1,,,,,,,,,,
13/11/2022,Izquierda,IN1-C1,9.999999747378752e-05,0.0,0.0,9.999999747378752e-05,0.09999999747378752,360.0,2.228263235299869e-06,0.0,0.0,2.228263235299869e-06
13/11/2022,Izquierda,IN1-C1,9.999999747378752e-05,0.0,0.0,9.999999747378752e-05,0.09999999747378752,360.0,2.228263235299869e-06,0.0,0.0,2.228263235299869e-06
09/02/2023,Izquierda,IN1-C1,,,,,,,,,,
20/02/2023,Izquierda,IN1-C1,9.999999747378752e-05,0.0,0.0,9.999999747378752e-05,0.09999999747378752,360.0,2.2233585493427198e-06,0.0,0.0,2.2233585493427198e-06
11/03/2023,Izquierda,IN1-C1,,,,,,,,,,
15/03/2023,Izquierda,IN1-C1,,,,,,,,,,
29/03/2023,Izquierda,IN1-C1,9.999999747378752e-05,0.0,0.0,9.999999747378752e-05,0.09999999747378752,360.0,2.221531023099203e-06,0.0,0.0,2.221531023099203e-06
04/04/2023,Izquierda,IN1-C1,,,,,,,,,,
12/04/2023,Izquierda,IN1-C1,,,,,,,,,,
16/04/2023,Izquierda,IN1-C1,,,,,,,,,,
25/04/2023,Izquierda,IN1-C1,9.999999747378752e-05,0.0,0.0,9.999999747378752e-05,0.09999999747378752,360.0,2.2201993178168226e-06,0.0,0.0,2.2201993178168226e-06
09/05/2023,Izquierda,IN1-C1,,,,,,,,,,
19/05/2023,Izquierda,IN1-C1,,,,,,,,,,
27/05/2023,Izquierda,IN1-C1,,,,,,,,,,
31/05/2023,Izquierda,IN1-C1,,,,,,,,,,
11/06/2023,Izquierda,IN1-C1,-0.000566666669328697,-0.0010000000002037268,-0.0013333333332923303,0.0011493959781274392,1.1493959781274392,240.4612176299981,-1.2568015199802543e-05,-2.2178850252921546e-05,-2.9571800330294765e-05,2.5492281275005304e-05
19/06/2023,Izquierda,IN1-C1,-0.01556666666874662,-0.007999999997991836,-0.00333333333330188,0.017502031629034853,17.502031629034853,207.1994759486665,-0.000345189521659274,-0.00017739932583803075,-7.391638578370322e-05,0.0003881060765707569
06/07/2023,Izquierda,IN1-C1,,,,,,,,,,
17/07/2023,Izquierda,IN1-C1,-0.014566666672180872,-0.001999999996769475,0.0016666666666935726,0.014703325403646036,14.703325403646037,187.81781679642174,-0.00032281417144271055,-4.4322311780194015e-05,3.6935259877084754e-05,0.0003258426868993448
28/07/2023,Izquierda,IN1-C1,,,,,,,,,,
19/08/2023,Izquierda,IN1-C1,-0.010566666671365965,-0.0010000000002037268,-0.002333333333297105,0.010613879806374469,10.613879806374468,185.40621217099942,-0.00023399842043018724,-2.214496091865551e-05,-5.16715754655337e-05,0.00023504395345958477
25/08/2023,Izquierda,IN1-C1,,,,,,,,,,
24/09/2023,Izquierda,IN1-C1,-0.0075666666743927635,-0.0029999999969732016,-0.0013333333332923303,0.008139683319589605,8.139683319589604,201.62712624406663,-0.0001674300593984193,-6.63819617412697e-05,-2.950309413609033e-05,0.00018010938241740102
16/10/2023,Izquierda,IN1-C1,,,,,,,,,,
01/11/2023,Izquierda,IN1-C1,-0.0075666666743927635,-0.001999999996769475,-0.00033333333331597714,0.007826521867882562,7.826521867882562,194.80566528893758,-0.00016728939608659467,-4.421746140411388e-05,-7.369576912205725e-06,0.00017303446459027133
14/09/2024,Izquierda,IN1-C1,-0.0075666666743927635,-0.004999999997380655,-0.00033333333331597714,0.00906942360545435,9.06942360545435,213.45644684515403,-0.0001661214664294005,-0.00010977189394675306,-7.318126266569565e-06,0.00019911356133953215
19/04/2025,Izquierda,IN1-C1,-0.009566666674800217,-0.006999999997788109,-0.00533333333331143,0.011854160081413047,11.854160081413047,216.1932072737223,-0.00020903436338767247,-0.0001529519730321223,-0.0001165348366322473,0.0002590167390948094
24/05/2025,Izquierda,IN1-C1,-0.010566666671365965,-0.005999999997584382,0.0006666666666887977,0.012151314517975777,12.151314517975777,209.5889217306583,-0.00023070820880255813,-0.00013100150646458335,1.455572294685264e-05,0.0002653067513367782
06/10/2021,Izquierda,IN-D1,0.00010000000474974513,0.0033333333340124227,0.0006666666666887977,0.003334832996806335,3.3348329968063353,88.28164191712573,0.010000000474974513,0.33333333340124227,0.06666666666887977,0.3334832996806335
10/10/2021,Izquierda,IN-D1,0.00010000000474974513,0.00033333333340124227,0.011666666666684478,0.0003480102183935592,0.3480102183935592,73.30075502020892,0.0071428574821246526,0.02380952381437445,0.8333333333346056,0.024857872742397084
19/10/2021,Izquierda,IN-D1,-0.000999999996565748,0.00033333333340124227,0.006666666666689025,0.001054092550152917,1.0540925501529168,161.56505111454575,-0.04347826072024991,0.01449275362614097,0.2898550724647402,0.045830110876213775
28/10/2021,Izquierda,IN-D1,-0.000999999996565748,-0.0006666666631645057,0.004666666666679475,0.0012018504203545432,1.2018504203545433,213.69006747787807,-0.031249999892679625,-0.020833333223890804,0.1458333333337336,0.03755782563607948
02/11/2021,Izquierda,IN-D1,0.00010000000474974513,0.002333333333808696,0.011666666666684478,0.002335475208092082,2.335475208092082,87.54596820955452,0.0027027028310741925,0.0630630630759107,0.31531531531579665,0.06312095157005626
12/11/2021,Izquierda,IN-D1,0.0010000000038417056,-0.0006666666631645057,0.0006666666666887977,0.0012018504264085061,1.2018504264085061,326.3099327145289,0.02127659582641927,-0.014184397088606505,0.01418439716359144,0.025571285668266087
18/11/2021,Izquierda,IN-D1,0.0020000000004074536,-0.003666666663775686,0.0016666666666651508,0.004176654693037687,4.176654693037687,298.61045968986286,0.037735849064291574,-0.06918238988256012,0.03144654088047455,0.07880480552901298
24/11/2021,Izquierda,IN-D1,0.0011000000013154931,0.005333333334419876,-0.002333333333325527,0.0054455894500897075,5.445589450089708,78.34615940291928,0.01864406781890666,0.09039548024440469,-0.03954802259873774,0.0922981262727069
01/12/2021,Izquierda,IN-D1,9.999999747378752e-05,0.0,0.0,9.999999747378752e-05,0.09999999747378752,360.0,0.0015151514768755685,0.0,0.0,0.0015151514768755685
09/12/2021,Izquierda,IN-D1,9.999999747378752e-05,0.0,0.0,9.999999747378752e-05,0.09999999747378752,360.0,0.0013513513172133448,0.0,0.0,0.0013513513172133448
30/01/2022,Izquierda,IN-D1,9.999999747378752e-05,0.0,0.0,9.999999747378752e-05,0.09999999747378752,360.0,0.0007936507736014882,0.0,0.0,0.0007936507736014882
11/02/2022,Izquierda,IN-D1,-0.008900000000721775,-0.0016666666633682325,-0.00533333333331143,0.009054710253764645,9.054710253764645,190.60669827186499,-0.06449275362841865,-0.012077294662088641,-0.03864734299501036,0.0656138424185844
27/02/2022,Izquierda,IN-D1,9.999999747378752e-05,0.002333333333808696,0.013666666666665606,0.0023354752077805407,2.3354752077805405,87.54596838789054,0.0006493506329466722,0.015151515154601922,0.08874458874458185,0.015165423427146368
12/03/2022,Izquierda,IN-D1,9.999999747378752e-05,0.0,0.0,9.999999747378752e-05,0.09999999747378752,360.0,0.00059880238008256,0.0,0.0,0.00059880238008256
30/03/2022,Izquierda,IN-D1,9.999999747378752e-05,0.0,0.0,9.999999747378752e-05,0.09999999747378752,360.0,0.0005405405268853379,0.0,0.0,0.0005405405268853379
06/04/2022,Izquierda,IN-D1,,,,,,,,,,
11/04/2022,Izquierda,IN-D1,,,,,,,,,,
18/04/2022,Izquierda,IN-D1,,,,,,,,,,
01/05/2022,Izquierda,IN-D1,9.999999747378752e-05,0.0,0.0,9.999999747378752e-05,0.09999999747378752,360.0,0.0004608294814460254,0.0,0.0,0.0004608294814460254
09/05/2022,Izquierda,IN-D1,,,,,,,,,,
16/05/2022,Izquierda,IN-D1,,,,,,,,,,
23/05/2022,Izquierda,IN-D1,9.999999747378752e-05,0.0,0.0,9.999999747378752e-05,0.09999999747378752,360.0,0.0004184100312710775,0.0,0.0,0.0004184100312710775
30/05/2022,Izquierda,IN-D1,,,,,,,,,,
13/06/2022,Izquierda,IN-D1,,,,,,,,,,
24/06/2022,Izquierda,IN-D1,9.999999747378752e-05,0.0,0.0,9.999999747378752e-05,0.09999999747378752,360.0,0.0003690036807150831,0.0,0.0,0.0003690036807150831
27/06/2022,Izquierda,IN-D1,,,,,,,,,,
04/07/2022,Izquierda,IN-D1,,,,,,,,,,
11/07/2022,Izquierda,IN-D1,,,,,,,,,,
23/07/2022,Izquierda,IN-D1,9.999999747378752e-05,0.0,0.0,9.999999747378752e-05,0.09999999747378752,360.0,0.000333333324912625,0.0,0.0,0.000333333324912625
01/08/2022,Izquierda,IN-D1,,,,,,,,,,
08/08/2022,Izquierda,IN-D1,,,,,,,,,,
16/08/2022,Izquierda,IN-D1,,,,,,,,,,
30/08/2022,Izquierda,IN-D1,,,,,,,,,,
13/11/2022,Izquierda,IN-D1,9.999999747378752e-05,0.0,0.0,9.999999747378752e-05,0.09999999747378752,360.0,2.228263235299869e-06,0.0,0.0,2.228263235299869e-06
13/11/2022,Izquierda,IN-D1,9.999999747378752e-05,0.0,0.0,9.999999747378752e-05,0.09999999747378752,360.0,2.228263235299869e-06,0.0,0.0,2.228263235299869e-06
09/02/2023,Izquierda,IN-D1,,,,,,,,,,
20/02/2023,Izquierda,IN-D1,9.999999747378752e-05,0.0,0.0,9.999999747378752e-05,0.09999999747378752,360.0,2.2233585493427198e-06,0.0,0.0,2.2233585493427198e-06
11/03/2023,Izquierda,IN-D1,,,,,,,,,,
15/03/2023,Izquierda,IN-D1,,,,,,,,,,
29/03/2023,Izquierda,IN-D1,9.999999747378752e-05,0.0,0.0,9.999999747378752e-05,0.09999999747378752,360.0,2.221531023099203e-06,0.0,0.0,2.221531023099203e-06
04/04/2023,Izquierda,IN-D1,,,,,,,,,,
12/04/2023,Izquierda,IN-D1,,,,,,,,,,
16/04/2023,Izquierda,IN-D1,,,,,,,,,,
25/04/2023,Izquierda,IN-D1,9.999999747378752e-05,0.0,0.0,9.999999747378752e-05,0.09999999747378752,360.0,2.2201993178168226e-06,0.0,0.0,2.2201993178168226e-06
09/05/2023,Izquierda,IN-D1,,,,,,,,,,
19/05/2023,Izquierda,IN-D1,,,,,,,,,,
27/05/2023,Izquierda,IN-D1,,,,,,,,,,
31/05/2023,Izquierda,IN-D1,,,,,,,,,,
11/06/2023,Izquierda,IN-D1,-0.0008999999990919605,-0.0006666666631645057,0.0,0.0011200198382798519,1.1200198382798519,216.52885525067185,-1.996096520342354e-05,-1.478590008792818e-05,0.0,2.4840752268449518e-05
19/06/2023,Izquierda,IN-D1,-0.01389999999810243,0.002333333333808696,0.0036666666666747005,0.014094482764326982,14.094482764326981,170.47084759416174,-0.0003082313286788724,5.174147005962161e-05,8.13080243630189e-05,0.0003125439676318738
06/07/2023,Izquierda,IN-D1,,,,,,,,,,
17/07/2023,Izquierda,IN-D1,-0.011899999997694977,0.0043333333342161495,-0.0043333333333350765,0.012664429625157594,12.664429625157593,159.9911251884987,-0.00026371775546704586,9.60316756984343e-05,-9.603167567890871e-05,0.0002806583996356173
28/07/2023,Izquierda,IN-D1,,,,,,,,,,
19/08/2023,Izquierda,IN-D1,-0.011899999997694977,0.002333333333808696,-0.00033333333331597714,0.01212660069400338,12.12660069400338,168.90627698414258,-0.00026352503482726875,5.167157547686285e-05,-7.381653637663644e-06,0.0002685430983901362
25/08/2023,Izquierda,IN-D1,,,,,,,,,,
24/09/2023,Izquierda,IN-D1,-0.012900000001536682,0.002333333333808696,-0.00033333333331597714,0.013109326622153757,13.109326622153757,169.7472761264346,-0.0002854424358094546,5.163041475026433e-05,-7.375773533865358e-06,0.0002900742730545385
16/10/2023,Izquierda,IN-D1,,,,,,,,,,
01/11/2023,Izquierda,IN-D1,-0.011899999997694977,0.00033333333340124227,0.0016666666666651508,0.011904667616372027,11.904667616372027,178.3954957618003,-0.00026309389572848216,7.369576914090829e-06,3.684788456291373e-05,0.00026319709085299966
14/09/2024,Izquierda,IN-D1,-0.014900000001944136,0.00033333333340124227,0.0036666666666747005,0.014903728096321794,14.903728096321794,178.7184289941468,-0.00032712024417537455,7.318126268441508e-06,8.049938893663309e-05,0.000327202092171547
19/04/2025,Izquierda,IN-D1,-0.01389999999810243,0.00033333333340124227,0.00566666666668425,0.013903996226207915,13.903996226207916,178.62626378630122,-0.0003037189179325794,7.283427291029198e-06,0.00012381826392265547,0.00030380623664309563
24/05/2025,Izquierda,IN-D1,-0.01389999999810243,0.002333333333808696,0.010666666666679703,0.014094482764326982,14.094482764326981,170.47084759416174,-0.00030348682339037205,5.0945030322671905e-05,0.00023289156714219564,0.0003077330792848842
06/10/2021,Izquierda,IN1-DE1,-0.0006666666595265269,0.00033333333340124227,-0.0016666666666651508,0.0007453559861439646,0.7453559861439646,153.43494857279302,-0.06666666595265269,0.03333333334012423,-0.16666666666651508,0.07453559861439646
10/10/2021,Izquierda,IN1-DE1,-0.0006666666595265269,0.0013333333299669903,0.0063333333333162045,0.0014907119787957435,1.4907119787957435,116.56505098948125,-0.04761904710903764,0.09523809499764216,0.4523809523797289,0.10647942705683883
19/10/2021,Izquierda,IN1-DE1,0.0023333333374466747,0.00033333333340124227,0.010333333333335304,0.0023570226080367623,2.3570226080367624,8.13010234164953,0.10144927554115976,0.01449275362614097,0.4492753623189263,0.10247924382768532
28/10/2021,Izquierda,IN1-DE1,0.0003333333370392211,-0.002666666667209938,0.0033333333333303017,0.002687419250431585,2.687419250431585,277.12501642586454,0.010416666782475659,-0.08333333335031057,0.10416666666657193,0.08398185157598703
02/11/2021,Izquierda,IN1-DE1,0.0003333333370392211,0.0053333333307818975,0.008333333333325754,0.005343739844978499,5.343739844978499,86.42366558363891,0.009009009109168136,0.14414414407518641,0.2252252252250204,0.1444254012156351
12/11/2021,Izquierda,IN1-DE1,0.0003333333370392211,0.002333333330170717,0.001333333333320752,0.0023570226013484197,2.3570226013484197,81.86989754579243,0.0070921986604089585,0.04964539000363228,0.028368794325973445,0.05014941704996638
18/11/2021,Izquierda,IN1-DE1,-0.0006666666595265269,0.00033333333340124227,0.00033333333331597714,0.0007453559861439646,0.7453559861439646,153.43494857279302,-0.012578616217481641,0.006289308177381929,0.006289308175773153,0.014063320493282351
24/11/2021,Izquierda,IN1-DE1,0.0014333333383547142,0.009333333331596805,0.00033333333331597714,0.00944275148129691,9.44275148129691,81.26921499454863,0.024293785395842614,0.15819209036604756,0.005649717513830121,0.16004663527621882
01/12/2021,Izquierda,IN1-DE1,9.999999747378752e-05,0.0,0.0,9.999999747378752e-05,0.09999999747378752,360.0,0.0015151514768755685,0.0,0.0,0.0015151514768755685
09/12/2021,Izquierda,IN1-DE1,9.999999747378752e-05,0.0,0.0,9.999999747378752e-05,0.09999999747378752,360.0,0.0013513513172133448,0.0,0.0,0.0013513513172133448
30/01/2022,Izquierda,IN1-DE1,9.999999747378752e-05,0.0,0.0,9.999999747378752e-05,0.09999999747378752,360.0,0.0007936507736014882,0.0,0.0,0.0007936507736014882
11/02/2022,Izquierda,IN1-DE1,-0.008566666663682554,0.002333333330170717,0.00033333333331597714,0.008878751159725987,8.878751159725986,164.76374722446147,-0.06207729466436634,0.016908212537468967,0.002415458937072298,0.06433877651975352
27/02/2022,Izquierda,IN1-DE1,-0.0005666666620527394,-0.002666666667209938,0.009333333333330529,0.0027262102303180053,2.726210230318005,258.003100789301,-0.0036796536496931133,-0.017316017319545053,0.0606060606060424,0.0177026638332338
12/03/2022,Izquierda,IN1-DE1,9.999999747378752e-05,0.0,0.0,9.999999747378752e-05,0.09999999747378752,360.0,0.00059880238008256,0.0,0.0,0.00059880238008256
30/03/2022,Izquierda,IN1-DE1,9.999999747378752e-05,0.0,0.0,9.999999747378752e-05,0.09999999747378752,360.0,0.0005405405268853379,0.0,0.0,0.0005405405268853379
06/04/2022,Izquierda,IN1-DE1,,,,,,,,,,
11/04/2022,Izquierda,IN1-DE1,,,,,,,,,,
18/04/2022,Izquierda,IN1-DE1,,,,,,,,,,
01/05/2022,Izquierda,IN1-DE1,9.999999747378752e-05,0.0,0.0,9.999999747378752e-05,0.09999999747378752,360.0,0.0004608294814460254,0.0,0.0,0.0004608294814460254
09/05/2022,Izquierda,IN1-DE1,,,,,,,,,,
16/05/2022,Izquierda,IN1-DE1,,,,,,,,,,
23/05/2022,Izquierda,IN1-DE1,9.999999747378752e-05,0.0,0.0,9.999999747378752e-05,0.09999999747378752,360.0,0.0004184100312710775,0.0,0.0,0.0004184100312710775
30/05/2022,Izquierda,IN1-DE1,,,,,,,,,,
13/06/2022,Izquierda,IN1-DE1,,,,,,,,,,
24/06/2022,Izquierda,IN1-DE1,9.999999747378752e-05,0.0,0.0,9.999999747378752e-05,0.09999999747378752,360.0,0.0003690036807150831,0.0,0.0,0.0003690036807150831
27/06/2022,Izquierda,IN1-DE1,,,,,,,,,,
04/07/2022,Izquierda,IN1-DE1,,,,,,,,,,
11/07/2022,Izquierda,IN1-DE1,,,,,,,,,,
23/07/2022,Izquierda,IN1-DE1,9.999999747378752e-05,0.0,0.0,9.999999747378752e-05,0.09999999747378752,360.0,0.000333333324912625,0.0,0.0,0.000333333324912625
01/08/2022,Izquierda,IN1-DE1,,,,,,,,,,
08/08/2022,Izquierda,IN1-DE1,,,,,,,,,,
16/08/2022,Izquierda,IN1-DE1,,,,,,,,,,
30/08/2022,Izquierda,IN1-DE1,,,,,,,,,,
13/11/2022,Izquierda,IN1-DE1,9.999999747378752e-05,0.0,0.0,9.999999747378752e-05,0.09999999747378752,360.0,2.228263235299869e-06,0.0,0.0,2.228263235299869e-06
13/11/2022,Izquierda,IN1-DE1,9.999999747378752e-05,0.0,0.0,9.999999747378752e-05,0.09999999747378752,360.0,2.228263235299869e-06,0.0,0.0,2.228263235299869e-06
09/02/2023,Izquierda,IN1-DE1,,,,,,,,,,
20/02/2023,Izquierda,IN1-DE1,0.014433333337365184,0.00033333333340124227,0.0033333333333303017,0.01443718193896072,14.43718193896072,1.3229929850674307,0.00032090475881817784,7.4111953532081345e-06,7.411195351691535e-05,0.00032099032703294397
11/03/2023,Izquierda,IN1-DE1,,,,,,,,,,
15/03/2023,Izquierda,IN1-DE1,,,,,,,,,,
29/03/2023,Izquierda,IN1-DE1,9.999999747378752e-05,0.0,0.0,9.999999747378752e-05,0.09999999747378752,360.0,2.221531023099203e-06,0.0,0.0,2.221531023099203e-06
04/04/2023,Izquierda,IN1-DE1,,,,,,,,,,
12/04/2023,Izquierda,IN1-DE1,,,,,,,,,,
16/04/2023,Izquierda,IN1-DE1,,,,,,,,,,
25/04/2023,Izquierda,IN1-DE1,0.0024333333349204622,-0.005666666667821119,-0.013666666666665606,0.006167027018185508,6.167027018185508,293.2392546605756,5.402485146689599e-05,-0.00012581129788017846,-0.0003034272477668259,0.0001369202952462314
09/05/2023,Izquierda,IN1-DE1,,,,,,,,,,
19/05/2023,Izquierda,IN1-DE1,,,,,,,,,,
27/05/2023,Izquierda,IN1-DE1,,,,,,,,,,
31/05/2023,Izquierda,IN1-DE1,,,,,,,,,,
11/06/2023,Izquierda,IN1-DE1,0.0024333333349204622,-0.005666666667821119,-0.012666666666689252,0.006167027018185508,6.167027018185508,293.2392546605756,5.396853563964829e-05,-0.0001256801514332221,-0.0002809321031469405,0.00013677756871419242
19/06/2023,Izquierda,IN1-DE1,-0.013566666668339167,0.002333333330170717,0.007333333333320979,0.013765859541616372,13.765859541616372,170.24116567068597,-0.0003008396901795983,5.174146997894973e-05,0.00016261604872540756,0.0003052567753595967
06/07/2023,Izquierda,IN1-DE1,,,,,,,,,,
17/07/2023,Izquierda,IN1-DE1,-0.00956666666752426,0.006333333330985624,-0.008666666666670153,0.011473108654976348,11.473108654976349,146.49460800944107,-0.00021200839171004918,0.00014035398747862832,-0.00019206335135781743,0.00025425734985764446
28/07/2023,Izquierda,IN1-DE1,,,,,,,,,,
19/08/2023,Izquierda,IN1-DE1,-0.00956666666752426,0.003333333330374444,0.00033333333331597714,0.01013075625108535,10.13075625108535,160.7900254876373,-0.00021185345943096885,7.381653631495547e-05,7.381653637663644e-06,0.00022434520121100492
25/08/2023,Izquierda,IN1-DE1,,,,,,,,,,
24/09/2023,Izquierda,IN1-DE1,,,,,,,,,,
16/10/2023,Izquierda,IN1-DE1,,,,,,,,,,
01/11/2023,Izquierda,IN1-DE1,-0.008566666663682554,0.0013333333299669903,0.00033333333331597714,0.00866980711985283,8.66980711985283,171.1533483309083,-0.00018939812658757388,2.947830757593222e-05,7.369576912205725e-06,0.0001916784311612131
14/09/2024,Izquierda,IN1-DE1,-0.011566666667931713,0.002333333330170717,0.00033333333331597714,0.011799670429157251,11.799670429157251,168.59483918753048,-0.00025393898149095946,5.1226883799220996e-05,7.318126266569565e-06,0.00025905443432692815
19/04/2025,Izquierda,IN1-DE1,-0.014566666664904915,0.002333333330170717,-0.0036666666666747005,0.014752363273595782,14.752363273595783,170.89949626668005,-0.00031828577251463784,5.098399095771352e-05,-8.01177001851746e-05,0.0003223432957565831
24/05/2025,Izquierda,IN1-DE1,-0.014566666664904915,0.004333333330578171,0.0033333333333303017,0.015197550969822466,15.197550969822466,163.4331617515303,-0.00031804254633970686,9.461219909124628e-05,7.277861473178101e-05,0.000331817012070096
06/10/2021,Izquierda,IN2-E1,0.0009999999892897904,0.000999999996565748,0.006000000000028649,0.0014142135523714503,1.4142135523714503,45.00000020844083,0.09999999892897904,0.0999999996565748,0.6000000000028649,0.14142135523714505
10/10/2021,Izquierda,IN2-E1,-0.0010000000111176632,0.000999999996565748,0.012000000000028876,0.0014142135678060872,1.4142135678060872,135.00000041688168,-0.07142857222269024,0.07142857118326772,0.8571428571449198,0.10101525484329195
19/10/2021,Izquierda,IN2-E1,-0.003000000011525117,0.001999999996769475,0.014000000000010004,0.003605551283261493,3.605551283261493,146.3099326183254,-0.1304347831097877,0.08695652159867283,0.608695652174348,0.1567630992722388
28/10/2021,Izquierda,IN2-E1,-0.0020000000076834112,-0.004000000000814907,0.004000000000019099,0.004472135959164581,4.47213595916458,243.4349487395457,-0.0625000002401066,-0.12500000002546585,0.12500000000059686,0.13975424872389314
02/11/2021,Izquierda,IN2-E1,-0.0010000000111176632,0.001999999996769475,0.007000000000033424,0.0022360679795822903,2.23606797958229,116.56505146889515,-0.02702702732750441,0.05405405396674256,0.18918918919009253,0.06043426971844027
12/11/2021,Izquierda,IN2-E1,-0.0010000000111176632,0.000999999996565748,2.842170943040401e-14,0.0014142135678060872,1.4142135678060872,135.00000041688168,-0.021276595981226876,0.02127659567161166,6.047172219234895e-13,0.030089650378852917
18/11/2021,Izquierda,IN2-E1,-0.003000000011525117,0.000999999996565748,0.012000000000028876,0.0031622776700160594,3.1622776700160595,161.56505130214248,-0.056603773802360695,0.01886792446350468,0.2264150943401675,0.059665616415397346
24/11/2021,Izquierda,IN2-E1,-0.0029000000140513293,0.004999999997380655,-0.0009999999999763531,0.005780138411431362,5.780138411431362,120.11373328449437,-0.04915254261103948,0.08474576266746874,-0.016949152541972084,0.097968447651379
01/12/2021,Izquierda,IN2-E1,-0.004900000014458783,-0.006000000001222361,2.842170943040401e-14,0.007746612172838163,7.746612172838163,230.7626328094882,-0.07424242446149672,-0.09090909092761153,4.306319610667274e-13,0.11737291170966913
09/12/2021,Izquierda,IN2-E1,-0.006900000014866237,0.0029999999969732016,-0.0009999999999763531,0.007523961734817188,7.523961734817188,156.5014343903248,-0.09324324344413833,0.04054054049963786,-0.013513513513193963,0.10167515857861065
30/01/2022,Izquierda,IN2-E1,-0.009900000011839438,-0.0030000000006111804,0.0030000000000143245,0.010344563801247878,10.344563801247878,196.85839875196058,-0.07857142866539236,-0.02380952381437445,0.023809523809637495,0.0820997127083165
11/02/2022,Izquierda,IN2-E1,-0.02190000001428416,0.004999999997380655,-0.018999999999977035,0.022463526005492833,22.463526005492835,167.13920695552827,-0.15869565227742147,0.03623188403899026,-0.13768115942012343,0.1627791739528466
27/02/2022,Izquierda,IN2-E1,-0.010900000015681144,0.005999999997584382,0.013000000000033651,0.012442266687097714,12.442266687097714,151.16903173217645,-0.07077922088104638,0.03896103894535313,0.08441558441580292,0.08079393952660853
12/03/2022,Izquierda,IN2-E1,-0.007900000011431985,0.0029999999969732016,-0.002999999999985903,0.008450443784941981,8.450443784941982,159.20588509119924,-0.047305389290011886,0.017964071838162884,-0.01796407185620301,0.050601459790071746
30/03/2022,Izquierda,IN2-E1,-0.007900000011431985,-0.008000000001629815,0.018000000000029104,0.011243220188482585,11.243220188482585,225.36034602777042,-0.04270270276449722,-0.043243243252053046,0.09729729729745461,0.06077416318098695
06/04/2022,Izquierda,IN2-E1,,,,,,,,,,
11/04/2022,Izquierda,IN2-E1,,,,,,,,,,
18/04/2022,Izquierda,IN2-E1,,,,,,,,,,
01/05/2022,Izquierda,IN2-E1,-0.010900000015681144,0.0039999999971769284,-0.001999999999981128,0.01161077087532367,11.61077087532367,159.848253005525,-0.05023041481880712,0.01843317971049276,-0.009216589861664183,0.053505856568311846
09/05/2022,Izquierda,IN2-E1,,,,,,,,,,
16/05/2022,Izquierda,IN2-E1,,,,,,,,,,
23/05/2022,Izquierda,IN2-E1,-0.005900000011024531,0.001999999996769475,-0.016999999999967486,0.00622976726027284,6.2297672602728404,161.2742122154175,-0.024686192514746994,0.008368200823303243,-0.07112970711283466,0.02606597180030477
30/05/2022,Izquierda,IN2-E1,,,,,,,,,,
13/06/2022,Izquierda,IN2-E1,,,,,,,,,,
24/06/2022,Izquierda,IN2-E1,-0.0159000000130618,-0.0020000000004074536,-0.0009999999999763531,0.01602529252204137,16.02529252204137,187.16936291423386,-0.058671586764065684,-0.007380073802241527,-0.0036900369002817457,0.05913392074554011
27/06/2022,Izquierda,IN2-E1,,,,,,,,,,
04/07/2022,Izquierda,IN2-E1,,,,,,,,,,
11/07/2022,Izquierda,IN2-E1,,,,,,,,,,
23/07/2022,Izquierda,IN2-E1,-0.012900000016088597,-0.0020000000004074536,-0.009999999999990905,0.013054118140139365,13.054118140139366,188.8129016286929,-0.04300000005362866,-0.006666666668024845,-0.03333333333330302,0.043513727133797885
01/08/2022,Izquierda,IN2-E1,,,,,,,,,,
08/08/2022,Izquierda,IN2-E1,,,,,,,,,,
16/08/2022,Izquierda,IN2-E1,,,,,,,,,,
30/08/2022,Izquierda,IN2-E1,,,,,,,,,,
13/11/2022,Izquierda,IN2-E1,-0.013900000012654345,-0.006000000001222361,-0.007999999999981355,0.015139682967831893,15.139682967831893,203.347668513359,-0.0003097285978130564,-0.00013369579752266949,-0.0001782610633268273,0.0003373519980353824
13/11/2022,Izquierda,IN2-E1,-0.011900000012246892,-0.0010000000002037268,-0.0009999999999763531,0.011941942902722467,11.941942902722467,184.80348575512272,-0.0002651633319721666,-2.2282632920444913e-05,-2.2282632915378426e-05,0.00026609793000406586
09/02/2023,Izquierda,IN2-E1,,,,,,,,,,
20/02/2023,Izquierda,IN2-E1,-0.005900000011024531,0.001999999996769475,-0.016999999999967486,0.00622976726027284,6.2297672602728404,161.2742122154175,-0.00013117815797017432,4.446717203836349e-05,-0.0003779709629358891,0.00013851006648448851
11/03/2023,Izquierda,IN2-E1,,,,,,,,,,
15/03/2023,Izquierda,IN2-E1,,,,,,,,,,
29/03/2023,Izquierda,IN2-E1,-0.0035000000134459697,-0.010100000003149034,-0.025199999999983902,0.010689246940628339,10.689246940628339,250.88702620375432,-7.775358807139933e-05,-0.0002243746390711564,-0.0005598258319630316,0.00023746494292061
04/04/2023,Izquierda,IN2-E1,,,,,,,,,,
12/04/2023,Izquierda,IN2-E1,,,,,,,,,,
16/04/2023,Izquierda,IN2-E1,,,,,,,,,,
25/04/2023,Izquierda,IN2-E1,-0.0029000000140513293,-0.012000000002444722,-0.026999999999986812,0.01234544450962261,12.34544450962261,256.4140087313882,-6.438578215517704e-05,-0.00026642392492273086,-0.0005994538309537268,0.0002740934817082793
09/05/2023,Izquierda,IN2-E1,,,,,,,,,,
19/05/2023,Izquierda,IN2-E1,,,,,,,,,,
27/05/2023,Izquierda,IN2-E1,,,,,,,,,,
31/05/2023,Izquierda,IN2-E1,,,,,,,,,,
11/06/2023,Izquierda,IN2-E1,-0.0019000000102096237,-0.012000000002444722,-0.027999999999991587,0.012149485589829303,12.149485589829304,261.00285653318275,-4.213981569840365e-05,-0.00026614620303505864,-0.0006210078069551009,0.0002694616214919558
19/06/2023,Izquierda,IN2-E1,-0.017900000013469253,0.0029999999969732016,-0.003999999999990678,0.018149655656899896,18.149655656899895,170.48577947161183,-0.00039693099196091124,6.652474713884161e-05,-8.86996629410741e-05,0.00040246708481683286
06/07/2023,Izquierda,IN2-E1,,,,,,,,,,
17/07/2023,Izquierda,IN2-E1,-0.007900000011431985,0.0029999999969732016,-0.01799999999997226,0.008450443784941981,8.450443784941982,159.20588509119924,-0.00017507313206790144,6.648346771060193e-05,-0.000398900806665461,0.00018727160236109346
28/07/2023,Izquierda,IN2-E1,,,,,,,,,,
19/08/2023,Izquierda,IN2-E1,-0.019900000013876706,-0.005000000001018634,-0.014999999999986358,0.02051852822603218,20.51852822603218,194.1039689373993,-0.0004406847224987645,-0.00011072480459327755,-0.00033217441371185765,0.0004543820055812428
25/08/2023,Izquierda,IN2-E1,,,,,,,,,,
24/09/2023,Izquierda,IN2-E1,-0.02890000001207227,-3.637978807091713e-12,-0.018999999999977035,0.02890000001207227,28.90000001207227,180.0000000072125,-0.0006394795656865503,-8.049872341052183e-14,-0.00042041909145170786,0.0006394795656865503
16/10/2023,Izquierda,IN2-E1,,,,,,,,,,
01/11/2023,Izquierda,IN2-E1,-0.029900000015913974,-0.005000000001018634,-0.012999999999976808,0.03031517773264478,30.31517773264478,189.49339366586196,-0.0006610510494111112,-0.00011054365371136244,-0.0002874134995904757,0.0006702301017586341
14/09/2024,Izquierda,IN2-E1,-0.04090000001451699,-0.011000000002240995,-0.002999999999985903,0.04235339421152444,42.35339421152444,195.05341560956634,-0.0008979340932735513,-0.0002414981668585698,-6.5863136402246e-05,0.0009298424600216128
19/04/2025,Izquierda,IN2-E1,-0.032900000012887176,-0.013000000002648449,-0.03099999999997749,0.03537527386348883,35.37527386348883,201.56079869967158,-0.0007188742737597163,-0.0002840536643501387,-0.0006773587379272273,0.0007729597050974267
24/05/2025,Izquierda,IN2-E1,,,,,,,,,,
06/10/2021,Izquierda,IN3-E1-BIS,-0.0013333333263290115,0.001333333333604969,0.009333333333330529,0.0018856180784033987,1.8856180784033987,134.99999984366937,-0.13333333263290115,0.1333333333604969,0.9333333333330529,0.18856180784033988
10/10/2021,Izquierda,IN3-E1-BIS,-0.00033333332976326346,0.001333333333604969,0.011333333333340079,0.0013743685412702098,1.3743685412702098,104.03624332079177,-0.02380952355451882,0.0952380952574978,0.8095238095242914,0.09816918151930071
19/10/2021,Izquierda,IN3-E1-BIS,-0.00033333332976326346,0.00033333333340124227,0.01633333333333553,0.0004714045183146299,0.47140451831462993,134.99999968733874,-0.014492753467967976,0.01449275362614097,0.7101449275363275,0.020495848622375214
28/10/2021,Izquierda,IN3-E1-BIS,0.0016666666706441902,-0.0016666666670062114,-0.0016666666666651508,0.0023570226070077868,2.357022607007787,315.00000006253225,0.05208333345763094,-0.052083333343944105,-0.052083333333285964,0.07365695646899334
02/11/2021,Izquierda,IN3-E1-BIS,0.002666666667209938,-0.0006666666668024845,0.008333333333354176,0.0027487370843050983,2.748737084305098,345.96375653207355,0.07207207208675509,-0.018018018021688773,0.22522522522578853,0.07429019146770537
12/11/2021,Izquierda,IN3-E1-BIS,0.0016666666706441902,-0.004666666667617392,-0.004666666666651054,0.0049553562513392916,4.955356251339292,289.6538240976665,0.03546099299242958,-0.09929078016207217,-0.09929078014151178,0.10543311173062322
18/11/2021,Izquierda,IN3-E1-BIS,0.002666666667209938,0.00033333333340124227,0.00033333333334439885,0.0026874192499803493,2.687419249980349,7.125016348901798,0.05031446541905543,0.006289308177381929,0.006289308176309412,0.05070602358453489
24/11/2021,Izquierda,IN3-E1-BIS,0.0037666666685254313,0.0043333333342161495,-0.003666666666646279,0.005741563861632938,5.741563861632938,49.00182657188993,0.06384180794110901,0.0734463276985788,-0.06214689265502168,0.09731464172259216
01/12/2021,Izquierda,IN3-E1-BIS,9.999999747378752e-05,0.0,0.0,9.999999747378752e-05,0.09999999747378752,360.0,0.0015151514768755685,0.0,0.0,0.0015151514768755685
09/12/2021,Izquierda,IN3-E1-BIS,9.999999747378752e-05,0.0,0.0,9.999999747378752e-05,0.09999999747378752,360.0,0.0013513513172133448,0.0,0.0,0.0013513513172133448
30/01/2022,Izquierda,IN3-E1-BIS,9.999999747378752e-05,0.0,0.0,9.999999747378752e-05,0.09999999747378752,360.0,0.0007936507736014882,0.0,0.0,0.0007936507736014882
11/02/2022,Izquierda,IN3-E1-BIS,-0.010233333334326744,0.006333333334623603,-0.010666666666651281,0.012034625970876596,12.034625970876597,148.24694536712056,-0.0741545893791793,0.04589371981611307,-0.07729468599022667,0.08720743457156953
27/02/2022,Izquierda,IN3-E1-BIS,0.0007666666715522297,0.00033333333340124227,0.012333333333344854,0.0008359957514397774,0.8359957514397774,23.498565546712157,0.004978355010079413,0.0021645021649431316,0.0800865800866549,0.0054285438405180355
12/03/2022,Izquierda,IN3-E1-BIS,9.999999747378752e-05,0.0,0.0,9.999999747378752e-05,0.09999999747378752,360.0,0.00059880238008256,0.0,0.0,0.00059880238008256
30/03/2022,Izquierda,IN3-E1-BIS,9.999999747378752e-05,0.0,0.0,9.999999747378752e-05,0.09999999747378752,360.0,0.0005405405268853379,0.0,0.0,0.0005405405268853379
06/04/2022,Izquierda,IN3-E1-BIS,,,,,,,,,,
11/04/2022,Izquierda,IN3-E1-BIS,,,,,,,,,,
18/04/2022,Izquierda,IN3-E1-BIS,,,,,,,,,,
01/05/2022,Izquierda,IN3-E1-BIS,9.999999747378752e-05,0.0,0.0,9.999999747378752e-05,0.09999999747378752,360.0,0.0004608294814460254,0.0,0.0,0.0004608294814460254
09/05/2022,Izquierda,IN3-E1-BIS,,,,,,,,,,
16/05/2022,Izquierda,IN3-E1-BIS,,,,,,,,,,
23/05/2022,Izquierda,IN3-E1-BIS,9.999999747378752e-05,0.0,0.0,9.999999747378752e-05,0.09999999747378752,360.0,0.0004184100312710775,0.0,0.0,0.0004184100312710775
30/05/2022,Izquierda,IN3-E1-BIS,,,,,,,,,,
13/06/2022,Izquierda,IN3-E1-BIS,,,,,,,,,,
24/06/2022,Izquierda,IN3-E1-BIS,9.999999747378752e-05,0.0,0.0,9.999999747378752e-05,0.09999999747378752,360.0,0.0003690036807150831,0.0,0.0,0.0003690036807150831
27/06/2022,Izquierda,IN3-E1-BIS,,,,,,,,,,
04/07/2022,Izquierda,IN3-E1-BIS,,,,,,,,,,
11/07/2022,Izquierda,IN3-E1-BIS,,,,,,,,,,
23/07/2022,Izquierda,IN3-E1-BIS,9.999999747378752e-05,0.0,0.0,9.999999747378752e-05,0.09999999747378752,360.0,0.000333333324912625,0.0,0.0,0.000333333324912625
01/08/2022,Izquierda,IN3-E1-BIS,,,,,,,,,,
08/08/2022,Izquierda,IN3-E1-BIS,,,,,,,,,,
16/08/2022,Izquierda,IN3-E1-BIS,,,,,,,,,,
30/08/2022,Izquierda,IN3-E1-BIS,,,,,,,,,,
13/11/2022,Izquierda,IN3-E1-BIS,9.999999747378752e-05,0.0,0.0,9.999999747378752e-05,0.09999999747378752,360.0,2.228263235299869e-06,0.0,0.0,2.228263235299869e-06
13/11/2022,Izquierda,IN3-E1-BIS,9.999999747378752e-05,0.0,0.0,9.999999747378752e-05,0.09999999747378752,360.0,2.228263235299869e-06,0.0,0.0,2.228263235299869e-06
09/02/2023,Izquierda,IN3-E1-BIS,,,,,,,,,,
20/02/2023,Izquierda,IN3-E1-BIS,9.999999747378752e-05,0.0,0.0,9.999999747378752e-05,0.09999999747378752,360.0,2.2233585493427198e-06,0.0,0.0,2.2233585493427198e-06
11/03/2023,Izquierda,IN3-E1-BIS,,,,,,,,,,
15/03/2023,Izquierda,IN3-E1-BIS,,,,,,,,,,
29/03/2023,Izquierda,IN3-E1-BIS,0.003466666668828111,-0.007266666667419486,-0.011866666666662695,0.008051224891167134,8.051224891167134,295.5041394983898,7.701307746097018e-05,-0.00016143125844002946,-0.00026362168806732785,0.00017886046321515827
04/04/2023,Izquierda,IN3-E1-BIS,,,,,,,,,,
12/04/2023,Izquierda,IN3-E1-BIS,,,,,,,,,,
16/04/2023,Izquierda,IN3-E1-BIS,,,,,,,,,,
25/04/2023,Izquierda,IN3-E1-BIS,0.0017666666681179777,-0.00866666666479432,-0.010666666666651281,0.008844898088440373,8.844898088440374,281.52166758799126,3.922352230452205e-05,-0.00019241727903009082,-0.00023682126654939458,0.0001963743719819803
09/05/2023,Izquierda,IN3-E1-BIS,,,,,,,,,,
19/05/2023,Izquierda,IN3-E1-BIS,,,,,,,,,,
27/05/2023,Izquierda,IN3-E1-BIS,,,,,,,,,,
31/05/2023,Izquierda,IN3-E1-BIS,,,,,,,,,,
11/06/2023,Izquierda,IN3-E1-BIS,0.0007666666715522297,-0.009666666664998047,-0.010666666666651281,0.009697021305403708,9.697021305403707,274.53465609582776,1.7003785298798564e-05,-0.00021439555236422213,-0.00023657440264929208,0.0002150687833881234
19/06/2023,Izquierda,IN3-E1-BIS,-0.0182333333286806,0.015333333332819166,0.014333333333354403,0.023823634386258494,23.823634386258494,139.93782107083214,-0.00040432263013749783,0.00034001537459684155,0.0003178404588733902,0.000528287085024359
06/07/2023,Izquierda,IN3-E1-BIS,,,,,,,,,,
17/07/2023,Izquierda,IN3-E1-BIS,-0.011233333330892492,0.014333333332615439,-0.006666666666660603,0.018210772145815374,18.210772145815373,128.0865419928805,-0.0002489436515134406,0.00031764323492189167,-0.0001477410395058196,0.0004035717610543253
28/07/2023,Izquierda,IN3-E1-BIS,,,,,,,,,,
19/08/2023,Izquierda,IN3-E1-BIS,-0.011233333330892492,0.006333333334623603,-0.000666666666660376,0.012895692647174665,12.895692647174664,150.58577357632942,-0.0002487617275481651,0.0001402514191514849,-1.4763307275956684e-05,0.00028557460963249696
25/08/2023,Izquierda,IN3-E1-BIS,,,,,,,,,,
24/09/2023,Izquierda,IN3-E1-BIS,-0.013233333331299946,0.008333333335031057,0.00033333333334439885,0.015638591865319396,15.638591865319396,147.8004384269917,-0.0002928182092647079,0.0001843943383938012,7.375773534494254e-06,0.00034604013597945246
16/10/2023,Izquierda,IN3-E1-BIS,,,,,,,,,,
01/11/2023,Izquierda,IN3-E1-BIS,-0.013233333331299946,0.009333333335234784,0.00033333333334439885,0.016193585835258942,16.193585835258943,144.80507821675099,-0.0002925722033848455,0.00020634815359454322,7.369576912834093e-06,0.00035801962891067945
14/09/2024,Izquierda,IN3-E1-BIS,-0.0182333333286806,0.01033333333543851,0.008333333333354176,0.02095786778506009,20.957867785060092,150.45857493490715,-0.0004003015067000505,0.00022686191432168677,0.00018295315667422285,0.00046011696821137874
19/04/2025,Izquierda,IN3-E1-BIS,-0.019233333332522307,0.011333333332004258,-0.003666666666646279,0.022324102568619244,22.324102568619242,149.49107877190144,-0.0004202537545890466,0.00024763652781550183,-8.011770018455357e-05,0.00048778793358867376
24/05/2025,Izquierda,IN3-E1-BIS,-0.0182333333286806,0.009333333335234784,0.0013333333333491737,0.020483299427127937,20.483299427127935,152.89286518122768,-0.0003980990224816183,0.00020378012129068762,2.911144589308473e-05,0.00044722384723320315
06/10/2021,Izquierda,IN-A3,0.004999999997380655,0.0006666666631645057,-0.002999999999985903,0.0050442486470812925,5.044248647081292,7.5946433330927885,0.4999999997380655,0.06666666631645057,-0.2999999999985903,0.5044248647081293
10/10/2021,Izquierda,IN-A3,-0.0020000000004074536,-0.00033333333340124227,0.01700000000002433,0.0020275875105124808,2.0275875105124808,189.46232220802563,-0.14285714288624668,-0.02380952381437445,1.2142857142874521,0.14482767932232007
19/10/2021,Izquierda,IN-A3,-0.0010000000038417056,0.0006666666631645057,0.005000000000023874,0.0012018504264085061,1.2018504264085061,146.30993271452886,-0.0434782610365959,0.028985507094108947,0.2173913043488641,0.052254366365587224
28/10/2021,Izquierda,IN-A3,-0.0030000000042491592,-0.001333333333604969,-0.009999999999990905,0.003282952604591954,3.282952604591954,203.9624889487917,-0.09375000013278623,-0.041666666675155284,-0.3124999999997158,0.10259226889349857
02/11/2021,Izquierda,IN-A3,-0.004999999997380655,0.0026666666635719594,-0.003999999999990678,0.005666666662899148,5.666666662899148,151.92751307929328,-0.13513513506434202,0.07207207198843134,-0.10810810810785615,0.15315315305132832
12/11/2021,Izquierda,IN-A3,0.01299999999901047,-0.0033333333340124227,-0.01999999999998181,0.01342054809200841,13.42054809200841,345.61860540505177,0.27659574465979725,-0.07092198583005155,-0.42553191489323,0.2855435764257108
18/11/2021,Izquierda,IN-A3,-0.0010000000038417056,0.0026666666635719594,-0.011999999999972033,0.0028480012468904254,2.8480012468904254,110.55604531381015,-0.018867924600786897,0.05031446535041433,-0.22641509433909496,0.05373587258283821
24/11/2021,Izquierda,IN-A3,9.999999747378752e-05,0.0,0.0,9.999999747378752e-05,0.09999999747378752,360.0,0.0016949152114201275,0.0,0.0,0.0016949152114201275
01/12/2021,Izquierda,IN-A3,9.999999747378752e-05,0.0,0.0,9.999999747378752e-05,0.09999999747378752,360.0,0.0015151514768755685,0.0,0.0,0.0015151514768755685
09/12/2021,Izquierda,IN-A3,9.999999747378752e-05,0.0,0.0,9.999999747378752e-05,0.09999999747378752,360.0,0.0013513513172133448,0.0,0.0,0.0013513513172133448
30/01/2022,Izquierda,IN-A3,0.026099999995494727,-0.001333333333604969,2.842170943040401e-14,0.02613403485004424,26.13403485004424,357.0755547810028,0.207142857107101,-0.010582010584166421,2.2556912246352385e-13,0.20741297500035114
11/02/2022,Izquierda,IN-A3,0.003099999994446989,-0.02333333333444898,-0.03599999999997294,0.02353836112523723,23.53836112523723,277.5678345511047,0.02246376807570282,-0.16908212561194913,-0.26086956521719523,0.17056783424084948
27/02/2022,Izquierda,IN-A3,-0.0009000000063679181,-0.002333333333808696,0.010000000000019327,0.002500888733655509,2.500888733655509,248.90766036197607,-0.005844155885505961,-0.015151515154601922,0.06493506493519043,0.016239537231529277
12/03/2022,Izquierda,IN-A3,9.999999747378752e-05,0.0,0.0,9.999999747378752e-05,0.09999999747378752,360.0,0.00059880238008256,0.0,0.0,0.00059880238008256
30/03/2022,Izquierda,IN-A3,-0.0019000000029336661,0.007666666664590593,-0.001999999999981128,0.007898593403707561,7.898593403707561,103.91895444516344,-0.010270270286127925,0.041441441430219425,-0.010810810810708801,0.04269509947950033
06/04/2022,Izquierda,IN-A3,,,,,,,,,,
11/04/2022,Izquierda,IN-A3,,,,,,,,,,
18/04/2022,Izquierda,IN-A3,,,,,,,,,,
01/05/2022,Izquierda,IN-A3,-0.0009000000063679181,-0.009333333335234784,0.0030000000000143245,0.009376625787460386,9.376625787460386,264.4920794125791,-0.004147465467133264,-0.04301075269693449,0.013824884792692739,0.043210257085070904
09/05/2022,Izquierda,IN-A3,,,,,,,,,,
16/05/2022,Izquierda,IN-A3,,,,,,,,,,
23/05/2022,Izquierda,IN-A3,-0.01990000000660075,-0.002333333333808696,0.019000000000005457,0.02003632812441872,20.03632812441872,186.68756223148793,-0.08326359835397802,-0.009762900978279062,0.07949790794981362,0.08383400888878126
30/05/2022,Izquierda,IN-A3,,,,,,,,,,
13/06/2022,Izquierda,IN-A3,,,,,,,,,,
24/06/2022,Izquierda,IN-A3,9.999999747378752e-05,0.0,0.0,9.999999747378752e-05,0.09999999747378752,360.0,0.0003690036807150831,0.0,0.0,0.0003690036807150831
27/06/2022,Izquierda,IN-A3,,,,,,,,,,
04/07/2022,Izquierda,IN-A3,,,,,,,,,,
11/07/2022,Izquierda,IN-A3,,,,,,,,,,
23/07/2022,Izquierda,IN-A3,9.999999747378752e-05,0.0,0.0,9.999999747378752e-05,0.09999999747378752,360.0,0.000333333324912625,0.0,0.0,0.000333333324912625
01/08/2022,Izquierda,IN-A3,,,,,,,,,,
08/08/2022,Izquierda,IN-A3,,,,,,,,,,
16/08/2022,Izquierda,IN-A3,,,,,,,,,,
30/08/2022,Izquierda,IN-A3,,,,,,,,,,
13/11/2022,Izquierda,IN-A3,0.010099999999511056,-0.0043333333342161495,-0.01799999999997226,0.010990349301798928,10.990349301798927,336.7785915693355,0.00022505459243974898,-9.655807598859463e-05,-0.0004010873924856781,0.0002448939191095621
13/11/2022,Izquierda,IN-A3,0.004099999998288695,-0.0033333333340124227,0.005000000000023874,0.005284043063943146,5.284043063943146,320.88860872862654,9.135879491707952e-05,-7.42754430681497e-05,0.0001114131645800587,0.00011774239190568087
09/02/2023,Izquierda,IN-A3,,,,,,,,,,
20/02/2023,Izquierda,IN-A3,0.006099999998696148,-0.005333333334419876,-0.003999999999990678,0.008102743019504397,8.102743019504397,318.836248110616,0.00013562487490708915,-0.00011857912565133015,-8.893434422017203e-05,0.0001801530342064699
11/03/2023,Izquierda,IN-A3,,,,,,,,,,
15/03/2023,Izquierda,IN-A3,,,,,,,,,,
29/03/2023,Izquierda,IN-A3,0.011299999998300336,0.002066666664177319,-0.04149999999998499,0.011487432744630518,11.487432744630517,10.36432816991716,0.0002510330119140786,4.5911642248574196e-05,-0.0009219353978758829,0.00025519688862643883
04/04/2023,Izquierda,IN-A3,,,,,,,,,,
12/04/2023,Izquierda,IN-A3,,,,,,,,,,
16/04/2023,Izquierda,IN-A3,,,,,,,,,,
25/04/2023,Izquierda,IN-A3,0.006099999998696148,-0.005333333334419876,-0.003999999999990678,0.008102743019504397,8.102743019504397,318.836248110616,0.00013543216177918225,-0.00011841063329899151,-8.88079749559441e-05,0.00017989704978806857
09/05/2023,Izquierda,IN-A3,,,,,,,,,,
19/05/2023,Izquierda,IN-A3,,,,,,,,,,
27/05/2023,Izquierda,IN-A3,,,,,,,,,,
31/05/2023,Izquierda,IN-A3,,,,,,,,,,
11/06/2023,Izquierda,IN-A3,0.006099999998696148,-0.006333333334623603,-0.0049999999999954525,0.008793242354873857,8.793242354873858,313.9248702774517,0.00013529098648634112,-0.00014046605160183647,-0.00011089425124191475,0.00019502400538666293
19/06/2023,Izquierda,IN-A3,-0.007900000004156027,-0.04533333333529299,-0.001999999999981128,0.046016530848755344,46.016530848755345,260.1146369659089,-0.00017518183440118918,-0.0010052628467113046,-4.434983147022193e-05,0.0010204126940029127
06/07/2023,Izquierda,IN-A3,,,,,,,,,,
17/07/2023,Izquierda,IN-A3,-0.013900000005378388,-0.031333333336078795,-0.029999999999972715,0.03427809472679813,34.27809472679813,246.077111176325,-0.00030804006748910527,-0.0006943828857388263,-0.0006648346777761881,0.0007596422020831072
28/07/2023,Izquierda,IN-A3,,,,,,,,,,
19/08/2023,Izquierda,IN-A3,-0.008900000000721775,-0.038333333333866904,2.842170943040401e-14,0.03935294708783828,39.35294708783828,256.9289937299419,-0.00019709015215186516,-0.0008488901683873354,6.293976444494543e-16,0.0008714694751165551
25/08/2023,Izquierda,IN-A3,,,,,,,,,,
24/09/2023,Izquierda,IN-A3,-0.00990000000456348,-0.038333333333866904,-0.0009999999999763531,0.03959109046964618,39.591090469646176,255.51915862470474,-0.00021906047406818492,-0.000848213956450488,-2.212732060222497e-05,0.0008760447518342704
16/10/2023,Izquierda,IN-A3,,,,,,,,,,
01/11/2023,Izquierda,IN-A3,0.0010999999940395355,-0.03633333333345945,-0.003999999999990678,0.0363499808955543,36.3499808955543,271.7341131627192,2.4319603679766873e-05,-0.0008032838834750381,-8.843492295086726e-05,0.0008036519399428335
14/09/2024,Izquierda,IN-A3,-0.004899999999906868,-0.04633333333549672,0.0030000000000143245,0.04659171361924069,46.59171361924069,263.9631014022899,-0.00010757645612212931,-0.0010172195511536305,6.586313640286999e-05,0.0010228921297776175
19/04/2025,Izquierda,IN-A3,-0.0009000000063679181,-0.04633333333549672,-0.01999999999998181,0.04634207351845312,46.34207351845312,268.88720033273677,-1.9665253820913298e-05,-0.0010123963932940766,-0.00043700563737232465,0.0010125873687552576
24/05/2025,Izquierda,IN-A3,-0.0039000000033411197,-0.044333333335089264,-0.012999999999976808,0.04450454408963424,44.50454408963424,264.9726363581848,-8.515097930920984e-05,-0.000967955575971906,-0.0002838365974536977,0.0009716937204347992
06/10/2021,Izquierda,IN2-A1a,0.000999999996565748,0.0006666666668024845,0.0033333333333587234,0.0012018504223725308,1.2018504223725308,33.69006762218325,0.0999999996565748,0.06666666668024845,0.33333333333587234,0.12018504223725308
10/10/2021,Izquierda,IN2-A1a,9.999999747378752e-05,-0.0033333333340124227,-0.007666666666665378,0.0033348329965881547,3.3348329965881547,271.71835795792225,0.007142856962413394,-0.23809523814374448,-0.5476190476189556,0.23820235689915392
19/10/2021,Izquierda,IN2-A1a,-0.0030000000042491592,-0.002333333333808696,-0.000666666666660376,0.0038005847539763875,3.8005847539763873,217.874983617427,-0.1304347827934417,-0.10144927538298679,-0.0289855072461033,0.16524281539027771
28/10/2021,Izquierda,IN2-A1a,-0.0030000000042491592,-0.002333333333808696,0.0013333333333491737,0.0038005847539763875,3.8005847539763873,217.874983617427,-0.09375000013278623,-0.07291666668152175,0.04166666666716168,0.1187682735617621
02/11/2021,Izquierda,IN2-A1a,-0.006000000001222361,-0.0033333333340124227,0.00033333333334439885,0.006863753428722997,6.8637534287229975,209.05460409907715,-0.16216216219519894,-0.09009009010844386,0.009009009009308077,0.18550684942494589
12/11/2021,Izquierda,IN2-A1a,-0.0030000000042491592,-0.002333333333808696,-0.000666666666660376,0.0038005847539763875,3.8005847539763873,217.874983617427,-0.0638297873244502,-0.049645390081036085,-0.014184397162986723,0.08086350540375292
18/11/2021,Izquierda,IN2-A1a,-0.005000000004656613,-0.002333333333808696,-0.000666666666660376,0.005517648456836384,5.517648456836384,205.01689346212464,-0.09433962272937006,-0.0440251572416735,-0.012578616352082565,0.10410657465729026
24/11/2021,Izquierda,IN2-A1a,-0.004900000007182825,-0.0043333333342161495,0.006333333333344626,0.0065412367221971525,6.541236722197152,221.4880573124143,-0.08305084757936991,-0.0734463276985788,0.107344632768553,0.11086841902029072
01/12/2021,Izquierda,IN2-A1a,9.999999747378752e-05,0.0,0.0,9.999999747378752e-05,0.09999999747378752,360.0,0.0015151514768755685,0.0,0.0,0.0015151514768755685
09/12/2021,Izquierda,IN2-A1a,9.999999747378752e-05,0.0,0.0,9.999999747378752e-05,0.09999999747378752,360.0,0.0013513513172133448,0.0,0.0,0.0013513513172133448
30/01/2022,Izquierda,IN2-A1a,9.999999747378752e-05,0.0,0.0,9.999999747378752e-05,0.09999999747378752,360.0,0.0007936507736014882,0.0,0.0,0.0007936507736014882
11/02/2022,Izquierda,IN2-A1a,,,,,,,,,,
27/02/2022,Izquierda,IN2-A1a,-0.0029000000067753717,-0.0033333333340124227,-0.000666666666660376,0.004418270154136744,4.418270154136744,228.97673091457054,-0.018831168875164752,-0.021645021649431315,-0.004329004328963481,0.028690065935952885
06/03/2022,Izquierda,IN2-A1a,-0.0039000000033411197,-0.0033333333340124227,0.00033333333334439885,0.0051304104262426325,5.130410426242633,220.5205395291717,-0.024223602505224345,-0.020703933751629953,0.0020703933748099307,0.031865903268587785
12/03/2022,Izquierda,IN2-A1a,9.999999747378752e-05,0.0,0.0,9.999999747378752e-05,0.09999999747378752,360.0,0.00059880238008256,0.0,0.0,0.00059880238008256
14/03/2022,Izquierda,IN2-A1a,9.999999747378752e-05,0.0,0.0,9.999999747378752e-05,0.09999999747378752,360.0,0.000591715961383358,0.0,0.0,0.000591715961383358
21/03/2022,Izquierda,IN2-A1a,9.999999747378752e-05,0.0,0.0,9.999999747378752e-05,0.09999999747378752,360.0,0.0005681818038283382,0.0,0.0,0.0005681818038283382
30/03/2022,Izquierda,IN2-A1a,-0.004900000007182825,-0.0033333333340124227,-0.000666666666660376,0.0059263067070503585,5.926306707050358,214.22636177859263,-0.02648648652531257,-0.018018018021688773,-0.0036036036035696,0.032034090308380316
06/04/2022,Izquierda,IN2-A1a,-0.004900000007182825,-0.0033333333340124227,-0.000666666666660376,0.0059263067070503585,5.926306707050358,214.22636177859263,-0.025520833370743883,-0.017361111114648036,-0.0034722222221894583,0.030866180765887284
11/04/2022,Izquierda,IN2-A1a,-0.004900000007182825,-0.002333333333808696,-0.000666666666660376,0.005427194903175534,5.427194903175534,205.46334503380064,-0.02487309648316155,-0.011844331643698964,-0.0033840947546211982,0.027549212706474792
18/04/2022,Izquierda,IN2-A1a,-0.0039000000033411197,-0.0033333333340124227,-0.0016666666666651508,0.0051304104262426325,5.130410426242633,220.5205395291717,-0.01911764707520157,-0.01633986928437462,-0.008169934640515445,0.025149070716875648
01/05/2022,Izquierda,IN2-A1a,-0.0039000000033411197,-0.0033333333340124227,0.00033333333334439885,0.0051304104262426325,5.130410426242633,220.5205395291717,-0.017972350245811612,-0.015360983106048031,0.0015360983103428517,0.02364244436056513
09/05/2022,Izquierda,IN2-A1a,-0.0029000000067753717,-0.0043333333342161495,-0.000666666666660376,0.0052141900449375654,5.214190044937565,236.2083442624484,-0.012888888919001652,-0.019259259263182886,-0.0029629629629350043,0.02317417797750029
16/05/2022,Izquierda,IN2-A1a,-0.004900000007182825,-0.002333333333808696,-0.0016666666666651508,0.005427194903175534,5.427194903175534,205.46334503380064,-0.021120689686132867,-0.010057471266416792,-0.007183908045970478,0.023393081479204887
23/05/2022,Izquierda,IN2-A1a,9.999999747378752e-05,0.0,0.0,9.999999747378752e-05,0.09999999747378752,360.0,0.0004184100312710775,0.0,0.0,0.0004184100312710775
30/05/2022,Izquierda,IN2-A1a,-0.004900000007182825,-0.0033333333340124227,-0.000666666666660376,0.0059263067070503585,5.926306707050358,214.22636177859263,-0.01991869921619035,-0.013550135504115539,-0.0027100271002454307,0.024090677670936415
06/06/2022,Izquierda,IN2-A1a,-0.004900000007182825,-0.002333333333808696,-0.002666666666641504,0.005427194903175534,5.427194903175534,205.46334503380064,-0.019367588961196936,-0.009222661398453343,-0.010540184453128473,0.021451363253658238
13/06/2022,Izquierda,IN2-A1a,-0.0039000000033411197,-0.0033333333340124227,0.00033333333334439885,0.0051304104262426325,5.130410426242633,220.5205395291717,-0.015000000012850461,-0.012820512823124703,0.0012820512820938418,0.019732347793240894
24/06/2022,Izquierda,IN2-A1a,-0.004900000007182825,-0.0033333333340124227,-0.000666666666660376,0.0059263067070503585,5.926306707050358,214.22636177859263,-0.018081180838313008,-0.012300123003735878,-0.0024600246002227898,0.021868290431920144
27/06/2022,Izquierda,IN2-A1a,-0.004900000007182825,-0.0033333333340124227,0.00033333333334439885,0.0059263067070503585,5.926306707050358,214.22636177859263,-0.01788321170504681,-0.01216545012413293,0.0012165450122058354,0.0216288565950743
04/07/2022,Izquierda,IN2-A1a,-0.0039000000033411197,-0.0033333333340124227,-0.003666666666646279,0.0051304104262426325,5.130410426242633,220.5205395291717,-0.013879003570608967,-0.011862396206449903,-0.013048635824363983,0.01825768834961791
11/07/2022,Izquierda,IN2-A1a,-0.004900000007182825,-0.0033333333340124227,-0.003666666666646279,0.0059263067070503585,5.926306707050358,214.22636177859263,-0.017013888913829253,-0.011574074076432024,-0.01273148148141069,0.020577453843924856
23/07/2022,Izquierda,IN2-A1a,-0.004900000007182825,-0.0033333333340124227,0.00033333333334439885,0.0059263067070503585,5.926306707050358,214.22636177859263,-0.016333333357276082,-0.011111111113374744,0.001111111111147996,0.01975435569016786
01/08/2022,Izquierda,IN2-A1a,-0.007900000004156027,-0.003666666666646279,-0.0033333333340124227,-0.003666666666646279,-3.666666666646279,202.8768717980395,-0.00017644168499924122,-8.18927651459838e-05,-7.444796833011173e-05,-8.18927651459838e-05
08/08/2022,Izquierda,IN2-A1a,-0.005900000003748573,-0.0033333333340124227,0.0033333333333587234,0.006776511725059696,6.776511725059696,209.46522137417543,-0.00013175230574905816,-7.443633089954273e-05,7.443633088494503e-05,0.0001513256007025233
16/08/2022,Izquierda,IN2-A1a,-0.006900000007590279,-0.002333333333808696,-0.008666666666641731,0.00728384819662029,7.283848196620291,198.68369881976616,-0.00015405568348456718,-5.2096124803159165e-05,-0.00019349989208604192,0.00016262582769475297
30/08/2022,Izquierda,IN2-A1a,-0.004900000007182825,-0.0033333333340124227,-0.002666666666641504,0.0059263067070503585,5.926306707050358,214.22636177859263,-0.00010936767643199843,-7.439977979180909e-05,-5.951982382075986e-05,0.00013227477416803248
13/11/2022,Izquierda,IN2-A1a,-0.004900000007182825,-0.0033333333340124227,-0.0016666666666651508,0.0059263067070503585,5.926306707050358,214.22636177859263,-0.00010918490144798844,-7.42754430681497e-05,-3.713772152647513e-05,0.00013205371690027092
13/11/2022,Izquierda,IN2-A1a,9.999999747378752e-05,0.0,0.0,9.999999747378752e-05,0.09999999747378752,360.0,2.228263235299869e-06,0.0,0.0,2.228263235299869e-06
09/02/2023,Izquierda,IN2-A1a,-0.006900000007590279,-0.001333333333604969,-0.002666666666641504,0.007027643835827766,7.0276438358277655,190.93684894064,-0.00015344927295268156,-2.965203339423051e-05,-5.93040667758196e-05,0.00015628794724520227
20/02/2023,Izquierda,IN2-A1a,-0.006900000007590279,-0.0033333333340124227,-0.0016666666666651508,0.00766297013046405,7.66297013046405,205.78480667436278,-0.00015341174394891343,-7.411195353208135e-05,-3.7055976758457675e-05,0.00017037530583329368
11/03/2023,Izquierda,IN2-A1a,-0.004900000007182825,-0.002333333333808696,0.0013333333333491737,0.005427194903175534,5.427194903175534,205.46334503380064,-0.00010889856892130023,-5.185646132564441e-05,2.9632263608969102e-05,0.00012061505251968028
15/03/2023,Izquierda,IN2-A1a,-0.004900000007182825,-0.002333333333808696,0.00033333333334439885,0.005427194903175534,5.427194903175534,205.46334503380064,-0.00010888888904850724,-5.185185186241546e-05,7.407407407653308e-06,0.00012060433118167853
29/03/2023,Izquierda,IN2-A1a,9.999999747378752e-05,0.0,0.0,9.999999747378752e-05,0.09999999747378752,360.0,2.221531023099203e-06,0.0,0.0,2.221531023099203e-06
04/04/2023,Izquierda,IN2-A1a,-0.005900000003748573,-0.00033333333340124227,-0.002666666666641504,0.00590940869761007,5.90940869761007,183.23361212349513,-0.0001310528654764232,-7.404116690387434e-06,-5.923293351047321e-05,0.0001312618546781446
12/04/2023,Izquierda,IN2-A1a,-0.006900000007590279,-0.00033333333340124227,-0.004666666666651054,0.006908046845230729,6.9080468452307295,182.76576183177437,-0.00015323798542218794,-7.402801221489791e-06,-0.00010363921707939624,0.00015341669284069313
16/04/2023,Izquierda,IN2-A1a,-0.004900000007182825,-0.0033333333340124227,-0.006666666666660603,0.0059263067070503585,5.926306707050358,214.22636177859263,-0.0001088115119733262,-7.402143662312184e-05,-0.00014804287321594874,0.00013160212087072213
25/04/2023,Izquierda,IN2-A1a,9.999999747378752e-05,0.0,0.0,9.999999747378752e-05,0.09999999747378752,360.0,2.2201993178168226e-06,0.0,0.0,2.2201993178168226e-06
09/05/2023,Izquierda,IN2-A1a,-0.0039000000033411197,-0.005333333334419876,-0.006666666666660603,0.006607151010995206,6.607151010995206,233.8238619252146,-8.656087012187593e-05,-0.00011837383940561262,-0.00014796729922673629,0.0001466463436021575
19/05/2023,Izquierda,IN2-A1a,-0.0019000000029336661,-0.005333333334419876,-0.006666666666660603,0.00566166446084384,5.66166446084384,250.3915587038329,-4.2161322599215934e-05,-0.00011834757204970323,-0.00014793446503185627,0.00012563329548083522
27/05/2023,Izquierda,IN2-A1a,-0.007900000004156027,-0.005333333334419876,-0.0016666666666651508,0.009531759780948083,9.531759780948082,214.02350184933474,-0.000175271226768931,-0.00011832656655691604,-3.6977052041469416e-05,0.00021147382648033377
31/05/2023,Izquierda,IN2-A1a,-0.005900000003748573,-0.005333333334419876,-0.002666666666641504,0.007953266278722686,7.953266278722686,222.11215635293632,-0.00013088714873990223,-0.00011831606660647062,-5.9158033290625016e-05,0.00017643734673387064
11/06/2023,Izquierda,IN2-A1a,-0.0009000000063679181,0.0,0.0013333333333491737,0.0009000000063679181,0.9000000063679181,180.0,-1.9960965364795913e-05,0.0,2.9571800331555482e-05,1.9960965364795913e-05
19/06/2023,Izquierda,IN2-A1a,-0.006900000007590279,-0.006333333334623603,-0.002666666666641504,0.009365954902315107,9.365954902315107,222.54802626402466,-0.0001530069187420232,-0.00014044113301897292,-5.913310862696257e-05,0.0002076892607396467
06/07/2023,Izquierda,IN2-A1a,-0.005900000003748573,-0.006333333334623603,-0.003666666666646279,0.008655698190884875,8.655698190884875,227.02870254461916,-0.00013078270130003708,-0.00014038821037447305,-8.127738493663198e-05,0.00019186704920721024
17/07/2023,Izquierda,IN2-A1a,0.0010999999940395355,-0.007333333331189351,-0.0056666666666558285,0.007415374416253011,7.415374416253011,278.5307655668608,2.437727138639162e-05,-0.00016251514340903626,-0.00012557988357982068,0.00016433326868746145
28/07/2023,Izquierda,IN2-A1a,-0.0039000000033411197,-0.0033333333340124227,-0.000666666666660376,0.0051304104262426325,5.130410426242633,220.5205395291717,-8.64074444076907e-05,-7.385251653954631e-05,-1.477050330476074e-05,0.00011366811623446622
19/08/2023,Izquierda,IN2-A1a,-0.006900000007590279,-0.0043333333342161495,-0.002666666666641504,0.008147869530753098,8.147869530753098,212.12961494931744,-0.00015280023047567994,-9.596149731417388e-05,-5.9053229103826736e-05,0.00018043425229207204
25/08/2023,Izquierda,IN2-A1a,-0.006900000007590279,-0.0043333333342161495,-0.0016666666666651508,0.008147869530753098,8.147869530753098,212.12961494931744,-0.00015277993064212472,-9.594874862644531e-05,-3.690336484877335e-05,0.00018041028122031525
24/09/2023,Izquierda,IN2-A1a,-0.006900000007590279,-0.0043333333342161495,-0.0016666666666651508,0.008147869530753098,8.147869530753098,212.12961494931744,-0.00015267851232691522,-9.588505596477662e-05,-3.687886767121348e-05,0.00018029052133633746
16/10/2023,Izquierda,IN2-A1a,-0.006900000007590279,-0.0043333333342161495,-0.003666666666646279,0.008147869530753098,8.147869530753098,212.12961494931744,-0.0001526042244297308,-9.583840172987171e-05,-8.109403221599644e-05,0.00018020279842426403
01/11/2023,Izquierda,IN2-A1a,-0.004900000007182825,-0.005333333334419876,-0.003666666666646279,0.007242544064513928,7.242544064513928,227.42475700800932,-0.00010833278077386805,-0.00011791323062545326,-8.106534603803319e-05,0.00016012345657876077
14/09/2024,Izquierda,IN2-A1a,-0.008900000007997733,-0.005333333334419876,-0.0056666666666558285,0.010375665983366748,10.375665983366748,210.93218859511614,-0.00019539397150316655,-0.00011709002029506412,-0.00012440814653792243,0.0002277913013099464
19/04/2025,Izquierda,IN2-A1a,-0.010900000008405186,-0.006333333334623603,-0.014666666666641959,0.01260639168480369,12.60639168480369,210.15829068742653,-0.00023816807255178923,-0.00013838511852955475,-0.00032047080073945635,0.000275453211659391
24/05/2025,Izquierda,IN2-A1a,-0.011900000004970934,-0.007333333331189351,-0.01266666666666083,0.01397811782267702,13.97811782267702,211.64330649119591,-0.0002598196547012278,-0.000160112952363253,-0.0002765587359808919,0.00030519241550789326
06/10/2021,Izquierda,IN2-C1a,-0.002333333330170717,0.0016666666633682325,0.004333333333306655,0.002867441751190173,2.867441751190173,144.46232222492623,-0.2333333330170717,0.16666666633682325,0.4333333333306655,0.2867441751190173
10/10/2021,Izquierda,IN2-C1a,-0.001333333333604969,-0.001333333333604969,0.011333333333311657,0.0018856180835482776,1.8856180835482776,225.0,-0.0952380952574978,-0.0952380952574978,0.8095238095222612,0.1346870059677341
19/10/2021,Izquierda,IN2-C1a,-0.00033333332976326346,-0.0033333333340124227,0.0063333333333162045,0.003349958540694114,3.3499585406941144,264.28940692441347,-0.014492753467967976,-0.14492753626140967,0.275362318839835,0.1456503713345267
28/10/2021,Izquierda,IN2-C1a,-0.001333333333604969,-0.0033333333340124227,0.009333333333302107,0.0035901098721544044,3.5901098721544042,248.19859051364818,-0.041666666675155284,-0.10416666668788821,0.29166666666569085,0.11219093350482513
02/11/2021,Izquierda,IN2-C1a,0.0016666666706441902,-0.0043333333342161495,0.002333333333297105,0.004642796094646527,4.642796094646527,291.0375110673249,0.04504504515254568,-0.11711711714097701,0.06306306306208392,0.1254809755309872
12/11/2021,Izquierda,IN2-C1a,-0.001333333333604969,0.0026666666635719594,-0.0016666666666935726,0.0029814239673532084,2.9814239673532086,116.56505120834412,-0.02836879433202062,0.05673758858663743,-0.03546099290837389,0.06343455249687677
18/11/2021,Izquierda,IN2-C1a,-0.00033333332976326346,0.0006666666631645057,-0.004666666666679475,0.0007453559877709182,0.7453559877709182,116.56505105201349,-0.0062893081087408206,0.01257861628612275,-0.08805031446565048,0.014063320523979588
24/11/2021,Izquierda,IN2-C1a,9.999999747378752e-05,0.0,0.0,9.999999747378752e-05,0.09999999747378752,360.0,0.0016949152114201275,0.0,0.0,0.0016949152114201275
01/12/2021,Izquierda,IN2-C1a,9.999999747378752e-05,0.0,0.0,9.999999747378752e-05,0.09999999747378752,360.0,0.0015151514768755685,0.0,0.0,0.0015151514768755685
09/12/2021,Izquierda,IN2-C1a,9.999999747378752e-05,0.0,0.0,9.999999747378752e-05,0.09999999747378752,360.0,0.0013513513172133448,0.0,0.0,0.0013513513172133448
30/01/2022,Izquierda,IN2-C1a,9.999999747378752e-05,0.0,0.0,9.999999747378752e-05,0.09999999747378752,360.0,0.0007936507736014882,0.0,0.0,0.0007936507736014882
11/02/2022,Izquierda,IN2-C1a,-0.010233333334326744,-0.006333333334623603,-0.0076666666666938,0.012034625970876596,12.034625970876597,211.75305463287944,-0.0741545893791793,-0.04589371981611307,-0.05555555555575217,0.08720743457156953
27/02/2022,Izquierda,IN2-C1a,-0.003233333336538635,-0.002333333333808696,0.009333333333302107,0.00398734108295677,3.98734108295677,215.816080727742,-0.020995671016484644,-0.015151515154601922,0.06060606060585784,0.025891825214005
12/03/2022,Izquierda,IN2-C1a,9.999999747378752e-05,0.0,0.0,9.999999747378752e-05,0.09999999747378752,360.0,0.00059880238008256,0.0,0.0,0.00059880238008256
30/03/2022,Izquierda,IN2-C1a,9.999999747378752e-05,0.0,0.0,9.999999747378752e-05,0.09999999747378752,360.0,0.0005405405268853379,0.0,0.0,0.0005405405268853379
06/04/2022,Izquierda,IN2-C1a,,,,,,,,,,
11/04/2022,Izquierda,IN2-C1a,,,,,,,,,,
18/04/2022,Izquierda,IN2-C1a,,,,,,,,,,
01/05/2022,Izquierda,IN2-C1a,9.999999747378752e-05,0.0,0.0,9.999999747378752e-05,0.09999999747378752,360.0,0.0004608294814460254,0.0,0.0,0.0004608294814460254
09/05/2022,Izquierda,IN2-C1a,,,,,,,,,,
16/05/2022,Izquierda,IN2-C1a,,,,,,,,,,
23/05/2022,Izquierda,IN2-C1a,9.999999747378752e-05,0.0,0.0,9.999999747378752e-05,0.09999999747378752,360.0,0.0004184100312710775,0.0,0.0,0.0004184100312710775
30/05/2022,Izquierda,IN2-C1a,,,,,,,,,,
06/06/2022,Izquierda,IN2-C1a,,,,,,,,,,
13/06/2022,Izquierda,IN2-C1a,,,,,,,,,,
24/06/2022,Izquierda,IN2-C1a,9.999999747378752e-05,0.0,0.0,9.999999747378752e-05,0.09999999747378752,360.0,0.0003690036807150831,0.0,0.0,0.0003690036807150831
27/06/2022,Izquierda,IN2-C1a,,,,,,,,,,
04/07/2022,Izquierda,IN2-C1a,,,,,,,,,,
11/07/2022,Izquierda,IN2-C1a,,,,,,,,,,
23/07/2022,Izquierda,IN2-C1a,9.999999747378752e-05,0.0,0.0,9.999999747378752e-05,0.09999999747378752,360.0,0.000333333324912625,0.0,0.0,0.000333333324912625
01/08/2022,Izquierda,IN2-C1a,,,,,,,,,,
08/08/2022,Izquierda,IN2-C1a,,,,,,,,,,
16/08/2022,Izquierda,IN2-C1a,,,,,,,,,,
30/08/2022,Izquierda,IN2-C1a,,,,,,,,,,
13/11/2022,Izquierda,IN2-C1a,9.999999747378752e-05,0.0,0.0,9.999999747378752e-05,0.09999999747378752,360.0,2.228263235299869e-06,0.0,0.0,2.228263235299869e-06
13/11/2022,Izquierda,IN2-C1a,9.999999747378752e-05,0.0,0.0,9.999999747378752e-05,0.09999999747378752,360.0,2.228263235299869e-06,0.0,0.0,2.228263235299869e-06
09/02/2023,Izquierda,IN2-C1a,,,,,,,,,,
20/02/2023,Izquierda,IN2-C1a,9.999999747378752e-05,0.0,0.0,9.999999747378752e-05,0.09999999747378752,360.0,2.2233585493427198e-06,0.0,0.0,2.2233585493427198e-06
11/03/2023,Izquierda,IN2-C1a,,,,,,,,,,
15/03/2023,Izquierda,IN2-C1a,,,,,,,,,,
29/03/2023,Izquierda,IN2-C1a,9.999999747378752e-05,0.0,0.0,9.999999747378752e-05,0.09999999747378752,360.0,2.221531023099203e-06,0.0,0.0,2.221531023099203e-06
04/04/2023,Izquierda,IN2-C1a,,,,,,,,,,
12/04/2023,Izquierda,IN2-C1a,,,,,,,,,,
16/04/2023,Izquierda,IN2-C1a,,,,,,,,,,
25/04/2023,Izquierda,IN2-C1a,9.999999747378752e-05,0.0,0.0,9.999999747378752e-05,0.09999999747378752,360.0,2.2201993178168226e-06,0.0,0.0,2.2201993178168226e-06
09/05/2023,Izquierda,IN2-C1a,,,,,,,,,,
19/05/2023,Izquierda,IN2-C1a,,,,,,,,,,
27/05/2023,Izquierda,IN2-C1a,,,,,,,,,,
31/05/2023,Izquierda,IN2-C1a,,,,,,,,,,
11/06/2023,Izquierda,IN2-C1a,-0.00023333333228947595,-0.001333333333604969,-0.0006666666666887977,0.0013535960337040926,1.3535960337040926,260.0737545388539,-5.175065034809172e-06,-2.9571800337228733e-05,-1.4785900166092922e-05,3.0021203728355494e-05
19/06/2023,Izquierda,IN2-C1a,-0.0152333333317074,-0.01633333333666087,0.043333333333322344,0.02233455220686963,22.33455220686963,226.99577187871103,-0.0003377978829986562,-0.0003621902904173512,0.0009609130151969653,0.000495266813173444
06/07/2023,Izquierda,IN2-C1a,,,,,,,,,,
17/07/2023,Izquierda,IN2-C1a,-0.02123333333292976,-0.011333333335642237,0.037333333333322116,0.02406862872961577,24.068628729615767,208.09115766294164,-0.0004705552108175197,-0.0002511597672112897,0.0008273498212330936,0.0005333886341994452
28/07/2023,Izquierda,IN2-C1a,,,,,,,,,,
19/08/2023,Izquierda,IN2-C1a,-0.02123333333292976,-0.011333333335642237,0.03333333333330302,0.02406862872961577,24.068628729615767,208.09115766294164,-0.0004702113367347202,-0.00025097622374476244,0.0007381653638041283,0.0005329988424743842
25/08/2023,Izquierda,IN2-C1a,,,,,,,,,,
24/09/2023,Izquierda,IN2-C1a,-0.020233333336364012,-0.012333333335845964,0.03633333333331734,0.023695967780901217,23.695967780901217,211.36461310657802,-0.00044770945359599965,-0.0002729036208228258,0.0008039593152328312,0.0005243282760803934
16/10/2023,Izquierda,IN2-C1a,,,,,,,,,,
01/11/2023,Izquierda,IN2-C1a,-0.020233333336364012,-0.01333333333604969,0.03833333333329847,0.024231499246861164,24.231499246861162,213.38402659470316,-0.00044733331866118393,-0.0002947830765636331,0.0008475013449470157,0.0005357276922212899
14/09/2024,Izquierda,IN2-C1a,-0.023233333333337214,-0.017333333336864598,0.04233333333331757,0.0289867594315891,28.9867594315891,216.72494543661645,-0.0005100734008065427,-0.00038054256595895845,0.0009294020359023814,0.0006363862967702715
19/04/2025,Izquierda,IN2-C1a,-0.02723333333415212,-0.01333333333604969,0.04033333333330802,0.030322140794133503,30.322140794133503,206.08618905096523,-0.0005950560095737473,-0.0002913370916411679,0.0008812947020344365,0.0006625473232122866
24/05/2025,Izquierda,IN2-C1a,-0.025233333333744667,-0.014333333336253418,0.043333333333322344,0.029020088829292433,29.020088829292433,209.59794843783962,-0.0005509341135290642,-0.0003129480434106989,0.0009461219915137735,0.0006336125593173169
06/10/2021,Izquierda,IN2-B1a,0.0020000000004074536,-0.003333333330374444,0.004666666666651054,0.003887301260902607,3.887301260902607,300.9637565596613,0.20000000004074536,-0.3333333330374444,0.46666666666510537,0.3887301260902607
10/10/2021,Izquierda,IN2-B1a,-0.0010000000038417056,-0.00033333332976326346,0.014666666666641959,0.0010540925559050665,1.0540925559050665,198.43494857279302,-0.07142857170297898,-0.02380952355451882,1.0476190476172829,0.07529232542179046
19/10/2021,Izquierda,IN2-B1a,-0.0020000000004074536,-0.00033333332976326346,0.017666666666656283,0.0020275875099144006,2.0275875099144005,189.46232210662197,-0.08695652175684582,-0.014492753467967976,0.7681159420285341,0.08815597869193047
28/10/2021,Izquierda,IN2-B1a,0.000999999996565748,-0.0013333333299669903,0.003666666666646279,0.001666666661913041,1.6666666619130408,306.8698976208311,0.031249999892679625,-0.041666666561468446,0.11458333333269621,0.052083333184782525
02/11/2021,Izquierda,IN2-B1a,0.0020000000004074536,-0.0013333333299669903,0.013666666666665606,0.002403700848781037,2.403700848781037,326.30993254617283,0.05405405406506632,-0.036036035945053786,0.3693693693693407,0.0649648878048929
12/11/2021,Izquierda,IN2-B1a,0.004000000000814907,-0.002333333330170717,0.0056666666666558285,0.004630814662260284,4.630814662260285,329.7435628753509,0.08510638299606187,-0.04964539000363228,0.12056737588629422,0.09852797153745287
18/11/2021,Izquierda,IN2-B1a,-0.0010000000038417056,0.002666666670847917,0.007666666666665378,0.002848001253703117,2.8480012537031167,110.55604526241378,-0.018867924600786897,0.050314465487696546,0.14465408805029015,0.05373587271137956
24/11/2021,Izquierda,IN2-B1a,9.999999747378752e-05,0.0,0.0,9.999999747378752e-05,0.09999999747378752,360.0,0.0016949152114201275,0.0,0.0,0.0016949152114201275
01/12/2021,Izquierda,IN2-B1a,9.999999747378752e-05,0.0,0.0,9.999999747378752e-05,0.09999999747378752,360.0,0.0015151514768755685,0.0,0.0,0.0015151514768755685
09/12/2021,Izquierda,IN2-B1a,9.999999747378752e-05,0.0,0.0,9.999999747378752e-05,0.09999999747378752,360.0,0.0013513513172133448,0.0,0.0,0.0013513513172133448
30/01/2022,Izquierda,IN2-B1a,0.002099999997881241,-0.0083333333277551,0.026666666666642413,0.008593860851943967,8.593860851943967,284.1440434857169,0.016666666649851117,-0.06613756609329444,0.21164021164001914,0.06820524485669816
11/02/2022,Izquierda,IN2-B1a,-0.010900000001129229,-0.0083333333277551,0.000666666666660376,0.013720584695124733,13.720584695124733,217.39885237808681,-0.07898550725455962,-0.0603864733895297,0.004830917874350551,0.09942452677626618
27/02/2022,Izquierda,IN2-B1a,-0.0009000000063679181,-0.00033333332976326346,0.02166666666664696,0.000959745341324102,0.959745341324102,200.3231364977668,-0.005844155885505961,-0.002164502141319893,0.14069264069251272,0.0062321126060006626
12/03/2022,Izquierda,IN2-B1a,9.999999747378752e-05,0.0,0.0,9.999999747378752e-05,0.09999999747378752,360.0,0.00059880238008256,0.0,0.0,0.00059880238008256
30/03/2022,Izquierda,IN2-B1a,0.005099999994854443,0.0006666666704404633,0.003666666666646279,0.005143388415917224,5.143388415917224,7.447416899309072,0.027567567539753743,0.003603603624002505,0.019819819819709615,0.027802099545498508
06/04/2022,Izquierda,IN2-B1a,,,,,,,,,,
11/04/2022,Izquierda,IN2-B1a,,,,,,,,,,
18/04/2022,Izquierda,IN2-B1a,,,,,,,,,,
01/05/2022,Izquierda,IN2-B1a,9.999999747378752e-05,0.0,0.0,9.999999747378752e-05,0.09999999747378752,360.0,0.0004608294814460254,0.0,0.0,0.0004608294814460254
09/05/2022,Izquierda,IN2-B1a,,,,,,,,,,
16/05/2022,Izquierda,IN2-B1a,,,,,,,,,,
23/05/2022,Izquierda,IN2-B1a,9.999999747378752e-05,0.0,0.0,9.999999747378752e-05,0.09999999747378752,360.0,0.0004184100312710775,0.0,0.0,0.0004184100312710775
30/05/2022,Izquierda,IN2-B1a,,,,,,,,,,
06/06/2022,Izquierda,IN2-B1a,,,,,,,,,,
13/06/2022,Izquierda,IN2-B1a,,,,,,,,,,
24/06/2022,Izquierda,IN2-B1a,9.999999747378752e-05,0.0,0.0,9.999999747378752e-05,0.09999999747378752,360.0,0.0003690036807150831,0.0,0.0,0.0003690036807150831
27/06/2022,Izquierda,IN2-B1a,,,,,,,,,,
04/07/2022,Izquierda,IN2-B1a,,,,,,,,,,
11/07/2022,Izquierda,IN2-B1a,,,,,,,,,,
23/07/2022,Izquierda,IN2-B1a,9.999999747378752e-05,0.0,0.0,9.999999747378752e-05,0.09999999747378752,360.0,0.000333333324912625,0.0,0.0,0.000333333324912625
01/08/2022,Izquierda,IN2-B1a,,,,,,,,,,
08/08/2022,Izquierda,IN2-B1a,,,,,,,,,,
16/08/2022,Izquierda,IN2-B1a,,,,,,,,,,
30/08/2022,Izquierda,IN2-B1a,,,,,,,,,,
13/11/2022,Izquierda,IN2-B1a,-0.005900000003748573,0.0006666666704404633,0.008666666666641731,0.005937545325613047,5.937545325613047,173.55324458877104,-0.0001314675342873696,1.4855088694693689e-05,0.00019311615193729067,0.00013230414291218518
13/11/2022,Izquierda,IN2-B1a,9.999999747378752e-05,0.0,0.0,9.999999747378752e-05,0.09999999747378752,360.0,2.228263235299869e-06,0.0,0.0,2.228263235299869e-06
09/02/2023,Izquierda,IN2-B1a,,,,,,,,,,
20/02/2023,Izquierda,IN2-B1a,0.002099999997881241,0.005666666671459097,0.014666666666641959,0.0060432699059802504,6.04326990598025,69.66588700212442,4.669053066859153e-05,0.0001259903210854236,0.0003260925954741748,0.0001343635615087767
11/03/2023,Izquierda,IN2-B1a,,,,,,,,,,
15/03/2023,Izquierda,IN2-B1a,,,,,,,,,,
29/03/2023,Izquierda,IN2-B1a,9.999999747378752e-05,0.0,0.0,9.999999747378752e-05,0.09999999747378752,360.0,2.221531023099203e-06,0.0,0.0,2.221531023099203e-06
04/04/2023,Izquierda,IN2-B1a,,,,,,,,,,
12/04/2023,Izquierda,IN2-B1a,,,,,,,,,,
16/04/2023,Izquierda,IN2-B1a,,,,,,,,,,
25/04/2023,Izquierda,IN2-B1a,9.999999747378752e-05,0.0,0.0,9.999999747378752e-05,0.09999999747378752,360.0,2.2201993178168226e-06,0.0,0.0,2.2201993178168226e-06
09/05/2023,Izquierda,IN2-B1a,,,,,,,,,,
19/05/2023,Izquierda,IN2-B1a,,,,,,,,,,
27/05/2023,Izquierda,IN2-B1a,,,,,,,,,,
31/05/2023,Izquierda,IN2-B1a,,,,,,,,,,
11/06/2023,Izquierda,IN2-B1a,9.999999747378752e-05,0.0,0.0,9.999999747378752e-05,0.09999999747378752,360.0,2.217884968811824e-06,0.0,0.0,2.217884968811824e-06
19/06/2023,Izquierda,IN2-B1a,-0.01990000000660075,-0.016333333329384914,0.01266666666666083,0.025744665037857956,25.744665037857956,219.37814033213124,-0.0004412808232792432,-0.00036219029025600746,0.00028088226598059317,0.0005708857778485444
06/07/2023,Izquierda,IN2-B1a,,,,,,,,,,
17/07/2023,Izquierda,IN2-B1a,-0.018900000002759043,-0.0063333333273476455,0.003666666666646279,0.019932915269462826,19.932915269462825,198.5258463156345,-0.0004188458470605231,-0.0001403539873980065,8.125757172782285e-05,0.00044173644334418106
28/07/2023,Izquierda,IN2-B1a,,,,,,,,,,
19/08/2023,Izquierda,IN2-B1a,-0.01990000000660075,-0.010333333328162553,0.0056666666666558285,0.022422929735733125,22.422929735733124,207.44118161976226,-0.00044068472233763865,-0.00022883126266498113,0.0001254881118465759,0.0004965549025784069
25/08/2023,Izquierda,IN2-B1a,,,,,,,,,,
24/09/2023,Izquierda,IN2-B1a,-0.01990000000660075,-0.01133333332836628,0.009666666666646506,0.02290097038543493,22.90097038543493,209.66212881048844,-0.0004403336801407463,-0.00025077630005457214,0.00021389743249278662,0.0005067371138325609
16/10/2023,Izquierda,IN2-B1a,,,,,,,,,,
01/11/2023,Izquierda,IN2-B1a,-0.01990000000660075,-0.0083333333277551,0.0056666666666558285,0.021574393261785688,21.574393261785687,202.72200847196166,-0.00043996374182752424,-0.0001842394226914085,0.000125282807513781,0.00047698245145554345
14/09/2024,Izquierda,IN2-B1a,-0.020900000003166497,-0.01733333332958864,0.01666666666665151,0.027152429807422173,27.152429807422173,219.67048225762147,-0.0004588465170073217,-0.0003805425657992193,0.0003659063133471977,0.0005961147293556867
19/04/2025,Izquierda,IN2-B1a,-0.017900000006193295,-0.016333333329384914,-0.0033333333333587234,0.024231957780388197,24.231957780388196,222.3797234375588,-0.0003911200455839115,-0.00035688793710144897,-7.283427289600847e-05,0.0005294751077303718
24/05/2025,Izquierda,IN2-B1a,-0.018900000002759043,-0.015333333329181187,0.01266666666666083,0.024337648018822,24.337648018821998,219.05198713242265,-0.0004126547455898134,-0.00033478162767584086,0.0002765587359808919,0.0005313780925923451
06/10/2021,Izquierda,IN3-C1,,,,,,,,,,
10/10/2021,Izquierda,IN3-C1,,,,,,,,,,
19/10/2021,Izquierda,IN3-C1,,,,,,,,,,
28/10/2021,Izquierda,IN3-C1,,,,,,,,,,
02/11/2021,Izquierda,IN3-C1,,,,,,,,,,
12/11/2021,Izquierda,IN3-C1,,,,,,,,,,
18/11/2021,Izquierda,IN3-C1,,,,,,,,,,
24/11/2021,Izquierda,IN3-C1,,,,,,,,,,
01/12/2021,Izquierda,IN3-C1,,,,,,,,,,
09/12/2021,Izquierda,IN3-C1,,,,,,,,,,
30/01/2022,Izquierda,IN3-C1,,,,,,,,,,
11/02/2022,Izquierda,IN3-C1,,,,,,,,,,
27/02/2022,Izquierda,IN3-C1,,,,,,,,,,
12/03/2022,Izquierda,IN3-C1,0.01359999999840511,0.0,0.012000000000000455,0.01359999999840511,13.59999999840511,360.0,0.08143712573895275,0.0,0.07185628742515243,0.08143712573895275
30/03/2022,Izquierda,IN3-C1,,,,,,,,,,
06/04/2022,Izquierda,IN3-C1,,,,,,,,,,
11/04/2022,Izquierda,IN3-C1,,,,,,,,,,
18/04/2022,Izquierda,IN3-C1,,,,,,,,,,
01/05/2022,Izquierda,IN3-C1,,,,,,,,,,
09/05/2022,Izquierda,IN3-C1,,,,,,,,,,
16/05/2022,Izquierda,IN3-C1,,,,,,,,,,
23/05/2022,Izquierda,IN3-C1,,,,,,,,,,
30/05/2022,Izquierda,IN3-C1,,,,,,,,,,
06/06/2022,Izquierda,IN3-C1,,,,,,,,,,
13/06/2022,Izquierda,IN3-C1,,,,,,,,,,
24/06/2022,Izquierda,IN3-C1,,,,,,,,,,
27/06/2022,Izquierda,IN3-C1,,,,,,,,,,
04/07/2022,Izquierda,IN3-C1,,,,,,,,,,
11/07/2022,Izquierda,IN3-C1,,,,,,,,,,
23/07/2022,Izquierda,IN3-C1,,,,,,,,,,
01/08/2022,Izquierda,IN3-C1,,,,,,,,,,
08/08/2022,Izquierda,IN3-C1,,,,,,,,,,
16/08/2022,Izquierda,IN3-C1,,,,,,,,,,
30/08/2022,Izquierda,IN3-C1,,,,,,,,,,
13/11/2022,Izquierda,IN3-C1,,,,,,,,,,
13/11/2022,Izquierda,IN3-C1,,,,,,,,,,
09/02/2023,Izquierda,IN3-C1,,,,,,,,,,
20/02/2023,Izquierda,IN3-C1,,,,,,,,,,
11/03/2023,Izquierda,IN3-C1,,,,,,,,,,
15/03/2023,Izquierda,IN3-C1,,,,,,,,,,
29/03/2023,Izquierda,IN3-C1,,,,,,,,,,
04/04/2023,Izquierda,IN3-C1,,,,,,,,,,
12/04/2023,Izquierda,IN3-C1,,,,,,,,,,
16/04/2023,Izquierda,IN3-C1,,,,,,,,,,
25/04/2023,Izquierda,IN3-C1,,,,,,,,,,
09/05/2023,Izquierda,IN3-C1,,,,,,,,,,
19/05/2023,Izquierda,IN3-C1,,,,,,,,,,
27/05/2023,Izquierda,IN3-C1,,,,,,,,,,
31/05/2023,Izquierda,IN3-C1,,,,,,,,,,
11/06/2023,Izquierda,IN3-C1,,,,,,,,,,
19/06/2023,Izquierda,IN3-C1,,,,,,,,,,
06/07/2023,Izquierda,IN3-C1,,,,,,,,,,
17/07/2023,Izquierda,IN3-C1,,,,,,,,,,
28/07/2023,Izquierda,IN3-C1,,,,,,,,,,
19/08/2023,Izquierda,IN3-C1,,,,,,,,,,
25/08/2023,Izquierda,IN3-C1,,,,,,,,,,
24/09/2023,Izquierda,IN3-C1,,,,,,,,,,
16/10/2023,Izquierda,IN3-C1,,,,,,,,,,
06/10/2021,Izquierda,IN4-C1,-0.000999999996565748,-0.0010000000002037268,-0.0030000000000143245,0.0014142135600887689,1.4142135600887689,225.00000010422042,-0.0999999996565748,-0.10000000002037268,-0.30000000000143245,0.1414213560088769
10/10/2021,Izquierda,IN4-C1,-0.000999999996565748,-0.0010000000002037268,0.008000000000009777,0.0014142135600887689,1.4142135600887689,225.00000010422042,-0.07142857118326772,-0.07142857144312334,0.5714285714292698,0.10101525429205492
19/10/2021,Izquierda,IN4-C1,0.004000000000814907,-0.024000000001251465,0.009999999999990905,0.024331050122561287,24.331050122561287,279.462322209434,0.17391304351369163,-1.0434782609239768,0.4347826086952567,1.0578717444591865
28/10/2021,Izquierda,IN4-C1,-0.001999999993131496,0.0,0.006000000000000227,0.001999999993131496,1.999999993131496,180.0,-0.06249999978535925,0.0,0.1875000000000071,0.06249999978535925
02/11/2021,Izquierda,IN4-C1,-0.000999999996565748,-0.008999999998195563,0.002999999999985903,0.009055385135964766,9.055385135964766,263.65980827442576,-0.027027026934209407,-0.24324324319447466,0.08108108108070007,0.24474013880985854
12/11/2021,Izquierda,IN4-C1,,,,,,,,,,
18/11/2021,Izquierda,IN4-C1,-0.0029999999969732016,0.0030000000006111804,-0.0020000000000095497,0.004242640685411185,4.242640685411185,134.99999996525986,-0.05660377352779626,0.05660377359643737,-0.037735849056783954,0.08004982425304123
24/11/2021,Izquierda,IN4-C1,9.999999747378752e-05,0.0,0.0,9.999999747378752e-05,0.09999999747378752,360.0,0.0016949152114201275,0.0,0.0,0.0016949152114201275
01/12/2021,Izquierda,IN4-C1,9.999999747378752e-05,-0.005000000001018634,0.0,0.005000999900987911,5.000999900987911,271.1457628090051,0.0015151514768755685,-0.07575757577300961,0.0,0.07577272577254411
09/12/2021,Izquierda,IN4-C1,,,,,,,,,,
30/01/2022,Izquierda,IN4-C1,,,,,,,,,,
11/02/2022,Izquierda,IN4-C1,,,,,,,,,,
27/02/2022,Izquierda,IN4-C1,,,,,,,,,,
12/03/2022,Izquierda,IN4-C1,9.999999747378752e-05,0.0,0.0,9.999999747378752e-05,0.09999999747378752,360.0,0.00059880238008256,0.0,0.0,0.00059880238008256
30/03/2022,Izquierda,IN4-C1,,,,,,,,,,
06/04/2022,Izquierda,IN4-C1,,,,,,,,,,
11/04/2022,Izquierda,IN4-C1,,,,,,,,,,
18/04/2022,Izquierda,IN4-C1,,,,,,,,,,
01/05/2022,Izquierda,IN4-C1,,,,,,,,,,
09/05/2022,Izquierda,IN4-C1,,,,,,,,,,
16/05/2022,Izquierda,IN4-C1,,,,,,,,,,
23/05/2022,Izquierda,IN4-C1,,,,,,,,,,
30/05/2022,Izquierda,IN4-C1,,,,,,,,,,
06/06/2022,Izquierda,IN4-C1,,,,,,,,,,
13/06/2022,Izquierda,IN4-C1,,,,,,,,,,
24/06/2022,Izquierda,IN4-C1,,,,,,,,,,
27/06/2022,Izquierda,IN4-C1,,,,,,,,,,
04/07/2022,Izquierda,IN4-C1,,,,,,,,,,
11/07/2022,Izquierda,IN4-C1,,,,,,,,,,
23/07/2022,Izquierda,IN4-C1,,,,,,,,,,
01/08/2022,Izquierda,IN4-C1,,,,,,,,,,
08/08/2022,Izquierda,IN4-C1,,,,,,,,,,
16/08/2022,Izquierda,IN4-C1,,,,,,,,,,
30/08/2022,Izquierda,IN4-C1,,,,,,,,,,
13/11/2022,Izquierda,IN4-C1,,,,,,,,,,
13/11/2022,Izquierda,IN4-C1,,,,,,,,,,
09/02/2023,Izquierda,IN4-C1,,,,,,,,,,
20/02/2023,Izquierda,IN4-C1,,,,,,,,,,
11/03/2023,Izquierda,IN4-C1,,,,,,,,,,
15/03/2023,Izquierda,IN4-C1,,,,,,,,,,
29/03/2023,Izquierda,IN4-C1,,,,,,,,,,
04/04/2023,Izquierda,IN4-C1,,,,,,,,,,
12/04/2023,Izquierda,IN4-C1,,,,,,,,,,
16/04/2023,Izquierda,IN4-C1,,,,,,,,,,
25/04/2023,Izquierda,IN4-C1,,,,,,,,,,
09/05/2023,Izquierda,IN4-C1,,,,,,,,,,
19/05/2023,Izquierda,IN4-C1,,,,,,,,,,
27/05/2023,Izquierda,IN4-C1,,,,,,,,,,
31/05/2023,Izquierda,IN4-C1,,,,,,,,,,
11/06/2023,Izquierda,IN4-C1,,,,,,,,,,
19/06/2023,Izquierda,IN4-C1,,,,,,,,,,
06/07/2023,Izquierda,IN4-C1,,,,,,,,,,
17/07/2023,Izquierda,IN4-C1,,,,,,,,,,
28/07/2023,Izquierda,IN4-C1,,,,,,,,,,
19/08/2023,Izquierda,IN4-C1,,,,,,,,,,
25/08/2023,Izquierda,IN4-C1,,,,,,,,,,
24/09/2023,Izquierda,IN4-C1,,,,,,,,,,
16/10/2023,Izquierda,IN4-C1,,,,,,,,,,
11/02/2022,Izquierda,PF84,-0.01367000000027474,-0.010330000000976725,0.002666699999991806,0.01713411217506441,17.13411217506441,217.07722359778455,-0.09905797101648361,-0.07485507247084583,0.019323913043418885,0.12416023315264067
27/02/2022,Izquierda,PF84,-0.03267000000050757,-0.03232999999818276,0.00766670000001568,0.04596256955301413,45.96256955301413,224.70030173073764,-0.21214285714615305,-0.20993506492326464,0.04978376623386806,0.2984582438507411
06/03/2022,Izquierda,PF84,-0.02967000000353437,-0.03132999999797903,0.006666700000010906,0.043149482037251566,43.149482037251566,226.55881189892568,-0.18428571430766688,-0.19459627327937284,0.041408074534229226,0.2680092052003203
12/03/2022,Izquierda,PF84,-0.02967000000353437,-0.030329999997775303,0.010666700000001583,0.042428973592048856,42.428973592048855,225.63022815074916,-0.17766467067984654,-0.18161676645374433,0.06387245508982983,0.25406571013202905
14/03/2022,Izquierda,PF84,-0.03366999999707332,-0.03532999999879394,0.010666700000001583,0.04880448544670558,48.80448544670558,226.37815435984533,-0.1992307692134516,-0.20905325443073336,0.06311656804734665,0.2887839375544709
30/03/2022,Izquierda,PF84,,,,,,,,,,
06/04/2022,Izquierda,PF84,,,,,,,,,,
11/04/2022,Izquierda,PF84,,,,,,,,,,
18/04/2022,Izquierda,PF84,,,,,,,,,,
01/05/2022,Izquierda,PF84,,,,,,,,,,
09/05/2022,Izquierda,PF84,,,,,,,,,,
16/05/2022,Izquierda,PF84,,,,,,,,,,
23/05/2022,Izquierda,PF84,,,,,,,,,,
30/05/2022,Izquierda,PF84,,,,,,,,,,
06/06/2022,Izquierda,PF84,,,,,,,,,,
13/06/2022,Izquierda,PF84,,,,,,,,,,
24/06/2022,Izquierda,PF84,,,,,,,,,,
27/06/2022,Izquierda,PF84,,,,,,,,,,
04/07/2022,Izquierda,PF84,,,,,,,,,,
11/07/2022,Izquierda,PF84,,,,,,,,,,
23/07/2022,Izquierda,PF84,,,,,,,,,,
01/08/2022,Izquierda,PF84,,,,,,,,,,
08/08/2022,Izquierda,PF84,,,,,,,,,,
16/08/2022,Izquierda,PF84,,,,,,,,,,
30/08/2022,Izquierda,PF84,,,,,,,,,,
13/11/2022,Izquierda,PF84,,,,,,,,,,
13/11/2022,Izquierda,PF84,,,,,,,,,,
09/02/2023,Izquierda,PF84,,,,,,,,,,
20/02/2023,Izquierda,PF84,,,,,,,,,,
11/03/2023,Izquierda,PF84,,,,,,,,,,
15/03/2023,Izquierda,PF84,,,,,,,,,,
29/03/2023,Izquierda,PF84,,,,,,,,,,
04/04/2023,Izquierda,PF84,,,,,,,,,,
12/04/2023,Izquierda,PF84,,,,,,,,,,
16/04/2023,Izquierda,PF84,,,,,,,,,,
25/04/2023,Izquierda,PF84,,,,,,,,,,
09/05/2023,Izquierda,PF84,,,,,,,,,,
19/05/2023,Izquierda,PF84,,,,,,,,,,
27/05/2023,Izquierda,PF84,,,,,,,,,,
31/05/2023,Izquierda,PF84,,,,,,,,,,
11/06/2023,Izquierda,PF84,,,,,,,,,,
19/06/2023,Izquierda,PF84,,,,,,,,,,
06/07/2023,Izquierda,PF84,,,,,,,,,,
17/07/2023,Izquierda,PF84,,,,,,,,,,
28/07/2023,Izquierda,PF84,,,,,,,,,,
19/08/2023,Izquierda,PF84,,,,,,,,,,
25/08/2023,Izquierda,PF84,,,,,,,,,,
24/09/2023,Izquierda,PF84,,,,,,,,,,
16/10/2023,Izquierda,PF84,,,,,,,,,,
11/02/2022,Izquierda,PF85,-0.0006700000012642704,-0.0013299999991431832,-0.001999999999981128,0.0014892279877221585,1.4892279877221586,243.26288988392318,-0.004855072472929495,-0.009637681153211473,-0.01449275362305165,0.010791507157406946
27/02/2022,Izquierda,PF85,-0.0006700000012642704,-0.00232999999934691,0.0,0.0024244174555242593,2.4244174555242592,253.9572175658082,-0.004350649358858899,-0.015129870125629287,0.0,0.015742970490417268
06/03/2022,Izquierda,PF85,-7.000000186963007e-05,0.0,0.0,7.000000186963007e-05,0.07000000186963007,180.0,-0.0004347826203082613,0.0,0.0,0.0004347826203082613
12/03/2022,Izquierda,PF85,-7.000000186963007e-05,0.0,0.0,7.000000186963007e-05,0.07000000186963007,180.0,-0.0004191616878420962,0.0,0.0,0.0004191616878420962
14/03/2022,Izquierda,PF85,-7.000000186963007e-05,0.0,0.0,7.000000186963007e-05,0.07000000186963007,180.0,-0.00041420119449485246,0.0,0.0,0.00041420119449485246
21/03/2022,Izquierda,PF85,-7.000000186963007e-05,0.0,0.0,7.000000186963007e-05,0.07000000186963007,180.0,-0.0003977272833501708,0.0,0.0,0.0003977272833501708
30/03/2022,Izquierda,PF85,1.0000003385357559e-06,0.0,0.0,1.0000003385357559e-06,0.0010000003385357559,360.0,5.40540723532841e-06,0.0,0.0,5.40540723532841e-06
06/04/2022,Izquierda,PF85,9.999999747378752e-05,0.0,0.0,9.999999747378752e-05,0.09999999747378752,360.0,0.0005208333201759766,0.0,0.0,0.0005208333201759766
11/04/2022,Izquierda,PF85,9.999999747378752e-05,0.0,0.0,9.999999747378752e-05,0.09999999747378752,360.0,0.0005076142003745559,0.0,0.0,0.0005076142003745559
18/04/2022,Izquierda,PF85,9.999999747378752e-05,0.0,0.0,9.999999747378752e-05,0.09999999747378752,360.0,0.0004901960660479781,0.0,0.0,0.0004901960660479781
01/05/2022,Izquierda,PF85,9.999999747378752e-05,0.0,0.0,9.999999747378752e-05,0.09999999747378752,360.0,0.0004608294814460254,0.0,0.0,0.0004608294814460254
09/05/2022,Izquierda,PF85,9.999999747378752e-05,0.0,0.0,9.999999747378752e-05,0.09999999747378752,360.0,0.0004444444332168334,0.0,0.0,0.0004444444332168334
16/05/2022,Izquierda,PF85,-0.0025700000041979365,-0.0013299999991431832,-0.006000000000000227,0.0028937518931826654,2.8937518931826656,207.36200438443373,-0.011077586224991106,-0.005732758616996479,-0.02586206896551822,0.012473068505097697
23/05/2022,Izquierda,PF85,9.999999747378752e-05,0.0,0.0,9.999999747378752e-05,0.09999999747378752,360.0,0.0004184100312710775,0.0,0.0,0.0004184100312710775
30/05/2022,Izquierda,PF85,9.999999747378752e-05,0.0,0.0,9.999999747378752e-05,0.09999999747378752,360.0,0.00040650405477149395,0.0,0.0,0.00040650405477149395
06/06/2022,Izquierda,PF85,9.999999747378752e-05,0.0,0.0,9.999999747378752e-05,0.09999999747378752,360.0,0.00039525690701101786,0.0,0.0,0.00039525690701101786
13/06/2022,Izquierda,PF85,9.999999747378752e-05,0.0,0.0,9.999999747378752e-05,0.09999999747378752,360.0,0.00038461537489918276,0.0,0.0,0.00038461537489918276
24/06/2022,Izquierda,PF85,9.999999747378752e-05,0.0,0.0,9.999999747378752e-05,0.09999999747378752,360.0,0.0003690036807150831,0.0,0.0,0.0003690036807150831
27/06/2022,Izquierda,PF85,9.999999747378752e-05,0.0,0.0,9.999999747378752e-05,0.09999999747378752,360.0,0.0003649634944298814,0.0,0.0,0.0003649634944298814
04/07/2022,Izquierda,PF85,9.999999747378752e-05,0.0,0.0,9.999999747378752e-05,0.09999999747378752,360.0,0.0003558718771309164,0.0,0.0,0.0003558718771309164
11/07/2022,Izquierda,PF85,9.999999747378752e-05,0.0,0.0,9.999999747378752e-05,0.09999999747378752,360.0,0.0003472222134506511,0.0,0.0,0.0003472222134506511
23/07/2022,Izquierda,PF85,9.999999747378752e-05,0.0,0.0,9.999999747378752e-05,0.09999999747378752,360.0,0.000333333324912625,0.0,0.0,0.000333333324912625
01/08/2022,Izquierda,PF85,9.999999747378752e-05,0.0,0.0,0.0,0.0,360.0,0.00032362458729381075,0.0,0.0,0.0
08/08/2022,Izquierda,PF85,9.999999747378752e-05,0.0,0.0,9.999999747378752e-05,0.09999999747378752,360.0,0.00031645568820818835,0.0,0.0,0.00031645568820818835
16/08/2022,Izquierda,PF85,9.999999747378752e-05,0.0,0.0,9.999999747378752e-05,0.09999999747378752,360.0,0.00030864196751168987,0.0,0.0,0.00030864196751168987
30/08/2022,Izquierda,PF85,9.999999747378752e-05,0.0,0.0,9.999999747378752e-05,0.09999999747378752,360.0,0.000295857980691679,0.0,0.0,0.000295857980691679
13/11/2022,Izquierda,PF85,9.999999747378752e-05,0.0,0.0,9.999999747378752e-05,0.09999999747378752,360.0,0.00024213074448858963,0.0,0.0,0.00024213074448858963
13/11/2022,Izquierda,PF85,-0.0015700000003562309,-0.008330000000569271,-0.01099999999999568,0.008476662079533582,8.476662079533583,259.32636654164867,-0.0038014527853661765,-0.02016949152680211,-0.026634382566575493,0.020524605519451775
09/02/2023,Izquierda,PF85,9.999999747378752e-05,0.0,0.0,9.999999747378752e-05,0.09999999747378752,360.0,0.00019960079336085333,0.0,0.0,0.00019960079336085333
20/02/2023,Izquierda,PF85,0.006429999993997626,-0.0053299999999580905,-0.007999999999981355,0.008351874036547888,8.351874036547889,320.34375067326164,0.012558593738276613,-0.010410156249918145,-0.015624999999963585,0.016312253977632595
11/03/2023,Izquierda,PF85,9.999999747378752e-05,0.0,0.0,9.999999747378752e-05,0.09999999747378752,360.0,0.00018832391238001416,0.0,0.0,0.00018832391238001416
15/03/2023,Izquierda,PF85,9.999999747378752e-05,0.0,0.0,9.999999747378752e-05,0.09999999747378752,360.0,0.00018691588312857478,0.0,0.0,0.00018691588312857478
29/03/2023,Izquierda,PF85,0.002029999996011611,-0.004929999999149004,-0.0037999999999840384,0.0053315851278410925,5.331585127841093,292.38013501580883,0.003697632051022971,-0.008979963568577422,-0.0069216757741057166,0.00971144832029343
04/04/2023,Izquierda,PF85,0.00842999999440508,-0.004329999999754364,-0.01099999999999568,0.009477014292673745,9.477014292673745,332.8130747262233,0.015189189179108251,-0.007801801801359215,-0.019819819819812037,0.017075701428240983
12/04/2023,Izquierda,PF85,0.005429999997431878,-0.004329999999754364,-0.01099999999999568,0.006945055793151195,6.945055793151195,321.43038065385747,0.00012059163181646704,-9.616238784210632e-05,-0.0002442924402592982,0.0001542386024951407
16/04/2023,Izquierda,PF85,0.006429999993997626,-0.0053299999999580905,-0.013999999999981583,0.008351874036547888,8.351874036547889,320.34375067326164,0.00014278735108362112,-0.000118360277135328,-0.0003108900337533661,0.00018546531436640365
25/04/2023,Izquierda,PF85,-0.0005700000037904829,-0.006330000000161817,-0.002999999999985903,0.0063556116941148755,6.3556116941148755,264.85454179815855,-1.2655136515407804e-05,-0.00014053862037170174,-6.66059812168003e-05,0.0001411072510404937
09/05/2023,Izquierda,PF85,9.999999747378752e-05,0.0,0.0,9.999999747378752e-05,0.09999999747378752,360.0,2.219509432333537e-06,0.0,0.0,2.219509432333537e-06
19/05/2023,Izquierda,PF85,-0.0005700000037904829,-0.004329999999754364,-0.012000000000000455,0.004367356179909527,4.367356179909526,262.50071941912927,-1.2648396844346674e-05,-9.608343503282733e-05,-0.0002662820370575936,9.691237501186124e-05
27/05/2023,Izquierda,PF85,0.0014299999966169707,-0.0013299999991431832,-0.00899999999998613,0.0019528952834305796,1.9528952834305797,317.0750263122285,3.172631057655294e-05,-2.9507687510109895e-05,-0.0001996760810238087,4.332738631621103e-05
31/05/2023,Izquierda,PF85,0.0024300000004586764,-0.0013299999991431832,-0.01099999999999568,0.0027701624501010828,2.7701624501010826,331.3070054364135,5.390775784676612e-05,-2.950506908496979e-05,-0.00024402688732603502,6.145401091689958e-05
11/06/2023,Izquierda,PF85,-0.0005700000037904829,-0.006330000000161817,-0.003999999999990678,0.0063556116941148755,6.3556116941148755,264.85454179815855,-1.2641944725658332e-05,-0.00014039212207598068,-8.871540099340574e-05,0.00014096016000077351
19/06/2023,Izquierda,PF85,0.0034299999970244244,-0.00232999999934691,-0.01099999999999568,0.004146540724090884,4.146540724090884,325.81172084576787,7.605996090616517e-05,-5.1667553648813866e-05,-0.00024392407308842647,9.194919114978899e-05
06/07/2023,Izquierda,PF85,0.004429999993590172,-0.0013299999991431832,-0.012000000000000455,0.004625343224121837,4.625343224121837,343.2888908167709,9.819785856826574e-05,-2.9481524153640485e-05,-0.00026599871433955743,0.00010252794591629545
17/07/2023,Izquierda,PF85,-0.0025700000041979365,-0.006330000000161817,-0.012999999999976808,0.00683182259895747,6.83182259895747,247.9026921035756,-5.695417082257638e-05,-0.00014028011701448936,-0.0002880950270360963,0.0001514010858735367
28/07/2023,Izquierda,PF85,0.0024300000004586764,-0.004329999999754364,-0.006000000000000227,0.004965259308445225,4.965259308445225,299.3011806636553,5.383848455652324e-05,-9.593441895988398e-05,-0.00013293452974410606,0.00011000906853761438
19/08/2023,Izquierda,PF85,0.0034299999970244244,0.0016700000014679972,-0.013999999999981583,0.003814944296381097,3.814944296381097,25.960546079545782,7.595721586961987e-05,3.69820847591292e-05,-0.0003100294527976079,8.448179233299593e-05
25/08/2023,Izquierda,PF85,0.0034299999970244244,0.0016700000014679972,-0.012999999999976808,0.003814944296381097,3.814944296381097,25.960546079545782,7.594712479295938e-05,3.697717161100895e-05,-0.0002878462458201804,8.447056874833597e-05
24/09/2023,Izquierda,PF85,0.0034299999970244244,0.0006700000012642704,-0.013999999999981583,0.0034948247425703157,3.494824742570316,11.052714121664577,7.589670960158486e-05,1.4825304831816218e-05,-0.0003097824884380675,7.733110752927035e-05
16/10/2023,Izquierda,PF85,0.0024300000004586764,0.0016700000014679972,-0.015999999999991132,0.0029485250562157816,2.9485250562157814,34.498515009810056,5.374322681540808e-05,3.693464561468533e-05,-0.0003538648678533923,6.52112143362995e-05
01/11/2023,Izquierda,PF85,0.0024300000004586764,0.0016700000014679972,-0.013999999999981583,0.0029485250562157816,2.9485250562157814,34.498515009810056,5.372421570291783e-05,3.6921580364528694e-05,-0.00030952223032834966,6.518814654143799e-05
14/09/2024,Izquierda,PF85,0.00842999999440508,0.0016700000014679972,-0.024999999999977263,0.008593823358120223,8.593823358120224,11.205330544986245,0.00018507541316834794,3.666381262965152e-05,-0.0005488594700207965,0.00018867205335177992
19/04/2025,Izquierda,PF85,0.016429999996034894,0.004670000002079178,-0.031999999999982265,0.017080802085649438,17.080802085649438,15.8670663861447,0.00035900013101505254,0.00010204081637196123,-0.0006992090197959679,0.0003732203401138277
24/05/2025,Izquierda,PF85,0.016429999996034894,0.003670000001875451,-0.028999999999996362,0.01683489827363006,16.83489827363006,12.591563202004318,0.00035872579192670233,8.012925486071157e-05,-0.0006331739481669911,0.00036756617265190845
11/02/2022,Izquierda,PF86,0.0010000000038417056,-0.0020000000004074536,-0.00033329999999409665,0.0022360679795822903,2.23606797958229,296.5650512604543,0.007246376839432649,-0.01449275362614097,-0.00241521739126157,0.01620339115639341
27/02/2022,Izquierda,PF86,-0.000999999996565748,-0.004000000000814907,0.002666700000020228,0.004123105625575309,4.123105625575309,255.96375658111842,-0.006493506471206156,-0.02597402597931758,0.017316233766365118,0.02677341315308642
06/03/2022,Izquierda,PF86,0.00010000000474974513,0.0,0.0,0.00010000000474974513,0.10000000474974513,360.0,0.0006211180419238828,0.0,0.0,0.0006211180419238828
12/03/2022,Izquierda,PF86,0.00010000000474974513,0.0,0.0,0.00010000000474974513,0.10000000474974513,360.0,0.0005988024236511685,0.0,0.0,0.0005988024236511685
14/03/2022,Izquierda,PF86,0.00010000000474974513,0.0,0.0,0.00010000000474974513,0.10000000474974513,360.0,0.0005917160044363617,0.0,0.0,0.0005917160044363617
21/03/2022,Izquierda,PF86,0.00010000000474974513,0.0,0.0,0.00010000000474974513,0.10000000474974513,360.0,0.0005681818451690064,0.0,0.0,0.0005681818451690064
30/03/2022,Izquierda,PF86,0.00010000000474974513,-0.006000000001222361,0.0006667000000106782,0.006000833276772341,6.000833276772341,270.95484129902184,0.0005405405662148385,-0.03243243243903979,0.0036037837838415036,0.03243693663120184
06/04/2022,Izquierda,PF86,0.0031000000017229468,-0.004000000000814907,0.0006667000000106782,0.0050606323732515415,5.060632373251542,307.7756843157215,0.016145833342307014,-0.020833333337577642,0.003472395833388949,0.026357460277351776
11/04/2022,Izquierda,PF86,-0.0019000000029336661,-0.007000000001426088,0.0006667000000106782,0.007253275124460202,7.253275124460202,254.81416271838486,-0.009644670065653128,-0.03553299493109689,0.003384263959445067,0.0368186554541127
18/04/2022,Izquierda,PF86,-0.0039000000033411197,-0.006000000001222361,-0.004333299999984774,0.00715611626797169,7.15611626797169,236.97613242710804,-0.01911764707520157,-0.02941176471187432,-0.02124166666659203,0.03507900131358671
01/05/2022,Izquierda,PF86,-0.004899999999906868,-0.009000000001833541,-0.0033332999999799995,0.010247438705944576,10.247438705944576,241.43416321161283,-0.02258064516086114,-0.04147465438632968,-0.01536082949299539,0.04722321984306256
09/05/2022,Izquierda,PF86,-0.008900000000721775,-0.010000000002037268,-0.008333299999975452,0.013386933930276677,13.386933930276678,228.33091738393938,-0.039555555558763444,-0.044444444453498974,-0.03703688888877978,0.05949748413456301
16/05/2022,Izquierda,PF86,-0.012900000001536682,-0.012000000002444722,-0.009333299999980227,0.017618456234821476,17.618456234821476,222.9299693493763,-0.0556034482824857,-0.05172413794157208,-0.040229741379225116,0.0759416217018167
23/05/2022,Izquierda,PF86,-0.012900000001536682,-0.014000000002852175,-0.010333299999985002,0.019037069105287907,19.037069105287905,227.34164546461477,-0.05397489540391917,-0.05857740586967437,-0.04323556485349373,0.079653008808736
30/05/2022,Izquierda,PF86,-0.017899999998917338,-0.016999999999825377,-0.020333299999975907,0.024686230979137004,24.686230979137004,223.52278580994334,-0.07276422763787535,-0.06910569105620072,-0.08265569105681263,0.10035053243551628
06/06/2022,Izquierda,PF86,-0.017899999998917338,-0.01600000000325963,-0.024333299999995006,0.024008540148571067,24.00854014857107,221.7920883119711,-0.0707509881380132,-0.0632411067322515,-0.09617905138337947,0.09489541560700027
13/06/2022,Izquierda,PF86,,,,,,,,,,
24/06/2022,Izquierda,PF86,,,,,,,,,,
27/06/2022,Izquierda,PF86,,,,,,,,,,
04/07/2022,Izquierda,PF86,,,,,,,,,,
11/07/2022,Izquierda,PF86,,,,,,,,,,
23/07/2022,Izquierda,PF86,,,,,,,,,,
01/08/2022,Izquierda,PF86,,,,,,,,,,
08/08/2022,Izquierda,PF86,,,,,,,,,,
16/08/2022,Izquierda,PF86,,,,,,,,,,
30/08/2022,Izquierda,PF86,,,,,,,,,,
13/11/2022,Izquierda,PF86,,,,,,,,,,
13/11/2022,Izquierda,PF86,,,,,,,,,,
09/02/2023,Izquierda,PF86,,,,,,,,,,
20/02/2023,Izquierda,PF86,,,,,,,,,,
11/03/2023,Izquierda,PF86,,,,,,,,,,
15/03/2023,Izquierda,PF86,,,,,,,,,,
29/03/2023,Izquierda,PF86,,,,,,,,,,
04/04/2023,Izquierda,PF86,,,,,,,,,,
12/04/2023,Izquierda,PF86,,,,,,,,,,
16/04/2023,Izquierda,PF86,,,,,,,,,,
25/04/2023,Izquierda,PF86,,,,,,,,,,
09/05/2023,Izquierda,PF86,,,,,,,,,,
19/05/2023,Izquierda,PF86,,,,,,,,,,
27/05/2023,Izquierda,PF86,,,,,,,,,,
31/05/2023,Izquierda,PF86,,,,,,,,,,
11/06/2023,Izquierda,PF86,,,,,,,,,,
19/06/2023,Izquierda,PF86,,,,,,,,,,
06/07/2023,Izquierda,PF86,,,,,,,,,,
17/07/2023,Izquierda,PF86,,,,,,,,,,
28/07/2023,Izquierda,PF86,,,,,,,,,,
19/08/2023,Izquierda,PF86,,,,,,,,,,
25/08/2023,Izquierda,PF86,,,,,,,,,,
24/09/2023,Izquierda,PF86,,,,,,,,,,
16/10/2023,Izquierda,PF86,,,,,,,,,,
11/02/2022,Izquierda,PF87,,,,,,,,,,
27/02/2022,Izquierda,PF87,0.0029999999969732016,0.0030000000006111804,0.002666699999991806,0.004242640685411185,4.242640685411185,45.00000003474014,0.019480519460864945,0.019480519484488184,0.017316233766180557,0.02754961484033237
06/03/2022,Izquierda,PF87,0.000999999996565748,0.0,0.0,0.000999999996565748,0.999999996565748,360.0,0.006211180102892845,0.0,0.0,0.006211180102892845
12/03/2022,Izquierda,PF87,0.000999999996565748,0.0,0.0,0.000999999996565748,0.999999996565748,360.0,0.005988023931531425,0.0,0.0,0.005988023931531425
14/03/2022,Izquierda,PF87,0.000999999996565748,0.0,0.0,0.000999999996565748,0.999999996565748,360.0,0.005917159742992592,0.0,0.0,0.005917159742992592
21/03/2022,Izquierda,PF87,0.000999999996565748,0.0,0.0,0.000999999996565748,0.999999996565748,360.0,0.005681818162305387,0.0,0.0,0.005681818162305387
30/03/2022,Izquierda,PF87,0.000999999996565748,0.0,0.0,0.000999999996565748,0.999999996565748,360.0,0.005405405386841881,0.0,0.0,0.005405405386841881
06/04/2022,Izquierda,PF87,9.999999747378752e-05,0.0,0.0,9.999999747378752e-05,0.09999999747378752,360.0,0.0005208333201759766,0.0,0.0,0.0005208333201759766
11/04/2022,Izquierda,PF87,9.999999747378752e-05,0.0,0.0,9.999999747378752e-05,0.09999999747378752,360.0,0.0005076142003745559,0.0,0.0,0.0005076142003745559
18/04/2022,Izquierda,PF87,9.999999747378752e-05,0.0,0.0,9.999999747378752e-05,0.09999999747378752,360.0,0.0004901960660479781,0.0,0.0,0.0004901960660479781
01/05/2022,Izquierda,PF87,9.999999747378752e-05,0.0,0.0,9.999999747378752e-05,0.09999999747378752,360.0,0.0004608294814460254,0.0,0.0,0.0004608294814460254
09/05/2022,Izquierda,PF87,-0.008900000000721775,-0.010000000002037268,-0.008333299999975452,0.013386933930276677,13.386933930276678,228.33091738393938,-0.039555555558763444,-0.044444444453498974,-0.03703688888877978,0.05949748413456301
16/05/2022,Izquierda,PF87,-0.012900000001536682,-0.012000000002444722,-0.009333299999980227,0.017618456234821476,17.618456234821476,222.9299693493763,-0.0556034482824857,-0.05172413794157208,-0.040229741379225116,0.0759416217018167
23/05/2022,Izquierda,PF87,-0.012900000001536682,-0.014000000002852175,-0.010333299999985002,0.019037069105287907,19.037069105287905,227.34164546461477,-0.05397489540391917,-0.05857740586967437,-0.04323556485349373,0.079653008808736
30/05/2022,Izquierda,PF87,-0.017899999998917338,-0.016999999999825377,-0.020333299999975907,0.024686230979137004,24.686230979137004,223.52278580994334,-0.07276422763787535,-0.06910569105620072,-0.08265569105681263,0.10035053243551628
06/06/2022,Izquierda,PF87,-0.017899999998917338,-0.01600000000325963,-0.024333299999995006,0.024008540148571067,24.00854014857107,221.7920883119711,-0.0707509881380132,-0.0632411067322515,-0.09617905138337947,0.09489541560700027
13/06/2022,Izquierda,PF87,,,,,,,,,,
24/06/2022,Izquierda,PF87,,,,,,,,,,
27/06/2022,Izquierda,PF87,,,,,,,,,,
04/07/2022,Izquierda,PF87,,,,,,,,,,
11/07/2022,Izquierda,PF87,,,,,,,,,,
23/07/2022,Izquierda,PF87,,,,,,,,,,
01/08/2022,Izquierda,PF87,,,,,,,,,,
08/08/2022,Izquierda,PF87,,,,,,,,,,
16/08/2022,Izquierda,PF87,,,,,,,,,,
30/08/2022,Izquierda,PF87,,,,,,,,,,
13/11/2022,Izquierda,PF87,,,,,,,,,,
13/11/2022,Izquierda,PF87,,,,,,,,,,
09/02/2023,Izquierda,PF87,,,,,,,,,,
20/02/2023,Izquierda,PF87,,,,,,,,,,
11/03/2023,Izquierda,PF87,,,,,,,,,,
15/03/2023,Izquierda,PF87,,,,,,,,,,
29/03/2023,Izquierda,PF87,,,,,,,,,,
04/04/2023,Izquierda,PF87,,,,,,,,,,
12/04/2023,Izquierda,PF87,,,,,,,,,,
16/04/2023,Izquierda,PF87,,,,,,,,,,
25/04/2023,Izquierda,PF87,,,,,,,,,,
09/05/2023,Izquierda,PF87,,,,,,,,,,
19/05/2023,Izquierda,PF87,,,,,,,,,,
27/05/2023,Izquierda,PF87,,,,,,,,,,
31/05/2023,Izquierda,PF87,,,,,,,,,,
11/06/2023,Izquierda,PF87,,,,,,,,,,
19/06/2023,Izquierda,PF87,,,,,,,,,,
06/07/2023,Izquierda,PF87,,,,,,,,,,
17/07/2023,Izquierda,PF87,,,,,,,,,,
28/07/2023,Izquierda,PF87,,,,,,,,,,
19/08/2023,Izquierda,PF87,,,,,,,,,,
25/08/2023,Izquierda,PF87,,,,,,,,,,
24/09/2023,Izquierda,PF87,,,,,,,,,,
16/10/2023,Izquierda,PF87,,,,,,,,,,
11/02/2022,Izquierda,IN-DP-1,0.0016699999978300184,0.0013299999991431832,0.0016666999999870313,0.002134900463832712,2.1349004638327123,38.53406791935358,0.012101449259637813,0.009637681153211473,0.012077536231790082,0.015470293216179072
27/02/2022,Izquierda,IN-DP-1,-0.00833000000420725,-0.011669999999867287,0.007666699999987259,0.014337984518996918,14.337984518996919,234.48090360395864,-0.05409090911822889,-0.07577922077835901,0.049783766233683496,0.09310379557790206
06/03/2022,Izquierda,IN-DP-1,-0.002330000002984889,-0.009669999999459833,0.008666699999992034,0.009946748212529699,9.946748212529698,256.4527356896191,-0.014472049707980677,-0.06006211179788716,0.053830434782559215,0.06178104479832111
12/03/2022,Izquierda,IN-DP-1,-0.0053299999999580905,-0.011669999999867287,0.007666699999987259,0.012829567412678251,12.829567412678252,245.45255663211535,-0.03191616766441971,-0.0698802395201634,0.04590838323345664,0.07682375696214522
14/03/2022,Izquierda,IN-DP-1,-0.006330000003799796,-0.011669999999867287,0.007666699999987259,0.013276211810791808,13.276211810791809,241.52386741925727,-0.03745562132425915,-0.06905325443708454,0.04536508875732106,0.07855746633604621
21/03/2022,Izquierda,IN-DP-1,-0.0043300000033923425,-0.011669999999867287,0.006666699999982484,0.012447401336274177,12.447401336274178,249.6432904767808,-0.024602272746547398,-0.06630681818106413,0.03787897727262775,0.07072387122883056
30/03/2022,Izquierda,IN-DP-1,,,,,,,,,,
06/04/2022,Izquierda,IN-DP-1,,,,,,,,,,
11/04/2022,Izquierda,IN-DP-1,,,,,,,,,,
18/04/2022,Izquierda,IN-DP-1,,,,,,,,,,
01/05/2022,Izquierda,IN-DP-1,,,,,,,,,,
09/05/2022,Izquierda,IN-DP-1,,,,,,,,,,
16/05/2022,Izquierda,IN-DP-1,,,,,,,,,,
23/05/2022,Izquierda,IN-DP-1,,,,,,,,,,
30/05/2022,Izquierda,IN-DP-1,,,,,,,,,,
06/06/2022,Izquierda,IN-DP-1,,,,,,,,,,
13/06/2022,Izquierda,IN-DP-1,,,,,,,,,,
24/06/2022,Izquierda,IN-DP-1,,,,,,,,,,
27/06/2022,Izquierda,IN-DP-1,,,,,,,,,,
04/07/2022,Izquierda,IN-DP-1,,,,,,,,,,
11/07/2022,Izquierda,IN-DP-1,,,,,,,,,,
23/07/2022,Izquierda,IN-DP-1,,,,,,,,,,
01/08/2022,Izquierda,IN-DP-1,,,,,,,,,,
08/08/2022,Izquierda,IN-DP-1,,,,,,,,,,
16/08/2022,Izquierda,IN-DP-1,,,,,,,,,,
30/08/2022,Izquierda,IN-DP-1,,,,,,,,,,
13/11/2022,Izquierda,IN-DP-1,,,,,,,,,,
13/11/2022,Izquierda,IN-DP-1,,,,,,,,,,
09/02/2023,Izquierda,IN-DP-1,,,,,,,,,,
20/02/2023,Izquierda,IN-DP-1,,,,,,,,,,
11/03/2023,Izquierda,IN-DP-1,,,,,,,,,,
15/03/2023,Izquierda,IN-DP-1,,,,,,,,,,
29/03/2023,Izquierda,IN-DP-1,,,,,,,,,,
04/04/2023,Izquierda,IN-DP-1,,,,,,,,,,
12/04/2023,Izquierda,IN-DP-1,,,,,,,,,,
16/04/2023,Izquierda,IN-DP-1,,,,,,,,,,
25/04/2023,Izquierda,IN-DP-1,,,,,,,,,,
09/05/2023,Izquierda,IN-DP-1,,,,,,,,,,
19/05/2023,Izquierda,IN-DP-1,,,,,,,,,,
27/05/2023,Izquierda,IN-DP-1,,,,,,,,,,
31/05/2023,Izquierda,IN-DP-1,,,,,,,,,,
11/06/2023,Izquierda,IN-DP-1,,,,,,,,,,
19/06/2023,Izquierda,IN-DP-1,,,,,,,,,,
06/07/2023,Izquierda,IN-DP-1,,,,,,,,,,
17/07/2023,Izquierda,IN-DP-1,,,,,,,,,,
28/07/2023,Izquierda,IN-DP-1,,,,,,,,,,
19/08/2023,Izquierda,IN-DP-1,,,,,,,,,,
25/08/2023,Izquierda,IN-DP-1,,,,,,,,,,
24/09/2023,Izquierda,IN-DP-1,,,,,,,,,,
16/10/2023,Izquierda,IN-DP-1,,,,,,,,,,
11/02/2022,Izquierda,IN-DP-2,,,,,,,,,,
27/02/2022,Izquierda,IN-DP-2,,,,,,,,,,
06/03/2022,Izquierda,IN-DP-2,,,,,,,,,,
12/03/2022,Izquierda,IN-DP-2,-0.0010000000038417056,0.0,0.0,0.0010000000038417056,1.0000000038417056,180.0,-0.005988023975100033,0.0,0.0,0.005988023975100033
14/03/2022,Izquierda,IN-DP-2,9.999999747378752e-05,0.0,0.0,9.999999747378752e-05,0.09999999747378752,360.0,0.000591715961383358,0.0,0.0,0.000591715961383358
21/03/2022,Izquierda,IN-DP-2,9.999999747378752e-05,0.0,0.0,9.999999747378752e-05,0.09999999747378752,360.0,0.0005681818038283382,0.0,0.0,0.0005681818038283382
30/03/2022,Izquierda,IN-DP-2,9.999999747378752e-05,9.999999747378752e-05,0.0,0.00014142135266470554,0.14142135266470554,45.0,0.0005405405268853379,0.0005405405268853379,0.0,0.0007644397441335434
06/04/2022,Izquierda,IN-DP-2,-0.004900000007182825,-0.0020000000004074536,-0.0020000000000095497,0.005292447455763874,5.292447455763874,202.20347850675574,-0.025520833370743883,-0.010416666668788821,-0.010416666666716404,0.027564830498770176
11/04/2022,Izquierda,IN-DP-2,-0.004900000007182825,-0.005000000001018634,-0.0020000000000095497,0.007000714255029842,7.000714255029842,225.57872552945705,-0.02487309648316155,-0.02538071066506921,-0.010152284264007867,0.03553662058390782
18/04/2022,Izquierda,IN-DP-2,,,,,,,,,,
01/05/2022,Izquierda,IN-DP-2,,,,,,,,,,
09/05/2022,Izquierda,IN-DP-2,-0.026900000004388858,-0.01900000000023283,-0.0020000000000095497,0.03293341768242355,32.933417682423546,215.2343143351637,-0.11955555557506159,-0.08444444444547924,-0.00888888888893133,0.14637074525521576
16/05/2022,Izquierda,IN-DP-2,-0.08390000000508735,-0.052999999999883585,-0.03200000000001069,0.0992381479111804,,212.28078271745053,-0.361637931056411,-0.22844827586156716,-0.13793103448280467,0.4277506375481913
23/05/2022,Izquierda,IN-DP-2,,,,,,,,,,
30/05/2022,Izquierda,IN-DP-2,,,,,,,,,,
06/06/2022,Izquierda,IN-DP-2,,,,,,,,,,
13/06/2022,Izquierda,IN-DP-2,,,,,,,,,,
24/06/2022,Izquierda,IN-DP-2,,,,,,,,,,
27/06/2022,Izquierda,IN-DP-2,,,,,,,,,,
04/07/2022,Izquierda,IN-DP-2,,,,,,,,,,
11/07/2022,Izquierda,IN-DP-2,,,,,,,,,,
23/07/2022,Izquierda,IN-DP-2,,,,,,,,,,
01/08/2022,Izquierda,IN-DP-2,,,,,,,,,,
08/08/2022,Izquierda,IN-DP-2,,,,,,,,,,
16/08/2022,Izquierda,IN-DP-2,,,,,,,,,,
30/08/2022,Izquierda,IN-DP-2,,,,,,,,,,
13/11/2022,Izquierda,IN-DP-2,,,,,,,,,,
13/11/2022,Izquierda,IN-DP-2,,,,,,,,,,
09/02/2023,Izquierda,IN-DP-2,,,,,,,,,,
20/02/2023,Izquierda,IN-DP-2,,,,,,,,,,
11/03/2023,Izquierda,IN-DP-2,,,,,,,,,,
15/03/2023,Izquierda,IN-DP-2,,,,,,,,,,
29/03/2023,Izquierda,IN-DP-2,,,,,,,,,,
04/04/2023,Izquierda,IN-DP-2,,,,,,,,,,
12/04/2023,Izquierda,IN-DP-2,,,,,,,,,,
16/04/2023,Izquierda,IN-DP-2,,,,,,,,,,
25/04/2023,Izquierda,IN-DP-2,,,,,,,,,,
09/05/2023,Izquierda,IN-DP-2,,,,,,,,,,
19/05/2023,Izquierda,IN-DP-2,,,,,,,,,,
27/05/2023,Izquierda,IN-DP-2,,,,,,,,,,
31/05/2023,Izquierda,IN-DP-2,,,,,,,,,,
11/06/2023,Izquierda,IN-DP-2,,,,,,,,,,
19/06/2023,Izquierda,IN-DP-2,,,,,,,,,,
06/07/2023,Izquierda,IN-DP-2,,,,,,,,,,
17/07/2023,Izquierda,IN-DP-2,,,,,,,,,,
28/07/2023,Izquierda,IN-DP-2,,,,,,,,,,
19/08/2023,Izquierda,IN-DP-2,,,,,,,,,,
25/08/2023,Izquierda,IN-DP-2,,,,,,,,,,
24/09/2023,Izquierda,IN-DP-2,,,,,,,,,,
16/10/2023,Izquierda,IN-DP-2,,,,,0.0,,,,,
01/05/2022,Izquierda,PF102,9.968061931431293e-10,0.0,0.0,9.968061931431293e-10,9.968061931431293e-07,360.0,4.5935769269268635e-09,0.0,0.0,4.5935769269268635e-09
09/05/2022,Izquierda,PF102,9.968061931431293e-10,0.0,0.0,9.968061931431293e-10,9.968061931431293e-07,360.0,4.430249747302797e-09,0.0,0.0,4.430249747302797e-09
16/05/2022,Izquierda,PF102,-0.0029999990001670085,0.0010000000002037268,-0.003999999999990678,0.0031622767117079594,3.1622767117079595,161.5650454449534,-0.012931030173133656,0.0043103448284643395,-0.017241379310304644,0.01363050306770672
23/05/2022,Izquierda,PF102,9.968061931431293e-10,0.0,0.0,9.968061931431293e-10,9.968061931431293e-07,360.0,4.170737209803888e-09,0.0,0.0,4.170737209803888e-09
30/05/2022,Izquierda,PF102,9.968061931431293e-10,0.0,0.0,9.968061931431293e-10,9.968061931431293e-07,360.0,4.052057695703778e-09,0.0,0.0,4.052057695703778e-09
06/06/2022,Izquierda,PF102,-0.004999999000574462,0.0020000000004074536,-0.0049999999999954525,0.005385163879342525,5.385163879342525,158.19858656045932,-0.0197628418995038,0.007905138341531438,-0.019762845849784397,0.021285232724674013
13/06/2022,Izquierda,PF102,-0.004999999000574462,0.0030000000006111804,-0.0049999999999954525,0.005830951038159444,5.830951038159444,149.03623841017026,-0.019230765386824854,0.011538461540812232,-0.019230769230751742,0.022426734762151707
24/06/2022,Izquierda,PF102,-0.006999999000981916,0.0030000000006111804,-0.006000000000000227,0.0076157721878621675,7.615772187862167,156.8014065214603,-0.025830254616169432,0.01107011070336229,-0.02214022140221486,0.028102480398015377
27/06/2022,Izquierda,PF102,-0.007999999004823621,0.004000000000814907,-0.007000000000005002,0.008944271020250796,8.944271020250795,153.43494596728232,-0.029197076659940226,0.014598540148959517,-0.02554744525549271,0.03264332489142626
04/07/2022,Izquierda,PF102,-0.007999999004823621,0.0020000000004074536,-0.01099999999999568,0.008246210285871247,8.246210285871246,165.96375485228543,-0.028469747348126764,0.007117437723869941,-0.03914590747329424,0.02934594407783362
11/07/2022,Izquierda,PF102,-0.007999999004823621,0.0030000000006111804,-0.008000000000009777,0.008544002813719458,8.544002813719459,159.44395243331542,-0.02777777432230424,0.010416666668788821,-0.027777777777811725,0.029666676436525895
23/07/2022,Izquierda,PF102,-0.005999999004416168,0.004000000000814907,-0.0049999999999954525,0.007211101723004209,7.211101723004209,146.30992808072833,-0.019999996681387227,0.01333333333604969,-0.01666666666665151,0.024037005743347363
01/08/2022,Izquierda,PF102,-0.007999999004823621,-0.009999999999990905,0.006000000001222361,-0.009999999999990905,-9.999999999990905,143.13009892738842,-0.02588996441690492,-0.032362459546896136,0.0194174757321112,-0.032362459546896136
08/08/2022,Izquierda,PF102,-0.00899999900138937,0.005000000001018634,-0.003999999999990678,0.010295629268538956,10.295629268538956,150.94539319709108,-0.028481009498067623,0.01582278481335011,-0.012658227848071765,0.03258110528018657
16/08/2022,Izquierda,PF102,-0.00899999900138937,0.005000000001018634,-0.015999999999991132,0.010295629268538956,10.295629268538956,150.94539319709108,-0.0277777746956462,0.015432098768576031,-0.049382716049355346,0.03177663354487332
30/08/2022,Izquierda,PF102,-0.00899999900138937,0.005000000001018634,-0.012000000000000455,0.010295629268538956,10.295629268538956,150.94539319709108,-0.02662721598044192,0.014792899411297734,-0.035502958579883004,0.03046044162289632
13/11/2022,Izquierda,PF102,-0.010999999001796823,0.005000000001018634,-0.01099999999999568,0.012083045065285384,12.083045065285384,155.55604325652754,-0.02663438014962911,0.01210653753273277,-0.026634382566575493,0.02925676771255541
13/11/2022,Izquierda,PF102,-0.007999999004823621,0.0,-0.009999999999990905,0.007999999004823621,7.999999004823621,180.0,-0.019370457638798116,0.0,-0.024213075060510666,0.019370457638798116
09/02/2023,Izquierda,PF102,-0.00899999900138937,0.007000000001426088,-0.009000000000014552,0.011401753463611414,11.401753463611414,142.1250132623739,-0.017964069863052632,0.013972055891070036,-0.01796407185631647,0.022757990945332162
20/02/2023,Izquierda,PF102,-0.007999999004823621,0.005000000001018634,-0.009999999999990905,0.009433980288688613,9.433980288688613,147.99461358333264,-0.015624998056296135,0.00976562500198952,-0.019531249999982236,0.018425742751344946
11/03/2023,Izquierda,PF102,-0.007999999004823621,0.005000000001018634,-0.003999999999990678,0.009433980288688613,9.433980288688613,147.99461358333264,-0.015065911496842978,0.009416195858792154,-0.007532956685481502,0.017766441221635804
15/03/2023,Izquierda,PF102,-0.00899999900138937,0.004000000000814907,-0.006000000000000227,0.009848856889585152,9.848856889585152,156.0375086616596,-0.01682242803998013,0.007476635515541882,-0.011214953271028463,0.018409078298290003
29/03/2023,Izquierda,PF102,-0.00929999900108669,0.0027000000009138603,-0.004199999999997317,0.009684006475893554,9.684006475893554,163.8107920899824,-0.016939888890868286,0.004918032788549837,-0.007650273224038828,0.017639356058093907
04/04/2023,Izquierda,PF102,-0.003999999004008714,0.007000000001426088,-0.01099999999999568,0.008062257255386727,8.062257255386728,119.74487514633392,-0.007207205412628314,0.01261261261518214,-0.019819819819812037,0.014526589649345455
12/04/2023,Izquierda,PF102,-0.00899999900138937,0.007000000001426088,-0.01300000000000523,0.011401753463611414,11.401753463611414,142.1250132623739,-0.00019987561076195633,0.00015545882565128557,-0.0002887092475794001,0.00025321474335105744
16/04/2023,Izquierda,PF102,-0.007999999004823621,0.005000000001018634,-0.01300000000000523,0.009433980288688613,9.433980288688613,147.99461358333264,-0.0001776514257599845,0.00011103215493468276,-0.0002886836027714787,0.0002094950321702037
25/04/2023,Izquierda,PF102,-0.010999999001796823,0.0020000000004074536,-0.006000000000000227,0.011180338905469767,11.180338905469767,169.69515261409424,-0.00024422190896731475,4.440398748712182e-05,-0.00013321196243423164,0.00024822581437956013
09/05/2023,Izquierda,PF102,-0.010999999001796823,0.006000000001222361,-0.012000000000000455,0.012529963210408857,12.529963210408857,151.38953814341443,-0.0002441460215691227,0.0001331705693313142,-0.00026634113860837767,0.0002781037223484376
19/05/2023,Izquierda,PF102,-0.010999999001796823,0.0010000000002037268,-0.01300000000000523,0.011045360023101943,11.045360023101942,174.80557062241903,-0.00024409184515248694,2.2190169759319357e-05,-0.00028847220681249813,0.0002450984139154986
27/05/2023,Izquierda,PF102,-0.011999999005638529,0.004000000000814907,-0.009000000000014552,0.012649109697597099,12.6491096975971,161.56504974925818,-0.0002662347526376884,8.874492491768703e-05,-0.00019967608102443928,0.00028063607254003725
31/05/2023,Izquierda,PF102,-0.011999999005638529,0.005000000001018634,-0.01099999999999568,0.012999999082519661,12.999999082519661,157.380133362232,-0.00026621112775114867,0.00011092131244356621,-0.00024402688732603502,0.0002883953919408936
11/06/2023,Izquierda,PF102,-0.011999999005638529,0.0020000000004074536,-0.006000000000000227,0.012165524079831312,12.165524079831313,170.5376770201799,-0.0002661461809270433,4.435770050584309e-05,-0.00013307310149042378,0.0002698173367599209
19/06/2023,Izquierda,PF102,-0.011999999005638529,0.006000000001222361,-0.012000000000000455,0.013416406976161465,13.416406976161465,153.4349469191623,-0.0002660989667739606,0.00013304949443902699,-0.00026609898882385254,0.00029750769416714263
06/07/2023,Izquierda,PF102,-0.011999999005638529,0.004000000000814907,-0.01099999999999568,0.012649109697597099,12.6491096975971,161.56504974925818,-0.00026599869229797457,8.866623813124613e-05,-0.00024383215481115598,0.0002803872430917274
17/07/2023,Izquierda,PF102,-0.011999999005638529,0.0030000000006111804,-0.014000000000010004,0.012369315912328894,12.369315912328894,165.96375541221485,-0.0002659338490745175,6.648346779122375e-05,-0.00031025618296272507,0.0002741183386297512
28/07/2023,Izquierda,PF102,-0.00899999900138937,0.0020000000004074536,-0.008000000000009777,0.009219543482550503,9.219543482550502,167.47119094211357,-0.00019940177249117913,4.431150992372779e-05,-0.000177246039659018,0.00020426594621802377
19/08/2023,Izquierda,PF102,-0.007999999004823621,0.008000000001629815,-0.01099999999999568,0.01131370779644127,11.31370779644127,134.99999643045055,-0.00017715966527500986,0.0001771596873492441,-0.00024359457005548822,0.00025054161694623803
25/08/2023,Izquierda,PF102,-0.00899999900138937,0.010000000002037268,-0.009999999999990905,0.013453623380552728,13.453623380552727,131.9872093288978,-0.00019927814807230187,0.0002214201891379507,-0.0002214201890926401,0.00029789038329058583
24/09/2023,Izquierda,PF102,-0.009999999005231075,0.007000000001426088,-0.009999999999990905,0.012206554801605067,12.206554801605067,145.00797711829006,-0.0002212731840159112,0.000154891244250793,-0.0002212732060272809,0.00027009835155013094
16/10/2023,Izquierda,PF102,-0.009999999005231075,0.009000000001833541,-0.01300000000000523,0.013453623308894382,13.453623308894382,138.0127846643208,-0.00022116552040763186,0.0001990489882081951,-0.00028751520513115627,0.0002975477896471167
01/11/2023,Izquierda,PF102,-0.009999999005231075,0.007000000001426088,-0.012000000000000455,0.012206554801605067,12.206554801605067,145.00797711829006,-0.00022108728538460513,0.0001547611151959074,-0.00026530476885323017,0.0002698714333444997
14/09/2024,Izquierda,PF102,-0.012999999002204277,0.01299999999901047,-0.020000000000010232,0.018384775604602423,18.384775604602424,134.99999780335423,-0.0002854069025050885,0.00028540692438934923,-0.00043908757601726124,0.0004036263277921013
19/04/2025,Izquierda,PF102,-0.011999999005638529,0.018000000000029104,-0.025000000000005684,0.021633307101235663,21.633307101235662,123.69006533467868,-0.00026220336069655484,0.0003933050736360858,-0.0005462570467160269,0.0004726938579127663
24/05/2025,Izquierda,PF102,-0.010999999001796823,0.016999999999825377,-0.02199999999999136,0.020248456188894846,20.248456188894846,122.90524055184628,-0.0002401694068207424,0.00037117093512860805,-0.0004803388572300028,0.0004420963775658795
01/05/2022,Izquierda,PF103,1.0040821507573128e-09,0.0,0.0,1.0040821507573128e-09,1.0040821507573128e-06,360.0,4.62710668551757e-09,0.0,0.0,4.62710668551757e-09
09/05/2022,Izquierda,PF103,1.0040821507573128e-09,0.0,0.0,1.0040821507573128e-09,1.0040821507573128e-06,360.0,4.462587336699167e-09,0.0,0.0,4.462587336699167e-09
16/05/2022,Izquierda,PF103,1.0040821507573128e-09,0.0,0.0,1.0040821507573128e-09,1.0040821507573128e-06,360.0,4.327940304988418e-09,0.0,0.0,4.327940304988418e-09
23/05/2022,Izquierda,PF103,1.0040821507573128e-09,0.0,0.0,1.0040821507573128e-09,1.0040821507573128e-06,360.0,4.2011805471017266e-09,0.0,0.0,4.2011805471017266e-09
30/05/2022,Izquierda,PF103,1.0040821507573128e-09,0.0,0.0,1.0040821507573128e-09,1.0040821507573128e-06,360.0,4.081634759176068e-09,0.0,0.0,4.081634759176068e-09
06/06/2022,Izquierda,PF103,1.0040821507573128e-09,0.0,0.0,1.0040821507573128e-09,1.0040821507573128e-06,360.0,3.968704153190959e-09,0.0,0.0,3.968704153190959e-09
13/06/2022,Izquierda,PF103,1.0040821507573128e-09,0.0,0.0,1.0040821507573128e-09,1.0040821507573128e-06,360.0,3.861854425989664e-09,0.0,0.0,3.861854425989664e-09
24/06/2022,Izquierda,PF103,1.0040821507573128e-09,0.0,0.0,1.0040821507573128e-09,1.0040821507573128e-06,360.0,3.705100187296357e-09,0.0,0.0,3.705100187296357e-09
27/06/2022,Izquierda,PF103,1.0040821507573128e-09,0.0,0.0,1.0040821507573128e-09,1.0040821507573128e-06,360.0,3.6645333969244997e-09,0.0,0.0,3.6645333969244997e-09
04/07/2022,Izquierda,PF103,1.0040821507573128e-09,0.0,0.0,1.0040821507573128e-09,1.0040821507573128e-06,360.0,3.573246088104316e-09,0.0,0.0,3.573246088104316e-09
11/07/2022,Izquierda,PF103,1.0040821507573128e-09,0.0,0.0,1.0040821507573128e-09,1.0040821507573128e-06,360.0,3.486396356796225e-09,0.0,0.0,3.486396356796225e-09
23/07/2022,Izquierda,PF103,1.0040821507573128e-09,0.0,0.0,1.0040821507573128e-09,1.0040821507573128e-06,360.0,3.346940502524376e-09,0.0,0.0,3.346940502524376e-09
01/08/2022,Izquierda,PF103,1.0040821507573128e-09,0.0,0.0,0.0,0.0,360.0,3.2494567985673553e-09,0.0,0.0,0.0
08/08/2022,Izquierda,PF103,1.0040821507573128e-09,0.0,0.0,1.0040821507573128e-09,1.0040821507573128e-06,360.0,3.1774751606244076e-09,0.0,0.0,3.1774751606244076e-09
16/08/2022,Izquierda,PF103,1.0040821507573128e-09,0.0,0.0,1.0040821507573128e-09,1.0040821507573128e-06,360.0,3.0990189838188666e-09,0.0,0.0,3.0990189838188666e-09
30/08/2022,Izquierda,PF103,1.0040821507573128e-09,0.0,0.0,1.0040821507573128e-09,1.0040821507573128e-06,360.0,2.97065725076128e-09,0.0,0.0,2.97065725076128e-09
13/11/2022,Izquierda,PF103,1.0040821507573128e-09,0.0,0.0,1.0040821507573128e-09,1.0040821507573128e-06,360.0,2.431191648322791e-09,0.0,0.0,2.431191648322791e-09
13/11/2022,Izquierda,PF103,0.006000001005304512,-0.007999999997991836,0.0010000000000047748,0.010000000601576207,10.000000601576208,306.86990226072373,0.014527847470470973,-0.019370460043563766,0.00242130750606483,0.024213076517133673
09/02/2023,Izquierda,PF103,1.0040821507573128e-09,0.0,0.0,1.0040821507573128e-09,1.0040821507573128e-06,360.0,2.0041559895355546e-09,0.0,0.0,2.0041559895355546e-09
20/02/2023,Izquierda,PF103,1.0040821507573128e-09,0.0,0.0,1.0040821507573128e-09,1.0040821507573128e-06,360.0,1.9610979506978765e-09,0.0,0.0,1.9610979506978765e-09
11/03/2023,Izquierda,PF103,1.0040821507573128e-09,0.0,0.0,1.0040821507573128e-09,1.0040821507573128e-06,360.0,1.890926837584393e-09,0.0,0.0,1.890926837584393e-09
15/03/2023,Izquierda,PF103,0.006000001005304512,-0.005999999997584382,0.006000000000000227,0.008485282083388139,8.485282083388139,315.0000048115088,0.011214955150101891,-0.011214953266512864,0.011214953271028463,0.015860340342781568
29/03/2023,Izquierda,PF103,0.005600001000857446,-0.007499999999708962,0.0056000000000153705,0.009360021966066043,9.360021966066043,306.74747586303585,0.010200366121780413,-0.013661202185262226,0.010200364298752951,0.01704922033891811
04/04/2023,Izquierda,PF103,0.006000001005304512,0.0030000000006111804,0.0010000000000047748,0.006708204831944403,6.7082048319444025,26.5650473417672,0.010810812622170292,0.005405405406506631,0.001801801801810405,0.012086855553052977
12/04/2023,Izquierda,PF103,1.0040821507573128e-09,0.0,0.0,1.0040821507573128e-09,1.0040821507573128e-06,360.0,2.2299061711764077e-11,0.0,0.0,2.2299061711764077e-11
16/04/2023,Izquierda,PF103,1.0040821507573128e-09,0.0,0.0,1.0040821507573128e-09,1.0040821507573128e-06,360.0,2.2297080981464577e-11,0.0,0.0,2.2297080981464577e-11
25/04/2023,Izquierda,PF103,0.004000001004897058,-0.004999999997380655,0.005000000000023874,0.006403124863141748,6.4031248631417474,308.65981529023844,8.880799726686926e-05,-0.00011100996863703414,0.00011100996869571887,0.00014216213812175013
09/05/2023,Izquierda,PF103,1.0040821507573128e-09,0.0,0.0,1.0040821507573128e-09,1.0040821507573128e-06,360.0,2.2285698607420104e-11,0.0,0.0,2.2285698607420104e-11
19/05/2023,Izquierda,PF103,-0.001999998996325303,-0.004999999997380655,-0.002999999999985903,0.005385164431947159,5.385164431947159,248.1986004181822,-4.438031723788534e-05,-0.00011095084871586942,-6.657050926408305e-05,0.00011949771290241116
27/05/2023,Izquierda,PF103,-0.002999998992891051,-0.0010000000002037268,0.0020000000000095497,0.00316227670480538,3.16227670480538,198.4349545967348,-6.655867133075346e-05,-2.2186231229421756e-05,4.4372462450015525e-05,7.015900216993278e-05
31/05/2023,Izquierda,PF103,-0.002999998992891051,-0.0029999999969732016,0.0010000000000047748,0.004242639972845508,4.242639972845508,225.00000958827985,-6.655276511061185e-05,-6.655278738543385e-05,2.218426248429964e-05,9.411983878353723e-05
11/06/2023,Izquierda,PF103,0.004000001004897058,-0.005999999997584382,0.005000000000023874,0.007211103106334707,7.211103106334707,303.69007418005197,8.871542328107385e-05,-0.00013307310143684313,0.00011089425124254512,0.00015993397592119202
19/06/2023,Izquierda,PF103,-0.002999998992891051,-0.001999999996769475,0.0030000000000143245,0.0036055504357067614,3.6055504357067614,213.69007636066632,-6.652472487340453e-05,-4.434983139900379e-05,6.652474720627827e-05,7.99527770912445e-05
06/07/2023,Izquierda,PF103,1.0040821507573128e-09,-0.001999999996769475,0.0,0.001999999996769727,1.9999999967697268,270.0000287648348,2.2257046766061064e-11,-4.4333118984981594e-05,0.0,4.433311898498718e-05
17/07/2023,Izquierda,PF103,-0.0009999989997595549,-0.004999999997380655,-0.003999999999990678,0.00509901931486111,5.09901931486111,258.6900785412765,-2.216113375940863e-05,-0.00011080577957141778,-8.864462370336578e-05,0.00011300016210577764
28/07/2023,Izquierda,PF103,0.005000001001462806,-0.007999999997991836,0.0010000000000047748,0.009433981661127949,9.433981661127948,302.0053883722634,0.00011077879697491539,-0.00017724603961430897,2.215575495745596e-05,0.00020901698595608616
19/08/2023,Izquierda,PF103,0.0010000010006478988,0.0010000000002037268,0.0,0.0014142142700822433,1.4142142700822433,44.9999713394,2.2144983073452596e-05,2.214496091865551e-05,0.0,3.131771973519595e-05
25/08/2023,Izquierda,PF103,1.0040821507573128e-09,0.0020000000004074536,0.0010000000000047748,0.0020000000004077056,2.0000000004077054,89.99997123516525,2.2232405968543116e-11,4.4284037827590146e-05,2.2142018909389875e-05,4.428403782759572e-05
24/09/2023,Izquierda,PF103,0.0020000010044896044,-0.001999999996769475,0.0,0.0028284278327433644,2.8284278327433645,315.00001443452396,4.4254663432159944e-05,-4.425464113401356e-05,0.0,6.258552945684874e-05
16/10/2023,Izquierda,PF103,1.0040821507573128e-09,0.0,0.0,1.0040821507573128e-09,1.0040821507573128e-06,0.0,2.2206837349492707e-11,0.0,0.0,2.2206837349492707e-11
01/11/2023,Izquierda,PF103,0.0020000010044896044,-0.001999999996769475,0.0,0.0028284278327433644,2.8284278327433645,315.00001443452396,4.421748368352688e-05,-4.421746140411388e-05,0.0,6.253294936533272e-05
14/09/2024,Izquierda,PF103,1.0040821507573128e-09,-0.001999999996769475,0.006000000000000227,0.001999999996769727,1.9999999967697268,270.0000287648348,2.2043999884900058e-11,-4.3908757530779486e-05,0.00013172627280511596,4.3908757530785015e-05
19/04/2025,Izquierda,PF103,-0.00599999899714021,-0.0010000000002037268,0.011000000000024102,0.006082761541116911,6.082761541116911,189.4623237628818,-0.00013110166929904756,-2.185028187308759e-05,0.00024035310055552377,0.00013291005421310387
24/05/2025,Izquierda,PF103,-0.0049999989932985045,-0.001999999996769475,0.01500000000001478,0.005385163871235856,5.385163871235856,201.80141343235306,-0.0001091679001178687,-4.366716876857437e-05,0.0003275037662936351,0.00011757742999576115
01/05/2022,Izquierda,PF104,1.0186340659856796e-10,0.0,0.0,1.0186340659856796e-10,1.0186340659856796e-07,360.0,4.694166202698984e-10,0.0,0.0,4.694166202698984e-10
09/05/2022,Izquierda,PF104,1.0186340659856796e-10,0.0,0.0,1.0186340659856796e-10,1.0186340659856796e-07,360.0,2.2793333318095314e-12,0.0,0.0,2.2793333318095314e-12
16/05/2022,Izquierda,PF104,1.0186340659856796e-10,0.0020000000004074536,0.0,0.0020000000004074562,2.0000000004074563,89.99999708182835,2.2789763652721205e-12,4.474573238489056e-05,0.0,4.474573238489062e-05
23/05/2022,Izquierda,PF104,1.0186340659856796e-10,0.0,0.0,1.0186340659856796e-10,1.0186340659856796e-07,360.0,2.2786195105263054e-12,0.0,0.0,2.2786195105263054e-12
30/05/2022,Izquierda,PF104,1.0186340659856796e-10,0.0,0.0,1.0186340659856796e-10,1.0186340659856796e-07,360.0,2.2782627675195804e-12,0.0,0.0,2.2782627675195804e-12
06/06/2022,Izquierda,PF104,1.0186340659856796e-10,0.0,0.0,1.0186340659856796e-10,1.0186340659856796e-07,360.0,2.2779061361994715e-12,0.0,0.0,2.2779061361994715e-12
13/06/2022,Izquierda,PF104,1.0186340659856796e-10,0.0,0.0,1.0186340659856796e-10,1.0186340659856796e-07,360.0,2.2775496165135376e-12,0.0,0.0,2.2775496165135376e-12
24/06/2022,Izquierda,PF104,1.0186340659856796e-10,0.0,0.0,1.0186340659856796e-10,1.0186340659856796e-07,360.0,2.2769895967133398e-12,0.0,0.0,2.2769895967133398e-12
27/06/2022,Izquierda,PF104,1.0186340659856796e-10,0.0,0.0,1.0186340659856796e-10,1.0186340659856796e-07,360.0,2.2768369118345955e-12,0.0,0.0,2.2768369118345955e-12
04/07/2022,Izquierda,PF104,1.0186340659856796e-10,0.0,0.0,1.0186340659856796e-10,1.0186340659856796e-07,360.0,2.2764807267368697e-12,0.0,0.0,2.2764807267368697e-12
11/07/2022,Izquierda,PF104,1.0186340659856796e-10,0.0,0.0,1.0186340659856796e-10,1.0186340659856796e-07,360.0,2.276124653063883e-12,0.0,0.0,2.276124653063883e-12
23/07/2022,Izquierda,PF104,1.0186340659856796e-10,0.0,0.0,1.0186340659856796e-10,1.0186340659856796e-07,360.0,2.2755145001355514e-12,0.0,0.0,2.2755145001355514e-12
01/08/2022,Izquierda,PF104,1.0186340659856796e-10,0.0,0.0,0.0,0.0,360.0,2.2750571000707544e-12,0.0,0.0,0.0
08/08/2022,Izquierda,PF104,1.0186340659856796e-10,0.0,0.0,1.0186340659856796e-10,1.0186340659856796e-07,360.0,2.274701471574283e-12,0.0,0.0,2.274701471574283e-12
16/08/2022,Izquierda,PF104,1.0186340659856796e-10,0.0,0.0,1.0186340659856796e-10,1.0186340659856796e-07,360.0,2.274295175122641e-12,0.0,0.0,2.274295175122641e-12
30/08/2022,Izquierda,PF104,1.0186340659856796e-10,0.0,0.0,1.0186340659856796e-10,1.0186340659856796e-07,360.0,2.273584505469901e-12,0.0,0.0,2.273584505469901e-12
13/11/2022,Izquierda,PF104,0.0010000001057051122,0.008000000001629815,-0.008000000000009777,0.008062257763026884,8.062257763026885,82.87498290712477,2.228263527129356e-05,0.0001782610633635593,-0.0001782610633274606,0.00017964833020693623
13/11/2022,Izquierda,PF104,-0.007999999899766408,-0.010999999998603016,-0.0049999999999954525,0.013601470448651091,13.60147044865109,233.97262695290857,-0.00017826106109377441,-0.0002451089620438303,-0.00011141316457942539,0.0003030765731238266
09/02/2023,Izquierda,PF104,0.005000000099244062,0.00999999999839929,0.0020000000000095497,0.011180339930450525,11.180339930450526,63.43494836435219,0.00011119512741280216,0.00022239025037582374,4.447805008249677e-05,0.00024863985968177123
20/02/2023,Izquierda,PF104,-0.001999999898544047,0.01299999999901047,-0.0049999999999954525,0.013152946421560776,13.152946421560776,98.74616182639578,-4.446716985445999e-05,0.0002890366186942319,-0.00011116793027537303,0.00029243716614182306
11/03/2023,Izquierda,PF104,1.0186340659856796e-10,0.0,0.0,1.0186340659856796e-10,1.0186340659856796e-07,360.0,2.2638324873003816e-12,0.0,0.0,2.2638324873003816e-12
15/03/2023,Izquierda,PF104,-0.0009999998947023414,-0.005000000001018634,0.007000000000005002,0.005099019493941069,5.09901949394107,258.69006868843826,-2.2222219882274255e-05,-0.00011111111113374743,0.00015555555555566672,0.00011331154430980154
29/03/2023,Izquierda,PF104,0.004800000104296487,0.011200000000826549,-0.00010000000000331966,0.01218523701122637,12.18523701122637,66.80140903712588,0.0001066334941195292,0.0002488114808909794,-2.221531079293545e-06,0.0002706988272809875
04/04/2023,Izquierda,PF104,1.0186340659856796e-10,0.01599999999962165,-0.0020000000000095497,0.01599999999962165,15.99999999962165,89.99999963522855,2.2626256463475783e-12,0.00035539760105778874,-4.442470013348623e-05,0.00035539760105778874
12/04/2023,Izquierda,PF104,-0.007999999899766408,0.007000000001426088,-0.006000000000000227,0.01063014573824027,10.63014573824027,138.81407447274697,-0.0001776672270535313,0.00015545882565128557,-0.0001332504219596746,0.00023607856751888315
16/04/2023,Izquierda,PF104,-0.003999999898951501,0.00999999999839929,-0.0049999999999954525,0.010770329575254315,10.770329575254316,111.80140899040639,-8.88257216857235e-05,0.000222064309788579,-0.00011103215491196154,0.00023917058037072116
25/04/2023,Izquierda,PF104,0.0030000000988366082,0.010999999998603016,0.0,0.011401754275649253,11.401754275649253,74.74488081592492,6.660598341148306e-05,0.0002442219310983996,0.0,0.00025314167704201183
09/05/2023,Izquierda,PF104,-0.007999999899766408,0.01599999999962165,-0.0020000000000095497,0.017888543774834086,17.888543774834087,116.56505089047184,-0.00017756075684755094,0.00035512151813609253,-4.439018976827322e-05,0.000397037926419578
19/05/2023,Izquierda,PF104,-0.013999999900988769,0.016999999999825377,-0.0030000000000143245,0.022022715482468286,22.022715482468286,129.47245964978782,-0.00031066237437010476,0.0003772328858277017,-6.657050926471373e-05,0.0004886877950176031
27/05/2023,Izquierda,PF104,-0.013999999900988769,0.01900000000023283,0.0049999999999954525,0.023600847383865968,23.60084738386597,126.38435162198965,-0.0003106072349519395,0.00042153839327830034,0.00011093115612440824,0.0005236138571620698
31/05/2023,Izquierda,PF104,-0.01099999989673961,0.018000000000029104,0.0,0.02109502305590869,21.095023055908687,121.42956537548287,-0.00024402688503537525,0.00039931672471613247,0.0,0.0004679775285823965
11/06/2023,Izquierda,PF104,0.0030000000988366082,0.00999999999839929,-0.0010000000000047748,0.010440306535777839,10.44030653577784,73.30075524394815,6.65365529372917e-05,0.0002217885024485293,-2.2178850248509023e-05,0.00023155399520444106
19/06/2023,Izquierda,PF104,-0.012999999897147063,0.02500000000145519,0.01099999999999568,0.02817800556105033,28.17800556105033,117.47443143936292,-0.0002882739022784075,0.0005543728934152739,0.00024392407308842647,0.0006248448989056752
06/07/2023,Izquierda,PF104,-0.009999999900173862,0.01299999999901047,-0.0030000000000143245,0.016401219405207328,16.40121940520733,127.56859175452246,-0.0002216655930701541,0.00028816527384590846,-6.649967858520436e-05,0.0003635586062821654
17/07/2023,Izquierda,PF104,-0.013999999900988769,0.013999999999214197,-0.0049999999999954525,0.01979898980265617,19.79898980265617,134.9999997990035,-0.0003102561807683,0.000310256182945089,-0.0001108057796293647,0.00043876850019183074
28/07/2023,Izquierda,PF104,-0.01699999989796197,-0.005000000001018634,0.008000000000009777,0.01772004504906501,17.72004504906501,196.38954043028932,-0.00037664783201422333,-0.00011077877480931948,0.000177246039659018,0.00039260097594029044
19/08/2023,Izquierda,PF104,-0.007999999899766408,0.016999999999825377,0.0,0.018788294185218768,18.788294185218767,115.20112336912858,-0.00017715968509348292,0.00037646433553658074,0.0,0.00041606604037510835
25/08/2023,Izquierda,PF104,-0.009999999900173862,0.014999999999417923,0.006000000000000227,0.01802775632146205,18.02775632146205,123.69006726302365,-0.00022142018688248922,0.0003321302836263739,0.00013285211345570992,0.0003991709213617796
24/09/2023,Izquierda,PF104,-0.006999999895924702,0.016999999999825377,0.0010000000000047748,0.018384776271062116,18.384776271062115,112.3801347522488,-0.00015489124191633,0.00037616445024285565,2.212732060285387e-05,0.00040680583875958923
16/10/2023,Izquierda,PF104,-0.009999999900173862,0.016999999999825377,-0.0010000000000047748,0.019723082872551645,19.723082872551643,120.46554466975955,-0.00022116554020068255,0.00037598142209057566,-2.2116554240954878e-05,0.0004362066321475538
01/11/2023,Izquierda,PF104,-0.009999999900173862,0.009000000001833541,-0.0030000000000143245,0.0134536239741001,13.4536239741001,138.0127872139784,-0.00022108730517065423,0.00019897857668045238,-6.632619221362173e-05,0.000297442549890564
14/09/2024,Izquierda,PF104,-0.006999999895924702,0.006000000001222361,0.0010000000000047748,0.009219544379068531,9.219544379068532,139.39870492830488,-0.0001536806493210543,0.00013172627283194717,2.195437880095666e-05,0.00020240936966933482
19/04/2025,Izquierda,PF104,-0.002999999895109795,0.020000000000436557,0.0020000000000095497,0.020223748401028953,20.223748401028953,98.53076531588857,-6.555084331402776e-05,0.00043700563738226103,4.3700563737480876e-05,0.00044189460300286137
24/05/2025,Izquierda,PF104,-0.003999999898951501,0.016999999999825377,0.007000000000005002,0.01746424917325892,17.464249173258917,103.24051959261648,-8.733433547196569e-05,0.00037117093512860805,0.00015283509093698834,0.0003813071586484775
06/06/2022,Izquierda,PF107,9.997165761888027e-09,0.0,0.0,9.997165761888027e-09,9.997165761888027e-06,360.0,3.951448917742303e-08,0.0,0.0,3.951448917742303e-08
13/06/2022,Izquierda,PF107,-0.0019999900032416917,-0.005000000001018634,-0.0010000000000047748,0.005385161095385452,5.3851610953854525,248.19868927154477,-0.007692269243237276,-0.019230769234687053,-0.0038461538461722115,0.020712158059174816
24/06/2022,Izquierda,PF107,9.997165761888027e-09,0.0,0.0,9.997165761888027e-09,9.997165761888027e-06,360.0,3.688991056047243e-08,0.0,0.0,3.688991056047243e-08
27/06/2022,Izquierda,PF107,-0.0029999899998074397,-0.007999999997991836,-0.0030000000000143245,0.00854400023214033,8.54400023214033,249.44401756681833,-0.010948868612435912,-0.029197080284641738,-0.010948905109541331,0.031182482599052302
04/07/2022,Izquierda,PF107,-0.005999990004056599,-0.00999999999839929,-0.009000000000014552,0.011661898645450702,11.661898645450702,239.03628557605833,-0.02135227759450747,-0.03558718860640316,-0.032028469750941466,0.041501418667084344
11/07/2022,Izquierda,PF107,-0.0009999899993999861,-0.006999999997788109,-0.009000000000014552,0.007071066395384328,7.071066395384328,261.86997786222975,-0.003472187497916619,-0.024305555547875377,-0.03125000000005052,0.02455231387286225
23/07/2022,Izquierda,PF107,-0.004999990000214893,-0.008999999998195563,0.0010000000000047748,0.010295625283088397,10.295625283088398,240.94544454238365,-0.016666633334049646,-0.02999999999398521,0.0033333333333492496,0.03431875094362799
01/08/2022,Izquierda,PF107,9.997165761888027e-09,0.0,0.0,0.0,0.0,360.0,3.235328725530106e-08,0.0,0.0,0.0
08/08/2022,Izquierda,PF107,-0.003999990003649145,-0.005000000001018634,-0.0049999999999954525,0.006403117993562155,6.403117993562155,231.34026159907623,-0.012658196214079574,-0.01582278481335011,-0.015822784810112192,0.020263031625196694
16/08/2022,Izquierda,PF107,9.997165761888027e-09,0.0,0.0,9.997165761888027e-09,9.997165761888027e-06,360.0,3.0855449882370455e-08,0.0,0.0,3.0855449882370455e-08
30/08/2022,Izquierda,PF107,,,,,,,,,,
13/11/2022,Izquierda,PF107,,,,,,,,,,
09/02/2023,Izquierda,PF107,,,,,,,,,,
20/02/2023,Izquierda,PF107,-0.006999990000622347,0.0,-0.012000000000000455,0.006999990000622347,6.999990000622347,180.0,-0.013671855469965521,0.0,-0.023437500000000888,0.013671855469965521
11/03/2023,Izquierda,PF107,-0.003999990003649145,-0.008999999998195563,-0.01099999999999568,0.009848853740248822,9.848853740248822,246.03756416281365,-0.007532937859979558,-0.016949152538974693,-0.020715630885114276,0.01854774715677744
15/03/2023,Izquierda,PF107,-0.01199999000527896,-0.023000000001047738,-0.008000000000009777,0.02594223891985792,25.942238919857918,242.44720799504353,-0.022429887860334504,-0.042990654207565863,-0.014953271028055657,0.0484901662053419
29/03/2023,Izquierda,PF107,-0.0009999899993999861,-0.006099999998696148,-0.018799999999998818,0.0061814221650841,6.1814221650841,260.6901512978867,-0.001821475408743144,-0.011111111108736154,-0.03424408014571734,0.011259421065726959
04/04/2023,Izquierda,PF107,-0.009999990004871506,-0.0010000000002037268,-0.01099999999999568,0.010049865675616639,10.049865675616639,185.71059880874688,-0.01801800000877749,-0.0018018018021688771,-0.019819819819812037,0.01810786608219214
12/04/2023,Izquierda,PF107,-0.010999990001437254,-0.005000000001018634,-0.022999999999996135,0.012083036871660449,12.083036871660449,204.4439744038507,-0.00024429221820727664,-0.00011104201832234685,-0.0005107932841786475,0.00026834496028383336
16/04/2023,Izquierda,PF107,-0.007999990004464053,0.005000000001018634,-0.014000000000010004,0.009433972656400436,9.433972656400437,147.99458461237043,-0.00017765122589412092,0.00011103215493468276,-0.00031089003375399724,0.00020949486268432308
25/04/2023,Izquierda,PF107,-0.0009999899993999861,-0.006999999997788109,-0.020000000000010232,0.007071066395384328,7.071066395384328,261.86997786222975,-2.220177170577887e-05,-0.00015541395612415597,-0.0004440398747809825,0.0001569917718386432
09/05/2023,Izquierda,PF107,,,,,,,,,,
19/05/2023,Izquierda,PF107,-0.025999990000855178,-0.008999999998195563,-0.004000000000019099,0.02751362353475255,27.513623534752547,199.09349880827014,-0.0005769441917420433,-0.00019971152775314686,-8.876067901961831e-05,0.0006105319768057816
27/05/2023,Izquierda,PF107,-0.014999990002252162,0.012000000002444722,0.0010000000000047748,0.019209364906897314,19.209364906897314,141.34017311163092,-0.0003327932465611821,0.0002662347747530611,2.2186231225007763e-05,0.0004261834115079386
31/05/2023,Izquierda,PF107,-0.012999990001844708,0.01299999999901047,0.0,0.018384769240388486,18.384769240388486,134.99997796939903,-0.00028839519049281693,0.00028839541227256623,0.0,0.00040785254654010885
11/06/2023,Izquierda,PF107,-0.0009999899993999861,-0.006999999997788109,-0.020000000000010232,0.007071066395384328,7.071066395384328,261.86997786222975,-2.217862844659302e-05,-0.00015525195168976467,-0.0004435770049682894,0.00015682812267974467
19/06/2023,Izquierda,PF107,-0.016999990002659615,0.013999999999214197,0.0,0.022022707827797295,22.022707827797294,140.52752361863935,-0.0003769733458102629,0.00031044882027705776,0.0,0.0004883516903449817
28/07/2023,Izquierda,PF107,-0.03099999000551179,-0.04199999999764259,0.0,0.05220152660740688,52.20152660740688,233.5691507043438,-0.0006868281822424236,-0.0009305417081564769,0.0,0.0011565642319133018
19/08/2023,Izquierda,PF107,-0.012999990001844708,0.0030000000006111804,0.0,0.013341654322149463,13.341654322149463,167.00537355070824,-0.0002878842704751137,6.643488275596652e-05,0.0,0.00029545041349402006
25/08/2023,Izquierda,PF107,-0.013999990005686413,0.004000000000814907,0.0,0.014560210169013314,14.560210169013315,164.05459329160954,-0.00030998804343569767,8.856807565518029e-05,0.0,0.00032239244888544413
24/09/2023,Izquierda,PF107,-0.012999990001844708,0.0020000000004074536,-0.0030000000000143245,0.013152936556134231,13.15293655613423,171.25383111311788,-0.0002876549466033392,4.425464121451228e-05,-6.63819618085616e-05,0.0002910392440451891
16/10/2023,Izquierda,PF107,-0.022999990003881976,-0.004000000000814907,-0.0010000000000047748,0.023345225211704214,23.345225211704214,189.86581114861895,-0.0005086805264598468,-8.846621698142004e-05,-2.2116554240954878e-05,0.0005163159396594983
01/11/2023,Izquierda,PF107,-0.022999990003881976,-0.007999999997991836,-0.01099999999999568,0.024351581881810885,24.351581881810887,199.17901574796656,-0.0005085005859671901,-0.0001768698458577488,-0.0002431960381153563,0.000538382566863675
14/09/2024,Izquierda,PF107,-0.022999990003881976,-0.005999999997584382,-0.008000000000009777,0.023769718974983346,23.769718974983345,194.6208800651455,-0.0005049504929610305,-0.0001317262727520776,-0.0001756350304070293,0.0005218494143665799
19/04/2025,Izquierda,PF107,-0.020999990003474522,0.007000000001426088,-0.009000000000014552,0.02213593413809309,22.135934138093088,161.56504299130526,-0.0004588557008144588,0.00015295197311161315,-0.0001966525368180429,0.00048367640034289837
24/05/2025,Izquierda,PF107,-0.014999990002252162,-0.07099999999991269,-0.022999999999996135,0.07256720815943841,72.56720815943841,258.070685546037,-0.0003275035480066409,-0.0015501844937864388,-0.0005021724416496612,0.0015844022654404578
